ISO-10303-21;
HEADER;
FILE_DESCRIPTION (( 'STEP AP203' ),
    '1' );
FILE_NAME ('XTZ750 Tenere - plotna.STEP',
    '2017-06-29T17:25:22',
    ( '' ),
    ( '' ),
    'SwSTEP 2.0',
    'SolidWorks 2016',
    '' );
FILE_SCHEMA (( 'CONFIG_CONTROL_DESIGN' ));
ENDSEC;

DATA;
#1 = DIRECTION ( 'NONE',  ( 0.0000000000000000000, 1.000000000000000000, 0.0000000000000000000 ) ) ;
#2 = APPROVAL_DATE_TIME ( #1500, #1480 ) ;
#3 = CARTESIAN_POINT ( 'NONE',  ( -84.92784719094679200, 0.0000000000000000000, -417.5459914110232900 ) ) ;
#4 = VECTOR ( 'NONE', #1313, 1000.000000000000000 ) ;
#5 = DIRECTION ( 'NONE',  ( 0.0000000000000000000, 1.000000000000000000, 0.0000000000000000000 ) ) ;
#6 = VECTOR ( 'NONE', #357, 1000.000000000000000 ) ;
#7 = AXIS2_PLACEMENT_3D ( 'NONE', #1308, #508, #1437 ) ;
#8 = EDGE_CURVE ( 'NONE', #1742, #467, #600, .T. ) ;
#9 = VECTOR ( 'NONE', #895, 1000.000000000000000 ) ;
#10 = DIRECTION ( 'NONE',  ( 0.0000000000000000000, 0.0000000000000000000, 1.000000000000000000 ) ) ;
#11 = DIRECTION ( 'NONE',  ( -0.9142881658724925100, 0.0000000000000000000, 0.4050643772852824400 ) ) ;
#12 = ORIENTED_EDGE ( 'NONE', *, *, #784, .T. ) ;
#13 = VERTEX_POINT ( 'NONE', #1689 ) ;
#14 = VERTEX_POINT ( 'NONE', #343 ) ;
#15 = CARTESIAN_POINT ( 'NONE',  ( 74.06037882535385100, 0.0000000000000000000, -532.7388449420872100 ) ) ;
#16 = ORIENTED_EDGE ( 'NONE', *, *, #1666, .T. ) ;
#17 = EDGE_CURVE ( 'NONE', #85, #1724, #1295, .T. ) ;
#18 = CARTESIAN_POINT ( 'NONE',  ( 53.03846805053871100, -4.000000000000000000, -412.0105361324077600 ) ) ;
#19 = DIRECTION ( 'NONE',  ( 0.0000000000000000000, 1.000000000000000000, 0.0000000000000000000 ) ) ;
#20 = ADVANCED_FACE ( 'NONE', ( #246 ), #619, .T. ) ;
#21 = CIRCLE ( 'NONE', #234, 9.000000000000007100 ) ;
#22 = PERSON_AND_ORGANIZATION ( #172, #1275 ) ;
#23 = FACE_BOUND ( 'NONE', #890, .T. ) ;
#24 = VECTOR ( 'NONE', #1628, 1000.000000000000000 ) ;
#25 = DIRECTION ( 'NONE',  ( 0.0000000000000000000, 1.000000000000000000, 0.0000000000000000000 ) ) ;
#26 = EDGE_CURVE ( 'NONE', #1637, #424, #1700, .T. ) ;
#27 = VERTEX_POINT ( 'NONE', #1310 ) ;
#28 = ORIENTED_EDGE ( 'NONE', *, *, #1703, .F. ) ;
#29 = CARTESIAN_POINT ( 'NONE',  ( -104.2664959570272000, -4.000000000000000000, -470.9165260329280600 ) ) ;
#30 = EDGE_LOOP ( 'NONE', ( #1240, #271, #139, #666 ) ) ;
#31 = ADVANCED_FACE ( 'NONE', ( #1082 ), #1213, .T. ) ;
#32 = EDGE_LOOP ( 'NONE', ( #906, #1343, #386, #884 ) ) ;
#33 = CARTESIAN_POINT ( 'NONE',  ( 118.6203795887688400, -4.000000000000000000, -670.4338246034585600 ) ) ;
#34 = ORIENTED_EDGE ( 'NONE', *, *, #1054, .F. ) ;
#35 = CARTESIAN_POINT ( 'NONE',  ( -63.93962117464616300, -4.000000000000000000, -532.7388449420872100 ) ) ;
#36 = AXIS2_PLACEMENT_3D ( 'NONE', #718, #186, #1519 ) ;
#37 = EDGE_CURVE ( 'NONE', #925, #549, #1740, .T. ) ;
#38 = ADVANCED_FACE ( 'NONE', ( #1157 ), #838, .F. ) ;
#39 = DIRECTION ( 'NONE',  ( 0.9986153433651451200, -0.0000000000000000000, 0.05260604523924299100 ) ) ;
#40 = CIRCLE ( 'NONE', #1578, 9.000000000000007100 ) ;
#41 = CARTESIAN_POINT ( 'NONE',  ( 116.0603788253551300, -4.000000000000000000, -547.7388449420872100 ) ) ;
#42 = DIRECTION ( 'NONE',  ( 0.0000000000000000000, 0.0000000000000000000, 1.000000000000000000 ) ) ;
#43 = LINE ( 'NONE', #421, #496 ) ;
#44 = CIRCLE ( 'NONE', #314, 3.249999999999975100 ) ;
#45 = LINE ( 'NONE', #901, #1362 ) ;
#46 = AXIS2_PLACEMENT_3D ( 'NONE', #1745, #1350, #546 ) ;
#47 = EDGE_CURVE ( 'NONE', #1387, #845, #1465, .T. ) ;
#48 = DIRECTION ( 'NONE',  ( 0.9717846055405511300, -0.0000000000000000000, 0.2358700498884833100 ) ) ;
#49 = EDGE_LOOP ( 'NONE', ( #58, #465, #1487, #927 ) ) ;
#50 = CARTESIAN_POINT ( 'NONE',  ( -88.57342658651431600, -4.000000000000000000, -409.3173979181708500 ) ) ;
#51 = ORIENTED_EDGE ( 'NONE', *, *, #521, .F. ) ;
#52 = ORIENTED_EDGE ( 'NONE', *, *, #1655, .F. ) ;
#53 = EDGE_CURVE ( 'NONE', #651, #248, #329, .T. ) ;
#54 = ORIENTED_EDGE ( 'NONE', *, *, #53, .F. ) ;
#55 = ORIENTED_EDGE ( 'NONE', *, *, #748, .F. ) ;
#56 = ORIENTED_EDGE ( 'NONE', *, *, #757, .T. ) ;
#57 = VERTEX_POINT ( 'NONE', #409 ) ;
#58 = ORIENTED_EDGE ( 'NONE', *, *, #147, .F. ) ;
#59 = CARTESIAN_POINT ( 'NONE',  ( 116.0603788253538700, -4.000000000000000000, -667.7388449420872100 ) ) ;
#60 = ORIENTED_EDGE ( 'NONE', *, *, #1178, .F. ) ;
#61 = DIRECTION ( 'NONE',  ( 0.0000000000000000000, 1.000000000000000000, 0.0000000000000000000 ) ) ;
#62 = LINE ( 'NONE', #850, #1592 ) ;
#63 = VERTEX_POINT ( 'NONE', #1048 ) ;
#64 = AXIS2_PLACEMENT_3D ( 'NONE', #1708, #1699, #1035 ) ;
#65 = EDGE_CURVE ( 'NONE', #383, #1474, #1128, .T. ) ;
#66 = DIRECTION ( 'NONE',  ( 0.4050643772852833800, -0.0000000000000000000, 0.9142881658724920600 ) ) ;
#67 = FACE_OUTER_BOUND ( 'NONE', #118, .T. ) ;
#68 = CIRCLE ( 'NONE', #810, 490.0000000000000000 ) ;
#69 = CARTESIAN_POINT ( 'NONE',  ( 92.09430874212293400, -4.000000000000000000, -406.3934024456574400 ) ) ;
#70 = SECURITY_CLASSIFICATION_LEVEL ( 'unclassified' ) ;
#71 = AXIS2_PLACEMENT_3D ( 'NONE', #207, #1667, #454 ) ;
#72 = EDGE_LOOP ( 'NONE', ( #758, #291, #1329, #1390 ) ) ;
#73 = ORIENTED_EDGE ( 'NONE', *, *, #968, .F. ) ;
#74 = AXIS2_PLACEMENT_3D ( 'NONE', #967, #162, #706 ) ;
#75 = PLANE ( 'NONE',  #1342 ) ;
#76 = ORIENTED_EDGE ( 'NONE', *, *, #1489, .F. ) ;
#77 = EDGE_LOOP ( 'NONE', ( #578, #307, #505, #305 ) ) ;
#78 = ORIENTED_EDGE ( 'NONE', *, *, #521, .T. ) ;
#79 = EDGE_CURVE ( 'NONE', #840, #1637, #880, .T. ) ;
#80 = ORIENTED_EDGE ( 'NONE', *, *, #403, .F. ) ;
#81 = ORIENTED_EDGE ( 'NONE', *, *, #1714, .F. ) ;
#82 = CARTESIAN_POINT ( 'NONE',  ( -93.89165698475450500, 0.0000000000000000000, -679.4338246034585600 ) ) ;
#83 = ORIENTED_EDGE ( 'NONE', *, *, #339, .F. ) ;
#84 = AXIS2_PLACEMENT_3D ( 'NONE', #1280, #607, #595 ) ;
#85 = VERTEX_POINT ( 'NONE', #1254 ) ;
#86 = CARTESIAN_POINT ( 'NONE',  ( 5.060378825353859100, -4.000000000000000000, -1159.524301518553600 ) ) ;
#87 = EDGE_CURVE ( 'NONE', #142, #1497, #751, .T. ) ;
#88 = DIRECTION ( 'NONE',  ( 0.0000000000000000000, 1.000000000000000000, 0.0000000000000000000 ) ) ;
#89 = LINE ( 'NONE', #643, #495 ) ;
#90 = CYLINDRICAL_SURFACE ( 'NONE', #278, 9.000000000000007100 ) ;
#91 = FACE_OUTER_BOUND ( 'NONE', #1242, .T. ) ;
#92 = DIRECTION ( 'NONE',  ( 0.0000000000000000000, 1.000000000000000000, 0.0000000000000000000 ) ) ;
#93 = FACE_OUTER_BOUND ( 'NONE', #435, .T. ) ;
#94 = CIRCLE ( 'NONE', #1749, 490.0000000000000000 ) ;
#95 = EDGE_LOOP ( 'NONE', ( #545, #685, #1328, #272 ) ) ;
#96 = DIRECTION ( 'NONE',  ( 0.0000000000000000000, 1.000000000000000000, 0.0000000000000000000 ) ) ;
#97 = ORIENTED_EDGE ( 'NONE', *, *, #1294, .F. ) ;
#98 = VERTEX_POINT ( 'NONE', #601 ) ;
#99 = ORIENTED_EDGE ( 'NONE', *, *, #874, .T. ) ;
#100 = AXIS2_PLACEMENT_3D ( 'NONE', #1060, #1736, #1192 ) ;
#101 = EDGE_CURVE ( 'NONE', #442, #27, #732, .T. ) ;
#102 = CARTESIAN_POINT ( 'NONE',  ( 128.1069696658143800, -4.000000000000000000, -679.4338246034585600 ) ) ;
#103 = ORIENTED_EDGE ( 'NONE', *, *, #1124, .F. ) ;
#104 = ORIENTED_EDGE ( 'NONE', *, *, #87, .F. ) ;
#105 = ORIENTED_EDGE ( 'NONE', *, *, #280, .T. ) ;
#106 = DIRECTION ( 'NONE',  ( 0.4050643772852824400, 0.0000000000000000000, 0.9142881658724924000 ) ) ;
#107 = DIRECTION ( 'NONE',  ( 0.4050643772852824400, 0.0000000000000000000, 0.9142881658724924000 ) ) ;
#108 = AXIS2_PLACEMENT_3D ( 'NONE', #393, #1463, #794 ) ;
#109 = LINE ( 'NONE', #1406, #789 ) ;
#110 = PLANE ( 'NONE',  #371 ) ;
#111 = LINE ( 'NONE', #752, #4 ) ;
#112 = CARTESIAN_POINT ( 'NONE',  ( -104.2664959570272000, -4.000000000000000000, -470.9165260329280600 ) ) ;
#113 = DIRECTION ( 'NONE',  ( 0.2358700498884832900, -0.0000000000000000000, -0.9717846055405510200 ) ) ;
#114 = VECTOR ( 'NONE', #1706, 1000.000000000000000 ) ;
#115 = LINE ( 'NONE', #1150, #729 ) ;
#116 = DIRECTION ( 'NONE',  ( 0.0000000000000000000, 0.0000000000000000000, 1.000000000000000000 ) ) ;
#117 = CARTESIAN_POINT ( 'NONE',  ( -105.9396211746448800, -4.000000000000000000, -550.2388449420872100 ) ) ;
#118 = EDGE_LOOP ( 'NONE', ( #373, #1304, #645, #52 ) ) ;
#119 = ORIENTED_EDGE ( 'NONE', *, *, #1445, .F. ) ;
#120 = CARTESIAN_POINT ( 'NONE',  ( 74.06037882535511600, 0.0000000000000000000, -412.7388449420872100 ) ) ;
#121 = EDGE_LOOP ( 'NONE', ( #675, #526, #709, #821 ) ) ;
#122 = ORIENTED_EDGE ( 'NONE', *, *, #543, .F. ) ;
#123 = ORIENTED_EDGE ( 'NONE', *, *, #1229, .F. ) ;
#124 = ORIENTED_EDGE ( 'NONE', *, *, #295, .T. ) ;
#125 = DIRECTION ( 'NONE',  ( 0.0000000000000000000, 1.000000000000000000, 0.0000000000000000000 ) ) ;
#126 = CARTESIAN_POINT ( 'NONE',  ( 5.060378825353859100, 0.0000000000000000000, -1159.524301518553600 ) ) ;
#127 = CC_DESIGN_PERSON_AND_ORGANIZATION_ASSIGNMENT ( #1226, #892, ( #1415 ) ) ;
#128 = CARTESIAN_POINT ( 'NONE',  ( 116.0603788253538700, 0.0000000000000000000, -667.7388449420872100 ) ) ;
#129 = AXIS2_PLACEMENT_3D ( 'NONE', #1448, #1459, #242 ) ;
#130 = COORDINATED_UNIVERSAL_TIME_OFFSET ( 1, 0, .AHEAD. ) ;
#131 = ADVANCED_FACE ( 'NONE', ( #1593 ), #398, .F. ) ;
#132 = AXIS2_PLACEMENT_3D ( 'NONE', #1416, #1135, #1539 ) ;
#133 = VECTOR ( 'NONE', #536, 1000.000000000000000 ) ;
#134 = EDGE_CURVE ( 'NONE', #778, #674, #1363, .T. ) ;
#135 = DIRECTION ( 'NONE',  ( 0.0000000000000000000, 1.000000000000000000, 0.0000000000000000000 ) ) ;
#136 = FACE_OUTER_BOUND ( 'NONE', #1268, .T. ) ;
#137 = CIRCLE ( 'NONE', #1175, 9.000000000000007100 ) ;
#138 = CARTESIAN_POINT ( 'NONE',  ( -105.9396211746461500, -4.000000000000000000, -664.4888449420872100 ) ) ;
#139 = ORIENTED_EDGE ( 'NONE', *, *, #1039, .F. ) ;
#140 = ORIENTED_EDGE ( 'NONE', *, *, #1457, .T. ) ;
#141 = ADVANCED_FACE ( 'NONE', ( #460 ), #1673, .F. ) ;
#142 = VERTEX_POINT ( 'NONE', #992 ) ;
#143 = CARTESIAN_POINT ( 'NONE',  ( 116.0603788253551300, 0.0000000000000000000, -547.7388449420872100 ) ) ;
#144 = EDGE_LOOP ( 'NONE', ( #1512, #584, #1160, #628 ) ) ;
#145 = DIRECTION ( 'NONE',  ( -0.0000000000000000000, -1.000000000000000000, -0.0000000000000000000 ) ) ;
#146 = AXIS2_PLACEMENT_3D ( 'NONE', #143, #960, #276 ) ;
#147 = EDGE_CURVE ( 'NONE', #1615, #1387, #1530, .T. ) ;
#148 = EDGE_CURVE ( 'NONE', #861, #57, #1629, .T. ) ;
#149 = DIRECTION ( 'NONE',  ( 0.0000000000000000000, 1.000000000000000000, 0.0000000000000000000 ) ) ;
#150 = DIRECTION ( 'NONE',  ( 0.0000000000000000000, 1.000000000000000000, 0.0000000000000000000 ) ) ;
#151 = CARTESIAN_POINT ( 'NONE',  ( -88.57342658651431600, 0.0000000000000000000, -409.3173979181708500 ) ) ;
#152 = ADVANCED_FACE ( 'NONE', ( #560 ), #624, .T. ) ;
#153 = CARTESIAN_POINT ( 'NONE',  ( 101.8701326028869000, -4.000000000000000000, -410.7244636497934500 ) ) ;
#154 = CIRCLE ( 'NONE', #448, 2.499999999999946700 ) ;
#155 = LOCAL_TIME ( 19, 25, 22.00000000000000000, #130 ) ;
#156 = DIRECTION ( 'NONE',  ( 1.052398908759263000E-014, -0.0000000000000000000, 1.000000000000000000 ) ) ;
#157 = LINE ( 'NONE', #1413, #478 ) ;
#158 = AXIS2_PLACEMENT_3D ( 'NONE', #905, #894, #237 ) ;
#159 = EDGE_CURVE ( 'NONE', #780, #1656, #816, .T. ) ;
#160 = LINE ( 'NONE', #529, #1547 ) ;
#161 = PLANE ( 'NONE',  #870 ) ;
#162 = DIRECTION ( 'NONE',  ( 0.0000000000000000000, 1.000000000000000000, 0.0000000000000000000 ) ) ;
#163 = EDGE_LOOP ( 'NONE', ( #985, #1636, #490, #827 ) ) ;
#164 = ORIENTED_EDGE ( 'NONE', *, *, #1353, .T. ) ;
#165 = DIRECTION ( 'NONE',  ( 0.9142881658724920600, 0.0000000000000000000, 0.4050643772852833800 ) ) ;
#166 = CLOSED_SHELL ( 'NONE', ( #1648, #423, #141, #1059, #264, #1391, #565, #1072, #293, #793, #1346, #152, #1100, #1647, #1227, #412, #695, #703, #571, #818, #1638, #309, #1312, #1496, #1633, #1081, #1355, #1499, #444, #1613, #255, #854, #550, #131, #38, #805, #168, #1109, #506, #977, #20, #678, #1621, #31, #1248, #1293, #392, #540, #552 ) ) ;
#167 = DIRECTION ( 'NONE',  ( 0.0000000000000000000, 0.0000000000000000000, 1.000000000000000000 ) ) ;
#168 = ADVANCED_FACE ( 'NONE', ( #1176 ), #370, .T. ) ;
#169 = ORIENTED_EDGE ( 'NONE', *, *, #1124, .T. ) ;
#170 = DIRECTION ( 'NONE',  ( -0.9986153433651451200, 0.0000000000000000000, 0.05260604523924271300 ) ) ;
#171 = CARTESIAN_POINT ( 'NONE',  ( 103.2771983345094500, -4.000000000000000000, -413.9004120154557400 ) ) ;
#172 = PERSON ( 'NEURÈENÝ', 'NEURÈENÝ', 'NEURÈENÝ', ('NEURÈENÝ'), ('NEURÈENÝ'), ('NEURÈENÝ') ) ;
#173 = DIRECTION ( 'NONE',  ( 1.000000000000000000, 0.0000000000000000000, -0.0000000000000000000 ) ) ;
#174 = LINE ( 'NONE', #1142, #1482 ) ;
#175 = CARTESIAN_POINT ( 'NONE',  ( -91.74937495217665200, -4.000000000000000000, -410.7244636497934500 ) ) ;
#176 = FACE_OUTER_BOUND ( 'NONE', #563, .T. ) ;
#177 = AXIS2_PLACEMENT_3D ( 'NONE', #204, #1428, #1344 ) ;
#178 = EDGE_CURVE ( 'NONE', #1137, #840, #286, .T. ) ;
#179 = PLANE ( 'NONE',  #36 ) ;
#180 = CYLINDRICAL_SURFACE ( 'NONE', #1609, 3.249999999999975100 ) ;
#181 = CARTESIAN_POINT ( 'NONE',  ( 128.1069696658143800, 0.0000000000000000000, -679.4338246034585600 ) ) ;
#182 = FACE_OUTER_BOUND ( 'NONE', #653, .T. ) ;
#183 = EDGE_CURVE ( 'NONE', #1490, #1260, #94, .T. ) ;
#184 = APPLICATION_PROTOCOL_DEFINITION ( 'international standard', 'config_control_design', 1994, #1146 ) ;
#185 = EDGE_LOOP ( 'NONE', ( #400, #1008 ) ) ;
#186 = DIRECTION ( 'NONE',  ( 1.000000000000000000, 0.0000000000000000000, -1.052398908759263000E-014 ) ) ;
#187 = ORIENTED_EDGE ( 'NONE', *, *, #606, .T. ) ;
#188 = ORIENTED_EDGE ( 'NONE', *, *, #295, .F. ) ;
#189 = ORIENTED_EDGE ( 'NONE', *, *, #570, .F. ) ;
#190 = ORIENTED_EDGE ( 'NONE', *, *, #328, .F. ) ;
#191 = CARTESIAN_POINT ( 'NONE',  ( -105.9396211746448800, 0.0000000000000000000, -547.7388449420872100 ) ) ;
#192 = CARTESIAN_POINT ( 'NONE',  ( -113.2664959570272200, 0.0000000000000000000, -470.9165260329279500 ) ) ;
#193 = CARTESIAN_POINT ( 'NONE',  ( 53.82293984109806200, -4.000000000000000000, -403.0447899833236500 ) ) ;
#194 = AXIS2_PLACEMENT_3D ( 'NONE', #1143, #333, #475 ) ;
#195 = EDGE_CURVE ( 'NONE', #1641, #1675, #1099, .T. ) ;
#196 = DIRECTION ( 'NONE',  ( -0.0000000000000000000, -1.000000000000000000, -0.0000000000000000000 ) ) ;
#197 = CARTESIAN_POINT ( 'NONE',  ( 5.060378825353859100, -4.000000000000000000, -1159.524301518553600 ) ) ;
#198 = DIRECTION ( 'NONE',  ( 0.2358700498884832900, -0.0000000000000000000, -0.9717846055405510200 ) ) ;
#199 = CYLINDRICAL_SURFACE ( 'NONE', #1066, 9.000000000000007100 ) ;
#200 = DIRECTION ( 'NONE',  ( 0.0000000000000000000, 1.000000000000000000, 0.0000000000000000000 ) ) ;
#201 = VECTOR ( 'NONE', #1520, 1000.000000000000000 ) ;
#202 = CIRCLE ( 'NONE', #1010, 3.249999999999975100 ) ;
#203 = AXIS2_PLACEMENT_3D ( 'NONE', #254, #926, #1453 ) ;
#204 = CARTESIAN_POINT ( 'NONE',  ( 74.06037882535511600, -4.000000000000000000, -412.7388449420872100 ) ) ;
#205 = VECTOR ( 'NONE', #1709, 1000.000000000000000 ) ;
#206 = VERTEX_POINT ( 'NONE', #1173 ) ;
#207 = CARTESIAN_POINT ( 'NONE',  ( -63.93962117464616300, -4.000000000000000000, -532.7388449420872100 ) ) ;
#208 = CARTESIAN_POINT ( 'NONE',  ( 89.81795270210091100, -4.000000000000000000, -415.2286138808402100 ) ) ;
#209 = EDGE_CURVE ( 'NONE', #1260, #650, #244, .T. ) ;
#210 = EDGE_LOOP ( 'NONE', ( #1272, #443, #122, #1653 ) ) ;
#211 = ORIENTED_EDGE ( 'NONE', *, *, #811, .T. ) ;
#212 = DIRECTION ( 'NONE',  ( 0.4050643772852821100, -0.0000000000000000000, -0.9142881658724926200 ) ) ;
#213 = DIRECTION ( 'NONE',  ( 0.0000000000000000000, 0.0000000000000000000, 1.000000000000000000 ) ) ;
#214 = CARTESIAN_POINT ( 'NONE',  ( -83.34277444695821700, -4.000000000000000000, -407.0000203879877700 ) ) ;
#215 = CARTESIAN_POINT ( 'NONE',  ( -42.91771039982846500, -4.000000000000000000, -403.0105361324077600 ) ) ;
#216 = EDGE_CURVE ( 'NONE', #1086, #142, #115, .T. ) ;
#217 = DIRECTION ( 'NONE',  ( 0.0000000000000000000, 1.000000000000000000, 0.0000000000000000000 ) ) ;
#218 = APPROVAL_ROLE ( '' ) ;
#219 = APPROVAL_DATE_TIME ( #572, #937 ) ;
#220 = FACE_BOUND ( 'NONE', #1572, .T. ) ;
#221 = CARTESIAN_POINT ( 'NONE',  ( -92.10695092805920600, 0.0000000000000000000, -679.2550957301837100 ) ) ;
#222 = FACE_BOUND ( 'NONE', #1683, .T. ) ;
#223 = DIRECTION ( 'NONE',  ( 0.0000000000000000000, 1.000000000000000000, -0.0000000000000000000 ) ) ;
#224 = AXIS2_PLACEMENT_3D ( 'NONE', #1456, #520, #783 ) ;
#225 = AXIS2_PLACEMENT_3D ( 'NONE', #1070, #1, #930 ) ;
#226 = EDGE_CURVE ( 'NONE', #1656, #85, #457, .T. ) ;
#227 = ORIENTED_EDGE ( 'NONE', *, *, #791, .F. ) ;
#228 = DIRECTION ( 'NONE',  ( 0.0000000000000000000, 1.000000000000000000, 0.0000000000000000000 ) ) ;
#229 = PERSON_AND_ORGANIZATION_ROLE ( 'design_owner' ) ;
#230 = ORIENTED_EDGE ( 'NONE', *, *, #26, .T. ) ;
#231 = ORIENTED_EDGE ( 'NONE', *, *, #449, .F. ) ;
#232 = DIRECTION ( 'NONE',  ( 0.2358700498884832600, 0.0000000000000000000, 0.9717846055405511300 ) ) ;
#233 = CARTESIAN_POINT ( 'NONE',  ( -83.34277444695821700, 0.0000000000000000000, -407.0000203879877700 ) ) ;
#234 = AXIS2_PLACEMENT_3D ( 'NONE', #330, #1274, #1004 ) ;
#235 = EDGE_CURVE ( 'NONE', #845, #1341, #137, .T. ) ;
#236 = CARTESIAN_POINT ( 'NONE',  ( 95.04860484165702400, -4.000000000000000000, -417.5459914110232900 ) ) ;
#237 = DIRECTION ( 'NONE',  ( 0.0000000000000000000, 0.0000000000000000000, 1.000000000000000000 ) ) ;
#238 = EDGE_CURVE ( 'NONE', #98, #839, #262, .T. ) ;
#239 = DIRECTION ( 'NONE',  ( 0.0000000000000000000, 1.000000000000000000, 0.0000000000000000000 ) ) ;
#240 = CC_DESIGN_APPROVAL ( #937, ( #1415 ) ) ;
#241 = VECTOR ( 'NONE', #325, 1000.000000000000000 ) ;
#242 = DIRECTION ( 'NONE',  ( 0.0000000000000000000, 0.0000000000000000000, 1.000000000000000000 ) ) ;
#243 = CIRCLE ( 'NONE', #108, 2.500000000000057700 ) ;
#244 = CIRCLE ( 'NONE', #1586, 9.000000000000007100 ) ;
#245 = DIRECTION ( 'NONE',  ( 0.0000000000000000000, 1.000000000000000000, 0.0000000000000000000 ) ) ;
#246 = FACE_OUTER_BOUND ( 'NONE', #210, .T. ) ;
#247 = ORIENTED_EDGE ( 'NONE', *, *, #87, .T. ) ;
#248 = VERTEX_POINT ( 'NONE', #1472 ) ;
#249 = ORIENTED_EDGE ( 'NONE', *, *, #1569, .T. ) ;
#250 = EDGE_CURVE ( 'NONE', #983, #334, #1528, .T. ) ;
#251 = ORIENTED_EDGE ( 'NONE', *, *, #655, .F. ) ;
#252 = CARTESIAN_POINT ( 'NONE',  ( -107.7945288908444000, -4.000000000000000000, -447.2954180978148900 ) ) ;
#253 = ORIENTED_EDGE ( 'NONE', *, *, #722, .T. ) ;
#254 = CARTESIAN_POINT ( 'NONE',  ( -81.97355109141268800, -4.000000000000000000, -406.3934024456574400 ) ) ;
#255 = ADVANCED_FACE ( 'NONE', ( #182 ), #996, .F. ) ;
#256 = CARTESIAN_POINT ( 'NONE',  ( 5.060378825353859100, -4.000000000000000000, -1159.524301518553600 ) ) ;
#257 = AXIS2_PLACEMENT_3D ( 'NONE', #1321, #1719, #1460 ) ;
#258 = CIRCLE ( 'NONE', #1185, 9.000000000000007100 ) ;
#259 = VECTOR ( 'NONE', #493, 1000.000000000000000 ) ;
#260 = CARTESIAN_POINT ( 'NONE',  ( -105.9396211746448800, -4.000000000000000000, -545.2388449420873300 ) ) ;
#261 = CIRCLE ( 'NONE', #1306, 2.499999999999946700 ) ;
#262 = CIRCLE ( 'NONE', #1557, 9.000000000000007100 ) ;
#263 = VERTEX_POINT ( 'NONE', #1051 ) ;
#264 = ADVANCED_FACE ( 'NONE', ( #91 ), #1425, .F. ) ;
#265 = DIRECTION ( 'NONE',  ( 0.0000000000000000000, 1.000000000000000000, 0.0000000000000000000 ) ) ;
#266 = VERTEX_POINT ( 'NONE', #1331 ) ;
#267 = CARTESIAN_POINT ( 'NONE',  ( 109.1692250916896700, -4.000000000000000000, -449.4182485468112400 ) ) ;
#268 = AXIS2_PLACEMENT_3D ( 'NONE', #1517, #1635, #698 ) ;
#269 = EDGE_CURVE ( 'NONE', #420, #248, #1625, .T. ) ;
#270 = ORIENTED_EDGE ( 'NONE', *, *, #1044, .T. ) ;
#271 = ORIENTED_EDGE ( 'NONE', *, *, #195, .T. ) ;
#272 = ORIENTED_EDGE ( 'NONE', *, *, #374, .F. ) ;
#273 = DIRECTION ( 'NONE',  ( 0.9142881658724920600, -0.0000000000000000000, -0.4050643772852833800 ) ) ;
#274 = CC_DESIGN_APPROVAL ( #1480, ( #1447 ) ) ;
#275 = DIRECTION ( 'NONE',  ( 0.0000000000000000000, 1.000000000000000000, 0.0000000000000000000 ) ) ;
#276 = DIRECTION ( 'NONE',  ( 0.0000000000000000000, 0.0000000000000000000, 1.000000000000000000 ) ) ;
#277 = COORDINATED_UNIVERSAL_TIME_OFFSET ( 1, 0, .AHEAD. ) ;
#278 = AXIS2_PLACEMENT_3D ( 'NONE', #1282, #338, #1419 ) ;
#279 = LINE ( 'NONE', #680, #1171 ) ;
#280 = EDGE_CURVE ( 'NONE', #355, #1219, #480, .T. ) ;
#281 = DIRECTION ( 'NONE',  ( 1.000000000000000000, 0.0000000000000000000, 0.0000000000000000000 ) ) ;
#282 = CARTESIAN_POINT ( 'NONE',  ( 123.3872536077362000, 0.0000000000000000000, -589.8399224104881600 ) ) ;
#283 = LINE ( 'NONE', #1434, #6 ) ;
#284 = VECTOR ( 'NONE', #223, 1000.000000000000000 ) ;
#285 = DIRECTION ( 'NONE',  ( -1.052398908759263000E-014, 0.0000000000000000000, -1.000000000000000000 ) ) ;
#286 = LINE ( 'NONE', #764, #1319 ) ;
#287 = ORIENTED_EDGE ( 'NONE', *, *, #1639, .T. ) ;
#288 = ORIENTED_EDGE ( 'NONE', *, *, #863, .F. ) ;
#289 = ORIENTED_EDGE ( 'NONE', *, *, #1751, .F. ) ;
#290 = DIRECTION ( 'NONE',  ( 0.0000000000000000000, 1.000000000000000000, 0.0000000000000000000 ) ) ;
#291 = ORIENTED_EDGE ( 'NONE', *, *, #1044, .F. ) ;
#292 = AXIS2_PLACEMENT_3D ( 'NONE', #128, #275, #826 ) ;
#293 = ADVANCED_FACE ( 'NONE', ( #770 ), #1232, .F. ) ;
#294 = ORIENTED_EDGE ( 'NONE', *, *, #65, .T. ) ;
#295 = EDGE_CURVE ( 'NONE', #737, #1490, #1155, .T. ) ;
#296 = DIRECTION ( 'NONE',  ( -0.0000000000000000000, -1.000000000000000000, -0.0000000000000000000 ) ) ;
#297 = DIRECTION ( 'NONE',  ( 0.0000000000000000000, 0.0000000000000000000, 1.000000000000000000 ) ) ;
#298 = DIRECTION ( 'NONE',  ( 0.0000000000000000000, 0.0000000000000000000, 1.000000000000000000 ) ) ;
#299 = CARTESIAN_POINT ( 'NONE',  ( 116.0603788253551300, -4.000000000000000000, -550.2388449420873300 ) ) ;
#300 = FACE_OUTER_BOUND ( 'NONE', #902, .T. ) ;
#301 = FACE_BOUND ( 'NONE', #1507, .T. ) ;
#302 = EDGE_CURVE ( 'NONE', #1322, #1003, #432, .T. ) ;
#303 = FACE_OUTER_BOUND ( 'NONE', #49, .T. ) ;
#304 = ORIENTED_EDGE ( 'NONE', *, *, #1368, .T. ) ;
#305 = ORIENTED_EDGE ( 'NONE', *, *, #473, .F. ) ;
#306 = DIRECTION ( 'NONE',  ( 0.0000000000000000000, 0.0000000000000000000, 1.000000000000000000 ) ) ;
#307 = ORIENTED_EDGE ( 'NONE', *, *, #1264, .F. ) ;
#308 = CARTESIAN_POINT ( 'NONE',  ( 92.09430874212293400, -4.000000000000000000, -406.3934024456574400 ) ) ;
#309 = ADVANCED_FACE ( 'NONE', ( #396 ), #688, .T. ) ;
#310 = EDGE_LOOP ( 'NONE', ( #1325, #556 ) ) ;
#311 = AXIS2_PLACEMENT_3D ( 'NONE', #1270, #1534, #1116 ) ;
#312 = CARTESIAN_POINT ( 'NONE',  ( -63.93962117464489800, 0.0000000000000000000, -412.7388449420872100 ) ) ;
#313 = CARTESIAN_POINT ( 'NONE',  ( 109.1692250916896700, 0.0000000000000000000, -449.4182485468112400 ) ) ;
#314 = AXIS2_PLACEMENT_3D ( 'NONE', #319, #1659, #883 ) ;
#315 =( LENGTH_UNIT ( ) NAMED_UNIT ( * ) SI_UNIT ( .MILLI., .METRE. ) );
#316 = DIRECTION ( 'NONE',  ( 0.0000000000000000000, 1.000000000000000000, 0.0000000000000000000 ) ) ;
#317 = ORIENTED_EDGE ( 'NONE', *, *, #183, .F. ) ;
#318 = DIRECTION ( 'NONE',  ( 0.0000000000000000000, 0.0000000000000000000, 1.000000000000000000 ) ) ;
#319 = CARTESIAN_POINT ( 'NONE',  ( -105.9396211746461500, 0.0000000000000000000, -667.7388449420872100 ) ) ;
#320 = CARTESIAN_POINT ( 'NONE',  ( 74.06037882535385100, -4.000000000000000000, -532.7388449420872100 ) ) ;
#321 = FACE_OUTER_BOUND ( 'NONE', #1573, .T. ) ;
#322 = AXIS2_PLACEMENT_3D ( 'NONE', #503, #88, #1284 ) ;
#323 = CARTESIAN_POINT ( 'NONE',  ( 104.0124146354623300, 0.0000000000000000000, -670.4338246034585600 ) ) ;
#324 = VECTOR ( 'NONE', #434, 1000.000000000000200 ) ;
#325 = DIRECTION ( 'NONE',  ( 0.0000000000000000000, 1.000000000000000000, 0.0000000000000000000 ) ) ;
#326 = VECTOR ( 'NONE', #96, 1000.000000000000000 ) ;
#327 = DIRECTION ( 'NONE',  ( 0.0000000000000000000, 0.0000000000000000000, 1.000000000000000000 ) ) ;
#328 = EDGE_CURVE ( 'NONE', #1075, #206, #1420, .T. ) ;
#329 = LINE ( 'NONE', #1466, #774 ) ;
#330 = CARTESIAN_POINT ( 'NONE',  ( 95.04860484165702400, 0.0000000000000000000, -417.5459914110232900 ) ) ;
#331 = CC_DESIGN_PERSON_AND_ORGANIZATION_ASSIGNMENT ( #951, #881, ( #1415 ) ) ;
#332 = ORIENTED_EDGE ( 'NONE', *, *, #216, .T. ) ;
#333 = DIRECTION ( 'NONE',  ( 0.0000000000000000000, 1.000000000000000000, 0.0000000000000000000 ) ) ;
#334 = VERTEX_POINT ( 'NONE', #677 ) ;
#335 = ORIENTED_EDGE ( 'NONE', *, *, #1307, .F. ) ;
#336 = ORIENTED_EDGE ( 'NONE', *, *, #1158, .T. ) ;
#337 = VERTEX_POINT ( 'NONE', #1476 ) ;
#338 = DIRECTION ( 'NONE',  ( 0.0000000000000000000, 1.000000000000000000, 0.0000000000000000000 ) ) ;
#339 = EDGE_CURVE ( 'NONE', #27, #756, #726, .T. ) ;
#340 = CARTESIAN_POINT ( 'NONE',  ( -93.89165698475454700, 0.0000000000000000000, -670.4338246034585600 ) ) ;
#341 = DIRECTION ( 'NONE',  ( 0.0000000000000000000, 0.0000000000000000000, 1.000000000000000000 ) ) ;
#342 = DATE_AND_TIME ( #364, #721 ) ;
#343 = CARTESIAN_POINT ( 'NONE',  ( -107.2770609338318600, 0.0000000000000000000, -445.7726691512436900 ) ) ;
#344 = CARTESIAN_POINT ( 'NONE',  ( 116.0603788253538700, 0.0000000000000000000, -670.9888449420872100 ) ) ;
#345 = CALENDAR_DATE ( 2017, 29, 6 ) ;
#346 = CARTESIAN_POINT ( 'NONE',  ( -108.4996219380611000, -4.000000000000000000, -670.4338246034586700 ) ) ;
#347 = CARTESIAN_POINT ( 'NONE',  ( 89.81795270210091100, -4.000000000000000000, -415.2286138808402100 ) ) ;
#348 = LINE ( 'NONE', #404, #1152 ) ;
#349 = VECTOR ( 'NONE', #668, 1000.000000000000000 ) ;
#350 = VECTOR ( 'NONE', #1145, 1000.000000000000000 ) ;
#351 = AXIS2_PLACEMENT_3D ( 'NONE', #1475, #1187, #516 ) ;
#352 = DIRECTION ( 'NONE',  ( -0.0000000000000000000, -1.000000000000000000, -0.0000000000000000000 ) ) ;
#353 = LINE ( 'NONE', #1404, #999 ) ;
#354 = CARTESIAN_POINT ( 'NONE',  ( 128.1069696658143800, -4.000000000000000000, -679.4338246034585600 ) ) ;
#355 = VERTEX_POINT ( 'NONE', #1626 ) ;
#356 = CARTESIAN_POINT ( 'NONE',  ( -63.93962117464616300, 0.0000000000000000000, -529.4888449420872100 ) ) ;
#357 = DIRECTION ( 'NONE',  ( -0.0000000000000000000, -1.000000000000000000, -0.0000000000000000000 ) ) ;
#358 = ORIENTED_EDGE ( 'NONE', *, *, #178, .T. ) ;
#359 = ORIENTED_EDGE ( 'NONE', *, *, #1204, .F. ) ;
#360 = CARTESIAN_POINT ( 'NONE',  ( 116.0603788253551300, -4.000000000000000000, -550.2388449420873300 ) ) ;
#361 = AXIS2_PLACEMENT_3D ( 'NONE', #586, #1108, #716 ) ;
#362 = EDGE_CURVE ( 'NONE', #1724, #85, #897, .T. ) ;
#363 = DIRECTION ( 'NONE',  ( 0.0000000000000000000, 0.0000000000000000000, 1.000000000000000000 ) ) ;
#364 = CALENDAR_DATE ( 2017, 29, 6 ) ;
#365 = LINE ( 'NONE', #153, #1607 ) ;
#366 = LINE ( 'NONE', #728, #877 ) ;
#367 = DIRECTION ( 'NONE',  ( 0.0000000000000000000, 0.0000000000000000000, 1.000000000000000000 ) ) ;
#368 = CIRCLE ( 'NONE', #562, 9.000000000000007100 ) ;
#369 = EDGE_CURVE ( 'NONE', #861, #840, #1015, .T. ) ;
#370 = CYLINDRICAL_SURFACE ( 'NONE', #539, 9.000000000000007100 ) ;
#371 = AXIS2_PLACEMENT_3D ( 'NONE', #1050, #1330, #1597 ) ;
#372 = DIRECTION ( 'NONE',  ( 0.0000000000000000000, 1.000000000000000000, 0.0000000000000000000 ) ) ;
#373 = ORIENTED_EDGE ( 'NONE', *, *, #1569, .F. ) ;
#374 = EDGE_CURVE ( 'NONE', #939, #1260, #43, .T. ) ;
#375 = DIRECTION ( 'NONE',  ( 0.0000000000000000000, 1.000000000000000000, 0.0000000000000000000 ) ) ;
#376 = ORIENTED_EDGE ( 'NONE', *, *, #1666, .F. ) ;
#377 = EDGE_LOOP ( 'NONE', ( #382, #405, #920, #568 ) ) ;
#378 = DIRECTION ( 'NONE',  ( 0.0000000000000000000, 0.0000000000000000000, 1.000000000000000000 ) ) ;
#379 = DIRECTION ( 'NONE',  ( 4.440892098500627000E-015, 0.0000000000000000000, -1.000000000000000000 ) ) ;
#380 = VERTEX_POINT ( 'NONE', #580 ) ;
#381 = VERTEX_POINT ( 'NONE', #1526 ) ;
#382 = ORIENTED_EDGE ( 'NONE', *, *, #1703, .T. ) ;
#383 = VERTEX_POINT ( 'NONE', #1493 ) ;
#384 = CARTESIAN_POINT ( 'NONE',  ( -81.97355109141268800, 0.0000000000000000000, -406.3934024456574400 ) ) ;
#385 = DIRECTION ( 'NONE',  ( 0.05260604523924271300, 0.0000000000000000000, 0.9986153433651451200 ) ) ;
#386 = ORIENTED_EDGE ( 'NONE', *, *, #1652, .T. ) ;
#387 = VERTEX_POINT ( 'NONE', #830 ) ;
#388 = AXIS2_PLACEMENT_3D ( 'NONE', #652, #1194, #1052 ) ;
#389 = DIRECTION ( 'NONE',  ( 0.0000000000000000000, 0.0000000000000000000, 1.000000000000000000 ) ) ;
#390 = EDGE_CURVE ( 'NONE', #1177, #1490, #1076, .T. ) ;
#391 = DIRECTION ( 'NONE',  ( 0.0000000000000000000, 0.0000000000000000000, 1.000000000000000000 ) ) ;
#392 = ADVANCED_FACE ( 'NONE', ( #700 ), #1055, .T. ) ;
#393 = CARTESIAN_POINT ( 'NONE',  ( 116.0603788253551300, -4.000000000000000000, -547.7388449420872100 ) ) ;
#394 = LINE ( 'NONE', #102, #749 ) ;
#395 = DIRECTION ( 'NONE',  ( 0.0000000000000000000, 0.0000000000000000000, 1.000000000000000000 ) ) ;
#396 = FACE_OUTER_BOUND ( 'NONE', #1427, .T. ) ;
#397 = FACE_OUTER_BOUND ( 'NONE', #1720, .T. ) ;
#398 = CYLINDRICAL_SURFACE ( 'NONE', #1441, 2.500000000000002200 ) ;
#399 = ORIENTED_EDGE ( 'NONE', *, *, #1029, .T. ) ;
#400 = ORIENTED_EDGE ( 'NONE', *, *, #849, .F. ) ;
#401 = ORIENTED_EDGE ( 'NONE', *, *, #958, .T. ) ;
#402 = ORIENTED_EDGE ( 'NONE', *, *, #1445, .T. ) ;
#403 = EDGE_CURVE ( 'NONE', #692, #1663, #1461, .T. ) ;
#404 = CARTESIAN_POINT ( 'NONE',  ( 90.60242449266026200, -4.000000000000000000, -406.2628677317560500 ) ) ;
#405 = ORIENTED_EDGE ( 'NONE', *, *, #473, .T. ) ;
#406 = CC_DESIGN_SECURITY_CLASSIFICATION ( #1447, ( #1415 ) ) ;
#407 = DIRECTION ( 'NONE',  ( -0.0000000000000000000, -1.000000000000000000, -0.0000000000000000000 ) ) ;
#408 = VERTEX_POINT ( 'NONE', #1091 ) ;
#409 = CARTESIAN_POINT ( 'NONE',  ( -88.57342658651431600, -4.000000000000000000, -409.3173979181708500 ) ) ;
#410 = AXIS2_PLACEMENT_3D ( 'NONE', #864, #200, #474 ) ;
#411 = AXIS2_PLACEMENT_3D ( 'NONE', #312, #1644, #1394 ) ;
#412 = ADVANCED_FACE ( 'NONE', ( #1732 ), #161, .T. ) ;
#413 = CYLINDRICAL_SURFACE ( 'NONE', #1028, 3.249999999999975100 ) ;
#414 = CARTESIAN_POINT ( 'NONE',  ( 127.6079176790551600, -4.000000000000000000, -669.9603701963053500 ) ) ;
#415 = LINE ( 'NONE', #670, #576 ) ;
#416 = FACE_OUTER_BOUND ( 'NONE', #163, .T. ) ;
#417 = CARTESIAN_POINT ( 'NONE',  ( 101.8701326028869000, 0.0000000000000000000, -410.7244636497934500 ) ) ;
#418 = ORIENTED_EDGE ( 'NONE', *, *, #990, .F. ) ;
#419 = VECTOR ( 'NONE', #196, 1000.000000000000000 ) ;
#420 = VERTEX_POINT ( 'NONE', #1093 ) ;
#421 = CARTESIAN_POINT ( 'NONE',  ( -92.10695092805920600, -4.000000000000000000, -679.2550957301837100 ) ) ;
#422 = AXIS2_PLACEMENT_3D ( 'NONE', #1721, #662, #798 ) ;
#423 = ADVANCED_FACE ( 'NONE', ( #593 ), #1273, .F. ) ;
#424 = VERTEX_POINT ( 'NONE', #1559 ) ;
#425 = VERTEX_POINT ( 'NONE', #1165 ) ;
#426 = ORIENTED_EDGE ( 'NONE', *, *, #1714, .T. ) ;
#427 = DIRECTION ( 'NONE',  ( 0.0000000000000000000, 0.0000000000000000000, 1.000000000000000000 ) ) ;
#428 = DIRECTION ( 'NONE',  ( -1.000000000000000000, 0.0000000000000000000, 0.0000000000000000000 ) ) ;
#429 = VECTOR ( 'NONE', #988, 1000.000000000000000 ) ;
#430 = EDGE_CURVE ( 'NONE', #522, #667, #1697, .T. ) ;
#431 = VECTOR ( 'NONE', #352, 1000.000000000000000 ) ;
#432 = LINE ( 'NONE', #260, #1211 ) ;
#433 = VECTOR ( 'NONE', #1210, 1000.000000000000000 ) ;
#434 = DIRECTION ( 'NONE',  ( 0.4050643772852821100, -0.0000000000000000000, -0.9142881658724926200 ) ) ;
#435 = EDGE_LOOP ( 'NONE', ( #55, #657, #253, #1495 ) ) ;
#436 = ORIENTED_EDGE ( 'NONE', *, *, #269, .F. ) ;
#437 = CARTESIAN_POINT ( 'NONE',  ( -63.93962117464489800, -4.000000000000000000, -410.2388449420872100 ) ) ;
#438 = AXIS2_PLACEMENT_3D ( 'NONE', #629, #1685, #213 ) ;
#439 = DIRECTION ( 'NONE',  ( 0.0000000000000000000, 1.000000000000000000, 0.0000000000000000000 ) ) ;
#440 = DIRECTION ( 'NONE',  ( 0.0000000000000000000, 0.0000000000000000000, 1.000000000000000000 ) ) ;
#441 = AXIS2_PLACEMENT_3D ( 'NONE', #1752, #170, #788 ) ;
#442 = VERTEX_POINT ( 'NONE', #591 ) ;
#443 = ORIENTED_EDGE ( 'NONE', *, *, #987, .F. ) ;
#444 = ADVANCED_FACE ( 'NONE', ( #447 ), #1396, .F. ) ;
#445 = CARTESIAN_POINT ( 'NONE',  ( 128.1069696658143800, 0.0000000000000000000, -679.4338246034585600 ) ) ;
#446 = CARTESIAN_POINT ( 'NONE',  ( -99.04846744097943700, 0.0000000000000000000, -449.4182485468112400 ) ) ;
#447 = FACE_OUTER_BOUND ( 'NONE', #1347, .T. ) ;
#448 = AXIS2_PLACEMENT_3D ( 'NONE', #191, #316, #980 ) ;
#449 = EDGE_CURVE ( 'NONE', #1239, #707, #766, .T. ) ;
#450 = CARTESIAN_POINT ( 'NONE',  ( 117.3978185845420900, 0.0000000000000000000, -445.7726691512436900 ) ) ;
#451 = VECTOR ( 'NONE', #1265, 1000.000000000000000 ) ;
#452 = DIRECTION ( 'NONE',  ( 0.0000000000000000000, 1.000000000000000000, 0.0000000000000000000 ) ) ;
#453 = VECTOR ( 'NONE', #92, 1000.000000000000000 ) ;
#454 = DIRECTION ( 'NONE',  ( 0.0000000000000000000, 0.0000000000000000000, 1.000000000000000000 ) ) ;
#455 = EDGE_CURVE ( 'NONE', #1103, #420, #743, .T. ) ;
#456 = VECTOR ( 'NONE', #746, 1000.000000000000000 ) ;
#457 = LINE ( 'NONE', #360, #936 ) ;
#458 = CYLINDRICAL_SURFACE ( 'NONE', #717, 9.000000000000007100 ) ;
#459 = CARTESIAN_POINT ( 'NONE',  ( 116.0603788253551300, 0.0000000000000000000, -545.2388449420872100 ) ) ;
#460 = FACE_OUTER_BOUND ( 'NONE', #121, .T. ) ;
#461 = DIRECTION ( 'NONE',  ( 0.9961940165649013600, 0.0000000000000000000, 0.08716353228437230500 ) ) ;
#462 = ORIENTED_EDGE ( 'NONE', *, *, #1738, .F. ) ;
#463 = ORIENTED_EDGE ( 'NONE', *, *, #665, .T. ) ;
#464 = ORIENTED_EDGE ( 'NONE', *, *, #1510, .T. ) ;
#465 = ORIENTED_EDGE ( 'NONE', *, *, #1112, .F. ) ;
#466 = CARTESIAN_POINT ( 'NONE',  ( 95.04860484165702400, -4.000000000000000000, -417.5459914110232900 ) ) ;
#467 = VERTEX_POINT ( 'NONE', #1118 ) ;
#468 = DIRECTION ( 'NONE',  ( -0.4050643772852833800, 0.0000000000000000000, 0.9142881658724920600 ) ) ;
#469 = DIRECTION ( 'NONE',  ( 0.9142881658724927300, -0.0000000000000000000, 0.4050643772852821100 ) ) ;
#470 = ORIENTED_EDGE ( 'NONE', *, *, #1471, .T. ) ;
#471 = AXIS2_PLACEMENT_3D ( 'NONE', #941, #135, #1071 ) ;
#472 = ORIENTED_EDGE ( 'NONE', *, *, #328, .T. ) ;
#473 = EDGE_CURVE ( 'NONE', #467, #1102, #353, .T. ) ;
#474 = DIRECTION ( 'NONE',  ( 0.0000000000000000000, 0.0000000000000000000, 1.000000000000000000 ) ) ;
#475 = DIRECTION ( 'NONE',  ( 0.0000000000000000000, 0.0000000000000000000, 1.000000000000000000 ) ) ;
#476 = CIRCLE ( 'NONE', #471, 3.249999999999975100 ) ;
#477 = AXIS2_PLACEMENT_3D ( 'NONE', #1560, #66, #1009 ) ;
#478 = VECTOR ( 'NONE', #198, 1000.000000000000200 ) ;
#479 = CARTESIAN_POINT ( 'NONE',  ( -63.93962117464616300, -4.000000000000000000, -529.4888449420872100 ) ) ;
#480 = LINE ( 'NONE', #1364, #1255 ) ;
#481 = LINE ( 'NONE', #1739, #24 ) ;
#482 = DIRECTION ( 'NONE',  ( 0.0000000000000000000, 1.000000000000000000, 0.0000000000000000000 ) ) ;
#483 = CARTESIAN_POINT ( 'NONE',  ( 74.06037882535385100, -4.000000000000000000, -535.9888449420872100 ) ) ;
#484 = DATE_TIME_ROLE ( 'classification_date' ) ;
#485 = VERTEX_POINT ( 'NONE', #1245 ) ;
#486 = ORIENTED_EDGE ( 'NONE', *, *, #1264, .T. ) ;
#487 = EDGE_LOOP ( 'NONE', ( #1132, #1349, #81, #76 ) ) ;
#488 = ORIENTED_EDGE ( 'NONE', *, *, #642, .T. ) ;
#489 = DIRECTION ( 'NONE',  ( 0.0000000000000000000, 1.000000000000000000, 0.0000000000000000000 ) ) ;
#490 = ORIENTED_EDGE ( 'NONE', *, *, #26, .F. ) ;
#491 = EDGE_CURVE ( 'NONE', #1083, #1298, #596, .T. ) ;
#492 = PLANE ( 'NONE',  #837 ) ;
#493 = DIRECTION ( 'NONE',  ( -0.0000000000000000000, -1.000000000000000000, 0.0000000000000000000 ) ) ;
#494 = DIRECTION ( 'NONE',  ( 0.9961940165649013600, 0.0000000000000000000, -0.08716353228437226400 ) ) ;
#495 = VECTOR ( 'NONE', #1299, 1000.000000000000000 ) ;
#496 = VECTOR ( 'NONE', #558, 1000.000000000000000 ) ;
#497 = LINE ( 'NONE', #1122, #456 ) ;
#498 = AXIS2_PLACEMENT_3D ( 'NONE', #1690, #775, #232 ) ;
#499 = EDGE_CURVE ( 'NONE', #334, #983, #1716, .T. ) ;
#500 = CARTESIAN_POINT ( 'NONE',  ( 116.0603788253538700, -4.000000000000000000, -664.4888449420872100 ) ) ;
#501 = DIRECTION ( 'NONE',  ( -0.0000000000000000000, -1.000000000000000000, -0.0000000000000000000 ) ) ;
#502 = ORIENTED_EDGE ( 'NONE', *, *, #1489, .T. ) ;
#503 = CARTESIAN_POINT ( 'NONE',  ( 74.06037882535385100, 0.0000000000000000000, -532.7388449420872100 ) ) ;
#504 = ORIENTED_EDGE ( 'NONE', *, *, #250, .T. ) ;
#505 = ORIENTED_EDGE ( 'NONE', *, *, #1692, .F. ) ;
#506 = ADVANCED_FACE ( 'NONE', ( #1589 ), #959, .T. ) ;
#507 = VERTEX_POINT ( 'NONE', #437 ) ;
#508 = DIRECTION ( 'NONE',  ( 0.0000000000000000000, 1.000000000000000000, 0.0000000000000000000 ) ) ;
#509 = ORIENTED_EDGE ( 'NONE', *, *, #828, .T. ) ;
#510 = CARTESIAN_POINT ( 'NONE',  ( 118.6203795887688400, -4.000000000000000000, -679.4338246034585600 ) ) ;
#511 = AXIS2_PLACEMENT_3D ( 'NONE', #41, #1402, #1540 ) ;
#512 = CARTESIAN_POINT ( 'NONE',  ( 116.0603788253551300, 0.0000000000000000000, -547.7388449420872100 ) ) ;
#513 = EDGE_CURVE ( 'NONE', #1003, #1558, #154, .T. ) ;
#514 = ORIENTED_EDGE ( 'NONE', *, *, #1681, .T. ) ;
#515 = APPROVAL_PERSON_ORGANIZATION ( #1356, #1480, #218 ) ;
#516 = DIRECTION ( 'NONE',  ( 0.0000000000000000000, 0.0000000000000000000, 1.000000000000000000 ) ) ;
#517 = CARTESIAN_POINT ( 'NONE',  ( -108.4996219380611000, 0.0000000000000000000, -670.4338246034586700 ) ) ;
#518 = CARTESIAN_POINT ( 'NONE',  ( -63.93962117464489800, -4.000000000000000000, -412.7388449420872100 ) ) ;
#519 = CYLINDRICAL_SURFACE ( 'NONE', #744, 2.499999999999946700 ) ;
#520 = DIRECTION ( 'NONE',  ( 0.0000000000000000000, 1.000000000000000000, 0.0000000000000000000 ) ) ;
#521 = EDGE_CURVE ( 'NONE', #57, #1137, #1374, .T. ) ;
#522 = VERTEX_POINT ( 'NONE', #1643 ) ;
#523 = ORIENTED_EDGE ( 'NONE', *, *, #1039, .T. ) ;
#524 = DIRECTION ( 'NONE',  ( 0.0000000000000000000, 0.0000000000000000000, 1.000000000000000000 ) ) ;
#525 = CARTESIAN_POINT ( 'NONE',  ( 123.3872536077362000, -4.000000000000000000, -589.8399224104881600 ) ) ;
#526 = ORIENTED_EDGE ( 'NONE', *, *, #226, .T. ) ;
#527 = EDGE_LOOP ( 'NONE', ( #188, #1141, #605, #317 ) ) ;
#528 = CARTESIAN_POINT ( 'NONE',  ( -43.70218219038781600, -4.000000000000000000, -403.0447899833236500 ) ) ;
#529 = CARTESIAN_POINT ( 'NONE',  ( 123.1333150576024200, -4.000000000000000000, -468.7936955839317600 ) ) ;
#530 = AXIS2_PLACEMENT_3D ( 'NONE', #1388, #583, #731 ) ;
#531 = AXIS2_PLACEMENT_3D ( 'NONE', #323, #1120, #318 ) ;
#532 = CARTESIAN_POINT ( 'NONE',  ( 5.060378825353859100, -4.000000000000000000, -1159.524301518553600 ) ) ;
#533 = DIRECTION ( 'NONE',  ( -0.0000000000000000000, -1.000000000000000000, -0.0000000000000000000 ) ) ;
#534 = LOCAL_TIME ( 19, 25, 22.00000000000000000, #1544 ) ;
#535 = VECTOR ( 'NONE', #296, 1000.000000000000000 ) ;
#536 = DIRECTION ( 'NONE',  ( 0.0000000000000000000, 1.000000000000000000, 0.0000000000000000000 ) ) ;
#537 = FACE_OUTER_BOUND ( 'NONE', #1682, .T. ) ;
#538 = DIRECTION ( 'NONE',  ( 0.0000000000000000000, 1.000000000000000000, 0.0000000000000000000 ) ) ;
#539 = AXIS2_PLACEMENT_3D ( 'NONE', #1438, #1168, #747 ) ;
#540 = ADVANCED_FACE ( 'NONE', ( #1451 ), #1046, .T. ) ;
#541 = EDGE_CURVE ( 'NONE', #650, #263, #62, .T. ) ;
#542 = ORIENTED_EDGE ( 'NONE', *, *, #1064, .T. ) ;
#543 = EDGE_CURVE ( 'NONE', #667, #1494, #21, .T. ) ;
#544 = CARTESIAN_POINT ( 'NONE',  ( -63.93962117464616300, 0.0000000000000000000, -532.7388449420872100 ) ) ;
#545 = ORIENTED_EDGE ( 'NONE', *, *, #885, .F. ) ;
#546 = DIRECTION ( 'NONE',  ( 0.0000000000000000000, 0.0000000000000000000, 1.000000000000000000 ) ) ;
#547 = ORIENTED_EDGE ( 'NONE', *, *, #1217, .F. ) ;
#548 = DIRECTION ( 'NONE',  ( 0.0000000000000000000, 1.000000000000000000, 0.0000000000000000000 ) ) ;
#549 = VERTEX_POINT ( 'NONE', #847 ) ;
#550 = ADVANCED_FACE ( 'NONE', ( #785 ), #813, .F. ) ;
#551 = CARTESIAN_POINT ( 'NONE',  ( -84.92784719094679200, -4.000000000000000000, -417.5459914110232900 ) ) ;
#552 = ADVANCED_FACE ( 'NONE', ( #303 ), #458, .T. ) ;
#553 = DIRECTION ( 'NONE',  ( 0.9142881658724920600, 0.0000000000000000000, 0.4050643772852833800 ) ) ;
#554 = DIRECTION ( 'NONE',  ( 0.0000000000000000000, 0.0000000000000000000, 1.000000000000000000 ) ) ;
#555 = EDGE_CURVE ( 'NONE', #1742, #737, #68, .T. ) ;
#556 = ORIENTED_EDGE ( 'NONE', *, *, #748, .T. ) ;
#557 = CALENDAR_DATE ( 2017, 29, 6 ) ;
#558 = DIRECTION ( 'NONE',  ( 0.0000000000000000000, 1.000000000000000000, 0.0000000000000000000 ) ) ;
#559 = FACE_BOUND ( 'NONE', #1301, .T. ) ;
#560 = FACE_OUTER_BOUND ( 'NONE', #377, .T. ) ;
#561 = DIRECTION ( 'NONE',  ( 0.0000000000000000000, 0.0000000000000000000, 1.000000000000000000 ) ) ;
#562 = AXIS2_PLACEMENT_3D ( 'NONE', #938, #533, #1080 ) ;
#563 = EDGE_LOOP ( 'NONE', ( #602, #867, #713, #1746 ) ) ;
#564 = VERTEX_POINT ( 'NONE', #978 ) ;
#565 = ADVANCED_FACE ( 'NONE', ( #93 ), #1737, .F. ) ;
#566 = ORIENTED_EDGE ( 'NONE', *, *, #1545, .T. ) ;
#567 = CARTESIAN_POINT ( 'NONE',  ( -117.9862120151066200, 0.0000000000000000000, -679.4338246034586700 ) ) ;
#568 = ORIENTED_EDGE ( 'NONE', *, *, #339, .T. ) ;
#569 = DIRECTION ( 'NONE',  ( 0.0000000000000000000, 1.000000000000000000, 0.0000000000000000000 ) ) ;
#570 = EDGE_CURVE ( 'NONE', #485, #564, #730, .T. ) ;
#571 = ADVANCED_FACE ( 'NONE', ( #701 ), #587, .T. ) ;
#572 = DATE_AND_TIME ( #931, #659 ) ;
#573 = EDGE_CURVE ( 'NONE', #355, #1239, #1096, .T. ) ;
#574 = CIRCLE ( 'NONE', #1216, 9.000000000000007100 ) ;
#575 = VECTOR ( 'NONE', #1209, 1000.000000000000000 ) ;
#576 = VECTOR ( 'NONE', #982, 1000.000000000000000 ) ;
#577 = ORIENTED_EDGE ( 'NONE', *, *, #1267, .F. ) ;
#578 = ORIENTED_EDGE ( 'NONE', *, *, #8, .F. ) ;
#579 = CARTESIAN_POINT ( 'NONE',  ( 116.0603788253551300, -4.000000000000000000, -545.2388449420872100 ) ) ;
#580 = CARTESIAN_POINT ( 'NONE',  ( 74.06037882535385100, 0.0000000000000000000, -535.9888449420872100 ) ) ;
#581 = DIRECTION ( 'NONE',  ( 0.0000000000000000000, 0.0000000000000000000, 1.000000000000000000 ) ) ;
#582 = EDGE_CURVE ( 'NONE', #1450, #692, #1444, .T. ) ;
#583 = DIRECTION ( 'NONE',  ( -0.0000000000000000000, -1.000000000000000000, -0.0000000000000000000 ) ) ;
#584 = ORIENTED_EDGE ( 'NONE', *, *, #1291, .F. ) ;
#585 = ORIENTED_EDGE ( 'NONE', *, *, #1204, .T. ) ;
#586 = CARTESIAN_POINT ( 'NONE',  ( -99.04846744097943700, -4.000000000000000000, -449.4182485468112400 ) ) ;
#587 = PLANE ( 'NONE',  #1377 ) ;
#588 = CARTESIAN_POINT ( 'NONE',  ( 0.0000000000000000000, 0.0000000000000000000, 0.0000000000000000000 ) ) ;
#589 = AXIS2_PLACEMENT_3D ( 'NONE', #1069, #11, #953 ) ;
#590 = DIRECTION ( 'NONE',  ( 0.0000000000000000000, 0.0000000000000000000, 1.000000000000000000 ) ) ;
#591 = CARTESIAN_POINT ( 'NONE',  ( 127.6079176790551600, 0.0000000000000000000, -669.9603701963053500 ) ) ;
#592 = CARTESIAN_POINT ( 'NONE',  ( -42.91771039982846500, 0.0000000000000000000, -403.0105361324077600 ) ) ;
#593 = FACE_OUTER_BOUND ( 'NONE', #962, .T. ) ;
#594 = LINE ( 'NONE', #878, #1587 ) ;
#595 = DIRECTION ( 'NONE',  ( 0.0000000000000000000, 0.0000000000000000000, 1.000000000000000000 ) ) ;
#596 = CIRCLE ( 'NONE', #903, 9.000000000000007100 ) ;
#597 = VECTOR ( 'NONE', #1694, 1000.000000000000000 ) ;
#598 = VECTOR ( 'NONE', #372, 1000.000000000000000 ) ;
#599 = DIRECTION ( 'NONE',  ( 0.05260604523924299100, 0.0000000000000000000, -0.9986153433651451200 ) ) ;
#600 = CIRCLE ( 'NONE', #438, 9.000000000000007100 ) ;
#601 = CARTESIAN_POINT ( 'NONE',  ( -113.0125574068921700, -4.000000000000000000, -468.7936955839317100 ) ) ;
#602 = ORIENTED_EDGE ( 'NONE', *, *, #1324, .F. ) ;
#603 = ORIENTED_EDGE ( 'NONE', *, *, #449, .T. ) ;
#604 = EDGE_CURVE ( 'NONE', #383, #1473, #997, .T. ) ;
#605 = ORIENTED_EDGE ( 'NONE', *, *, #374, .T. ) ;
#606 = EDGE_CURVE ( 'NONE', #425, #485, #1174, .T. ) ;
#607 = DIRECTION ( 'NONE',  ( 0.0000000000000000000, 1.000000000000000000, 0.0000000000000000000 ) ) ;
#608 = EDGE_LOOP ( 'NONE', ( #1722, #1579, #1025, #1026 ) ) ;
#609 = PLANE ( 'NONE',  #477 ) ;
#610 = DATE_TIME_ROLE ( 'creation_date' ) ;
#611 = AXIS2_PLACEMENT_3D ( 'NONE', #236, #928, #395 ) ;
#612 = LINE ( 'NONE', #1257, #1502 ) ;
#613 = AXIS2_PLACEMENT_3D ( 'NONE', #948, #1371, #1090 ) ;
#614 = CARTESIAN_POINT ( 'NONE',  ( -63.93962117464489800, -4.000000000000000000, -415.2388449420872100 ) ) ;
#615 = VECTOR ( 'NONE', #1041, 1000.000000000000000 ) ;
#616 = CIRCLE ( 'NONE', #946, 2.499999999999946700 ) ;
#617 = DIRECTION ( 'NONE',  ( 0.0000000000000000000, 0.0000000000000000000, 1.000000000000000000 ) ) ;
#618 = CARTESIAN_POINT ( 'NONE',  ( 116.0603788253538700, 0.0000000000000000000, -667.7388449420872100 ) ) ;
#619 = CYLINDRICAL_SURFACE ( 'NONE', #611, 9.000000000000007100 ) ;
#620 = EDGE_LOOP ( 'NONE', ( #104, #1300, #1131, #288 ) ) ;
#621 = ORIENTED_EDGE ( 'NONE', *, *, #1001, .T. ) ;
#622 = DIRECTION ( 'NONE',  ( 0.0000000000000000000, 1.000000000000000000, 0.0000000000000000000 ) ) ;
#623 = ORIENTED_EDGE ( 'NONE', *, *, #791, .T. ) ;
#624 = PLANE ( 'NONE',  #1225 ) ;
#625 = ORIENTED_EDGE ( 'NONE', *, *, #958, .F. ) ;
#626 = DIRECTION ( 'NONE',  ( 0.0000000000000000000, 1.000000000000000000, 0.0000000000000000000 ) ) ;
#627 = ORIENTED_EDGE ( 'NONE', *, *, #757, .F. ) ;
#628 = ORIENTED_EDGE ( 'NONE', *, *, #1639, .F. ) ;
#629 = CARTESIAN_POINT ( 'NONE',  ( 104.0124146354623300, -4.000000000000000000, -670.4338246034585600 ) ) ;
#630 = EDGE_CURVE ( 'NONE', #98, #420, #1464, .T. ) ;
#631 = CARTESIAN_POINT ( 'NONE',  ( -63.93962117464616300, -4.000000000000000000, -535.9888449420872100 ) ) ;
#632 = ORIENTED_EDGE ( 'NONE', *, *, #1097, .F. ) ;
#633 = APPROVAL_STATUS ( 'not_yet_approved' ) ;
#634 = CC_DESIGN_DATE_AND_TIME_ASSIGNMENT ( #342, #484, ( #1447 ) ) ;
#635 = CALENDAR_DATE ( 2017, 29, 6 ) ;
#636 = DIRECTION ( 'NONE',  ( 0.0000000000000000000, 1.000000000000000000, 0.0000000000000000000 ) ) ;
#637 = LINE ( 'NONE', #1084, #535 ) ;
#638 = CIRCLE ( 'NONE', #225, 2.500000000000002200 ) ;
#639 = AXIS2_PLACEMENT_3D ( 'NONE', #313, #25, #1234 ) ;
#640 = CARTESIAN_POINT ( 'NONE',  ( -43.31069413991075100, 0.0000000000000000000, -403.0105361324077600 ) ) ;
#641 = DIRECTION ( 'NONE',  ( 0.9961940165649013600, 0.0000000000000000000, 0.08716353228437230500 ) ) ;
#642 = EDGE_CURVE ( 'NONE', #1088, #380, #1382, .T. ) ;
#643 = CARTESIAN_POINT ( 'NONE',  ( -113.2664959570272000, -4.000000000000000000, -469.8399224104879900 ) ) ;
#644 = FACE_OUTER_BOUND ( 'NONE', #95, .T. ) ;
#645 = ORIENTED_EDGE ( 'NONE', *, *, #1601, .F. ) ;
#646 = CARTESIAN_POINT ( 'NONE',  ( -105.9396211746448800, -4.000000000000000000, -550.2388449420872100 ) ) ;
#647 = ORIENTED_EDGE ( 'NONE', *, *, #159, .F. ) ;
#648 = CARTESIAN_POINT ( 'NONE',  ( 123.1333150576024200, -4.000000000000000000, -468.7936955839317600 ) ) ;
#649 = EDGE_LOOP ( 'NONE', ( #97, #776, #669, #1005 ) ) ;
#650 = VERTEX_POINT ( 'NONE', #82 ) ;
#651 = VERTEX_POINT ( 'NONE', #1424 ) ;
#652 = CARTESIAN_POINT ( 'NONE',  ( -93.89165698475454700, -4.000000000000000000, -670.4338246034585600 ) ) ;
#653 = EDGE_LOOP ( 'NONE', ( #800, #1553, #402, #488 ) ) ;
#654 = AXIS2_PLACEMENT_3D ( 'NONE', #954, #407, #1351 ) ;
#655 = EDGE_CURVE ( 'NONE', #983, #206, #664, .T. ) ;
#656 = CARTESIAN_POINT ( 'NONE',  ( -79.69719505139066500, -4.000000000000000000, -415.2286138808402100 ) ) ;
#657 = ORIENTED_EDGE ( 'NONE', *, *, #1178, .T. ) ;
#658 = DIRECTION ( 'NONE',  ( 0.2358700498884832300, 0.0000000000000000000, 0.9717846055405510200 ) ) ;
#659 = LOCAL_TIME ( 19, 25, 22.00000000000000000, #1378 ) ;
#660 = CARTESIAN_POINT ( 'NONE',  ( -63.93962117464616300, 0.0000000000000000000, -535.9888449420872100 ) ) ;
#661 = LINE ( 'NONE', #1704, #1253 ) ;
#662 = DIRECTION ( 'NONE',  ( 0.0000000000000000000, 1.000000000000000000, 0.0000000000000000000 ) ) ;
#663 = DIRECTION ( 'NONE',  ( -0.0000000000000000000, -1.000000000000000000, -0.0000000000000000000 ) ) ;
#664 = LINE ( 'NONE', #1027, #1698 ) ;
#665 = EDGE_CURVE ( 'NONE', #1341, #692, #45, .T. ) ;
#666 = ORIENTED_EDGE ( 'NONE', *, *, #987, .T. ) ;
#667 = VERTEX_POINT ( 'NONE', #1571 ) ;
#668 = DIRECTION ( 'NONE',  ( -0.0000000000000000000, -1.000000000000000000, -0.0000000000000000000 ) ) ;
#669 = ORIENTED_EDGE ( 'NONE', *, *, #1728, .T. ) ;
#670 = CARTESIAN_POINT ( 'NONE',  ( 74.06037882535511600, -4.000000000000000000, -415.2388449420872100 ) ) ;
#671 = PRODUCT ( 'XTZ750 Tenere - plotna', 'XTZ750 Tenere - plotna', '', ( #1305 ) ) ;
#672 = ORIENTED_EDGE ( 'NONE', *, *, #630, .F. ) ;
#673 = ORIENTED_EDGE ( 'NONE', *, *, #1618, .F. ) ;
#674 = VERTEX_POINT ( 'NONE', #483 ) ;
#675 = ORIENTED_EDGE ( 'NONE', *, *, #828, .F. ) ;
#676 = DIRECTION ( 'NONE',  ( 0.0000000000000000000, 1.000000000000000000, 0.0000000000000000000 ) ) ;
#677 = CARTESIAN_POINT ( 'NONE',  ( -105.9396211746461500, -4.000000000000000000, -670.9888449420872100 ) ) ;
#678 = ADVANCED_FACE ( 'NONE', ( #750 ), #1405, .T. ) ;
#679 = LINE ( 'NONE', #1220, #807 ) ;
#680 = CARTESIAN_POINT ( 'NONE',  ( 127.6079176790551600, -4.000000000000000000, -669.9603701963053500 ) ) ;
#681 = CIRCLE ( 'NONE', #1488, 3.249999999999975100 ) ;
#682 = VECTOR ( 'NONE', #165, 1000.000000000000100 ) ;
#683 = FACE_OUTER_BOUND ( 'NONE', #1596, .T. ) ;
#684 = AXIS2_PLACEMENT_3D ( 'NONE', #803, #19, #841 ) ;
#685 = ORIENTED_EDGE ( 'NONE', *, *, #541, .F. ) ;
#686 = EDGE_CURVE ( 'NONE', #1672, #266, #1671, .T. ) ;
#687 = ORIENTED_EDGE ( 'NONE', *, *, #604, .F. ) ;
#688 = PLANE ( 'NONE',  #589 ) ;
#689 = EDGE_LOOP ( 'NONE', ( #632, #891, #336, #1549 ) ) ;
#690 = CARTESIAN_POINT ( 'NONE',  ( -42.91771039982846500, -4.000000000000000000, -403.0105361324077600 ) ) ;
#691 = ORIENTED_EDGE ( 'NONE', *, *, #17, .F. ) ;
#692 = VERTEX_POINT ( 'NONE', #1710 ) ;
#693 = DIRECTION ( 'NONE',  ( 0.0000000000000000000, 1.000000000000000000, 0.0000000000000000000 ) ) ;
#694 = DIRECTION ( 'NONE',  ( 0.0000000000000000000, 1.000000000000000000, 0.0000000000000000000 ) ) ;
#695 = ADVANCED_FACE ( 'NONE', ( #683 ), #609, .T. ) ;
#696 = EDGE_CURVE ( 'NONE', #13, #707, #879, .T. ) ;
#697 = LINE ( 'NONE', #579, #429 ) ;
#698 = DIRECTION ( 'NONE',  ( 0.0000000000000000000, 0.0000000000000000000, 1.000000000000000000 ) ) ;
#699 = VECTOR ( 'NONE', #106, 1000.000000000000200 ) ;
#700 = FACE_OUTER_BOUND ( 'NONE', #945, .T. ) ;
#701 = FACE_OUTER_BOUND ( 'NONE', #1435, .T. ) ;
#702 = DIRECTION ( 'NONE',  ( 0.0000000000000000000, 0.0000000000000000000, 1.000000000000000000 ) ) ;
#703 = ADVANCED_FACE ( 'NONE', ( #397 ), #492, .T. ) ;
#704 = CARTESIAN_POINT ( 'NONE',  ( -93.15644068379920400, -4.000000000000000000, -413.9004120154557400 ) ) ;
#705 = ORIENTED_EDGE ( 'NONE', *, *, #1207, .F. ) ;
#706 = DIRECTION ( 'NONE',  ( 0.0000000000000000000, -0.0000000000000000000, 1.000000000000000000 ) ) ;
#707 = VERTEX_POINT ( 'NONE', #1166 ) ;
#708 = AXIS2_PLACEMENT_3D ( 'NONE', #1277, #1548, #1532 ) ;
#709 = ORIENTED_EDGE ( 'NONE', *, *, #17, .T. ) ;
#710 = VERTEX_POINT ( 'NONE', #356 ) ;
#711 = DIRECTION ( 'NONE',  ( 0.0000000000000000000, 1.000000000000000000, 0.0000000000000000000 ) ) ;
#712 = ORIENTED_EDGE ( 'NONE', *, *, #849, .T. ) ;
#713 = ORIENTED_EDGE ( 'NONE', *, *, #655, .T. ) ;
#714 = CARTESIAN_POINT ( 'NONE',  ( 117.7248533433030800, -4.000000000000000000, -446.5108333210184800 ) ) ;
#715 = CARTESIAN_POINT ( 'NONE',  ( 117.7248533433030800, 0.0000000000000000000, -446.5108333210184800 ) ) ;
#716 = DIRECTION ( 'NONE',  ( 0.0000000000000000000, 0.0000000000000000000, 1.000000000000000000 ) ) ;
#717 = AXIS2_PLACEMENT_3D ( 'NONE', #1674, #61, #1147 ) ;
#718 = CARTESIAN_POINT ( 'NONE',  ( 123.3872536077374600, -4.000000000000000000, -469.8399224104881000 ) ) ;
#719 = ORIENTED_EDGE ( 'NONE', *, *, #1064, .F. ) ;
#720 = DIRECTION ( 'NONE',  ( 0.0000000000000000000, 1.000000000000000000, 0.0000000000000000000 ) ) ;
#721 = LOCAL_TIME ( 19, 25, 22.00000000000000000, #277 ) ;
#722 = EDGE_CURVE ( 'NONE', #1106, #63, #835, .T. ) ;
#723 = DIRECTION ( 'NONE',  ( -1.079383496163345800E-014, 0.0000000000000000000, 1.000000000000000000 ) ) ;
#724 = LINE ( 'NONE', #1030, #431 ) ;
#725 = UNCERTAINTY_MEASURE_WITH_UNIT (LENGTH_MEASURE( 1.000000000000000100E-005 ), #315, 'distance_accuracy_value', 'NONE');
#726 = LINE ( 'NONE', #1358, #349 ) ;
#727 = FACE_OUTER_BOUND ( 'NONE', #1389, .T. ) ;
#728 = CARTESIAN_POINT ( 'NONE',  ( -81.97355109141268800, -4.000000000000000000, -406.3934024456574400 ) ) ;
#729 = VECTOR ( 'NONE', #1687, 1000.000000000000000 ) ;
#730 = LINE ( 'NONE', #1536, #350 ) ;
#731 = DIRECTION ( 'NONE',  ( -4.625929269271482200E-015, 0.0000000000000000000, 1.000000000000000000 ) ) ;
#732 = CIRCLE ( 'NONE', #410, 9.000000000000007100 ) ;
#733 = EDGE_LOOP ( 'NONE', ( #976, #509 ) ) ;
#734 = ORIENTED_EDGE ( 'NONE', *, *, #362, .F. ) ;
#735 = AXIS2_PLACEMENT_3D ( 'NONE', #1148, #39, #599 ) ;
#736 = EDGE_CURVE ( 'NONE', #507, #1727, #773, .T. ) ;
#737 = VERTEX_POINT ( 'NONE', #888 ) ;
#738 = EDGE_LOOP ( 'NONE', ( #270, #753 ) ) ;
#739 = VERTEX_POINT ( 'NONE', #754 ) ;
#740 = DIRECTION ( 'NONE',  ( 0.4050643772852820500, 0.0000000000000000000, -0.9142881658724926200 ) ) ;
#741 = CARTESIAN_POINT ( 'NONE',  ( 116.0603788253538700, -4.000000000000000000, -670.9888449420872100 ) ) ;
#742 = EDGE_LOOP ( 'NONE', ( #1105, #966, #979, #1679 ) ) ;
#743 = CIRCLE ( 'NONE', #361, 9.000000000000007100 ) ;
#744 = AXIS2_PLACEMENT_3D ( 'NONE', #1622, #548, #1339 ) ;
#745 = LOCAL_TIME ( 19, 25, 22.00000000000000000, #1271 ) ;
#746 = DIRECTION ( 'NONE',  ( -1.000000000000000000, -0.0000000000000000000, -4.440892098500627000E-015 ) ) ;
#747 = DIRECTION ( 'NONE',  ( 0.0000000000000000000, 0.0000000000000000000, 1.000000000000000000 ) ) ;
#748 = EDGE_CURVE ( 'NONE', #1384, #1376, #202, .T. ) ;
#749 = VECTOR ( 'NONE', #1561, 1000.000000000000100 ) ;
#750 = FACE_OUTER_BOUND ( 'NONE', #487, .T. ) ;
#751 = CIRCLE ( 'NONE', #530, 9.000000000000007100 ) ;
#752 = CARTESIAN_POINT ( 'NONE',  ( -43.31069413991075100, -4.000000000000000000, -403.0105361324077600 ) ) ;
#753 = ORIENTED_EDGE ( 'NONE', *, *, #1054, .T. ) ;
#754 = CARTESIAN_POINT ( 'NONE',  ( 74.06037882535511600, 0.0000000000000000000, -415.2388449420872100 ) ) ;
#755 = ORIENTED_EDGE ( 'NONE', *, *, #1421, .T. ) ;
#756 = VERTEX_POINT ( 'NONE', #510 ) ;
#757 = EDGE_CURVE ( 'NONE', #564, #739, #1627, .T. ) ;
#758 = ORIENTED_EDGE ( 'NONE', *, *, #811, .F. ) ;
#759 = CARTESIAN_POINT ( 'NONE',  ( 89.81795270210091100, 0.0000000000000000000, -415.2286138808402100 ) ) ;
#760 = ORIENTED_EDGE ( 'NONE', *, *, #390, .F. ) ;
#761 = EDGE_CURVE ( 'NONE', #1426, #1137, #1036, .T. ) ;
#762 = DIRECTION ( 'NONE',  ( 0.0000000000000000000, 1.000000000000000000, 0.0000000000000000000 ) ) ;
#763 = CARTESIAN_POINT ( 'NONE',  ( 98.69418423722456200, -4.000000000000000000, -409.3173979181708500 ) ) ;
#764 = CARTESIAN_POINT ( 'NONE',  ( -83.34277444695821700, -4.000000000000000000, -407.0000203879877700 ) ) ;
#765 = DIRECTION ( 'NONE',  ( 0.08716353228437227800, -0.0000000000000000000, 0.9961940165649014700 ) ) ;
#766 = LINE ( 'NONE', #308, #1249 ) ;
#767 = AXIS2_PLACEMENT_3D ( 'NONE', #588, #1154, #1552 ) ;
#768 = EDGE_CURVE ( 'NONE', #387, #1555, #1156, .T. ) ;
#769 = CARTESIAN_POINT ( 'NONE',  ( -63.93962117464489800, -4.000000000000000000, -415.2388449420872100 ) ) ;
#770 = FACE_OUTER_BOUND ( 'NONE', #1092, .T. ) ;
#771 = VECTOR ( 'NONE', #285, 1000.000000000000000 ) ;
#772 = APPROVAL_ROLE ( '' ) ;
#773 = CIRCLE ( 'NONE', #1073, 2.500000000000002200 ) ;
#774 = VECTOR ( 'NONE', #658, 1000.000000000000000 ) ;
#775 = DIRECTION ( 'NONE',  ( -0.9717846055405511300, 0.0000000000000000000, 0.2358700498884832600 ) ) ;
#776 = ORIENTED_EDGE ( 'NONE', *, *, #736, .F. ) ;
#777 = ORIENTED_EDGE ( 'NONE', *, *, #1510, .F. ) ;
#778 = VERTEX_POINT ( 'NONE', #1583 ) ;
#779 = CARTESIAN_POINT ( 'NONE',  ( -117.9862120151066200, -4.000000000000000000, -679.4338246034586700 ) ) ;
#780 = VERTEX_POINT ( 'NONE', #1604 ) ;
#781 = ORIENTED_EDGE ( 'NONE', *, *, #1077, .T. ) ;
#782 = AXIS2_PLACEMENT_3D ( 'NONE', #842, #125, #391 ) ;
#783 = DIRECTION ( 'NONE',  ( 0.0000000000000000000, 0.0000000000000000000, 1.000000000000000000 ) ) ;
#784 = EDGE_CURVE ( 'NONE', #1298, #667, #1529, .T. ) ;
#785 = FACE_OUTER_BOUND ( 'NONE', #942, .T. ) ;
#786 = CARTESIAN_POINT ( 'NONE',  ( 103.2771983345094500, 0.0000000000000000000, -413.9004120154557400 ) ) ;
#787 = DIRECTION ( 'NONE',  ( 0.0000000000000000000, 0.0000000000000000000, 1.000000000000000000 ) ) ;
#788 = DIRECTION ( 'NONE',  ( 0.05260604523924271300, 0.0000000000000000000, 0.9986153433651451200 ) ) ;
#789 = VECTOR ( 'NONE', #439, 1000.000000000000000 ) ;
#790 = FACE_BOUND ( 'NONE', #1258, .T. ) ;
#791 = EDGE_CURVE ( 'NONE', #549, #1497, #1717, .T. ) ;
#792 = LINE ( 'NONE', #1477, #433 ) ;
#793 = ADVANCED_FACE ( 'NONE', ( #1317 ), #1309, .T. ) ;
#794 = DIRECTION ( 'NONE',  ( 0.0000000000000000000, 0.0000000000000000000, 1.000000000000000000 ) ) ;
#795 = ORIENTED_EDGE ( 'NONE', *, *, #513, .F. ) ;
#796 = CARTESIAN_POINT ( 'NONE',  ( -108.4996219380610500, -4.000000000000000000, -679.4338246034586700 ) ) ;
#797 = EDGE_LOOP ( 'NONE', ( #1198, #1068 ) ) ;
#798 = DIRECTION ( 'NONE',  ( 0.0000000000000000000, 0.0000000000000000000, 1.000000000000000000 ) ) ;
#799 = CARTESIAN_POINT ( 'NONE',  ( 123.3872536077374600, -4.000000000000000000, -469.8399224104881000 ) ) ;
#800 = ORIENTED_EDGE ( 'NONE', *, *, #1545, .F. ) ;
#801 = AXIS2_PLACEMENT_3D ( 'NONE', #1114, #569, #590 ) ;
#802 = CARTESIAN_POINT ( 'NONE',  ( -107.6040956925928500, -4.000000000000000000, -446.5108333210184800 ) ) ;
#803 = CARTESIAN_POINT ( 'NONE',  ( -99.04846744097943700, -4.000000000000000000, -449.4182485468112400 ) ) ;
#804 = CARTESIAN_POINT ( 'NONE',  ( 116.0603788253538700, -4.000000000000000000, -667.7388449420872100 ) ) ;
#805 = ADVANCED_FACE ( 'NONE', ( #644 ), #1125, .T. ) ;
#806 = VECTOR ( 'NONE', #1658, 1000.000000000000100 ) ;
#807 = VECTOR ( 'NONE', #1620, 1000.000000000000000 ) ;
#808 = CARTESIAN_POINT ( 'NONE',  ( 5.060378825353859100, -4.000000000000000000, -669.5243015185534400 ) ) ;
#809 = CARTESIAN_POINT ( 'NONE',  ( -105.9396211746448800, 0.0000000000000000000, -545.2388449420873300 ) ) ;
#810 = AXIS2_PLACEMENT_3D ( 'NONE', #197, #1139, #306 ) ;
#811 = EDGE_CURVE ( 'NONE', #1373, #1558, #1591, .T. ) ;
#812 = FACE_BOUND ( 'NONE', #310, .T. ) ;
#813 = CYLINDRICAL_SURFACE ( 'NONE', #84, 2.500000000000057700 ) ;
#814 = EDGE_CURVE ( 'NONE', #14, #1492, #1279, .T. ) ;
#815 = DIRECTION ( 'NONE',  ( 0.0000000000000000000, 1.000000000000000000, -0.0000000000000000000 ) ) ;
#816 = CIRCLE ( 'NONE', #1676, 2.500000000000057700 ) ;
#817 = ORIENTED_EDGE ( 'NONE', *, *, #665, .F. ) ;
#818 = ADVANCED_FACE ( 'NONE', ( #416 ), #909, .T. ) ;
#819 = EDGE_LOOP ( 'NONE', ( #1385, #1723, #359, #1138 ) ) ;
#820 = CARTESIAN_POINT ( 'NONE',  ( -63.93962117464616300, 0.0000000000000000000, -532.7388449420872100 ) ) ;
#821 = ORIENTED_EDGE ( 'NONE', *, *, #1681, .F. ) ;
#822 = ORIENTED_EDGE ( 'NONE', *, *, #1097, .T. ) ;
#823 = CARTESIAN_POINT ( 'NONE',  ( -117.4871600283474200, -4.000000000000000000, -669.9603701963054600 ) ) ;
#824 = EDGE_LOOP ( 'NONE', ( #1236, #904, #1725, #922, #1369, #28, #781, #335, #376, #247, #227, #981, #462, #1087, #777, #1410, #231, #1006, #577, #99, #547, #1002, #51, #249, #1184, #1237, #672, #1127, #825, #1469, #1741 ) ) ;
#825 = ORIENTED_EDGE ( 'NONE', *, *, #1353, .F. ) ;
#826 = DIRECTION ( 'NONE',  ( 0.0000000000000000000, 0.0000000000000000000, 1.000000000000000000 ) ) ;
#827 = ORIENTED_EDGE ( 'NONE', *, *, #908, .T. ) ;
#828 = EDGE_CURVE ( 'NONE', #1656, #780, #243, .T. ) ;
#829 = DIRECTION ( 'NONE',  ( 0.0000000000000000000, 1.000000000000000000, 0.0000000000000000000 ) ) ;
#830 = CARTESIAN_POINT ( 'NONE',  ( 123.3872536077362000, -4.000000000000000000, -589.8399224104881600 ) ) ;
#831 = CARTESIAN_POINT ( 'NONE',  ( -105.9396211746461500, 0.0000000000000000000, -670.9888449420872100 ) ) ;
#832 = CIRCLE ( 'NONE', #411, 2.500000000000002200 ) ;
#833 = CARTESIAN_POINT ( 'NONE',  ( -105.9396211746448800, 0.0000000000000000000, -550.2388449420872100 ) ) ;
#834 = VECTOR ( 'NONE', #1686, 1000.000000000000000 ) ;
#835 = CIRCLE ( 'NONE', #1411, 3.249999999999975100 ) ;
#836 = CARTESIAN_POINT ( 'NONE',  ( 74.06037882535385100, 0.0000000000000000000, -529.4888449420872100 ) ) ;
#837 = AXIS2_PLACEMENT_3D ( 'NONE', #69, #765, #494 ) ;
#838 = CYLINDRICAL_SURFACE ( 'NONE', #224, 2.500000000000002200 ) ;
#839 = VERTEX_POINT ( 'NONE', #1731 ) ;
#840 = VERTEX_POINT ( 'NONE', #233 ) ;
#841 = DIRECTION ( 'NONE',  ( 0.0000000000000000000, 0.0000000000000000000, 1.000000000000000000 ) ) ;
#842 = CARTESIAN_POINT ( 'NONE',  ( 116.0603788253538700, -4.000000000000000000, -667.7388449420872100 ) ) ;
#843 = ORIENTED_EDGE ( 'NONE', *, *, #1618, .T. ) ;
#844 = CARTESIAN_POINT ( 'NONE',  ( -105.9396211746448800, -4.000000000000000000, -547.7388449420872100 ) ) ;
#845 = VERTEX_POINT ( 'NONE', #919 ) ;
#846 = ORIENTED_EDGE ( 'NONE', *, *, #1712, .F. ) ;
#847 = CARTESIAN_POINT ( 'NONE',  ( 117.9152865415546200, -4.000000000000000000, -447.2954180978148900 ) ) ;
#848 = CARTESIAN_POINT ( 'NONE',  ( 53.03846805053871100, -4.000000000000000000, -403.0105361324077600 ) ) ;
#849 = EDGE_CURVE ( 'NONE', #63, #1106, #1079, .T. ) ;
#850 = CARTESIAN_POINT ( 'NONE',  ( -93.89165698475450500, -4.000000000000000000, -679.4338246034585600 ) ) ;
#851 = CARTESIAN_POINT ( 'NONE',  ( 128.1069696658143800, -4.000000000000000000, -679.4338246034585600 ) ) ;
#852 = LINE ( 'NONE', #445, #806 ) ;
#853 = CARTESIAN_POINT ( 'NONE',  ( 123.1333150576024200, 0.0000000000000000000, -468.7936955839317600 ) ) ;
#854 = ADVANCED_FACE ( 'NONE', ( #915 ), #519, .F. ) ;
#855 = CIRCLE ( 'NONE', #100, 9.000000000000007100 ) ;
#856 = VECTOR ( 'NONE', #553, 1000.000000000000100 ) ;
#857 = FACE_BOUND ( 'NONE', #738, .T. ) ;
#858 = CARTESIAN_POINT ( 'NONE',  ( -113.2664959570272000, 0.0000000000000000000, -469.8399224104879900 ) ) ;
#859 = VECTOR ( 'NONE', #1588, 1000.000000000000000 ) ;
#860 = CARTESIAN_POINT ( 'NONE',  ( 90.60242449266026200, 0.0000000000000000000, -406.2628677317560500 ) ) ;
#861 = VERTEX_POINT ( 'NONE', #151 ) ;
#862 = AXIS2_PLACEMENT_3D ( 'NONE', #267, #1214, #1063 ) ;
#863 = EDGE_CURVE ( 'NONE', #1497, #1021, #160, .T. ) ;
#864 = CARTESIAN_POINT ( 'NONE',  ( 118.6203795887688400, 0.0000000000000000000, -670.4338246034585600 ) ) ;
#865 = ORIENTED_EDGE ( 'NONE', *, *, #630, .T. ) ;
#866 = CARTESIAN_POINT ( 'NONE',  ( 114.3872536077374500, -4.000000000000000000, -470.9165260329281200 ) ) ;
#867 = ORIENTED_EDGE ( 'NONE', *, *, #250, .F. ) ;
#868 = PLANE ( 'NONE',  #1521 ) ;
#869 = CARTESIAN_POINT ( 'NONE',  ( 123.3872536077374600, -4.000000000000000000, -469.8399224104881000 ) ) ;
#870 = AXIS2_PLACEMENT_3D ( 'NONE', #714, #469, #740 ) ;
#871 = CARTESIAN_POINT ( 'NONE',  ( -91.74937495217665200, -4.000000000000000000, -410.7244636497934500 ) ) ;
#872 = CARTESIAN_POINT ( 'NONE',  ( 53.03846805053871100, 0.0000000000000000000, -412.0105361324077600 ) ) ;
#873 = CARTESIAN_POINT ( 'NONE',  ( 74.06037882535511600, -4.000000000000000000, -412.7388449420872100 ) ) ;
#874 = EDGE_CURVE ( 'NONE', #887, #381, #368, .T. ) ;
#875 = APPROVAL_DATE_TIME ( #1251, #1393 ) ;
#876 = CC_DESIGN_PERSON_AND_ORGANIZATION_ASSIGNMENT ( #910, #229, ( #671 ) ) ;
#877 = VECTOR ( 'NONE', #461, 1000.000000000000100 ) ;
#878 = CARTESIAN_POINT ( 'NONE',  ( -117.4871600283474200, -4.000000000000000000, -669.9603701963054600 ) ) ;
#879 = CIRCLE ( 'NONE', #1318, 9.000000000000007100 ) ;
#880 = CIRCLE ( 'NONE', #311, 9.000000000000007100 ) ;
#881 = PERSON_AND_ORGANIZATION_ROLE ( 'creator' ) ;
#882 = ORIENTED_EDGE ( 'NONE', *, *, #79, .T. ) ;
#883 = DIRECTION ( 'NONE',  ( 0.0000000000000000000, 0.0000000000000000000, 1.000000000000000000 ) ) ;
#884 = ORIENTED_EDGE ( 'NONE', *, *, #1728, .F. ) ;
#885 = EDGE_CURVE ( 'NONE', #263, #939, #1193, .T. ) ;
#886 = DIRECTION ( 'NONE',  ( 0.0000000000000000000, 0.0000000000000000000, 1.000000000000000000 ) ) ;
#887 = VERTEX_POINT ( 'NONE', #690 ) ;
#888 = CARTESIAN_POINT ( 'NONE',  ( 5.060378825353859100, -4.000000000000000000, -669.5243015185534400 ) ) ;
#889 = APPLICATION_CONTEXT ( 'configuration controlled 3d designs of mechanical parts and assemblies' ) ;
#890 = EDGE_LOOP ( 'NONE', ( #1235, #1508 ) ) ;
#891 = ORIENTED_EDGE ( 'NONE', *, *, #541, .T. ) ;
#892 = PERSON_AND_ORGANIZATION_ROLE ( 'design_supplier' ) ;
#893 = AXIS2_PLACEMENT_3D ( 'NONE', #1501, #693, #965 ) ;
#894 = DIRECTION ( 'NONE',  ( 0.0000000000000000000, 1.000000000000000000, 0.0000000000000000000 ) ) ;
#895 = DIRECTION ( 'NONE',  ( 0.0000000000000000000, 1.000000000000000000, 0.0000000000000000000 ) ) ;
#896 = CIRCLE ( 'NONE', #1123, 3.249999999999975100 ) ;
#897 = CIRCLE ( 'NONE', #146, 2.500000000000057700 ) ;
#898 = CIRCLE ( 'NONE', #1726, 3.249999999999975100 ) ;
#899 = CARTESIAN_POINT ( 'NONE',  ( 102.2277085787669900, -4.000000000000000000, -679.2550957301837100 ) ) ;
#900 = CARTESIAN_POINT ( 'NONE',  ( 117.3978185845420900, -4.000000000000000000, -445.7726691512436900 ) ) ;
#901 = CARTESIAN_POINT ( 'NONE',  ( -117.9862120151066200, 0.0000000000000000000, -679.4338246034586700 ) ) ;
#902 = EDGE_LOOP ( 'NONE', ( #78, #358, #964, #1129 ) ) ;
#903 = AXIS2_PLACEMENT_3D ( 'NONE', #466, #970, #723 ) ;
#904 = ORIENTED_EDGE ( 'NONE', *, *, #885, .T. ) ;
#905 = CARTESIAN_POINT ( 'NONE',  ( -84.92784719094679200, -4.000000000000000000, -417.5459914110232900 ) ) ;
#906 = ORIENTED_EDGE ( 'NONE', *, *, #1333, .F. ) ;
#907 = ORIENTED_EDGE ( 'NONE', *, *, #1631, .T. ) ;
#908 = EDGE_CURVE ( 'NONE', #1637, #1426, #481, .T. ) ;
#909 = PLANE ( 'NONE',  #203 ) ;
#910 = PERSON_AND_ORGANIZATION ( #172, #1275 ) ;
#911 = EDGE_CURVE ( 'NONE', #1376, #63, #792, .T. ) ;
#912 = DIRECTION ( 'NONE',  ( -0.0000000000000000000, -1.000000000000000000, -0.0000000000000000000 ) ) ;
#913 = VECTOR ( 'NONE', #145, 1000.000000000000000 ) ;
#914 = CARTESIAN_POINT ( 'NONE',  ( -105.9396211746461500, -4.000000000000000000, -667.7388449420872100 ) ) ;
#915 = FACE_OUTER_BOUND ( 'NONE', #72, .T. ) ;
#916 = ORIENTED_EDGE ( 'NONE', *, *, #573, .T. ) ;
#917 = DIRECTION ( 'NONE',  ( 0.0000000000000000000, -0.0000000000000000000, 1.000000000000000000 ) ) ;
#918 = ORIENTED_EDGE ( 'NONE', *, *, #269, .T. ) ;
#919 = CARTESIAN_POINT ( 'NONE',  ( -108.4996219380610500, 0.0000000000000000000, -679.4338246034586700 ) ) ;
#920 = ORIENTED_EDGE ( 'NONE', *, *, #1029, .F. ) ;
#921 = EDGE_LOOP ( 'NONE', ( #998, #190 ) ) ;
#922 = ORIENTED_EDGE ( 'NONE', *, *, #555, .F. ) ;
#923 = AXIS2_PLACEMENT_3D ( 'NONE', #59, #1661, #42 ) ;
#924 = ORIENTED_EDGE ( 'NONE', *, *, #134, .T. ) ;
#925 = VERTEX_POINT ( 'NONE', #950 ) ;
#926 = DIRECTION ( 'NONE',  ( -0.08716353228437231900, 0.0000000000000000000, 0.9961940165649014700 ) ) ;
#927 = ORIENTED_EDGE ( 'NONE', *, *, #47, .F. ) ;
#928 = DIRECTION ( 'NONE',  ( 0.0000000000000000000, 1.000000000000000000, 0.0000000000000000000 ) ) ;
#929 = CARTESIAN_POINT ( 'NONE',  ( 74.06037882535385100, -4.000000000000000000, -529.4888449420872100 ) ) ;
#930 = DIRECTION ( 'NONE',  ( 0.0000000000000000000, 0.0000000000000000000, 1.000000000000000000 ) ) ;
#931 = CALENDAR_DATE ( 2017, 29, 6 ) ;
#932 = CIRCLE ( 'NONE', #975, 490.0000000000000000 ) ;
#933 = EDGE_CURVE ( 'NONE', #1376, #1384, #1422, .T. ) ;
#934 = CARTESIAN_POINT ( 'NONE',  ( -80.48166684195001600, -4.000000000000000000, -406.2628677317560500 ) ) ;
#935 = CYLINDRICAL_SURFACE ( 'NONE', #194, 9.000000000000007100 ) ;
#936 = VECTOR ( 'NONE', #1315, 1000.000000000000000 ) ;
#937 = APPROVAL ( #1019, 'NEURÈENÝ' ) ;
#938 = CARTESIAN_POINT ( 'NONE',  ( -42.91771039982846500, -4.000000000000000000, -412.0105361324077600 ) ) ;
#939 = VERTEX_POINT ( 'NONE', #1224 ) ;
#940 = ORIENTED_EDGE ( 'NONE', *, *, #101, .T. ) ;
#941 = CARTESIAN_POINT ( 'NONE',  ( 74.06037882535385100, -4.000000000000000000, -532.7388449420872100 ) ) ;
#942 = EDGE_LOOP ( 'NONE', ( #1182, #647, #514, #1040 ) ) ;
#943 = ORIENTED_EDGE ( 'NONE', *, *, #1291, .T. ) ;
#944 = EDGE_LOOP ( 'NONE', ( #865, #918, #54, #943 ) ) ;
#945 = EDGE_LOOP ( 'NONE', ( #1205, #963, #719, #436 ) ) ;
#946 = AXIS2_PLACEMENT_3D ( 'NONE', #971, #290, #1395 ) ;
#947 = EDGE_CURVE ( 'NONE', #1042, #337, #1233, .T. ) ;
#948 = CARTESIAN_POINT ( 'NONE',  ( -63.93962117464616300, -4.000000000000000000, -532.7388449420872100 ) ) ;
#949 = DIRECTION ( 'NONE',  ( 0.9961940165649013600, -0.0000000000000000000, -0.08716353228437226400 ) ) ;
#950 = CARTESIAN_POINT ( 'NONE',  ( 117.9152865415546200, 0.0000000000000000000, -447.2954180978148900 ) ) ;
#951 = PERSON_AND_ORGANIZATION ( #172, #1275 ) ;
#952 = LINE ( 'NONE', #851, #451 ) ;
#953 = DIRECTION ( 'NONE',  ( 0.4050643772852824400, 0.0000000000000000000, 0.9142881658724925100 ) ) ;
#954 = CARTESIAN_POINT ( 'NONE',  ( -93.89165698475454700, -4.000000000000000000, -670.4338246034585600 ) ) ;
#955 = AXIS2_PLACEMENT_3D ( 'NONE', #29, #1098, #702 ) ;
#956 = CYLINDRICAL_SURFACE ( 'NONE', #1543, 2.499999999999946700 ) ;
#957 = VECTOR ( 'NONE', #1057, 1000.000000000000000 ) ;
#958 = EDGE_CURVE ( 'NONE', #1086, #1555, #1504, .T. ) ;
#959 = CYLINDRICAL_SURFACE ( 'NONE', #1352, 9.000000000000007100 ) ;
#960 = DIRECTION ( 'NONE',  ( 0.0000000000000000000, 1.000000000000000000, 0.0000000000000000000 ) ) ;
#961 = EDGE_LOOP ( 'NONE', ( #705, #1067, #1705, #1599 ) ) ;
#962 = EDGE_LOOP ( 'NONE', ( #1431, #1201, #169, #189 ) ) ;
#963 = ORIENTED_EDGE ( 'NONE', *, *, #1471, .F. ) ;
#964 = ORIENTED_EDGE ( 'NONE', *, *, #369, .F. ) ;
#965 = DIRECTION ( 'NONE',  ( 0.0000000000000000000, 0.0000000000000000000, 1.000000000000000000 ) ) ;
#966 = ORIENTED_EDGE ( 'NONE', *, *, #1278, .F. ) ;
#967 = CARTESIAN_POINT ( 'NONE',  ( 5.060378825353859100, -4.000000000000000000, -1159.524301518553600 ) ) ;
#968 = EDGE_CURVE ( 'NONE', #485, #425, #638, .T. ) ;
#969 = ORIENTED_EDGE ( 'NONE', *, *, #947, .F. ) ;
#970 = DIRECTION ( 'NONE',  ( -0.0000000000000000000, -1.000000000000000000, -0.0000000000000000000 ) ) ;
#971 = CARTESIAN_POINT ( 'NONE',  ( -105.9396211746448800, 0.0000000000000000000, -547.7388449420872100 ) ) ;
#972 = VECTOR ( 'NONE', #212, 1000.000000000000200 ) ;
#973 = CYLINDRICAL_SURFACE ( 'NONE', #158, 9.000000000000007100 ) ;
#974 = FACE_OUTER_BOUND ( 'NONE', #824, .T. ) ;
#975 = AXIS2_PLACEMENT_3D ( 'NONE', #256, #912, #389 ) ;
#976 = ORIENTED_EDGE ( 'NONE', *, *, #159, .T. ) ;
#977 = ADVANCED_FACE ( 'NONE', ( #1338 ), #1256, .T. ) ;
#978 = CARTESIAN_POINT ( 'NONE',  ( 74.06037882535511600, 0.0000000000000000000, -410.2388449420872100 ) ) ;
#979 = ORIENTED_EDGE ( 'NONE', *, *, #1457, .F. ) ;
#980 = DIRECTION ( 'NONE',  ( 0.0000000000000000000, 0.0000000000000000000, 1.000000000000000000 ) ) ;
#981 = ORIENTED_EDGE ( 'NONE', *, *, #1207, .T. ) ;
#982 = DIRECTION ( 'NONE',  ( 0.0000000000000000000, 1.000000000000000000, 0.0000000000000000000 ) ) ;
#983 = VERTEX_POINT ( 'NONE', #138 ) ;
#984 = VERTEX_POINT ( 'NONE', #414 ) ;
#985 = ORIENTED_EDGE ( 'NONE', *, *, #1217, .T. ) ;
#986 = AXIS2_PLACEMENT_3D ( 'NONE', #1018, #217, #341 ) ;
#987 = EDGE_CURVE ( 'NONE', #1494, #1083, #1033, .T. ) ;
#988 = DIRECTION ( 'NONE',  ( 0.0000000000000000000, 1.000000000000000000, 0.0000000000000000000 ) ) ;
#989 = CARTESIAN_POINT ( 'NONE',  ( -107.2770609338318600, -4.000000000000000000, -445.7726691512436900 ) ) ;
#990 = EDGE_CURVE ( 'NONE', #1473, #710, #898, .T. ) ;
#991 = FACE_OUTER_BOUND ( 'NONE', #608, .T. ) ;
#992 = CARTESIAN_POINT ( 'NONE',  ( 123.3872536077374500, -4.000000000000000000, -470.9165260329282300 ) ) ;
#993 = CARTESIAN_POINT ( 'NONE',  ( -43.31069413991075100, -4.000000000000000000, -403.0105361324077600 ) ) ;
#994 = VECTOR ( 'NONE', #156, 1000.000000000000000 ) ;
#995 = LINE ( 'NONE', #741, #241 ) ;
#996 = CYLINDRICAL_SURFACE ( 'NONE', #1617, 3.249999999999975100 ) ;
#997 = LINE ( 'NONE', #631, #9 ) ;
#998 = ORIENTED_EDGE ( 'NONE', *, *, #1089, .F. ) ;
#999 = VECTOR ( 'NONE', #711, 1000.000000000000000 ) ;
#1000 = AXIS2_PLACEMENT_3D ( 'NONE', #35, #1250, #1516 ) ;
#1001 = EDGE_CURVE ( 'NONE', #1558, #1003, #616, .T. ) ;
#1002 = ORIENTED_EDGE ( 'NONE', *, *, #761, .T. ) ;
#1003 = VERTEX_POINT ( 'NONE', #809 ) ;
#1004 = DIRECTION ( 'NONE',  ( 0.0000000000000000000, 0.0000000000000000000, 1.000000000000000000 ) ) ;
#1005 = ORIENTED_EDGE ( 'NONE', *, *, #947, .T. ) ;
#1006 = ORIENTED_EDGE ( 'NONE', *, *, #1244, .T. ) ;
#1007 = DIRECTION ( 'NONE',  ( 0.2358700498884832900, 0.0000000000000000000, -0.9717846055405510200 ) ) ;
#1008 = ORIENTED_EDGE ( 'NONE', *, *, #722, .F. ) ;
#1009 = DIRECTION ( 'NONE',  ( 0.9142881658724920600, 0.0000000000000000000, -0.4050643772852833800 ) ) ;
#1010 = AXIS2_PLACEMENT_3D ( 'NONE', #1037, #239, #1582 ) ;
#1011 = APPROVAL_STATUS ( 'not_yet_approved' ) ;
#1012 = LINE ( 'NONE', #704, #1335 ) ;
#1013 = DIRECTION ( 'NONE',  ( 0.0000000000000000000, 1.000000000000000000, 0.0000000000000000000 ) ) ;
#1014 = LINE ( 'NONE', #769, #453 ) ;
#1015 = LINE ( 'NONE', #1221, #856 ) ;
#1016 = VECTOR ( 'NONE', #107, 1000.000000000000200 ) ;
#1017 = DIRECTION ( 'NONE',  ( 0.0000000000000000000, 0.0000000000000000000, 1.000000000000000000 ) ) ;
#1018 = CARTESIAN_POINT ( 'NONE',  ( 74.06037882535511600, -4.000000000000000000, -412.7388449420872100 ) ) ;
#1019 = APPROVAL_STATUS ( 'not_yet_approved' ) ;
#1020 = EDGE_CURVE ( 'NONE', #425, #739, #415, .T. ) ;
#1021 = VERTEX_POINT ( 'NONE', #853 ) ;
#1022 = ORIENTED_EDGE ( 'NONE', *, *, #1267, .T. ) ;
#1023 = EDGE_CURVE ( 'NONE', #1675, #925, #1608, .T. ) ;
#1024 = ORIENTED_EDGE ( 'NONE', *, *, #1379, .T. ) ;
#1025 = ORIENTED_EDGE ( 'NONE', *, *, #990, .T. ) ;
#1026 = ORIENTED_EDGE ( 'NONE', *, *, #1186, .F. ) ;
#1027 = CARTESIAN_POINT ( 'NONE',  ( -105.9396211746461500, -4.000000000000000000, -664.4888449420872100 ) ) ;
#1028 = AXIS2_PLACEMENT_3D ( 'NONE', #1729, #149, #1484 ) ;
#1029 = EDGE_CURVE ( 'NONE', #27, #1102, #1546, .T. ) ;
#1030 = CARTESIAN_POINT ( 'NONE',  ( -113.0125574068921700, -4.000000000000000000, -468.7936955839317100 ) ) ;
#1031 = DIRECTION ( 'NONE',  ( 0.0000000000000000000, 1.000000000000000000, 0.0000000000000000000 ) ) ;
#1032 = LINE ( 'NONE', #929, #133 ) ;
#1033 = LINE ( 'NONE', #1616, #913 ) ;
#1034 = DIRECTION ( 'NONE',  ( 0.0000000000000000000, 1.000000000000000000, 0.0000000000000000000 ) ) ;
#1035 = DIRECTION ( 'NONE',  ( -1.233581138472395200E-014, 0.0000000000000000000, 1.000000000000000000 ) ) ;
#1036 = CIRCLE ( 'NONE', #1386, 9.000000000000007100 ) ;
#1037 = CARTESIAN_POINT ( 'NONE',  ( 116.0603788253538700, -4.000000000000000000, -667.7388449420872100 ) ) ;
#1038 = ORIENTED_EDGE ( 'NONE', *, *, #1074, .T. ) ;
#1039 = EDGE_CURVE ( 'NONE', #1494, #1675, #1670, .T. ) ;
#1040 = ORIENTED_EDGE ( 'NONE', *, *, #362, .T. ) ;
#1041 = DIRECTION ( 'NONE',  ( 0.0000000000000000000, 1.000000000000000000, -0.0000000000000000000 ) ) ;
#1042 = VERTEX_POINT ( 'NONE', #1527 ) ;
#1043 = EDGE_LOOP ( 'NONE', ( #734, #691 ) ) ;
#1044 = EDGE_CURVE ( 'NONE', #1322, #1373, #1078, .T. ) ;
#1045 = CARTESIAN_POINT ( 'NONE',  ( 74.06037882535385100, -4.000000000000000000, -532.7388449420872100 ) ) ;
#1046 = CYLINDRICAL_SURFACE ( 'NONE', #955, 9.000000000000007100 ) ;
#1047 = ORIENTED_EDGE ( 'NONE', *, *, #1112, .T. ) ;
#1048 = CARTESIAN_POINT ( 'NONE',  ( 116.0603788253538700, 0.0000000000000000000, -664.4888449420872100 ) ) ;
#1049 = EDGE_LOOP ( 'NONE', ( #1062, #73, #1598, #56 ) ) ;
#1050 = CARTESIAN_POINT ( 'NONE',  ( -113.2664959570272000, -4.000000000000000000, -469.8399224104879900 ) ) ;
#1051 = CARTESIAN_POINT ( 'NONE',  ( -93.89165698475450500, -4.000000000000000000, -679.4338246034585600 ) ) ;
#1052 = DIRECTION ( 'NONE',  ( 0.0000000000000000000, 0.0000000000000000000, 1.000000000000000000 ) ) ;
#1053 = CIRCLE ( 'NONE', #1000, 3.249999999999975100 ) ;
#1054 = EDGE_CURVE ( 'NONE', #1373, #1322, #261, .T. ) ;
#1055 = CYLINDRICAL_SURFACE ( 'NONE', #684, 9.000000000000007100 ) ;
#1056 = FACE_BOUND ( 'NONE', #921, .T. ) ;
#1057 = DIRECTION ( 'NONE',  ( 0.0000000000000000000, 1.000000000000000000, 0.0000000000000000000 ) ) ;
#1058 = VECTOR ( 'NONE', #1550, 1000.000000000000000 ) ;
#1059 = ADVANCED_FACE ( 'NONE', ( #1314 ), #956, .F. ) ;
#1060 = CARTESIAN_POINT ( 'NONE',  ( 114.3872536077374500, 0.0000000000000000000, -470.9165260329281200 ) ) ;
#1061 = ORIENTED_EDGE ( 'NONE', *, *, #1642, .F. ) ;
#1062 = ORIENTED_EDGE ( 'NONE', *, *, #1020, .F. ) ;
#1063 = DIRECTION ( 'NONE',  ( 0.0000000000000000000, 0.0000000000000000000, 1.000000000000000000 ) ) ;
#1064 = EDGE_CURVE ( 'NONE', #248, #14, #1276, .T. ) ;
#1065 = EDGE_LOOP ( 'NONE', ( #34, #211, #621, #1611 ) ) ;
#1066 = AXIS2_PLACEMENT_3D ( 'NONE', #18, #815, #10 ) ;
#1067 = ORIENTED_EDGE ( 'NONE', *, *, #37, .F. ) ;
#1068 = ORIENTED_EDGE ( 'NONE', *, *, #1333, .T. ) ;
#1069 = CARTESIAN_POINT ( 'NONE',  ( -107.6040956925928500, -4.000000000000000000, -446.5108333210184800 ) ) ;
#1070 = CARTESIAN_POINT ( 'NONE',  ( 74.06037882535511600, -4.000000000000000000, -412.7388449420872100 ) ) ;
#1071 = DIRECTION ( 'NONE',  ( 0.0000000000000000000, 0.0000000000000000000, 1.000000000000000000 ) ) ;
#1072 = ADVANCED_FACE ( 'NONE', ( #537 ), #180, .F. ) ;
#1073 = AXIS2_PLACEMENT_3D ( 'NONE', #518, #1600, #1446 ) ;
#1074 = EDGE_CURVE ( 'NONE', #380, #1088, #681, .T. ) ;
#1075 = VERTEX_POINT ( 'NONE', #831 ) ;
#1076 = CIRCLE ( 'NONE', #268, 490.0000000000000000 ) ;
#1077 = EDGE_CURVE ( 'NONE', #756, #984, #1172, .T. ) ;
#1078 = CIRCLE ( 'NONE', #1455, 2.499999999999946700 ) ;
#1079 = CIRCLE ( 'NONE', #292, 3.249999999999975100 ) ;
#1080 = DIRECTION ( 'NONE',  ( 0.0000000000000000000, 0.0000000000000000000, 1.000000000000000000 ) ) ;
#1081 = ADVANCED_FACE ( 'NONE', ( #1624, #222, #1649, #857, #1191, #559, #812, #1212, #974 ), #1509, .F. ) ;
#1082 = FACE_OUTER_BOUND ( 'NONE', #742, .T. ) ;
#1083 = VERTEX_POINT ( 'NONE', #171 ) ;
#1084 = CARTESIAN_POINT ( 'NONE',  ( 93.46353209766846200, -4.000000000000000000, -407.0000203879877700 ) ) ;
#1085 = ORIENTED_EDGE ( 'NONE', *, *, #235, .T. ) ;
#1086 = VERTEX_POINT ( 'NONE', #1252 ) ;
#1087 = ORIENTED_EDGE ( 'NONE', *, *, #491, .T. ) ;
#1088 = VERTEX_POINT ( 'NONE', #836 ) ;
#1089 = EDGE_CURVE ( 'NONE', #206, #1075, #44, .T. ) ;
#1090 = DIRECTION ( 'NONE',  ( 0.0000000000000000000, 0.0000000000000000000, 1.000000000000000000 ) ) ;
#1091 = CARTESIAN_POINT ( 'NONE',  ( -93.15644068379920400, -4.000000000000000000, -413.9004120154557400 ) ) ;
#1092 = EDGE_LOOP ( 'NONE', ( #1179, #124, #760, #486 ) ) ;
#1093 = CARTESIAN_POINT ( 'NONE',  ( -107.7945288908444000, -4.000000000000000000, -447.2954180978148900 ) ) ;
#1094 = DIRECTION ( 'NONE',  ( -0.0000000000000000000, -1.000000000000000000, -0.0000000000000000000 ) ) ;
#1095 = LINE ( 'NONE', #1467, #1646 ) ;
#1096 = LINE ( 'NONE', #1562, #114 ) ;
#1097 = EDGE_CURVE ( 'NONE', #650, #845, #1443, .T. ) ;
#1098 = DIRECTION ( 'NONE',  ( 0.0000000000000000000, 1.000000000000000000, 0.0000000000000000000 ) ) ;
#1099 = LINE ( 'NONE', #900, #205 ) ;
#1100 = ADVANCED_FACE ( 'NONE', ( #136 ), #1677, .T. ) ;
#1101 = DIRECTION ( 'NONE',  ( 0.0000000000000000000, 1.000000000000000000, 0.0000000000000000000 ) ) ;
#1102 = VERTEX_POINT ( 'NONE', #1269 ) ;
#1103 = VERTEX_POINT ( 'NONE', #989 ) ;
#1104 = CARTESIAN_POINT ( 'NONE',  ( -105.9396211746461500, -4.000000000000000000, -667.7388449420872100 ) ) ;
#1105 = ORIENTED_EDGE ( 'NONE', *, *, #874, .F. ) ;
#1106 = VERTEX_POINT ( 'NONE', #344 ) ;
#1107 = ORIENTED_EDGE ( 'NONE', *, *, #499, .T. ) ;
#1108 = DIRECTION ( 'NONE',  ( -0.0000000000000000000, -1.000000000000000000, -0.0000000000000000000 ) ) ;
#1109 = ADVANCED_FACE ( 'NONE', ( #727 ), #90, .T. ) ;
#1110 = MANIFOLD_SOLID_BREP ( 'Sražení rohu1', #166 ) ;
#1111 = AXIS2_PLACEMENT_3D ( 'NONE', #914, #636, #524 ) ;
#1112 = EDGE_CURVE ( 'NONE', #1341, #1615, #594, .T. ) ;
#1113 = DIRECTION ( 'NONE',  ( -0.0000000000000000000, -1.000000000000000000, -0.0000000000000000000 ) ) ;
#1114 = CARTESIAN_POINT ( 'NONE',  ( -63.93962117464489800, -4.000000000000000000, -412.7388449420872100 ) ) ;
#1115 = CARTESIAN_POINT ( 'NONE',  ( -105.9396211746448800, -4.000000000000000000, -547.7388449420872100 ) ) ;
#1116 = DIRECTION ( 'NONE',  ( 0.0000000000000000000, 0.0000000000000000000, 1.000000000000000000 ) ) ;
#1117 = VECTOR ( 'NONE', #1170, 1000.000000000000100 ) ;
#1118 = CARTESIAN_POINT ( 'NONE',  ( 104.0124146354623300, -4.000000000000000000, -679.4338246034585600 ) ) ;
#1119 = FACE_OUTER_BOUND ( 'NONE', #1218, .T. ) ;
#1120 = DIRECTION ( 'NONE',  ( 0.0000000000000000000, 1.000000000000000000, 0.0000000000000000000 ) ) ;
#1121 = CIRCLE ( 'NONE', #64, 9.000000000000007100 ) ;
#1122 = CARTESIAN_POINT ( 'NONE',  ( -117.9862120151066200, -4.000000000000000000, -679.4338246034586700 ) ) ;
#1123 = AXIS2_PLACEMENT_3D ( 'NONE', #544, #676, #1375 ) ;
#1124 = EDGE_CURVE ( 'NONE', #739, #564, #1715, .T. ) ;
#1125 = CYLINDRICAL_SURFACE ( 'NONE', #388, 9.000000000000007100 ) ;
#1126 = DIRECTION ( 'NONE',  ( 0.0000000000000000000, 0.0000000000000000000, 1.000000000000000000 ) ) ;
#1127 = ORIENTED_EDGE ( 'NONE', *, *, #238, .T. ) ;
#1128 = CIRCLE ( 'NONE', #71, 3.249999999999975100 ) ;
#1129 = ORIENTED_EDGE ( 'NONE', *, *, #148, .T. ) ;
#1130 = DIRECTION ( 'NONE',  ( 0.0000000000000000000, 0.0000000000000000000, 1.000000000000000000 ) ) ;
#1131 = ORIENTED_EDGE ( 'NONE', *, *, #1379, .F. ) ;
#1132 = ORIENTED_EDGE ( 'NONE', *, *, #696, .F. ) ;
#1133 = ORIENTED_EDGE ( 'NONE', *, *, #911, .T. ) ;
#1134 = ORIENTED_EDGE ( 'NONE', *, *, #768, .T. ) ;
#1135 = DIRECTION ( 'NONE',  ( 0.0000000000000000000, 1.000000000000000000, 0.0000000000000000000 ) ) ;
#1136 = EDGE_LOOP ( 'NONE', ( #924, #907 ) ) ;
#1137 = VERTEX_POINT ( 'NONE', #214 ) ;
#1138 = ORIENTED_EDGE ( 'NONE', *, *, #686, .F. ) ;
#1139 = DIRECTION ( 'NONE',  ( -0.0000000000000000000, -1.000000000000000000, -0.0000000000000000000 ) ) ;
#1140 = ORIENTED_EDGE ( 'NONE', *, *, #1601, .T. ) ;
#1141 = ORIENTED_EDGE ( 'NONE', *, *, #1442, .T. ) ;
#1142 = CARTESIAN_POINT ( 'NONE',  ( -63.93962117464489800, -4.000000000000000000, -410.2388449420872100 ) ) ;
#1143 = CARTESIAN_POINT ( 'NONE',  ( -79.69719505139066500, -4.000000000000000000, -415.2286138808402100 ) ) ;
#1144 = ORIENTED_EDGE ( 'NONE', *, *, #1554, .T. ) ;
#1145 = DIRECTION ( 'NONE',  ( 0.0000000000000000000, 1.000000000000000000, 0.0000000000000000000 ) ) ;
#1146 = APPLICATION_CONTEXT ( 'configuration controlled 3d designs of mechanical parts and assemblies' ) ;
#1147 = DIRECTION ( 'NONE',  ( 0.0000000000000000000, 0.0000000000000000000, 1.000000000000000000 ) ) ;
#1148 = CARTESIAN_POINT ( 'NONE',  ( 128.1069696658143800, -4.000000000000000000, -679.4338246034585600 ) ) ;
#1149 = LINE ( 'NONE', #640, #1584 ) ;
#1150 = CARTESIAN_POINT ( 'NONE',  ( 123.3872536077374500, -4.000000000000000000, -470.9165260329282300 ) ) ;
#1151 = DIRECTION ( 'NONE',  ( 4.625929269271482200E-015, 0.0000000000000000000, 1.000000000000000000 ) ) ;
#1152 = VECTOR ( 'NONE', #1730, 1000.000000000000000 ) ;
#1153 = PRODUCT_DEFINITION_SHAPE ( 'NONE', 'NONE',  #1297 ) ;
#1154 = DIRECTION ( 'NONE',  ( 0.0000000000000000000, 0.0000000000000000000, 1.000000000000000000 ) ) ;
#1155 = LINE ( 'NONE', #808, #1525 ) ;
#1156 = LINE ( 'NONE', #525, #1505 ) ;
#1157 = FACE_OUTER_BOUND ( 'NONE', #649, .T. ) ;
#1158 = EDGE_CURVE ( 'NONE', #263, #1387, #497, .T. ) ;
#1159 = ORIENTED_EDGE ( 'NONE', *, *, #582, .F. ) ;
#1160 = ORIENTED_EDGE ( 'NONE', *, *, #1619, .F. ) ;
#1161 = DIRECTION ( 'NONE',  ( 0.0000000000000000000, 1.000000000000000000, 0.0000000000000000000 ) ) ;
#1162 = PLANE ( 'NONE',  #498 ) ;
#1163 = ORIENTED_EDGE ( 'NONE', *, *, #403, .T. ) ;
#1164 = ORIENTED_EDGE ( 'NONE', *, *, #686, .T. ) ;
#1165 = CARTESIAN_POINT ( 'NONE',  ( 74.06037882535511600, -4.000000000000000000, -415.2388449420872100 ) ) ;
#1166 = CARTESIAN_POINT ( 'NONE',  ( 90.60242449266026200, -4.000000000000000000, -406.2628677317560500 ) ) ;
#1167 =( GEOMETRIC_REPRESENTATION_CONTEXT ( 3 ) GLOBAL_UNCERTAINTY_ASSIGNED_CONTEXT ( ( #725 ) ) GLOBAL_UNIT_ASSIGNED_CONTEXT ( ( #315, #1259, #1523 ) ) REPRESENTATION_CONTEXT ( 'NONE', 'WORKASPACE' ) );
#1168 = DIRECTION ( 'NONE',  ( 0.0000000000000000000, 1.000000000000000000, 0.0000000000000000000 ) ) ;
#1169 = CIRCLE ( 'NONE', #531, 9.000000000000007100 ) ;
#1170 = DIRECTION ( 'NONE',  ( 0.9142881658724920600, -0.0000000000000000000, -0.4050643772852833800 ) ) ;
#1171 = VECTOR ( 'NONE', #829, 1000.000000000000000 ) ;
#1172 = CIRCLE ( 'NONE', #1630, 9.000000000000007100 ) ;
#1173 = CARTESIAN_POINT ( 'NONE',  ( -105.9396211746461500, 0.0000000000000000000, -664.4888449420872100 ) ) ;
#1174 = CIRCLE ( 'NONE', #986, 2.500000000000002200 ) ;
#1175 = AXIS2_PLACEMENT_3D ( 'NONE', #517, #245, #1594 ) ;
#1176 = FACE_OUTER_BOUND ( 'NONE', #77, .T. ) ;
#1177 = VERTEX_POINT ( 'NONE', #1542 ) ;
#1178 = EDGE_CURVE ( 'NONE', #1384, #1106, #995, .T. ) ;
#1179 = ORIENTED_EDGE ( 'NONE', *, *, #555, .T. ) ;
#1180 = EDGE_LOOP ( 'NONE', ( #817, #1047, #755, #1511 ) ) ;
#1181 = ORIENTED_EDGE ( 'NONE', *, *, #1642, .T. ) ;
#1182 = ORIENTED_EDGE ( 'NONE', *, *, #226, .F. ) ;
#1183 = CARTESIAN_POINT ( 'NONE',  ( -107.6040956925928500, 0.0000000000000000000, -446.5108333210184800 ) ) ;
#1184 = ORIENTED_EDGE ( 'NONE', *, *, #1368, .F. ) ;
#1185 = AXIS2_PLACEMENT_3D ( 'NONE', #759, #1013, #1566 ) ;
#1186 = EDGE_CURVE ( 'NONE', #1474, #710, #1361, .T. ) ;
#1187 = DIRECTION ( 'NONE',  ( 0.0000000000000000000, 1.000000000000000000, 0.0000000000000000000 ) ) ;
#1188 = DIRECTION ( 'NONE',  ( 0.0000000000000000000, 1.000000000000000000, 0.0000000000000000000 ) ) ;
#1189 = DIRECTION ( 'NONE',  ( -1.000000000000000000, 0.0000000000000000000, -4.440892098500627000E-015 ) ) ;
#1190 = FACE_OUTER_BOUND ( 'NONE', #1180, .T. ) ;
#1191 = FACE_BOUND ( 'NONE', #1136, .T. ) ;
#1192 = DIRECTION ( 'NONE',  ( 0.0000000000000000000, 0.0000000000000000000, 1.000000000000000000 ) ) ;
#1193 = CIRCLE ( 'NONE', #654, 9.000000000000007100 ) ;
#1194 = DIRECTION ( 'NONE',  ( 0.0000000000000000000, 1.000000000000000000, 0.0000000000000000000 ) ) ;
#1195 = ORIENTED_EDGE ( 'NONE', *, *, #1077, .F. ) ;
#1196 = ORIENTED_EDGE ( 'NONE', *, *, #1278, .T. ) ;
#1197 = AXIS2_PLACEMENT_3D ( 'NONE', #346, #1693, #1017 ) ;
#1198 = ORIENTED_EDGE ( 'NONE', *, *, #736, .T. ) ;
#1199 = EDGE_LOOP ( 'NONE', ( #1470, #418 ) ) ;
#1200 = DIRECTION ( 'NONE',  ( 0.0000000000000000000, 0.0000000000000000000, 1.000000000000000000 ) ) ;
#1201 = ORIENTED_EDGE ( 'NONE', *, *, #1020, .T. ) ;
#1202 = CARTESIAN_POINT ( 'NONE',  ( -63.93962117464616300, -4.000000000000000000, -529.4888449420872100 ) ) ;
#1203 = AXIS2_PLACEMENT_3D ( 'NONE', #347, #489, #1287 ) ;
#1204 = EDGE_CURVE ( 'NONE', #266, #355, #1292, .T. ) ;
#1205 = ORIENTED_EDGE ( 'NONE', *, *, #455, .F. ) ;
#1206 = FACE_OUTER_BOUND ( 'NONE', #1326, .T. ) ;
#1207 = EDGE_CURVE ( 'NONE', #549, #1641, #1485, .T. ) ;
#1208 = FACE_OUTER_BOUND ( 'NONE', #819, .T. ) ;
#1209 = DIRECTION ( 'NONE',  ( 0.0000000000000000000, 1.000000000000000000, 0.0000000000000000000 ) ) ;
#1210 = DIRECTION ( 'NONE',  ( 0.0000000000000000000, 1.000000000000000000, 0.0000000000000000000 ) ) ;
#1211 = VECTOR ( 'NONE', #538, 1000.000000000000000 ) ;
#1212 = FACE_BOUND ( 'NONE', #1327, .T. ) ;
#1213 = CYLINDRICAL_SURFACE ( 'NONE', #129, 9.000000000000007100 ) ;
#1214 = DIRECTION ( 'NONE',  ( 0.0000000000000000000, 1.000000000000000000, 0.0000000000000000000 ) ) ;
#1215 = ORIENTED_EDGE ( 'NONE', *, *, #430, .F. ) ;
#1216 = AXIS2_PLACEMENT_3D ( 'NONE', #3, #1230, #427 ) ;
#1217 = EDGE_CURVE ( 'NONE', #1426, #381, #366, .T. ) ;
#1218 = EDGE_LOOP ( 'NONE', ( #687, #1061, #1238, #1551 ) ) ;
#1219 = VERTEX_POINT ( 'NONE', #860 ) ;
#1220 = CARTESIAN_POINT ( 'NONE',  ( 74.06037882535385100, -4.000000000000000000, -535.9888449420872100 ) ) ;
#1221 = CARTESIAN_POINT ( 'NONE',  ( -91.74937495217665200, 0.0000000000000000000, -410.7244636497934500 ) ) ;
#1222 = CARTESIAN_POINT ( 'NONE',  ( 123.3872536077374600, 0.0000000000000000000, -469.8399224104881000 ) ) ;
#1223 = DIRECTION ( 'NONE',  ( 0.0000000000000000000, 0.0000000000000000000, 1.000000000000000000 ) ) ;
#1224 = CARTESIAN_POINT ( 'NONE',  ( -92.10695092805920600, -4.000000000000000000, -679.2550957301837100 ) ) ;
#1225 = AXIS2_PLACEMENT_3D ( 'NONE', #354, #1423, #1289 ) ;
#1226 = PERSON_AND_ORGANIZATION ( #172, #1275 ) ;
#1227 = ADVANCED_FACE ( 'NONE', ( #1403 ), #1407, .T. ) ;
#1228 = PERSON_AND_ORGANIZATION ( #172, #1275 ) ;
#1229 = EDGE_CURVE ( 'NONE', #925, #1021, #157, .T. ) ;
#1230 = DIRECTION ( 'NONE',  ( 0.0000000000000000000, 1.000000000000000000, 0.0000000000000000000 ) ) ;
#1231 = FACE_OUTER_BOUND ( 'NONE', #1744, .T. ) ;
#1232 = CYLINDRICAL_SURFACE ( 'NONE', #1711, 490.0000000000000000 ) ;
#1233 = CIRCLE ( 'NONE', #1651, 2.500000000000002200 ) ;
#1234 = DIRECTION ( 'NONE',  ( 0.0000000000000000000, 0.0000000000000000000, 1.000000000000000000 ) ) ;
#1235 = ORIENTED_EDGE ( 'NONE', *, *, #642, .F. ) ;
#1236 = ORIENTED_EDGE ( 'NONE', *, *, #1158, .F. ) ;
#1237 = ORIENTED_EDGE ( 'NONE', *, *, #455, .T. ) ;
#1238 = ORIENTED_EDGE ( 'NONE', *, *, #1186, .T. ) ;
#1239 = VERTEX_POINT ( 'NONE', #193 ) ;
#1240 = ORIENTED_EDGE ( 'NONE', *, *, #1738, .T. ) ;
#1241 = DIRECTION ( 'NONE',  ( 0.0000000000000000000, 0.0000000000000000000, 1.000000000000000000 ) ) ;
#1242 = EDGE_LOOP ( 'NONE', ( #1372, #566, #1038, #119 ) ) ;
#1243 = VERTEX_POINT ( 'NONE', #592 ) ;
#1244 = EDGE_CURVE ( 'NONE', #1239, #1672, #1121, .T. ) ;
#1245 = CARTESIAN_POINT ( 'NONE',  ( 74.06037882535511600, -4.000000000000000000, -410.2388449420872100 ) ) ;
#1246 = CARTESIAN_POINT ( 'NONE',  ( -80.48166684195001600, 0.0000000000000000000, -406.2628677317560500 ) ) ;
#1247 = DIRECTION ( 'NONE',  ( 0.0000000000000000000, 1.000000000000000000, 0.0000000000000000000 ) ) ;
#1248 = ADVANCED_FACE ( 'NONE', ( #1231 ), #935, .T. ) ;
#1249 = VECTOR ( 'NONE', #1392, 1000.000000000000100 ) ;
#1250 = DIRECTION ( 'NONE',  ( 0.0000000000000000000, 1.000000000000000000, 0.0000000000000000000 ) ) ;
#1251 = DATE_AND_TIME ( #557, #155 ) ;
#1252 = CARTESIAN_POINT ( 'NONE',  ( 123.3872536077374500, 0.0000000000000000000, -470.9165260329282300 ) ) ;
#1253 = VECTOR ( 'NONE', #375, 1000.000000000000000 ) ;
#1254 = CARTESIAN_POINT ( 'NONE',  ( 116.0603788253551300, 0.0000000000000000000, -550.2388449420873300 ) ) ;
#1255 = VECTOR ( 'NONE', #949, 1000.000000000000100 ) ;
#1256 = CYLINDRICAL_SURFACE ( 'NONE', #862, 9.000000000000007100 ) ;
#1257 = CARTESIAN_POINT ( 'NONE',  ( 123.3872536077374600, -4.000000000000000000, -469.8399224104881000 ) ) ;
#1258 = EDGE_LOOP ( 'NONE', ( #969, #1556 ) ) ;
#1259 =( NAMED_UNIT ( * ) PLANE_ANGLE_UNIT ( ) SI_UNIT ( $, .RADIAN. ) );
#1260 = VERTEX_POINT ( 'NONE', #221 ) ;
#1261 = ORIENTED_EDGE ( 'NONE', *, *, #390, .T. ) ;
#1262 = ORIENTED_EDGE ( 'NONE', *, *, #768, .F. ) ;
#1263 = AXIS2_PLACEMENT_3D ( 'NONE', #120, #1595, #1334 ) ;
#1264 = EDGE_CURVE ( 'NONE', #1177, #1742, #283, .T. ) ;
#1265 = DIRECTION ( 'NONE',  ( -1.000000000000000000, 0.0000000000000000000, 0.0000000000000000000 ) ) ;
#1266 = DIRECTION ( 'NONE',  ( 0.0000000000000000000, 1.000000000000000000, 0.0000000000000000000 ) ) ;
#1267 = EDGE_CURVE ( 'NONE', #887, #1672, #111, .T. ) ;
#1268 = EDGE_LOOP ( 'NONE', ( #1702, #843, #846, #1262 ) ) ;
#1269 = CARTESIAN_POINT ( 'NONE',  ( 104.0124146354623300, 0.0000000000000000000, -679.4338246034585600 ) ) ;
#1270 = CARTESIAN_POINT ( 'NONE',  ( -79.69719505139066500, 0.0000000000000000000, -415.2286138808402100 ) ) ;
#1271 = COORDINATED_UNIVERSAL_TIME_OFFSET ( 1, 0, .AHEAD. ) ;
#1272 = ORIENTED_EDGE ( 'NONE', *, *, #491, .F. ) ;
#1273 = CYLINDRICAL_SURFACE ( 'NONE', #177, 2.500000000000002200 ) ;
#1274 = DIRECTION ( 'NONE',  ( 0.0000000000000000000, 1.000000000000000000, 0.0000000000000000000 ) ) ;
#1275 = ORGANIZATION ( 'NEURÈENÝ', 'NEURÈENÝ', '' ) ;
#1276 = CIRCLE ( 'NONE', #1367, 9.000000000000007100 ) ;
#1277 = CARTESIAN_POINT ( 'NONE',  ( 109.1692250916896700, -4.000000000000000000, -449.4182485468112400 ) ) ;
#1278 = EDGE_CURVE ( 'NONE', #1243, #887, #1380, .T. ) ;
#1279 = LINE ( 'NONE', #1183, #1016 ) ;
#1280 = CARTESIAN_POINT ( 'NONE',  ( 116.0603788253551300, -4.000000000000000000, -547.7388449420872100 ) ) ;
#1281 = ORIENTED_EDGE ( 'NONE', *, *, #1712, .T. ) ;
#1282 = CARTESIAN_POINT ( 'NONE',  ( 118.6203795887688400, -4.000000000000000000, -670.4338246034585600 ) ) ;
#1283 = ORIENTED_EDGE ( 'NONE', *, *, #430, .T. ) ;
#1284 = DIRECTION ( 'NONE',  ( 0.0000000000000000000, 0.0000000000000000000, 1.000000000000000000 ) ) ;
#1285 = ORIENTED_EDGE ( 'NONE', *, *, #280, .F. ) ;
#1286 = DIRECTION ( 'NONE',  ( 0.0000000000000000000, 0.0000000000000000000, 1.000000000000000000 ) ) ;
#1287 = DIRECTION ( 'NONE',  ( 0.0000000000000000000, 0.0000000000000000000, 1.000000000000000000 ) ) ;
#1288 = PERSON_AND_ORGANIZATION ( #172, #1275 ) ;
#1289 = DIRECTION ( 'NONE',  ( -1.000000000000000000, 0.0000000000000000000, -0.0000000000000000000 ) ) ;
#1290 = CYLINDRICAL_SURFACE ( 'NONE', #257, 3.249999999999975100 ) ;
#1291 = EDGE_CURVE ( 'NONE', #651, #98, #724, .T. ) ;
#1292 = CIRCLE ( 'NONE', #1399, 9.000000000000007100 ) ;
#1293 = ADVANCED_FACE ( 'NONE', ( #67 ), #973, .T. ) ;
#1294 = EDGE_CURVE ( 'NONE', #1727, #337, #1014, .T. ) ;
#1295 = CIRCLE ( 'NONE', #1733, 2.500000000000057700 ) ;
#1296 = PERSON_AND_ORGANIZATION_ROLE ( 'classification_officer' ) ;
#1297 = PRODUCT_DEFINITION ( 'NEZNÁMÝ', '', #1415, #1541 ) ;
#1298 = VERTEX_POINT ( 'NONE', #763 ) ;
#1299 = DIRECTION ( 'NONE',  ( 1.052398908759263000E-014, -0.0000000000000000000, 1.000000000000000000 ) ) ;
#1300 = ORIENTED_EDGE ( 'NONE', *, *, #216, .F. ) ;
#1301 = EDGE_LOOP ( 'NONE', ( #1181, #294 ) ) ;
#1302 = CARTESIAN_POINT ( 'NONE',  ( 5.060378825353859100, 0.0000000000000000000, -1159.524301518553600 ) ) ;
#1303 = CARTESIAN_POINT ( 'NONE',  ( -113.2664959570272000, -4.000000000000000000, -469.8399224104879900 ) ) ;
#1304 = ORIENTED_EDGE ( 'NONE', *, *, #148, .F. ) ;
#1305 = MECHANICAL_CONTEXT ( 'NONE', #1146, 'mechanical' ) ;
#1306 = AXIS2_PLACEMENT_3D ( 'NONE', #844, #694, #581 ) ;
#1307 = EDGE_CURVE ( 'NONE', #387, #984, #394, .T. ) ;
#1308 = CARTESIAN_POINT ( 'NONE',  ( -63.93962117464489800, -4.000000000000000000, -412.7388449420872100 ) ) ;
#1309 = PLANE ( 'NONE',  #1498 ) ;
#1310 = CARTESIAN_POINT ( 'NONE',  ( 118.6203795887688400, 0.0000000000000000000, -679.4338246034585600 ) ) ;
#1311 = VECTOR ( 'NONE', #385, 1000.000000000000000 ) ;
#1312 = ADVANCED_FACE ( 'NONE', ( #1668 ), #1162, .T. ) ;
#1313 = DIRECTION ( 'NONE',  ( 1.000000000000000000, 0.0000000000000000000, 0.0000000000000000000 ) ) ;
#1314 = FACE_OUTER_BOUND ( 'NONE', #1065, .T. ) ;
#1315 = DIRECTION ( 'NONE',  ( 0.0000000000000000000, 1.000000000000000000, 0.0000000000000000000 ) ) ;
#1316 = DIRECTION ( 'NONE',  ( 0.0000000000000000000, 1.000000000000000000, 0.0000000000000000000 ) ) ;
#1317 = FACE_OUTER_BOUND ( 'NONE', #689, .T. ) ;
#1318 = AXIS2_PLACEMENT_3D ( 'NONE', #208, #1436, #1151 ) ;
#1319 = VECTOR ( 'NONE', #1430, 1000.000000000000000 ) ;
#1320 = CARTESIAN_POINT ( 'NONE',  ( 117.9152865415546200, -4.000000000000000000, -447.2954180978148900 ) ) ;
#1321 = CARTESIAN_POINT ( 'NONE',  ( -63.93962117464616300, -4.000000000000000000, -532.7388449420872100 ) ) ;
#1322 = VERTEX_POINT ( 'NONE', #1449 ) ;
#1323 = EDGE_LOOP ( 'NONE', ( #164, #287, #80, #1159 ) ) ;
#1324 = EDGE_CURVE ( 'NONE', #334, #1075, #661, .T. ) ;
#1325 = ORIENTED_EDGE ( 'NONE', *, *, #933, .T. ) ;
#1326 = EDGE_LOOP ( 'NONE', ( #625, #332, #16, #1134 ) ) ;
#1327 = EDGE_LOOP ( 'NONE', ( #504, #1107 ) ) ;
#1328 = ORIENTED_EDGE ( 'NONE', *, *, #209, .F. ) ;
#1329 = ORIENTED_EDGE ( 'NONE', *, *, #302, .T. ) ;
#1330 = DIRECTION ( 'NONE',  ( -1.000000000000000000, 0.0000000000000000000, 1.052398908759263000E-014 ) ) ;
#1331 = CARTESIAN_POINT ( 'NONE',  ( 53.03846805053871100, 0.0000000000000000000, -403.0105361324077600 ) ) ;
#1332 = CARTESIAN_POINT ( 'NONE',  ( 98.69418423722456200, -4.000000000000000000, -409.3173979181708500 ) ) ;
#1333 = EDGE_CURVE ( 'NONE', #1727, #507, #1400, .T. ) ;
#1334 = DIRECTION ( 'NONE',  ( 0.0000000000000000000, 0.0000000000000000000, 1.000000000000000000 ) ) ;
#1335 = VECTOR ( 'NONE', #1101, 1000.000000000000000 ) ;
#1336 = FACE_BOUND ( 'NONE', #185, .T. ) ;
#1337 = CARTESIAN_POINT ( 'NONE',  ( -108.4996219380610500, -4.000000000000000000, -679.4338246034586700 ) ) ;
#1338 = FACE_OUTER_BOUND ( 'NONE', #961, .T. ) ;
#1339 = DIRECTION ( 'NONE',  ( 0.0000000000000000000, 0.0000000000000000000, 1.000000000000000000 ) ) ;
#1340 = VECTOR ( 'NONE', #641, 1000.000000000000100 ) ;
#1341 = VERTEX_POINT ( 'NONE', #1568 ) ;
#1342 = AXIS2_PLACEMENT_3D ( 'NONE', #126, #1345, #917 ) ;
#1343 = ORIENTED_EDGE ( 'NONE', *, *, #1294, .T. ) ;
#1344 = DIRECTION ( 'NONE',  ( 0.0000000000000000000, 0.0000000000000000000, 1.000000000000000000 ) ) ;
#1345 = DIRECTION ( 'NONE',  ( 0.0000000000000000000, 1.000000000000000000, 0.0000000000000000000 ) ) ;
#1346 = ADVANCED_FACE ( 'NONE', ( #1440 ), #1357, .F. ) ;
#1347 = EDGE_LOOP ( 'NONE', ( #60, #1468, #1133, #712 ) ) ;
#1348 = DIRECTION ( 'NONE',  ( 0.0000000000000000000, 0.0000000000000000000, 1.000000000000000000 ) ) ;
#1349 = ORIENTED_EDGE ( 'NONE', *, *, #1554, .F. ) ;
#1350 = DIRECTION ( 'NONE',  ( 0.0000000000000000000, 1.000000000000000000, 0.0000000000000000000 ) ) ;
#1351 = DIRECTION ( 'NONE',  ( 0.0000000000000000000, 0.0000000000000000000, 1.000000000000000000 ) ) ;
#1352 = AXIS2_PLACEMENT_3D ( 'NONE', #866, #1650, #298 ) ;
#1353 = EDGE_CURVE ( 'NONE', #1450, #839, #89, .T. ) ;
#1354 = ORIENTED_EDGE ( 'NONE', *, *, #209, .T. ) ;
#1355 = ADVANCED_FACE ( 'NONE', ( #790, #301, #1695, #220, #23, #1418, #1336, #1056, #321 ), #75, .T. ) ;
#1356 = PERSON_AND_ORGANIZATION ( #172, #1275 ) ;
#1357 = CYLINDRICAL_SURFACE ( 'NONE', #1665, 490.0000000000000000 ) ;
#1358 = CARTESIAN_POINT ( 'NONE',  ( 118.6203795887688400, -4.000000000000000000, -679.4338246034585600 ) ) ;
#1359 = CC_DESIGN_PERSON_AND_ORGANIZATION_ASSIGNMENT ( #1228, #1707, ( #1297 ) ) ;
#1360 = CARTESIAN_POINT ( 'NONE',  ( -63.93962117464489800, 0.0000000000000000000, -412.7388449420872100 ) ) ;
#1361 = LINE ( 'NONE', #479, #834 ) ;
#1362 = VECTOR ( 'NONE', #1439, 1000.000000000000000 ) ;
#1363 = CIRCLE ( 'NONE', #1531, 3.249999999999975100 ) ;
#1364 = CARTESIAN_POINT ( 'NONE',  ( 92.09430874212293400, 0.0000000000000000000, -406.3934024456574400 ) ) ;
#1365 = DIRECTION ( 'NONE',  ( 0.0000000000000000000, 1.000000000000000000, 0.0000000000000000000 ) ) ;
#1366 = ORIENTED_EDGE ( 'NONE', *, *, #908, .F. ) ;
#1367 = AXIS2_PLACEMENT_3D ( 'NONE', #446, #1640, #167 ) ;
#1368 = EDGE_CURVE ( 'NONE', #1103, #408, #1713, .T. ) ;
#1369 = ORIENTED_EDGE ( 'NONE', *, *, #8, .T. ) ;
#1370 = ORIENTED_EDGE ( 'NONE', *, *, #1692, .T. ) ;
#1371 = DIRECTION ( 'NONE',  ( 0.0000000000000000000, 1.000000000000000000, 0.0000000000000000000 ) ) ;
#1372 = ORIENTED_EDGE ( 'NONE', *, *, #1631, .F. ) ;
#1373 = VERTEX_POINT ( 'NONE', #117 ) ;
#1374 = LINE ( 'NONE', #175, #682 ) ;
#1375 = DIRECTION ( 'NONE',  ( 0.0000000000000000000, 0.0000000000000000000, 1.000000000000000000 ) ) ;
#1376 = VERTEX_POINT ( 'NONE', #500 ) ;
#1377 = AXIS2_PLACEMENT_3D ( 'NONE', #993, #327, #173 ) ;
#1378 = COORDINATED_UNIVERSAL_TIME_OFFSET ( 1, 0, .AHEAD. ) ;
#1379 = EDGE_CURVE ( 'NONE', #1021, #1086, #855, .T. ) ;
#1380 = LINE ( 'NONE', #215, #259 ) ;
#1381 = CARTESIAN_POINT ( 'NONE',  ( 117.3978185845420900, -4.000000000000000000, -445.7726691512436900 ) ) ;
#1382 = CIRCLE ( 'NONE', #322, 3.249999999999975100 ) ;
#1383 = DIRECTION ( 'NONE',  ( 0.0000000000000000000, 1.000000000000000000, 0.0000000000000000000 ) ) ;
#1384 = VERTEX_POINT ( 'NONE', #1743 ) ;
#1385 = ORIENTED_EDGE ( 'NONE', *, *, #1244, .F. ) ;
#1386 = AXIS2_PLACEMENT_3D ( 'NONE', #656, #663, #1200 ) ;
#1387 = VERTEX_POINT ( 'NONE', #1337 ) ;
#1388 = CARTESIAN_POINT ( 'NONE',  ( 114.3872536077374500, -4.000000000000000000, -470.9165260329281200 ) ) ;
#1389 = EDGE_LOOP ( 'NONE', ( #1195, #83, #1409, #673 ) ) ;
#1390 = ORIENTED_EDGE ( 'NONE', *, *, #513, .T. ) ;
#1391 = ADVANCED_FACE ( 'NONE', ( #991 ), #1290, .F. ) ;
#1392 = DIRECTION ( 'NONE',  ( 0.9961940165649013600, -0.0000000000000000000, -0.08716353228437226400 ) ) ;
#1393 = APPROVAL ( #633, 'NEURÈENÝ' ) ;
#1394 = DIRECTION ( 'NONE',  ( 0.0000000000000000000, 0.0000000000000000000, 1.000000000000000000 ) ) ;
#1395 = DIRECTION ( 'NONE',  ( 0.0000000000000000000, 0.0000000000000000000, 1.000000000000000000 ) ) ;
#1396 = CYLINDRICAL_SURFACE ( 'NONE', #782, 3.249999999999975100 ) ;
#1397 = PERSON_AND_ORGANIZATION ( #172, #1275 ) ;
#1398 = DIRECTION ( 'NONE',  ( 0.0000000000000000000, 1.000000000000000000, 0.0000000000000000000 ) ) ;
#1399 = AXIS2_PLACEMENT_3D ( 'NONE', #872, #1398, #1286 ) ;
#1400 = CIRCLE ( 'NONE', #7, 2.500000000000002200 ) ;
#1401 = EDGE_CURVE ( 'NONE', #381, #424, #1462, .T. ) ;
#1402 = DIRECTION ( 'NONE',  ( 0.0000000000000000000, 1.000000000000000000, 0.0000000000000000000 ) ) ;
#1403 = FACE_OUTER_BOUND ( 'NONE', #1680, .T. ) ;
#1404 = CARTESIAN_POINT ( 'NONE',  ( 104.0124146354623300, -4.000000000000000000, -679.4338246034585600 ) ) ;
#1405 = CYLINDRICAL_SURFACE ( 'NONE', #1203, 9.000000000000007100 ) ;
#1406 = CARTESIAN_POINT ( 'NONE',  ( -113.2664959570272200, -4.000000000000000000, -470.9165260329279500 ) ) ;
#1407 = PLANE ( 'NONE',  #1433 ) ;
#1408 = ORIENTED_EDGE ( 'NONE', *, *, #814, .T. ) ;
#1409 = ORIENTED_EDGE ( 'NONE', *, *, #101, .F. ) ;
#1410 = ORIENTED_EDGE ( 'NONE', *, *, #696, .T. ) ;
#1411 = AXIS2_PLACEMENT_3D ( 'NONE', #618, #626, #367 ) ;
#1412 = CARTESIAN_POINT ( 'NONE',  ( 117.7248533433030800, -4.000000000000000000, -446.5108333210184800 ) ) ;
#1413 = CARTESIAN_POINT ( 'NONE',  ( 123.3872536077374600, 0.0000000000000000000, -469.8399224104881000 ) ) ;
#1414 = ORIENTED_EDGE ( 'NONE', *, *, #1751, .T. ) ;
#1415 = PRODUCT_DEFINITION_FORMATION_WITH_SPECIFIED_SOURCE ( 'LIBOVOLNÝ', '', #671, .NOT_KNOWN. ) ;
#1416 = CARTESIAN_POINT ( 'NONE',  ( 74.06037882535511600, 0.0000000000000000000, -412.7388449420872100 ) ) ;
#1417 = APPROVAL_PERSON_ORGANIZATION ( #22, #1393, #772 ) ;
#1418 = FACE_BOUND ( 'NONE', #1199, .T. ) ;
#1419 = DIRECTION ( 'NONE',  ( 0.0000000000000000000, 0.0000000000000000000, 1.000000000000000000 ) ) ;
#1420 = CIRCLE ( 'NONE', #46, 3.249999999999975100 ) ;
#1421 = EDGE_CURVE ( 'NONE', #1615, #1450, #1524, .T. ) ;
#1422 = CIRCLE ( 'NONE', #1564, 3.249999999999975100 ) ;
#1423 = DIRECTION ( 'NONE',  ( 0.0000000000000000000, 0.0000000000000000000, -1.000000000000000000 ) ) ;
#1424 = CARTESIAN_POINT ( 'NONE',  ( -113.0125574068921700, 0.0000000000000000000, -468.7936955839317100 ) ) ;
#1425 = CYLINDRICAL_SURFACE ( 'NONE', #422, 3.249999999999975100 ) ;
#1426 = VERTEX_POINT ( 'NONE', #934 ) ;
#1427 = EDGE_LOOP ( 'NONE', ( #304, #1514, #1535, #470 ) ) ;
#1428 = DIRECTION ( 'NONE',  ( 0.0000000000000000000, 1.000000000000000000, 0.0000000000000000000 ) ) ;
#1429 = ORIENTED_EDGE ( 'NONE', *, *, #499, .F. ) ;
#1430 = DIRECTION ( 'NONE',  ( 0.0000000000000000000, 1.000000000000000000, 0.0000000000000000000 ) ) ;
#1431 = ORIENTED_EDGE ( 'NONE', *, *, #606, .F. ) ;
#1432 = ORIENTED_EDGE ( 'NONE', *, *, #761, .F. ) ;
#1433 = AXIS2_PLACEMENT_3D ( 'NONE', #869, #48, #1007 ) ;
#1434 = CARTESIAN_POINT ( 'NONE',  ( 102.2277085787670100, -4.000000000000000000, -679.2550957301837100 ) ) ;
#1435 = EDGE_LOOP ( 'NONE', ( #1022, #1164, #289, #1196 ) ) ;
#1436 = DIRECTION ( 'NONE',  ( -0.0000000000000000000, -1.000000000000000000, -0.0000000000000000000 ) ) ;
#1437 = DIRECTION ( 'NONE',  ( 0.0000000000000000000, 0.0000000000000000000, 1.000000000000000000 ) ) ;
#1438 = CARTESIAN_POINT ( 'NONE',  ( 104.0124146354623300, -4.000000000000000000, -670.4338246034585600 ) ) ;
#1439 = DIRECTION ( 'NONE',  ( 0.05260604523924271300, 0.0000000000000000000, 0.9986153433651451200 ) ) ;
#1440 = FACE_OUTER_BOUND ( 'NONE', #527, .T. ) ;
#1441 = AXIS2_PLACEMENT_3D ( 'NONE', #873, #1660, #1126 ) ;
#1442 = EDGE_CURVE ( 'NONE', #737, #939, #932, .T. ) ;
#1443 = LINE ( 'NONE', #567, #201 ) ;
#1444 = LINE ( 'NONE', #1576, #1058 ) ;
#1445 = EDGE_CURVE ( 'NONE', #778, #1088, #1032, .T. ) ;
#1446 = DIRECTION ( 'NONE',  ( 0.0000000000000000000, 0.0000000000000000000, 1.000000000000000000 ) ) ;
#1447 = SECURITY_CLASSIFICATION ( '', '', #70 ) ;
#1448 = CARTESIAN_POINT ( 'NONE',  ( -42.91771039982846500, -4.000000000000000000, -412.0105361324077600 ) ) ;
#1449 = CARTESIAN_POINT ( 'NONE',  ( -105.9396211746448800, -4.000000000000000000, -545.2388449420873300 ) ) ;
#1450 = VERTEX_POINT ( 'NONE', #1602 ) ;
#1451 = FACE_OUTER_BOUND ( 'NONE', #144, .T. ) ;
#1452 = ORIENTED_EDGE ( 'NONE', *, *, #79, .F. ) ;
#1453 = DIRECTION ( 'NONE',  ( 0.9961940165649013600, 0.0000000000000000000, 0.08716353228437230500 ) ) ;
#1454 = ORIENTED_EDGE ( 'NONE', *, *, #1023, .T. ) ;
#1455 = AXIS2_PLACEMENT_3D ( 'NONE', #1654, #452, #1241 ) ;
#1456 = CARTESIAN_POINT ( 'NONE',  ( -63.93962117464489800, -4.000000000000000000, -412.7388449420872100 ) ) ;
#1457 = EDGE_CURVE ( 'NONE', #424, #1243, #1735, .T. ) ;
#1458 = DIRECTION ( 'NONE',  ( -0.0000000000000000000, -1.000000000000000000, -0.0000000000000000000 ) ) ;
#1459 = DIRECTION ( 'NONE',  ( 0.0000000000000000000, 1.000000000000000000, -0.0000000000000000000 ) ) ;
#1460 = DIRECTION ( 'NONE',  ( 0.0000000000000000000, 0.0000000000000000000, 1.000000000000000000 ) ) ;
#1461 = LINE ( 'NONE', #858, #994 ) ;
#1462 = LINE ( 'NONE', #528, #615 ) ;
#1463 = DIRECTION ( 'NONE',  ( 0.0000000000000000000, 1.000000000000000000, 0.0000000000000000000 ) ) ;
#1464 = LINE ( 'NONE', #1303, #597 ) ;
#1465 = LINE ( 'NONE', #796, #598 ) ;
#1466 = CARTESIAN_POINT ( 'NONE',  ( -113.2664959570272000, 0.0000000000000000000, -469.8399224104879900 ) ) ;
#1467 = CARTESIAN_POINT ( 'NONE',  ( -107.2770609338318600, -4.000000000000000000, -445.7726691512436900 ) ) ;
#1468 = ORIENTED_EDGE ( 'NONE', *, *, #933, .F. ) ;
#1469 = ORIENTED_EDGE ( 'NONE', *, *, #1421, .F. ) ;
#1470 = ORIENTED_EDGE ( 'NONE', *, *, #1580, .F. ) ;
#1471 = EDGE_CURVE ( 'NONE', #14, #1103, #1095, .T. ) ;
#1472 = CARTESIAN_POINT ( 'NONE',  ( -107.7945288908444000, 0.0000000000000000000, -447.2954180978148900 ) ) ;
#1473 = VERTEX_POINT ( 'NONE', #660 ) ;
#1474 = VERTEX_POINT ( 'NONE', #1202 ) ;
#1475 = CARTESIAN_POINT ( 'NONE',  ( -42.91771039982846500, 0.0000000000000000000, -412.0105361324077600 ) ) ;
#1476 = CARTESIAN_POINT ( 'NONE',  ( -63.93962117464489800, 0.0000000000000000000, -415.2388449420872100 ) ) ;
#1477 = CARTESIAN_POINT ( 'NONE',  ( 116.0603788253538700, -4.000000000000000000, -664.4888449420872100 ) ) ;
#1478 = AXIS2_PLACEMENT_3D ( 'NONE', #1513, #1506, #1130 ) ;
#1479 = CARTESIAN_POINT ( 'NONE',  ( 5.060378825353859100, 0.0000000000000000000, -669.5243015185534400 ) ) ;
#1480 = APPROVAL ( #1011, 'NEURÈENÝ' ) ;
#1481 = DIRECTION ( 'NONE',  ( 0.0000000000000000000, 0.0000000000000000000, 1.000000000000000000 ) ) ;
#1482 = VECTOR ( 'NONE', #1161, 1000.000000000000000 ) ;
#1483 = FACE_OUTER_BOUND ( 'NONE', #1323, .T. ) ;
#1484 = DIRECTION ( 'NONE',  ( 0.0000000000000000000, 0.0000000000000000000, 1.000000000000000000 ) ) ;
#1485 = CIRCLE ( 'NONE', #708, 9.000000000000007100 ) ;
#1486 = VECTOR ( 'NONE', #113, 1000.000000000000200 ) ;
#1487 = ORIENTED_EDGE ( 'NONE', *, *, #235, .F. ) ;
#1488 = AXIS2_PLACEMENT_3D ( 'NONE', #15, #1383, #561 ) ;
#1489 = EDGE_CURVE ( 'NONE', #707, #1219, #348, .T. ) ;
#1490 = VERTEX_POINT ( 'NONE', #1479 ) ;
#1491 = DIRECTION ( 'NONE',  ( -0.0000000000000000000, -1.000000000000000000, -0.0000000000000000000 ) ) ;
#1492 = VERTEX_POINT ( 'NONE', #1590 ) ;
#1493 = CARTESIAN_POINT ( 'NONE',  ( -63.93962117464616300, -4.000000000000000000, -535.9888449420872100 ) ) ;
#1494 = VERTEX_POINT ( 'NONE', #786 ) ;
#1495 = ORIENTED_EDGE ( 'NONE', *, *, #911, .F. ) ;
#1496 = ADVANCED_FACE ( 'NONE', ( #1483 ), #110, .T. ) ;
#1497 = VERTEX_POINT ( 'NONE', #648 ) ;
#1498 = AXIS2_PLACEMENT_3D ( 'NONE', #779, #379, #1189 ) ;
#1499 = ADVANCED_FACE ( 'NONE', ( #176 ), #413, .F. ) ;
#1500 = DATE_AND_TIME ( #635, #745 ) ;
#1501 = CARTESIAN_POINT ( 'NONE',  ( -104.2664959570272000, 0.0000000000000000000, -470.9165260329280600 ) ) ;
#1502 = VECTOR ( 'NONE', #1669, 1000.000000000000000 ) ;
#1503 = PRODUCT_RELATED_PRODUCT_CATEGORY ( 'detail', '', ( #671 ) ) ;
#1504 = LINE ( 'NONE', #1222, #771 ) ;
#1505 = VECTOR ( 'NONE', #1316, 1000.000000000000000 ) ;
#1506 = DIRECTION ( 'NONE',  ( 0.0000000000000000000, 1.000000000000000000, 0.0000000000000000000 ) ) ;
#1507 = EDGE_LOOP ( 'NONE', ( #627, #103 ) ) ;
#1508 = ORIENTED_EDGE ( 'NONE', *, *, #1074, .F. ) ;
#1509 = PLANE ( 'NONE',  #74 ) ;
#1510 = EDGE_CURVE ( 'NONE', #13, #1298, #365, .T. ) ;
#1511 = ORIENTED_EDGE ( 'NONE', *, *, #582, .T. ) ;
#1512 = ORIENTED_EDGE ( 'NONE', *, *, #238, .F. ) ;
#1513 = CARTESIAN_POINT ( 'NONE',  ( -105.9396211746461500, -4.000000000000000000, -667.7388449420872100 ) ) ;
#1514 = ORIENTED_EDGE ( 'NONE', *, *, #1655, .T. ) ;
#1515 = CC_DESIGN_DATE_AND_TIME_ASSIGNMENT ( #1605, #610, ( #1297 ) ) ;
#1516 = DIRECTION ( 'NONE',  ( 0.0000000000000000000, 0.0000000000000000000, 1.000000000000000000 ) ) ;
#1517 = CARTESIAN_POINT ( 'NONE',  ( 5.060378825353859100, 0.0000000000000000000, -1159.524301518553600 ) ) ;
#1518 = DIRECTION ( 'NONE',  ( 0.0000000000000000000, 0.0000000000000000000, 1.000000000000000000 ) ) ;
#1519 = DIRECTION ( 'NONE',  ( -1.052398908759263000E-014, 0.0000000000000000000, -1.000000000000000000 ) ) ;
#1520 = DIRECTION ( 'NONE',  ( -1.000000000000000000, -0.0000000000000000000, -4.440892098500627000E-015 ) ) ;
#1521 = AXIS2_PLACEMENT_3D ( 'NONE', #871, #468, #1538 ) ;
#1522 = CYLINDRICAL_SURFACE ( 'NONE', #801, 2.500000000000002200 ) ;
#1523 =( NAMED_UNIT ( * ) SI_UNIT ( $, .STERADIAN. ) SOLID_ANGLE_UNIT ( ) );
#1524 = LINE ( 'NONE', #1606, #1311 ) ;
#1525 = VECTOR ( 'NONE', #265, 1000.000000000000000 ) ;
#1526 = CARTESIAN_POINT ( 'NONE',  ( -43.70218219038781600, -4.000000000000000000, -403.0447899833236500 ) ) ;
#1527 = CARTESIAN_POINT ( 'NONE',  ( -63.93962117464489800, 0.0000000000000000000, -410.2388449420872100 ) ) ;
#1528 = CIRCLE ( 'NONE', #1111, 3.249999999999975100 ) ;
#1529 = LINE ( 'NONE', #1332, #326 ) ;
#1530 = CIRCLE ( 'NONE', #1197, 9.000000000000007100 ) ;
#1531 = AXIS2_PLACEMENT_3D ( 'NONE', #320, #1266, #1678 ) ;
#1532 = DIRECTION ( 'NONE',  ( 1.850371707708592900E-014, 0.0000000000000000000, 1.000000000000000000 ) ) ;
#1533 = ORIENTED_EDGE ( 'NONE', *, *, #183, .T. ) ;
#1534 = DIRECTION ( 'NONE',  ( 0.0000000000000000000, 1.000000000000000000, 0.0000000000000000000 ) ) ;
#1535 = ORIENTED_EDGE ( 'NONE', *, *, #814, .F. ) ;
#1536 = CARTESIAN_POINT ( 'NONE',  ( 74.06037882535511600, -4.000000000000000000, -410.2388449420872100 ) ) ;
#1537 = ORIENTED_EDGE ( 'NONE', *, *, #543, .T. ) ;
#1538 = DIRECTION ( 'NONE',  ( 0.9142881658724920600, 0.0000000000000000000, 0.4050643772852833800 ) ) ;
#1539 = DIRECTION ( 'NONE',  ( 0.0000000000000000000, 0.0000000000000000000, 1.000000000000000000 ) ) ;
#1540 = DIRECTION ( 'NONE',  ( 0.0000000000000000000, 0.0000000000000000000, 1.000000000000000000 ) ) ;
#1541 = DESIGN_CONTEXT ( 'detailed design', #889, 'design' ) ;
#1542 = CARTESIAN_POINT ( 'NONE',  ( 102.2277085787669900, 0.0000000000000000000, -679.2550957301837100 ) ) ;
#1543 = AXIS2_PLACEMENT_3D ( 'NONE', #1115, #720, #1518 ) ;
#1544 = COORDINATED_UNIVERSAL_TIME_OFFSET ( 1, 0, .AHEAD. ) ;
#1545 = EDGE_CURVE ( 'NONE', #674, #380, #679, .T. ) ;
#1546 = LINE ( 'NONE', #181, #1570 ) ;
#1547 = VECTOR ( 'NONE', #1031, 1000.000000000000000 ) ;
#1548 = DIRECTION ( 'NONE',  ( -0.0000000000000000000, -1.000000000000000000, -0.0000000000000000000 ) ) ;
#1549 = ORIENTED_EDGE ( 'NONE', *, *, #47, .T. ) ;
#1550 = DIRECTION ( 'NONE',  ( 0.0000000000000000000, 1.000000000000000000, 0.0000000000000000000 ) ) ;
#1551 = ORIENTED_EDGE ( 'NONE', *, *, #1580, .T. ) ;
#1552 = DIRECTION ( 'NONE',  ( 1.000000000000000000, 0.0000000000000000000, 0.0000000000000000000 ) ) ;
#1553 = ORIENTED_EDGE ( 'NONE', *, *, #134, .F. ) ;
#1554 = EDGE_CURVE ( 'NONE', #522, #13, #637, .T. ) ;
#1555 = VERTEX_POINT ( 'NONE', #282 ) ;
#1556 = ORIENTED_EDGE ( 'NONE', *, *, #1652, .F. ) ;
#1557 = AXIS2_PLACEMENT_3D ( 'NONE', #112, #1603, #787 ) ;
#1558 = VERTEX_POINT ( 'NONE', #833 ) ;
#1559 = CARTESIAN_POINT ( 'NONE',  ( -43.70218219038781600, 0.0000000000000000000, -403.0447899833236500 ) ) ;
#1560 = CARTESIAN_POINT ( 'NONE',  ( 101.8701326028869000, -4.000000000000000000, -410.7244636497934500 ) ) ;
#1561 = DIRECTION ( 'NONE',  ( 0.05260604523924299100, -0.0000000000000000000, -0.9986153433651451200 ) ) ;
#1562 = CARTESIAN_POINT ( 'NONE',  ( 53.82293984109806200, -4.000000000000000000, -403.0447899833236500 ) ) ;
#1563 = APPLICATION_PROTOCOL_DEFINITION ( 'international standard', 'config_control_design', 1994, #889 ) ;
#1564 = AXIS2_PLACEMENT_3D ( 'NONE', #804, #1747, #1348 ) ;
#1565 = FACE_OUTER_BOUND ( 'NONE', #32, .T. ) ;
#1566 = DIRECTION ( 'NONE',  ( 0.0000000000000000000, 0.0000000000000000000, 1.000000000000000000 ) ) ;
#1567 = CYLINDRICAL_SURFACE ( 'NONE', #613, 3.249999999999975100 ) ;
#1568 = CARTESIAN_POINT ( 'NONE',  ( -117.4871600283474200, 0.0000000000000000000, -669.9603701963054600 ) ) ;
#1569 = EDGE_CURVE ( 'NONE', #57, #408, #40, .T. ) ;
#1570 = VECTOR ( 'NONE', #428, 1000.000000000000000 ) ;
#1571 = CARTESIAN_POINT ( 'NONE',  ( 98.69418423722456200, 0.0000000000000000000, -409.3173979181708500 ) ) ;
#1572 = EDGE_LOOP ( 'NONE', ( #795, #1750 ) ) ;
#1573 = EDGE_LOOP ( 'NONE', ( #1261, #1533, #1354, #822, #1085, #463, #1163, #1614, #1634, #542, #1408, #1140, #1701, #882, #230, #140, #1414, #585, #105, #426, #1283, #1537, #523, #1454, #1657, #1024, #401, #1281, #940, #399, #1370 ) ) ;
#1574 = CARTESIAN_POINT ( 'NONE',  ( 116.0603788253551300, -4.000000000000000000, -547.7388449420872100 ) ) ;
#1575 = ORIENTED_EDGE ( 'NONE', *, *, #178, .F. ) ;
#1576 = CARTESIAN_POINT ( 'NONE',  ( -113.2664959570284700, -4.000000000000000000, -589.8399224104880400 ) ) ;
#1577 = ORIENTED_EDGE ( 'NONE', *, *, #1324, .T. ) ;
#1578 = AXIS2_PLACEMENT_3D ( 'NONE', #551, #1491, #1223 ) ;
#1579 = ORIENTED_EDGE ( 'NONE', *, *, #604, .T. ) ;
#1580 = EDGE_CURVE ( 'NONE', #710, #1473, #896, .T. ) ;
#1581 = DIRECTION ( 'NONE',  ( 0.0000000000000000000, 0.0000000000000000000, 1.000000000000000000 ) ) ;
#1582 = DIRECTION ( 'NONE',  ( 0.0000000000000000000, 0.0000000000000000000, 1.000000000000000000 ) ) ;
#1583 = CARTESIAN_POINT ( 'NONE',  ( 74.06037882535385100, -4.000000000000000000, -529.4888449420872100 ) ) ;
#1584 = VECTOR ( 'NONE', #281, 1000.000000000000000 ) ;
#1585 = ADVANCED_BREP_SHAPE_REPRESENTATION ( 'XTZ750 Tenere - plotna', ( #1110, #767 ), #1167 ) ;
#1586 = AXIS2_PLACEMENT_3D ( 'NONE', #340, #482, #378 ) ;
#1587 = VECTOR ( 'NONE', #1664, 1000.000000000000000 ) ;
#1588 = DIRECTION ( 'NONE',  ( -0.0000000000000000000, -1.000000000000000000, -0.0000000000000000000 ) ) ;
#1589 = FACE_OUTER_BOUND ( 'NONE', #620, .T. ) ;
#1590 = CARTESIAN_POINT ( 'NONE',  ( -93.15644068379920400, 0.0000000000000000000, -413.9004120154557400 ) ) ;
#1591 = LINE ( 'NONE', #646, #957 ) ;
#1592 = VECTOR ( 'NONE', #1113, 1000.000000000000000 ) ;
#1593 = FACE_OUTER_BOUND ( 'NONE', #1049, .T. ) ;
#1594 = DIRECTION ( 'NONE',  ( 0.0000000000000000000, 0.0000000000000000000, 1.000000000000000000 ) ) ;
#1595 = DIRECTION ( 'NONE',  ( 0.0000000000000000000, 1.000000000000000000, 0.0000000000000000000 ) ) ;
#1596 = EDGE_LOOP ( 'NONE', ( #464, #12, #1215, #1144 ) ) ;
#1597 = DIRECTION ( 'NONE',  ( 1.052398908759263000E-014, 0.0000000000000000000, 1.000000000000000000 ) ) ;
#1598 = ORIENTED_EDGE ( 'NONE', *, *, #570, .T. ) ;
#1599 = ORIENTED_EDGE ( 'NONE', *, *, #195, .F. ) ;
#1600 = DIRECTION ( 'NONE',  ( 0.0000000000000000000, 1.000000000000000000, 0.0000000000000000000 ) ) ;
#1601 = EDGE_CURVE ( 'NONE', #1492, #861, #574, .T. ) ;
#1602 = CARTESIAN_POINT ( 'NONE',  ( -113.2664959570284700, -4.000000000000000000, -589.8399224104880400 ) ) ;
#1603 = DIRECTION ( 'NONE',  ( -0.0000000000000000000, -1.000000000000000000, -0.0000000000000000000 ) ) ;
#1604 = CARTESIAN_POINT ( 'NONE',  ( 116.0603788253551300, -4.000000000000000000, -545.2388449420872100 ) ) ;
#1605 = DATE_AND_TIME ( #345, #534 ) ;
#1606 = CARTESIAN_POINT ( 'NONE',  ( -117.9862120151066200, -4.000000000000000000, -679.4338246034586700 ) ) ;
#1607 = VECTOR ( 'NONE', #273, 1000.000000000000100 ) ;
#1608 = CIRCLE ( 'NONE', #639, 9.000000000000007100 ) ;
#1609 = AXIS2_PLACEMENT_3D ( 'NONE', #1104, #1247, #440 ) ;
#1610 = PLANE ( 'NONE',  #441 ) ;
#1611 = ORIENTED_EDGE ( 'NONE', *, *, #302, .F. ) ;
#1612 = DIRECTION ( 'NONE',  ( 0.0000000000000000000, 0.0000000000000000000, 1.000000000000000000 ) ) ;
#1613 = ADVANCED_FACE ( 'NONE', ( #1119 ), #1567, .F. ) ;
#1614 = ORIENTED_EDGE ( 'NONE', *, *, #1619, .T. ) ;
#1615 = VERTEX_POINT ( 'NONE', #823 ) ;
#1616 = CARTESIAN_POINT ( 'NONE',  ( 103.2771983345094500, -4.000000000000000000, -413.9004120154557400 ) ) ;
#1617 = AXIS2_PLACEMENT_3D ( 'NONE', #1045, #1188, #1581 ) ;
#1618 = EDGE_CURVE ( 'NONE', #984, #442, #279, .T. ) ;
#1619 = EDGE_CURVE ( 'NONE', #1663, #651, #1691, .T. ) ;
#1620 = DIRECTION ( 'NONE',  ( 0.0000000000000000000, 1.000000000000000000, 0.0000000000000000000 ) ) ;
#1621 = ADVANCED_FACE ( 'NONE', ( #1208 ), #199, .T. ) ;
#1622 = CARTESIAN_POINT ( 'NONE',  ( -105.9396211746448800, -4.000000000000000000, -547.7388449420872100 ) ) ;
#1623 = SHAPE_DEFINITION_REPRESENTATION ( #1153, #1585 ) ;
#1624 = FACE_BOUND ( 'NONE', #797, .T. ) ;
#1625 = LINE ( 'NONE', #252, #575 ) ;
#1626 = CARTESIAN_POINT ( 'NONE',  ( 53.82293984109806200, 0.0000000000000000000, -403.0447899833236500 ) ) ;
#1627 = CIRCLE ( 'NONE', #1263, 2.500000000000002200 ) ;
#1628 = DIRECTION ( 'NONE',  ( -0.0000000000000000000, -1.000000000000000000, -0.0000000000000000000 ) ) ;
#1629 = LINE ( 'NONE', #50, #419 ) ;
#1630 = AXIS2_PLACEMENT_3D ( 'NONE', #33, #1094, #297 ) ;
#1631 = EDGE_CURVE ( 'NONE', #674, #778, #476, .T. ) ;
#1632 = ORIENTED_EDGE ( 'NONE', *, *, #863, .T. ) ;
#1633 = ADVANCED_FACE ( 'NONE', ( #1190 ), #1610, .T. ) ;
#1634 = ORIENTED_EDGE ( 'NONE', *, *, #53, .T. ) ;
#1635 = DIRECTION ( 'NONE',  ( -0.0000000000000000000, -1.000000000000000000, -0.0000000000000000000 ) ) ;
#1636 = ORIENTED_EDGE ( 'NONE', *, *, #1401, .T. ) ;
#1637 = VERTEX_POINT ( 'NONE', #1246 ) ;
#1638 = ADVANCED_FACE ( 'NONE', ( #300 ), #868, .T. ) ;
#1639 = EDGE_CURVE ( 'NONE', #839, #1663, #109, .T. ) ;
#1640 = DIRECTION ( 'NONE',  ( 0.0000000000000000000, 1.000000000000000000, 0.0000000000000000000 ) ) ;
#1641 = VERTEX_POINT ( 'NONE', #1381 ) ;
#1642 = EDGE_CURVE ( 'NONE', #1474, #383, #1053, .T. ) ;
#1643 = CARTESIAN_POINT ( 'NONE',  ( 93.46353209766846200, 0.0000000000000000000, -407.0000203879877700 ) ) ;
#1644 = DIRECTION ( 'NONE',  ( 0.0000000000000000000, 1.000000000000000000, 0.0000000000000000000 ) ) ;
#1645 = LINE ( 'NONE', #1412, #972 ) ;
#1646 = VECTOR ( 'NONE', #1458, 1000.000000000000000 ) ;
#1647 = ADVANCED_FACE ( 'NONE', ( #1206 ), #179, .T. ) ;
#1648 = ADVANCED_FACE ( 'NONE', ( #1565 ), #1522, .F. ) ;
#1649 = FACE_BOUND ( 'NONE', #733, .T. ) ;
#1650 = DIRECTION ( 'NONE',  ( 0.0000000000000000000, 1.000000000000000000, 0.0000000000000000000 ) ) ;
#1651 = AXIS2_PLACEMENT_3D ( 'NONE', #1360, #1365, #1481 ) ;
#1652 = EDGE_CURVE ( 'NONE', #337, #1042, #832, .T. ) ;
#1653 = ORIENTED_EDGE ( 'NONE', *, *, #784, .F. ) ;
#1654 = CARTESIAN_POINT ( 'NONE',  ( -105.9396211746448800, -4.000000000000000000, -547.7388449420872100 ) ) ;
#1655 = EDGE_CURVE ( 'NONE', #408, #1492, #1012, .T. ) ;
#1656 = VERTEX_POINT ( 'NONE', #299 ) ;
#1657 = ORIENTED_EDGE ( 'NONE', *, *, #1229, .T. ) ;
#1658 = DIRECTION ( 'NONE',  ( 0.05260604523924299100, -0.0000000000000000000, -0.9986153433651451200 ) ) ;
#1659 = DIRECTION ( 'NONE',  ( 0.0000000000000000000, 1.000000000000000000, 0.0000000000000000000 ) ) ;
#1660 = DIRECTION ( 'NONE',  ( 0.0000000000000000000, 1.000000000000000000, 0.0000000000000000000 ) ) ;
#1661 = DIRECTION ( 'NONE',  ( 0.0000000000000000000, 1.000000000000000000, 0.0000000000000000000 ) ) ;
#1662 = ORIENTED_EDGE ( 'NONE', *, *, #968, .T. ) ;
#1663 = VERTEX_POINT ( 'NONE', #192 ) ;
#1664 = DIRECTION ( 'NONE',  ( -0.0000000000000000000, -1.000000000000000000, -0.0000000000000000000 ) ) ;
#1665 = AXIS2_PLACEMENT_3D ( 'NONE', #86, #622, #363 ) ;
#1666 = EDGE_CURVE ( 'NONE', #142, #387, #612, .T. ) ;
#1667 = DIRECTION ( 'NONE',  ( 0.0000000000000000000, 1.000000000000000000, 0.0000000000000000000 ) ) ;
#1668 = FACE_OUTER_BOUND ( 'NONE', #944, .T. ) ;
#1669 = DIRECTION ( 'NONE',  ( -1.052398908759263000E-014, 0.0000000000000000000, -1.000000000000000000 ) ) ;
#1670 = LINE ( 'NONE', #715, #324 ) ;
#1671 = LINE ( 'NONE', #1688, #284 ) ;
#1672 = VERTEX_POINT ( 'NONE', #848 ) ;
#1673 = CYLINDRICAL_SURFACE ( 'NONE', #511, 2.500000000000057700 ) ;
#1674 = CARTESIAN_POINT ( 'NONE',  ( -108.4996219380611000, -4.000000000000000000, -670.4338246034586700 ) ) ;
#1675 = VERTEX_POINT ( 'NONE', #450 ) ;
#1676 = AXIS2_PLACEMENT_3D ( 'NONE', #1574, #228, #617 ) ;
#1677 = PLANE ( 'NONE',  #735 ) ;
#1678 = DIRECTION ( 'NONE',  ( 0.0000000000000000000, 0.0000000000000000000, 1.000000000000000000 ) ) ;
#1679 = ORIENTED_EDGE ( 'NONE', *, *, #1401, .F. ) ;
#1680 = EDGE_LOOP ( 'NONE', ( #623, #1632, #123, #1748 ) ) ;
#1681 = EDGE_CURVE ( 'NONE', #780, #1724, #697, .T. ) ;
#1682 = EDGE_LOOP ( 'NONE', ( #1429, #1577, #472, #251 ) ) ;
#1683 = EDGE_LOOP ( 'NONE', ( #1662, #187 ) ) ;
#1684 = CC_DESIGN_APPROVAL ( #1393, ( #1297 ) ) ;
#1685 = DIRECTION ( 'NONE',  ( -0.0000000000000000000, -1.000000000000000000, -0.0000000000000000000 ) ) ;
#1686 = DIRECTION ( 'NONE',  ( 0.0000000000000000000, 1.000000000000000000, 0.0000000000000000000 ) ) ;
#1687 = DIRECTION ( 'NONE',  ( -0.0000000000000000000, -1.000000000000000000, -0.0000000000000000000 ) ) ;
#1688 = CARTESIAN_POINT ( 'NONE',  ( 53.03846805053871100, -4.000000000000000000, -403.0105361324077600 ) ) ;
#1689 = CARTESIAN_POINT ( 'NONE',  ( 93.46353209766846200, -4.000000000000000000, -407.0000203879877700 ) ) ;
#1690 = CARTESIAN_POINT ( 'NONE',  ( -113.2664959570272000, -4.000000000000000000, -469.8399224104879900 ) ) ;
#1691 = CIRCLE ( 'NONE', #893, 9.000000000000007100 ) ;
#1692 = EDGE_CURVE ( 'NONE', #1102, #1177, #1169, .T. ) ;
#1693 = DIRECTION ( 'NONE',  ( -0.0000000000000000000, -1.000000000000000000, -0.0000000000000000000 ) ) ;
#1694 = DIRECTION ( 'NONE',  ( 0.2358700498884832300, 0.0000000000000000000, 0.9717846055405510200 ) ) ;
#1695 = FACE_BOUND ( 'NONE', #1043, .T. ) ;
#1696 = APPROVAL_ROLE ( '' ) ;
#1697 = LINE ( 'NONE', #417, #1117 ) ;
#1698 = VECTOR ( 'NONE', #762, 1000.000000000000000 ) ;
#1699 = DIRECTION ( 'NONE',  ( -0.0000000000000000000, -1.000000000000000000, -0.0000000000000000000 ) ) ;
#1700 = LINE ( 'NONE', #384, #1340 ) ;
#1701 = ORIENTED_EDGE ( 'NONE', *, *, #369, .T. ) ;
#1702 = ORIENTED_EDGE ( 'NONE', *, *, #1307, .T. ) ;
#1703 = EDGE_CURVE ( 'NONE', #756, #467, #952, .T. ) ;
#1704 = CARTESIAN_POINT ( 'NONE',  ( -105.9396211746461500, -4.000000000000000000, -670.9888449420872100 ) ) ;
#1705 = ORIENTED_EDGE ( 'NONE', *, *, #1023, .F. ) ;
#1706 = DIRECTION ( 'NONE',  ( -0.0000000000000000000, -1.000000000000000000, -0.0000000000000000000 ) ) ;
#1707 = PERSON_AND_ORGANIZATION_ROLE ( 'creator' ) ;
#1708 = CARTESIAN_POINT ( 'NONE',  ( 53.03846805053871100, -4.000000000000000000, -412.0105361324077600 ) ) ;
#1709 = DIRECTION ( 'NONE',  ( 0.0000000000000000000, 1.000000000000000000, 0.0000000000000000000 ) ) ;
#1710 = CARTESIAN_POINT ( 'NONE',  ( -113.2664959570284700, 0.0000000000000000000, -589.8399224104880400 ) ) ;
#1711 = AXIS2_PLACEMENT_3D ( 'NONE', #532, #150, #1612 ) ;
#1712 = EDGE_CURVE ( 'NONE', #1555, #442, #852, .T. ) ;
#1713 = LINE ( 'NONE', #802, #699 ) ;
#1714 = EDGE_CURVE ( 'NONE', #1219, #522, #258, .T. ) ;
#1715 = CIRCLE ( 'NONE', #132, 2.500000000000002200 ) ;
#1716 = CIRCLE ( 'NONE', #1478, 3.249999999999975100 ) ;
#1717 = LINE ( 'NONE', #799, #1486 ) ;
#1718 = CC_DESIGN_PERSON_AND_ORGANIZATION_ASSIGNMENT ( #1397, #1296, ( #1447 ) ) ;
#1719 = DIRECTION ( 'NONE',  ( 0.0000000000000000000, 1.000000000000000000, 0.0000000000000000000 ) ) ;
#1720 = EDGE_LOOP ( 'NONE', ( #603, #502, #1285, #916 ) ) ;
#1721 = CARTESIAN_POINT ( 'NONE',  ( 74.06037882535385100, -4.000000000000000000, -532.7388449420872100 ) ) ;
#1722 = ORIENTED_EDGE ( 'NONE', *, *, #65, .F. ) ;
#1723 = ORIENTED_EDGE ( 'NONE', *, *, #573, .F. ) ;
#1724 = VERTEX_POINT ( 'NONE', #459 ) ;
#1725 = ORIENTED_EDGE ( 'NONE', *, *, #1442, .F. ) ;
#1726 = AXIS2_PLACEMENT_3D ( 'NONE', #820, #5, #554 ) ;
#1727 = VERTEX_POINT ( 'NONE', #614 ) ;
#1728 = EDGE_CURVE ( 'NONE', #507, #1042, #174, .T. ) ;
#1729 = CARTESIAN_POINT ( 'NONE',  ( -105.9396211746461500, -4.000000000000000000, -667.7388449420872100 ) ) ;
#1730 = DIRECTION ( 'NONE',  ( 0.0000000000000000000, 1.000000000000000000, 0.0000000000000000000 ) ) ;
#1731 = CARTESIAN_POINT ( 'NONE',  ( -113.2664959570272200, -4.000000000000000000, -470.9165260329279500 ) ) ;
#1732 = FACE_OUTER_BOUND ( 'NONE', #30, .T. ) ;
#1733 = AXIS2_PLACEMENT_3D ( 'NONE', #512, #1034, #116 ) ;
#1734 = APPROVAL_PERSON_ORGANIZATION ( #1288, #937, #1696 ) ;
#1735 = CIRCLE ( 'NONE', #351, 9.000000000000007100 ) ;
#1736 = DIRECTION ( 'NONE',  ( 0.0000000000000000000, 1.000000000000000000, 0.0000000000000000000 ) ) ;
#1737 = CYLINDRICAL_SURFACE ( 'NONE', #923, 3.249999999999975100 ) ;
#1738 = EDGE_CURVE ( 'NONE', #1083, #1641, #1645, .T. ) ;
#1739 = CARTESIAN_POINT ( 'NONE',  ( -80.48166684195001600, -4.000000000000000000, -406.2628677317560500 ) ) ;
#1740 = LINE ( 'NONE', #1320, #859 ) ;
#1741 = ORIENTED_EDGE ( 'NONE', *, *, #147, .T. ) ;
#1742 = VERTEX_POINT ( 'NONE', #899 ) ;
#1743 = CARTESIAN_POINT ( 'NONE',  ( 116.0603788253538700, -4.000000000000000000, -670.9888449420872100 ) ) ;
#1744 = EDGE_LOOP ( 'NONE', ( #1432, #1366, #1452, #1575 ) ) ;
#1745 = CARTESIAN_POINT ( 'NONE',  ( -105.9396211746461500, 0.0000000000000000000, -667.7388449420872100 ) ) ;
#1746 = ORIENTED_EDGE ( 'NONE', *, *, #1089, .T. ) ;
#1747 = DIRECTION ( 'NONE',  ( 0.0000000000000000000, 1.000000000000000000, 0.0000000000000000000 ) ) ;
#1748 = ORIENTED_EDGE ( 'NONE', *, *, #37, .T. ) ;
#1749 = AXIS2_PLACEMENT_3D ( 'NONE', #1302, #501, #886 ) ;
#1750 = ORIENTED_EDGE ( 'NONE', *, *, #1001, .F. ) ;
#1751 = EDGE_CURVE ( 'NONE', #1243, #266, #1149, .T. ) ;
#1752 = CARTESIAN_POINT ( 'NONE',  ( -117.9862120151066200, -4.000000000000000000, -679.4338246034586700 ) ) ;
ENDSEC;
END-ISO-10303-21;
