ISO-10303-21;
HEADER;
/*Generated by software containing ST-Developer
 * from STEP Tools, Inc. (www.steptools.com) 
 */
/*OPTION: using custom renumber hook */
/*description */
/*implementation_level */
FILE_DESCRIPTION(('STEP AP242 Edition 2','STEP AP242 Edition 2''CAx-IF Rec.Pracs.---Representation and Presentation of Product Manufa
cturing Information (PMI)---4.0---2014-10-13','STEP AP242 Edition 2''CAx-IF Rec.Pracs.---Representation and Presentation of Product Manufa
cturing Information (PMI)---4.0---2014-10-13''CAx-IF Rec.Pracs.---3D Tessellated Geometry---0.4---2014-09-14','STEP AP242 Edition 2''CAx-IF Rec.Pracs.---Representation and Presentation of Product Manufa
cturing Information (PMI)---4.0---2014-10-13''CAx-IF Rec.Pracs.---3D Tessellated Geometry---0.4---2014-09-14''2;1','STEP AP242 Edition 2''CAx-IF Rec.Pracs.---Representation and Presentation of Product Manufa
cturing Information (PMI)---4.0---2014-10-13''CAx-IF Rec.Pracs.---3D Tessellated Geometry---0.4---2014-09-14''2;1''CAx-IF Rec.Pracs.---User Defined Attributes---1.5---2016-08-15'),'2;1');
/*name */
/*time_stamp */
/*author */
/*organization */
/*preprocessor_version */
/*originating_system */
/*authorisation */
FILE_NAME('/vol/tmp/translate-11554492133362010124/Bracket - Support bracket.step','2026-03-27T16:25:04',(''),(''),'ST-DEVELOPER v20','ONSHAPE BY PTC INC, 1.212','  ');
FILE_SCHEMA(('AP242_MANAGED_MODEL_BASED_3D_ENGINEERING_MIM_LF { 1 0 10303 442 3 1 4 }'));
ENDSEC;
DATA;
#10=SHAPE_REPRESENTATION_RELATIONSHIP('','',#2183,#11);
#11=ADVANCED_BREP_SHAPE_REPRESENTATION('',(#2181),#3675);
#12=CYLINDRICAL_SURFACE('',#2241,0.375);
#13=CYLINDRICAL_SURFACE('',#2242,0.4375);
#14=CYLINDRICAL_SURFACE('',#2243,0.068);
#15=CYLINDRICAL_SURFACE('',#2244,0.068);
#16=CYLINDRICAL_SURFACE('',#2245,0.068);
#17=CYLINDRICAL_SURFACE('',#2246,0.4375);
#18=CYLINDRICAL_SURFACE('',#2247,0.068);
#19=CYLINDRICAL_SURFACE('',#2248,0.4375);
#20=CYLINDRICAL_SURFACE('',#2249,0.068);
#21=CYLINDRICAL_SURFACE('',#2250,0.068);
#22=CYLINDRICAL_SURFACE('',#2251,0.4375);
#23=CYLINDRICAL_SURFACE('',#2252,0.375);
#24=CYLINDRICAL_SURFACE('',#2253,0.375);
#25=CYLINDRICAL_SURFACE('',#2254,0.375);
#26=CYLINDRICAL_SURFACE('',#2255,0.375);
#27=CYLINDRICAL_SURFACE('',#2256,0.375);
#28=CYLINDRICAL_SURFACE('',#2257,0.375);
#29=CYLINDRICAL_SURFACE('',#2258,0.375);
#30=CYLINDRICAL_SURFACE('',#2259,0.375);
#31=CYLINDRICAL_SURFACE('',#2260,0.068);
#32=CYLINDRICAL_SURFACE('',#2261,0.068);
#33=CYLINDRICAL_SURFACE('',#2262,0.4375);
#34=CYLINDRICAL_SURFACE('',#2263,0.068);
#35=CYLINDRICAL_SURFACE('',#2264,0.068);
#36=CYLINDRICAL_SURFACE('',#2265,0.375);
#37=CYLINDRICAL_SURFACE('',#2266,0.375);
#38=CYLINDRICAL_SURFACE('',#2267,0.375);
#39=CYLINDRICAL_SURFACE('',#2270,0.197);
#40=CYLINDRICAL_SURFACE('',#2274,0.197);
#41=CYLINDRICAL_SURFACE('',#2285,0.25);
#42=CYLINDRICAL_SURFACE('',#2286,0.25);
#43=CYLINDRICAL_SURFACE('',#2293,0.117370078740157);
#44=CYLINDRICAL_SURFACE('',#2294,0.0393700787401575);
#45=CYLINDRICAL_SURFACE('',#2297,0.197);
#46=CYLINDRICAL_SURFACE('',#2301,0.197);
#47=CYLINDRICAL_SURFACE('',#2312,0.25);
#48=CYLINDRICAL_SURFACE('',#2313,0.25);
#49=CYLINDRICAL_SURFACE('',#2320,0.117370078740157);
#50=CYLINDRICAL_SURFACE('',#2321,0.0393700787401575);
#51=CYLINDRICAL_SURFACE('',#2343,0.08475);
#52=CYLINDRICAL_SURFACE('',#2344,0.08475);
#53=CYLINDRICAL_SURFACE('',#2345,0.08475);
#54=CYLINDRICAL_SURFACE('',#2346,0.08475);
#55=CYLINDRICAL_SURFACE('',#2347,0.08475);
#56=CYLINDRICAL_SURFACE('',#2348,0.08475);
#57=CYLINDRICAL_SURFACE('',#2349,0.25);
#58=CYLINDRICAL_SURFACE('',#2350,0.25);
#59=CYLINDRICAL_SURFACE('',#2357,0.117370078740157);
#60=CYLINDRICAL_SURFACE('',#2360,0.0393700787401575);
#61=CYLINDRICAL_SURFACE('',#2377,0.117370078740157);
#62=CYLINDRICAL_SURFACE('',#2378,0.0393700787401575);
#63=CYLINDRICAL_SURFACE('',#2400,0.08475);
#64=CYLINDRICAL_SURFACE('',#2401,0.08475);
#65=CYLINDRICAL_SURFACE('',#2402,0.08475);
#66=CYLINDRICAL_SURFACE('',#2403,0.08475);
#67=CYLINDRICAL_SURFACE('',#2404,0.08475);
#68=CYLINDRICAL_SURFACE('',#2405,0.08475);
#69=CYLINDRICAL_SURFACE('',#2406,0.25);
#70=CYLINDRICAL_SURFACE('',#2407,0.25);
#71=CYLINDRICAL_SURFACE('',#2414,0.117370078740157);
#72=CYLINDRICAL_SURFACE('',#2417,0.0393700787401575);
#73=CYLINDRICAL_SURFACE('',#2434,0.117370078740157);
#74=CYLINDRICAL_SURFACE('',#2435,0.0393700787401575);
#75=LINE('',#3140,#219);
#76=LINE('',#3143,#220);
#77=LINE('',#3145,#221);
#78=LINE('',#3147,#222);
#79=LINE('',#3203,#223);
#80=LINE('',#3206,#224);
#81=LINE('',#3208,#225);
#82=LINE('',#3210,#226);
#83=LINE('',#3239,#227);
#84=LINE('',#3242,#228);
#85=LINE('',#3244,#229);
#86=LINE('',#3246,#230);
#87=LINE('',#3248,#231);
#88=LINE('',#3251,#232);
#89=LINE('',#3253,#233);
#90=LINE('',#3255,#234);
#91=LINE('',#3257,#235);
#92=LINE('',#3262,#236);
#93=LINE('',#3266,#237);
#94=LINE('',#3268,#238);
#95=LINE('',#3270,#239);
#96=LINE('',#3274,#240);
#97=LINE('',#3278,#241);
#98=LINE('',#3279,#242);
#99=LINE('',#3281,#243);
#100=LINE('',#3284,#244);
#101=LINE('',#3286,#245);
#102=LINE('',#3288,#246);
#103=LINE('',#3292,#247);
#104=LINE('',#3295,#248);
#105=LINE('',#3300,#249);
#106=LINE('',#3305,#250);
#107=LINE('',#3310,#251);
#108=LINE('',#3313,#252);
#109=LINE('',#3315,#253);
#110=LINE('',#3317,#254);
#111=LINE('',#3319,#255);
#112=LINE('',#3322,#256);
#113=LINE('',#3324,#257);
#114=LINE('',#3326,#258);
#115=LINE('',#3328,#259);
#116=LINE('',#3333,#260);
#117=LINE('',#3337,#261);
#118=LINE('',#3339,#262);
#119=LINE('',#3341,#263);
#120=LINE('',#3345,#264);
#121=LINE('',#3349,#265);
#122=LINE('',#3350,#266);
#123=LINE('',#3352,#267);
#124=LINE('',#3355,#268);
#125=LINE('',#3357,#269);
#126=LINE('',#3359,#270);
#127=LINE('',#3363,#271);
#128=LINE('',#3366,#272);
#129=LINE('',#3371,#273);
#130=LINE('',#3376,#274);
#131=LINE('',#3381,#275);
#132=LINE('',#3384,#276);
#133=LINE('',#3386,#277);
#134=LINE('',#3388,#278);
#135=LINE('',#3390,#279);
#136=LINE('',#3393,#280);
#137=LINE('',#3395,#281);
#138=LINE('',#3397,#282);
#139=LINE('',#3399,#283);
#140=LINE('',#3402,#284);
#141=LINE('',#3404,#285);
#142=LINE('',#3406,#286);
#143=LINE('',#3422,#287);
#144=LINE('',#3437,#288);
#145=LINE('',#3448,#289);
#146=LINE('',#3454,#290);
#147=LINE('',#3458,#291);
#148=LINE('',#3460,#292);
#149=LINE('',#3468,#293);
#150=LINE('',#3470,#294);
#151=LINE('',#3472,#295);
#152=LINE('',#3475,#296);
#153=LINE('',#3477,#297);
#154=LINE('',#3479,#298);
#155=LINE('',#3481,#299);
#156=LINE('',#3483,#300);
#157=LINE('',#3485,#301);
#158=LINE('',#3487,#302);
#159=LINE('',#3489,#303);
#160=LINE('',#3491,#304);
#161=LINE('',#3493,#305);
#162=LINE('',#3495,#306);
#163=LINE('',#3497,#307);
#164=LINE('',#3499,#308);
#165=LINE('',#3501,#309);
#166=LINE('',#3504,#310);
#167=LINE('',#3505,#311);
#168=LINE('',#3507,#312);
#169=LINE('',#3509,#313);
#170=LINE('',#3511,#314);
#171=LINE('',#3513,#315);
#172=LINE('',#3514,#316);
#173=LINE('',#3516,#317);
#174=LINE('',#3518,#318);
#175=LINE('',#3528,#319);
#176=LINE('',#3531,#320);
#177=LINE('',#3533,#321);
#178=LINE('',#3535,#322);
#179=LINE('',#3537,#323);
#180=LINE('',#3540,#324);
#181=LINE('',#3542,#325);
#182=LINE('',#3544,#326);
#183=LINE('',#3546,#327);
#184=LINE('',#3549,#328);
#185=LINE('',#3551,#329);
#186=LINE('',#3553,#330);
#187=LINE('',#3568,#331);
#188=LINE('',#3585,#332);
#189=LINE('',#3595,#333);
#190=LINE('',#3601,#334);
#191=LINE('',#3605,#335);
#192=LINE('',#3607,#336);
#193=LINE('',#3613,#337);
#194=LINE('',#3617,#338);
#195=LINE('',#3619,#339);
#196=LINE('',#3622,#340);
#197=LINE('',#3624,#341);
#198=LINE('',#3626,#342);
#199=LINE('',#3628,#343);
#200=LINE('',#3630,#344);
#201=LINE('',#3632,#345);
#202=LINE('',#3634,#346);
#203=LINE('',#3636,#347);
#204=LINE('',#3638,#348);
#205=LINE('',#3640,#349);
#206=LINE('',#3642,#350);
#207=LINE('',#3643,#351);
#208=LINE('',#3645,#352);
#209=LINE('',#3647,#353);
#210=LINE('',#3649,#354);
#211=LINE('',#3651,#355);
#212=LINE('',#3653,#356);
#213=LINE('',#3655,#357);
#214=LINE('',#3657,#358);
#215=LINE('',#3660,#359);
#216=LINE('',#3661,#360);
#217=LINE('',#3663,#361);
#218=LINE('',#3665,#362);
#219=VECTOR('',#2494,39.3700787401575);
#220=VECTOR('',#2495,39.3700787401575);
#221=VECTOR('',#2496,39.3700787401575);
#222=VECTOR('',#2497,39.3700787401575);
#223=VECTOR('',#2554,39.3700787401575);
#224=VECTOR('',#2555,39.3700787401575);
#225=VECTOR('',#2556,39.3700787401575);
#226=VECTOR('',#2557,39.3700787401575);
#227=VECTOR('',#2614,39.3700787401575);
#228=VECTOR('',#2615,39.3700787401575);
#229=VECTOR('',#2616,39.3700787401575);
#230=VECTOR('',#2617,39.3700787401575);
#231=VECTOR('',#2620,39.3700787401575);
#232=VECTOR('',#2621,39.3700787401575);
#233=VECTOR('',#2622,39.3700787401575);
#234=VECTOR('',#2623,39.3700787401575);
#235=VECTOR('',#2626,39.3700787401575);
#236=VECTOR('',#2629,39.3700787401575);
#237=VECTOR('',#2634,39.3700787401575);
#238=VECTOR('',#2635,39.3700787401575);
#239=VECTOR('',#2636,39.3700787401575);
#240=VECTOR('',#2641,39.3700787401575);
#241=VECTOR('',#2646,39.3700787401575);
#242=VECTOR('',#2647,39.3700787401575);
#243=VECTOR('',#2650,39.3700787401575);
#244=VECTOR('',#2651,39.3700787401575);
#245=VECTOR('',#2652,39.3700787401575);
#246=VECTOR('',#2653,39.3700787401575);
#247=VECTOR('',#2660,39.3700787401575);
#248=VECTOR('',#2665,39.3700787401575);
#249=VECTOR('',#2674,39.3700787401575);
#250=VECTOR('',#2683,39.3700787401575);
#251=VECTOR('',#2692,39.3700787401575);
#252=VECTOR('',#2693,39.3700787401575);
#253=VECTOR('',#2694,39.3700787401575);
#254=VECTOR('',#2695,39.3700787401575);
#255=VECTOR('',#2698,39.3700787401575);
#256=VECTOR('',#2699,39.3700787401575);
#257=VECTOR('',#2700,39.3700787401575);
#258=VECTOR('',#2701,39.3700787401575);
#259=VECTOR('',#2704,39.3700787401575);
#260=VECTOR('',#2707,39.3700787401575);
#261=VECTOR('',#2712,39.3700787401575);
#262=VECTOR('',#2713,39.3700787401575);
#263=VECTOR('',#2714,39.3700787401575);
#264=VECTOR('',#2719,39.3700787401575);
#265=VECTOR('',#2724,39.3700787401575);
#266=VECTOR('',#2725,39.3700787401575);
#267=VECTOR('',#2728,39.3700787401575);
#268=VECTOR('',#2729,39.3700787401575);
#269=VECTOR('',#2730,39.3700787401575);
#270=VECTOR('',#2731,39.3700787401575);
#271=VECTOR('',#2738,39.3700787401575);
#272=VECTOR('',#2743,39.3700787401575);
#273=VECTOR('',#2752,39.3700787401575);
#274=VECTOR('',#2761,39.3700787401575);
#275=VECTOR('',#2770,39.3700787401575);
#276=VECTOR('',#2771,39.3700787401575);
#277=VECTOR('',#2772,39.3700787401575);
#278=VECTOR('',#2773,39.3700787401575);
#279=VECTOR('',#2776,39.3700787401575);
#280=VECTOR('',#2777,39.3700787401575);
#281=VECTOR('',#2778,39.3700787401575);
#282=VECTOR('',#2779,39.3700787401575);
#283=VECTOR('',#2782,39.3700787401575);
#284=VECTOR('',#2783,39.3700787401575);
#285=VECTOR('',#2784,39.3700787401575);
#286=VECTOR('',#2785,39.3700787401575);
#287=VECTOR('',#2804,39.3700787401575);
#288=VECTOR('',#2821,39.3700787401575);
#289=VECTOR('',#2842,39.3700787401575);
#290=VECTOR('',#2847,39.3700787401575);
#291=VECTOR('',#2852,39.3700787401575);
#292=VECTOR('',#2853,39.3700787401575);
#293=VECTOR('',#2862,39.3700787401575);
#294=VECTOR('',#2865,39.3700787401575);
#295=VECTOR('',#2868,39.3700787401575);
#296=VECTOR('',#2869,39.3700787401575);
#297=VECTOR('',#2870,39.3700787401575);
#298=VECTOR('',#2871,39.3700787401575);
#299=VECTOR('',#2874,39.3700787401575);
#300=VECTOR('',#2875,39.3700787401575);
#301=VECTOR('',#2878,39.3700787401575);
#302=VECTOR('',#2879,39.3700787401575);
#303=VECTOR('',#2882,39.3700787401575);
#304=VECTOR('',#2883,39.3700787401575);
#305=VECTOR('',#2884,39.3700787401575);
#306=VECTOR('',#2887,39.3700787401575);
#307=VECTOR('',#2888,39.3700787401575);
#308=VECTOR('',#2889,39.3700787401575);
#309=VECTOR('',#2892,39.3700787401575);
#310=VECTOR('',#2893,39.3700787401575);
#311=VECTOR('',#2894,39.3700787401575);
#312=VECTOR('',#2897,39.3700787401575);
#313=VECTOR('',#2898,39.3700787401575);
#314=VECTOR('',#2899,39.3700787401575);
#315=VECTOR('',#2902,39.3700787401575);
#316=VECTOR('',#2903,39.3700787401575);
#317=VECTOR('',#2906,39.3700787401575);
#318=VECTOR('',#2909,39.3700787401575);
#319=VECTOR('',#2928,39.3700787401575);
#320=VECTOR('',#2929,39.3700787401575);
#321=VECTOR('',#2930,39.3700787401575);
#322=VECTOR('',#2931,39.3700787401575);
#323=VECTOR('',#2934,39.3700787401575);
#324=VECTOR('',#2935,39.3700787401575);
#325=VECTOR('',#2936,39.3700787401575);
#326=VECTOR('',#2937,39.3700787401575);
#327=VECTOR('',#2940,39.3700787401575);
#328=VECTOR('',#2941,39.3700787401575);
#329=VECTOR('',#2942,39.3700787401575);
#330=VECTOR('',#2943,39.3700787401575);
#331=VECTOR('',#2960,39.3700787401575);
#332=VECTOR('',#2981,39.3700787401575);
#333=VECTOR('',#3000,39.3700787401575);
#334=VECTOR('',#3005,39.3700787401575);
#335=VECTOR('',#3010,39.3700787401575);
#336=VECTOR('',#3011,39.3700787401575);
#337=VECTOR('',#3018,39.3700787401575);
#338=VECTOR('',#3023,39.3700787401575);
#339=VECTOR('',#3026,39.3700787401575);
#340=VECTOR('',#3027,39.3700787401575);
#341=VECTOR('',#3028,39.3700787401575);
#342=VECTOR('',#3029,39.3700787401575);
#343=VECTOR('',#3032,39.3700787401575);
#344=VECTOR('',#3033,39.3700787401575);
#345=VECTOR('',#3036,39.3700787401575);
#346=VECTOR('',#3037,39.3700787401575);
#347=VECTOR('',#3040,39.3700787401575);
#348=VECTOR('',#3041,39.3700787401575);
#349=VECTOR('',#3042,39.3700787401575);
#350=VECTOR('',#3045,39.3700787401575);
#351=VECTOR('',#3046,39.3700787401575);
#352=VECTOR('',#3049,39.3700787401575);
#353=VECTOR('',#3050,39.3700787401575);
#354=VECTOR('',#3051,39.3700787401575);
#355=VECTOR('',#3054,39.3700787401575);
#356=VECTOR('',#3055,39.3700787401575);
#357=VECTOR('',#3056,39.3700787401575);
#358=VECTOR('',#3059,39.3700787401575);
#359=VECTOR('',#3060,39.3700787401575);
#360=VECTOR('',#3061,39.3700787401575);
#361=VECTOR('',#3064,39.3700787401575);
#362=VECTOR('',#3067,39.3700787401575);
#363=ORIENTED_EDGE('',*,*,#911,.T.);
#364=ORIENTED_EDGE('',*,*,#912,.T.);
#365=ORIENTED_EDGE('',*,*,#913,.T.);
#366=ORIENTED_EDGE('',*,*,#914,.T.);
#367=ORIENTED_EDGE('',*,*,#915,.T.);
#368=ORIENTED_EDGE('',*,*,#916,.T.);
#369=ORIENTED_EDGE('',*,*,#917,.T.);
#370=ORIENTED_EDGE('',*,*,#918,.T.);
#371=ORIENTED_EDGE('',*,*,#919,.T.);
#372=ORIENTED_EDGE('',*,*,#920,.T.);
#373=ORIENTED_EDGE('',*,*,#921,.T.);
#374=ORIENTED_EDGE('',*,*,#922,.T.);
#375=ORIENTED_EDGE('',*,*,#923,.T.);
#376=ORIENTED_EDGE('',*,*,#924,.T.);
#377=ORIENTED_EDGE('',*,*,#925,.T.);
#378=ORIENTED_EDGE('',*,*,#926,.T.);
#379=ORIENTED_EDGE('',*,*,#927,.T.);
#380=ORIENTED_EDGE('',*,*,#928,.T.);
#381=ORIENTED_EDGE('',*,*,#929,.T.);
#382=ORIENTED_EDGE('',*,*,#930,.T.);
#383=ORIENTED_EDGE('',*,*,#931,.T.);
#384=ORIENTED_EDGE('',*,*,#932,.T.);
#385=ORIENTED_EDGE('',*,*,#933,.T.);
#386=ORIENTED_EDGE('',*,*,#934,.T.);
#387=ORIENTED_EDGE('',*,*,#935,.T.);
#388=ORIENTED_EDGE('',*,*,#936,.T.);
#389=ORIENTED_EDGE('',*,*,#937,.T.);
#390=ORIENTED_EDGE('',*,*,#938,.T.);
#391=ORIENTED_EDGE('',*,*,#939,.F.);
#392=ORIENTED_EDGE('',*,*,#940,.T.);
#393=ORIENTED_EDGE('',*,*,#941,.T.);
#394=ORIENTED_EDGE('',*,*,#942,.T.);
#395=ORIENTED_EDGE('',*,*,#943,.T.);
#396=ORIENTED_EDGE('',*,*,#944,.T.);
#397=ORIENTED_EDGE('',*,*,#945,.T.);
#398=ORIENTED_EDGE('',*,*,#946,.T.);
#399=ORIENTED_EDGE('',*,*,#947,.T.);
#400=ORIENTED_EDGE('',*,*,#948,.T.);
#401=ORIENTED_EDGE('',*,*,#949,.T.);
#402=ORIENTED_EDGE('',*,*,#950,.T.);
#403=ORIENTED_EDGE('',*,*,#951,.T.);
#404=ORIENTED_EDGE('',*,*,#952,.T.);
#405=ORIENTED_EDGE('',*,*,#953,.T.);
#406=ORIENTED_EDGE('',*,*,#954,.T.);
#407=ORIENTED_EDGE('',*,*,#955,.T.);
#408=ORIENTED_EDGE('',*,*,#956,.T.);
#409=ORIENTED_EDGE('',*,*,#957,.T.);
#410=ORIENTED_EDGE('',*,*,#958,.T.);
#411=ORIENTED_EDGE('',*,*,#959,.T.);
#412=ORIENTED_EDGE('',*,*,#960,.T.);
#413=ORIENTED_EDGE('',*,*,#961,.T.);
#414=ORIENTED_EDGE('',*,*,#962,.T.);
#415=ORIENTED_EDGE('',*,*,#963,.T.);
#416=ORIENTED_EDGE('',*,*,#964,.T.);
#417=ORIENTED_EDGE('',*,*,#965,.T.);
#418=ORIENTED_EDGE('',*,*,#966,.T.);
#419=ORIENTED_EDGE('',*,*,#967,.T.);
#420=ORIENTED_EDGE('',*,*,#968,.T.);
#421=ORIENTED_EDGE('',*,*,#969,.T.);
#422=ORIENTED_EDGE('',*,*,#970,.F.);
#423=ORIENTED_EDGE('',*,*,#971,.F.);
#424=ORIENTED_EDGE('',*,*,#972,.F.);
#425=ORIENTED_EDGE('',*,*,#937,.F.);
#426=ORIENTED_EDGE('',*,*,#968,.F.);
#427=ORIENTED_EDGE('',*,*,#936,.F.);
#428=ORIENTED_EDGE('',*,*,#967,.F.);
#429=ORIENTED_EDGE('',*,*,#935,.F.);
#430=ORIENTED_EDGE('',*,*,#966,.F.);
#431=ORIENTED_EDGE('',*,*,#934,.F.);
#432=ORIENTED_EDGE('',*,*,#965,.F.);
#433=ORIENTED_EDGE('',*,*,#933,.F.);
#434=ORIENTED_EDGE('',*,*,#964,.F.);
#435=ORIENTED_EDGE('',*,*,#932,.F.);
#436=ORIENTED_EDGE('',*,*,#963,.F.);
#437=ORIENTED_EDGE('',*,*,#931,.F.);
#438=ORIENTED_EDGE('',*,*,#962,.F.);
#439=ORIENTED_EDGE('',*,*,#930,.F.);
#440=ORIENTED_EDGE('',*,*,#961,.F.);
#441=ORIENTED_EDGE('',*,*,#929,.F.);
#442=ORIENTED_EDGE('',*,*,#960,.F.);
#443=ORIENTED_EDGE('',*,*,#928,.F.);
#444=ORIENTED_EDGE('',*,*,#959,.F.);
#445=ORIENTED_EDGE('',*,*,#927,.F.);
#446=ORIENTED_EDGE('',*,*,#958,.F.);
#447=ORIENTED_EDGE('',*,*,#926,.F.);
#448=ORIENTED_EDGE('',*,*,#957,.F.);
#449=ORIENTED_EDGE('',*,*,#925,.F.);
#450=ORIENTED_EDGE('',*,*,#956,.F.);
#451=ORIENTED_EDGE('',*,*,#924,.F.);
#452=ORIENTED_EDGE('',*,*,#955,.F.);
#453=ORIENTED_EDGE('',*,*,#923,.F.);
#454=ORIENTED_EDGE('',*,*,#954,.F.);
#455=ORIENTED_EDGE('',*,*,#922,.F.);
#456=ORIENTED_EDGE('',*,*,#953,.F.);
#457=ORIENTED_EDGE('',*,*,#921,.F.);
#458=ORIENTED_EDGE('',*,*,#952,.F.);
#459=ORIENTED_EDGE('',*,*,#920,.F.);
#460=ORIENTED_EDGE('',*,*,#951,.F.);
#461=ORIENTED_EDGE('',*,*,#919,.F.);
#462=ORIENTED_EDGE('',*,*,#950,.F.);
#463=ORIENTED_EDGE('',*,*,#918,.F.);
#464=ORIENTED_EDGE('',*,*,#949,.F.);
#465=ORIENTED_EDGE('',*,*,#917,.F.);
#466=ORIENTED_EDGE('',*,*,#948,.F.);
#467=ORIENTED_EDGE('',*,*,#916,.F.);
#468=ORIENTED_EDGE('',*,*,#947,.F.);
#469=ORIENTED_EDGE('',*,*,#915,.F.);
#470=ORIENTED_EDGE('',*,*,#946,.F.);
#471=ORIENTED_EDGE('',*,*,#914,.F.);
#472=ORIENTED_EDGE('',*,*,#945,.F.);
#473=ORIENTED_EDGE('',*,*,#913,.F.);
#474=ORIENTED_EDGE('',*,*,#944,.F.);
#475=ORIENTED_EDGE('',*,*,#912,.F.);
#476=ORIENTED_EDGE('',*,*,#943,.F.);
#477=ORIENTED_EDGE('',*,*,#911,.F.);
#478=ORIENTED_EDGE('',*,*,#942,.F.);
#479=ORIENTED_EDGE('',*,*,#973,.T.);
#480=ORIENTED_EDGE('',*,*,#974,.T.);
#481=ORIENTED_EDGE('',*,*,#975,.F.);
#482=ORIENTED_EDGE('',*,*,#976,.T.);
#483=ORIENTED_EDGE('',*,*,#977,.T.);
#484=ORIENTED_EDGE('',*,*,#978,.T.);
#485=ORIENTED_EDGE('',*,*,#979,.F.);
#486=ORIENTED_EDGE('',*,*,#980,.T.);
#487=ORIENTED_EDGE('',*,*,#981,.F.);
#488=ORIENTED_EDGE('',*,*,#982,.F.);
#489=ORIENTED_EDGE('',*,*,#983,.T.);
#490=ORIENTED_EDGE('',*,*,#984,.T.);
#491=ORIENTED_EDGE('',*,*,#983,.F.);
#492=ORIENTED_EDGE('',*,*,#985,.F.);
#493=ORIENTED_EDGE('',*,*,#986,.T.);
#494=ORIENTED_EDGE('',*,*,#987,.T.);
#495=ORIENTED_EDGE('',*,*,#986,.F.);
#496=ORIENTED_EDGE('',*,*,#988,.F.);
#497=ORIENTED_EDGE('',*,*,#989,.T.);
#498=ORIENTED_EDGE('',*,*,#990,.T.);
#499=ORIENTED_EDGE('',*,*,#991,.T.);
#500=ORIENTED_EDGE('',*,*,#981,.T.);
#501=ORIENTED_EDGE('',*,*,#992,.F.);
#502=ORIENTED_EDGE('',*,*,#989,.F.);
#503=ORIENTED_EDGE('',*,*,#993,.F.);
#504=ORIENTED_EDGE('',*,*,#994,.T.);
#505=ORIENTED_EDGE('',*,*,#995,.T.);
#506=ORIENTED_EDGE('',*,*,#996,.F.);
#507=ORIENTED_EDGE('',*,*,#990,.F.);
#508=ORIENTED_EDGE('',*,*,#992,.T.);
#509=ORIENTED_EDGE('',*,*,#984,.F.);
#510=ORIENTED_EDGE('',*,*,#987,.F.);
#511=ORIENTED_EDGE('',*,*,#995,.F.);
#512=ORIENTED_EDGE('',*,*,#997,.T.);
#513=ORIENTED_EDGE('',*,*,#973,.F.);
#514=ORIENTED_EDGE('',*,*,#998,.T.);
#515=ORIENTED_EDGE('',*,*,#977,.F.);
#516=ORIENTED_EDGE('',*,*,#999,.F.);
#517=ORIENTED_EDGE('',*,*,#988,.T.);
#518=ORIENTED_EDGE('',*,*,#985,.T.);
#519=ORIENTED_EDGE('',*,*,#982,.T.);
#520=ORIENTED_EDGE('',*,*,#991,.F.);
#521=ORIENTED_EDGE('',*,*,#975,.T.);
#522=ORIENTED_EDGE('',*,*,#1000,.T.);
#523=ORIENTED_EDGE('',*,*,#993,.T.);
#524=ORIENTED_EDGE('',*,*,#1001,.T.);
#525=ORIENTED_EDGE('',*,*,#979,.T.);
#526=ORIENTED_EDGE('',*,*,#1002,.T.);
#527=ORIENTED_EDGE('',*,*,#1000,.F.);
#528=ORIENTED_EDGE('',*,*,#974,.F.);
#529=ORIENTED_EDGE('',*,*,#997,.F.);
#530=ORIENTED_EDGE('',*,*,#994,.F.);
#531=ORIENTED_EDGE('',*,*,#1002,.F.);
#532=ORIENTED_EDGE('',*,*,#978,.F.);
#533=ORIENTED_EDGE('',*,*,#998,.F.);
#534=ORIENTED_EDGE('',*,*,#976,.F.);
#535=ORIENTED_EDGE('',*,*,#1003,.T.);
#536=ORIENTED_EDGE('',*,*,#1004,.F.);
#537=ORIENTED_EDGE('',*,*,#980,.F.);
#538=ORIENTED_EDGE('',*,*,#1005,.T.);
#539=ORIENTED_EDGE('',*,*,#996,.T.);
#540=ORIENTED_EDGE('',*,*,#1006,.T.);
#541=ORIENTED_EDGE('',*,*,#1007,.F.);
#542=ORIENTED_EDGE('',*,*,#1008,.F.);
#543=ORIENTED_EDGE('',*,*,#1008,.T.);
#544=ORIENTED_EDGE('',*,*,#970,.T.);
#545=ORIENTED_EDGE('',*,*,#1005,.F.);
#546=ORIENTED_EDGE('',*,*,#1001,.F.);
#547=ORIENTED_EDGE('',*,*,#1006,.F.);
#548=ORIENTED_EDGE('',*,*,#999,.T.);
#549=ORIENTED_EDGE('',*,*,#1004,.T.);
#550=ORIENTED_EDGE('',*,*,#938,.F.);
#551=ORIENTED_EDGE('',*,*,#1009,.T.);
#552=ORIENTED_EDGE('',*,*,#1010,.T.);
#553=ORIENTED_EDGE('',*,*,#1011,.F.);
#554=ORIENTED_EDGE('',*,*,#1012,.T.);
#555=ORIENTED_EDGE('',*,*,#1013,.T.);
#556=ORIENTED_EDGE('',*,*,#1014,.T.);
#557=ORIENTED_EDGE('',*,*,#1015,.F.);
#558=ORIENTED_EDGE('',*,*,#1016,.T.);
#559=ORIENTED_EDGE('',*,*,#1017,.F.);
#560=ORIENTED_EDGE('',*,*,#1018,.T.);
#561=ORIENTED_EDGE('',*,*,#1019,.T.);
#562=ORIENTED_EDGE('',*,*,#1020,.F.);
#563=ORIENTED_EDGE('',*,*,#1019,.F.);
#564=ORIENTED_EDGE('',*,*,#1021,.F.);
#565=ORIENTED_EDGE('',*,*,#1022,.T.);
#566=ORIENTED_EDGE('',*,*,#1023,.T.);
#567=ORIENTED_EDGE('',*,*,#1022,.F.);
#568=ORIENTED_EDGE('',*,*,#1024,.T.);
#569=ORIENTED_EDGE('',*,*,#1025,.T.);
#570=ORIENTED_EDGE('',*,*,#1026,.F.);
#571=ORIENTED_EDGE('',*,*,#1027,.T.);
#572=ORIENTED_EDGE('',*,*,#1017,.T.);
#573=ORIENTED_EDGE('',*,*,#1028,.F.);
#574=ORIENTED_EDGE('',*,*,#1025,.F.);
#575=ORIENTED_EDGE('',*,*,#1029,.F.);
#576=ORIENTED_EDGE('',*,*,#1030,.T.);
#577=ORIENTED_EDGE('',*,*,#1031,.T.);
#578=ORIENTED_EDGE('',*,*,#1032,.F.);
#579=ORIENTED_EDGE('',*,*,#1026,.T.);
#580=ORIENTED_EDGE('',*,*,#1028,.T.);
#581=ORIENTED_EDGE('',*,*,#1020,.T.);
#582=ORIENTED_EDGE('',*,*,#1023,.F.);
#583=ORIENTED_EDGE('',*,*,#1031,.F.);
#584=ORIENTED_EDGE('',*,*,#1033,.T.);
#585=ORIENTED_EDGE('',*,*,#1009,.F.);
#586=ORIENTED_EDGE('',*,*,#1034,.T.);
#587=ORIENTED_EDGE('',*,*,#1013,.F.);
#588=ORIENTED_EDGE('',*,*,#1035,.F.);
#589=ORIENTED_EDGE('',*,*,#1024,.F.);
#590=ORIENTED_EDGE('',*,*,#1021,.T.);
#591=ORIENTED_EDGE('',*,*,#1018,.F.);
#592=ORIENTED_EDGE('',*,*,#1027,.F.);
#593=ORIENTED_EDGE('',*,*,#1011,.T.);
#594=ORIENTED_EDGE('',*,*,#1036,.T.);
#595=ORIENTED_EDGE('',*,*,#1029,.T.);
#596=ORIENTED_EDGE('',*,*,#1037,.T.);
#597=ORIENTED_EDGE('',*,*,#1015,.T.);
#598=ORIENTED_EDGE('',*,*,#1038,.T.);
#599=ORIENTED_EDGE('',*,*,#1036,.F.);
#600=ORIENTED_EDGE('',*,*,#1010,.F.);
#601=ORIENTED_EDGE('',*,*,#1033,.F.);
#602=ORIENTED_EDGE('',*,*,#1030,.F.);
#603=ORIENTED_EDGE('',*,*,#1038,.F.);
#604=ORIENTED_EDGE('',*,*,#1014,.F.);
#605=ORIENTED_EDGE('',*,*,#1034,.F.);
#606=ORIENTED_EDGE('',*,*,#1012,.F.);
#607=ORIENTED_EDGE('',*,*,#1039,.T.);
#608=ORIENTED_EDGE('',*,*,#1040,.F.);
#609=ORIENTED_EDGE('',*,*,#1016,.F.);
#610=ORIENTED_EDGE('',*,*,#1041,.T.);
#611=ORIENTED_EDGE('',*,*,#1032,.T.);
#612=ORIENTED_EDGE('',*,*,#1042,.T.);
#613=ORIENTED_EDGE('',*,*,#1043,.F.);
#614=ORIENTED_EDGE('',*,*,#1044,.F.);
#615=ORIENTED_EDGE('',*,*,#1044,.T.);
#616=ORIENTED_EDGE('',*,*,#972,.T.);
#617=ORIENTED_EDGE('',*,*,#1041,.F.);
#618=ORIENTED_EDGE('',*,*,#1037,.F.);
#619=ORIENTED_EDGE('',*,*,#1042,.F.);
#620=ORIENTED_EDGE('',*,*,#1035,.T.);
#621=ORIENTED_EDGE('',*,*,#1040,.T.);
#622=ORIENTED_EDGE('',*,*,#940,.F.);
#623=ORIENTED_EDGE('',*,*,#1045,.T.);
#624=ORIENTED_EDGE('',*,*,#1046,.T.);
#625=ORIENTED_EDGE('',*,*,#1047,.F.);
#626=ORIENTED_EDGE('',*,*,#1048,.T.);
#627=ORIENTED_EDGE('',*,*,#1049,.T.);
#628=ORIENTED_EDGE('',*,*,#1050,.T.);
#629=ORIENTED_EDGE('',*,*,#1051,.F.);
#630=ORIENTED_EDGE('',*,*,#1052,.T.);
#631=ORIENTED_EDGE('',*,*,#1053,.F.);
#632=ORIENTED_EDGE('',*,*,#1054,.T.);
#633=ORIENTED_EDGE('',*,*,#1055,.T.);
#634=ORIENTED_EDGE('',*,*,#1056,.F.);
#635=ORIENTED_EDGE('',*,*,#1057,.T.);
#636=ORIENTED_EDGE('',*,*,#1058,.T.);
#637=ORIENTED_EDGE('',*,*,#1059,.T.);
#638=ORIENTED_EDGE('',*,*,#1060,.T.);
#639=ORIENTED_EDGE('',*,*,#1061,.T.);
#640=ORIENTED_EDGE('',*,*,#1062,.T.);
#641=ORIENTED_EDGE('',*,*,#1055,.F.);
#642=ORIENTED_EDGE('',*,*,#1063,.T.);
#643=ORIENTED_EDGE('',*,*,#1045,.F.);
#644=ORIENTED_EDGE('',*,*,#1064,.T.);
#645=ORIENTED_EDGE('',*,*,#1049,.F.);
#646=ORIENTED_EDGE('',*,*,#1065,.T.);
#647=ORIENTED_EDGE('',*,*,#1066,.F.);
#648=ORIENTED_EDGE('',*,*,#1067,.F.);
#649=ORIENTED_EDGE('',*,*,#1068,.F.);
#650=ORIENTED_EDGE('',*,*,#1069,.F.);
#651=ORIENTED_EDGE('',*,*,#1070,.F.);
#652=ORIENTED_EDGE('',*,*,#1071,.F.);
#653=ORIENTED_EDGE('',*,*,#1047,.T.);
#654=ORIENTED_EDGE('',*,*,#1072,.T.);
#655=ORIENTED_EDGE('',*,*,#1053,.T.);
#656=ORIENTED_EDGE('',*,*,#1073,.F.);
#657=ORIENTED_EDGE('',*,*,#1051,.T.);
#658=ORIENTED_EDGE('',*,*,#1074,.T.);
#659=ORIENTED_EDGE('',*,*,#1062,.F.);
#660=ORIENTED_EDGE('',*,*,#1071,.T.);
#661=ORIENTED_EDGE('',*,*,#1061,.F.);
#662=ORIENTED_EDGE('',*,*,#1070,.T.);
#663=ORIENTED_EDGE('',*,*,#1060,.F.);
#664=ORIENTED_EDGE('',*,*,#1069,.T.);
#665=ORIENTED_EDGE('',*,*,#1059,.F.);
#666=ORIENTED_EDGE('',*,*,#1068,.T.);
#667=ORIENTED_EDGE('',*,*,#1058,.F.);
#668=ORIENTED_EDGE('',*,*,#1067,.T.);
#669=ORIENTED_EDGE('',*,*,#1057,.F.);
#670=ORIENTED_EDGE('',*,*,#1066,.T.);
#671=ORIENTED_EDGE('',*,*,#1072,.F.);
#672=ORIENTED_EDGE('',*,*,#1046,.F.);
#673=ORIENTED_EDGE('',*,*,#1063,.F.);
#674=ORIENTED_EDGE('',*,*,#1054,.F.);
#675=ORIENTED_EDGE('',*,*,#1074,.F.);
#676=ORIENTED_EDGE('',*,*,#1050,.F.);
#677=ORIENTED_EDGE('',*,*,#1064,.F.);
#678=ORIENTED_EDGE('',*,*,#1048,.F.);
#679=ORIENTED_EDGE('',*,*,#1075,.F.);
#680=ORIENTED_EDGE('',*,*,#1076,.T.);
#681=ORIENTED_EDGE('',*,*,#1056,.T.);
#682=ORIENTED_EDGE('',*,*,#1077,.F.);
#683=ORIENTED_EDGE('',*,*,#1078,.T.);
#684=ORIENTED_EDGE('',*,*,#1079,.F.);
#685=ORIENTED_EDGE('',*,*,#1080,.T.);
#686=ORIENTED_EDGE('',*,*,#1081,.F.);
#687=ORIENTED_EDGE('',*,*,#1082,.T.);
#688=ORIENTED_EDGE('',*,*,#1052,.F.);
#689=ORIENTED_EDGE('',*,*,#1083,.T.);
#690=ORIENTED_EDGE('',*,*,#1079,.T.);
#691=ORIENTED_EDGE('',*,*,#1073,.T.);
#692=ORIENTED_EDGE('',*,*,#1076,.F.);
#693=ORIENTED_EDGE('',*,*,#1084,.F.);
#694=ORIENTED_EDGE('',*,*,#1085,.F.);
#695=ORIENTED_EDGE('',*,*,#1082,.F.);
#696=ORIENTED_EDGE('',*,*,#1086,.T.);
#697=ORIENTED_EDGE('',*,*,#1077,.T.);
#698=ORIENTED_EDGE('',*,*,#1065,.F.);
#699=ORIENTED_EDGE('',*,*,#1087,.F.);
#700=ORIENTED_EDGE('',*,*,#1088,.T.);
#701=ORIENTED_EDGE('',*,*,#1089,.T.);
#702=ORIENTED_EDGE('',*,*,#1090,.T.);
#703=ORIENTED_EDGE('',*,*,#1091,.F.);
#704=ORIENTED_EDGE('',*,*,#1084,.T.);
#705=ORIENTED_EDGE('',*,*,#1092,.F.);
#706=ORIENTED_EDGE('',*,*,#1083,.F.);
#707=ORIENTED_EDGE('',*,*,#1093,.T.);
#708=ORIENTED_EDGE('',*,*,#1094,.T.);
#709=ORIENTED_EDGE('',*,*,#1094,.F.);
#710=ORIENTED_EDGE('',*,*,#1095,.F.);
#711=ORIENTED_EDGE('',*,*,#1096,.T.);
#712=ORIENTED_EDGE('',*,*,#1097,.T.);
#713=ORIENTED_EDGE('',*,*,#1080,.F.);
#714=ORIENTED_EDGE('',*,*,#1096,.F.);
#715=ORIENTED_EDGE('',*,*,#1098,.T.);
#716=ORIENTED_EDGE('',*,*,#1099,.T.);
#717=ORIENTED_EDGE('',*,*,#1100,.F.);
#718=ORIENTED_EDGE('',*,*,#1101,.F.);
#719=ORIENTED_EDGE('',*,*,#1102,.F.);
#720=ORIENTED_EDGE('',*,*,#1099,.F.);
#721=ORIENTED_EDGE('',*,*,#1103,.T.);
#722=ORIENTED_EDGE('',*,*,#1090,.F.);
#723=ORIENTED_EDGE('',*,*,#1104,.F.);
#724=ORIENTED_EDGE('',*,*,#1105,.T.);
#725=ORIENTED_EDGE('',*,*,#1106,.T.);
#726=ORIENTED_EDGE('',*,*,#1107,.F.);
#727=ORIENTED_EDGE('',*,*,#1092,.T.);
#728=ORIENTED_EDGE('',*,*,#1075,.T.);
#729=ORIENTED_EDGE('',*,*,#1108,.T.);
#730=ORIENTED_EDGE('',*,*,#1105,.F.);
#731=ORIENTED_EDGE('',*,*,#1106,.F.);
#732=ORIENTED_EDGE('',*,*,#1108,.F.);
#733=ORIENTED_EDGE('',*,*,#1078,.F.);
#734=ORIENTED_EDGE('',*,*,#1086,.F.);
#735=ORIENTED_EDGE('',*,*,#1081,.T.);
#736=ORIENTED_EDGE('',*,*,#1097,.F.);
#737=ORIENTED_EDGE('',*,*,#1100,.T.);
#738=ORIENTED_EDGE('',*,*,#1102,.T.);
#739=ORIENTED_EDGE('',*,*,#1109,.T.);
#740=ORIENTED_EDGE('',*,*,#1087,.T.);
#741=ORIENTED_EDGE('',*,*,#1104,.T.);
#742=ORIENTED_EDGE('',*,*,#1089,.F.);
#743=ORIENTED_EDGE('',*,*,#1110,.F.);
#744=ORIENTED_EDGE('',*,*,#1103,.F.);
#745=ORIENTED_EDGE('',*,*,#1098,.F.);
#746=ORIENTED_EDGE('',*,*,#1095,.T.);
#747=ORIENTED_EDGE('',*,*,#1093,.F.);
#748=ORIENTED_EDGE('',*,*,#1085,.T.);
#749=ORIENTED_EDGE('',*,*,#1091,.T.);
#750=ORIENTED_EDGE('',*,*,#1107,.T.);
#751=ORIENTED_EDGE('',*,*,#1088,.F.);
#752=ORIENTED_EDGE('',*,*,#1111,.F.);
#753=ORIENTED_EDGE('',*,*,#1003,.F.);
#754=ORIENTED_EDGE('',*,*,#1112,.T.);
#755=ORIENTED_EDGE('',*,*,#1043,.T.);
#756=ORIENTED_EDGE('',*,*,#1113,.T.);
#757=ORIENTED_EDGE('',*,*,#1101,.T.);
#758=ORIENTED_EDGE('',*,*,#1114,.F.);
#759=ORIENTED_EDGE('',*,*,#1114,.T.);
#760=ORIENTED_EDGE('',*,*,#1110,.T.);
#761=ORIENTED_EDGE('',*,*,#1112,.F.);
#762=ORIENTED_EDGE('',*,*,#969,.F.);
#763=ORIENTED_EDGE('',*,*,#1113,.F.);
#764=ORIENTED_EDGE('',*,*,#939,.T.);
#765=ORIENTED_EDGE('',*,*,#1111,.T.);
#766=ORIENTED_EDGE('',*,*,#1109,.F.);
#767=ORIENTED_EDGE('',*,*,#1115,.F.);
#768=ORIENTED_EDGE('',*,*,#1116,.T.);
#769=ORIENTED_EDGE('',*,*,#1117,.T.);
#770=ORIENTED_EDGE('',*,*,#1118,.T.);
#771=ORIENTED_EDGE('',*,*,#1119,.T.);
#772=ORIENTED_EDGE('',*,*,#1120,.T.);
#773=ORIENTED_EDGE('',*,*,#1121,.F.);
#774=ORIENTED_EDGE('',*,*,#1122,.T.);
#775=ORIENTED_EDGE('',*,*,#1123,.F.);
#776=ORIENTED_EDGE('',*,*,#1124,.T.);
#777=ORIENTED_EDGE('',*,*,#1125,.T.);
#778=ORIENTED_EDGE('',*,*,#1126,.F.);
#779=ORIENTED_EDGE('',*,*,#1127,.T.);
#780=ORIENTED_EDGE('',*,*,#1128,.T.);
#781=ORIENTED_EDGE('',*,*,#1129,.T.);
#782=ORIENTED_EDGE('',*,*,#1130,.T.);
#783=ORIENTED_EDGE('',*,*,#1131,.T.);
#784=ORIENTED_EDGE('',*,*,#1132,.T.);
#785=ORIENTED_EDGE('',*,*,#1117,.F.);
#786=ORIENTED_EDGE('',*,*,#1133,.T.);
#787=ORIENTED_EDGE('',*,*,#1119,.F.);
#788=ORIENTED_EDGE('',*,*,#1134,.F.);
#789=ORIENTED_EDGE('',*,*,#1125,.F.);
#790=ORIENTED_EDGE('',*,*,#1135,.T.);
#791=ORIENTED_EDGE('',*,*,#1136,.F.);
#792=ORIENTED_EDGE('',*,*,#1137,.F.);
#793=ORIENTED_EDGE('',*,*,#1138,.F.);
#794=ORIENTED_EDGE('',*,*,#1139,.F.);
#795=ORIENTED_EDGE('',*,*,#1140,.F.);
#796=ORIENTED_EDGE('',*,*,#1141,.F.);
#797=ORIENTED_EDGE('',*,*,#1121,.T.);
#798=ORIENTED_EDGE('',*,*,#1142,.T.);
#799=ORIENTED_EDGE('',*,*,#1115,.T.);
#800=ORIENTED_EDGE('',*,*,#1143,.T.);
#801=ORIENTED_EDGE('',*,*,#1123,.T.);
#802=ORIENTED_EDGE('',*,*,#1144,.T.);
#803=ORIENTED_EDGE('',*,*,#1132,.F.);
#804=ORIENTED_EDGE('',*,*,#1141,.T.);
#805=ORIENTED_EDGE('',*,*,#1131,.F.);
#806=ORIENTED_EDGE('',*,*,#1140,.T.);
#807=ORIENTED_EDGE('',*,*,#1130,.F.);
#808=ORIENTED_EDGE('',*,*,#1139,.T.);
#809=ORIENTED_EDGE('',*,*,#1129,.F.);
#810=ORIENTED_EDGE('',*,*,#1138,.T.);
#811=ORIENTED_EDGE('',*,*,#1128,.F.);
#812=ORIENTED_EDGE('',*,*,#1137,.T.);
#813=ORIENTED_EDGE('',*,*,#1127,.F.);
#814=ORIENTED_EDGE('',*,*,#1136,.T.);
#815=ORIENTED_EDGE('',*,*,#1142,.F.);
#816=ORIENTED_EDGE('',*,*,#1120,.F.);
#817=ORIENTED_EDGE('',*,*,#1133,.F.);
#818=ORIENTED_EDGE('',*,*,#1116,.F.);
#819=ORIENTED_EDGE('',*,*,#1143,.F.);
#820=ORIENTED_EDGE('',*,*,#1118,.F.);
#821=ORIENTED_EDGE('',*,*,#1135,.F.);
#822=ORIENTED_EDGE('',*,*,#1124,.F.);
#823=ORIENTED_EDGE('',*,*,#1145,.F.);
#824=ORIENTED_EDGE('',*,*,#1146,.F.);
#825=ORIENTED_EDGE('',*,*,#1126,.T.);
#826=ORIENTED_EDGE('',*,*,#1147,.T.);
#827=ORIENTED_EDGE('',*,*,#1148,.T.);
#828=ORIENTED_EDGE('',*,*,#1149,.T.);
#829=ORIENTED_EDGE('',*,*,#1150,.T.);
#830=ORIENTED_EDGE('',*,*,#1151,.F.);
#831=ORIENTED_EDGE('',*,*,#1152,.F.);
#832=ORIENTED_EDGE('',*,*,#1122,.F.);
#833=ORIENTED_EDGE('',*,*,#1146,.T.);
#834=ORIENTED_EDGE('',*,*,#1153,.T.);
#835=ORIENTED_EDGE('',*,*,#1154,.T.);
#836=ORIENTED_EDGE('',*,*,#1155,.F.);
#837=ORIENTED_EDGE('',*,*,#1149,.F.);
#838=ORIENTED_EDGE('',*,*,#1144,.F.);
#839=ORIENTED_EDGE('',*,*,#1147,.F.);
#840=ORIENTED_EDGE('',*,*,#1134,.T.);
#841=ORIENTED_EDGE('',*,*,#1152,.T.);
#842=ORIENTED_EDGE('',*,*,#1156,.F.);
#843=ORIENTED_EDGE('',*,*,#1157,.T.);
#844=ORIENTED_EDGE('',*,*,#1158,.T.);
#845=ORIENTED_EDGE('',*,*,#1159,.F.);
#846=ORIENTED_EDGE('',*,*,#1160,.T.);
#847=ORIENTED_EDGE('',*,*,#1161,.T.);
#848=ORIENTED_EDGE('',*,*,#1155,.T.);
#849=ORIENTED_EDGE('',*,*,#1162,.T.);
#850=ORIENTED_EDGE('',*,*,#1153,.F.);
#851=ORIENTED_EDGE('',*,*,#1163,.F.);
#852=ORIENTED_EDGE('',*,*,#1164,.F.);
#853=ORIENTED_EDGE('',*,*,#1160,.F.);
#854=ORIENTED_EDGE('',*,*,#1165,.T.);
#855=ORIENTED_EDGE('',*,*,#1166,.T.);
#856=ORIENTED_EDGE('',*,*,#1167,.F.);
#857=ORIENTED_EDGE('',*,*,#1166,.F.);
#858=ORIENTED_EDGE('',*,*,#1168,.T.);
#859=ORIENTED_EDGE('',*,*,#1163,.T.);
#860=ORIENTED_EDGE('',*,*,#1145,.T.);
#861=ORIENTED_EDGE('',*,*,#1169,.F.);
#862=ORIENTED_EDGE('',*,*,#1161,.F.);
#863=ORIENTED_EDGE('',*,*,#1170,.T.);
#864=ORIENTED_EDGE('',*,*,#1171,.T.);
#865=ORIENTED_EDGE('',*,*,#1172,.F.);
#866=ORIENTED_EDGE('',*,*,#1150,.F.);
#867=ORIENTED_EDGE('',*,*,#1171,.F.);
#868=ORIENTED_EDGE('',*,*,#1173,.F.);
#869=ORIENTED_EDGE('',*,*,#1174,.T.);
#870=ORIENTED_EDGE('',*,*,#1175,.T.);
#871=ORIENTED_EDGE('',*,*,#1176,.F.);
#872=ORIENTED_EDGE('',*,*,#1177,.T.);
#873=ORIENTED_EDGE('',*,*,#1174,.F.);
#874=ORIENTED_EDGE('',*,*,#1178,.F.);
#875=ORIENTED_EDGE('',*,*,#1175,.F.);
#876=ORIENTED_EDGE('',*,*,#1177,.F.);
#877=ORIENTED_EDGE('',*,*,#1179,.F.);
#878=ORIENTED_EDGE('',*,*,#1157,.F.);
#879=ORIENTED_EDGE('',*,*,#1167,.T.);
#880=ORIENTED_EDGE('',*,*,#1169,.T.);
#881=ORIENTED_EDGE('',*,*,#1148,.F.);
#882=ORIENTED_EDGE('',*,*,#1156,.T.);
#883=ORIENTED_EDGE('',*,*,#1151,.T.);
#884=ORIENTED_EDGE('',*,*,#1172,.T.);
#885=ORIENTED_EDGE('',*,*,#1173,.T.);
#886=ORIENTED_EDGE('',*,*,#1170,.F.);
#887=ORIENTED_EDGE('',*,*,#1162,.F.);
#888=ORIENTED_EDGE('',*,*,#1154,.F.);
#889=ORIENTED_EDGE('',*,*,#1164,.T.);
#890=ORIENTED_EDGE('',*,*,#1168,.F.);
#891=ORIENTED_EDGE('',*,*,#1165,.F.);
#892=ORIENTED_EDGE('',*,*,#1159,.T.);
#893=ORIENTED_EDGE('',*,*,#1180,.T.);
#894=ORIENTED_EDGE('',*,*,#1178,.T.);
#895=ORIENTED_EDGE('',*,*,#1007,.T.);
#896=ORIENTED_EDGE('',*,*,#1181,.F.);
#897=ORIENTED_EDGE('',*,*,#1176,.T.);
#898=ORIENTED_EDGE('',*,*,#1182,.T.);
#899=ORIENTED_EDGE('',*,*,#1158,.F.);
#900=ORIENTED_EDGE('',*,*,#1183,.T.);
#901=ORIENTED_EDGE('',*,*,#1039,.F.);
#902=ORIENTED_EDGE('',*,*,#1184,.F.);
#903=ORIENTED_EDGE('',*,*,#1184,.T.);
#904=ORIENTED_EDGE('',*,*,#971,.T.);
#905=ORIENTED_EDGE('',*,*,#1182,.F.);
#906=ORIENTED_EDGE('',*,*,#1180,.F.);
#907=ORIENTED_EDGE('',*,*,#1183,.F.);
#908=ORIENTED_EDGE('',*,*,#1179,.T.);
#909=ORIENTED_EDGE('',*,*,#1181,.T.);
#910=ORIENTED_EDGE('',*,*,#941,.F.);
#911=EDGE_CURVE('',#1185,#1185,#1379,.F.);
#912=EDGE_CURVE('',#1186,#1186,#1380,.F.);
#913=EDGE_CURVE('',#1187,#1187,#1381,.F.);
#914=EDGE_CURVE('',#1188,#1188,#1382,.F.);
#915=EDGE_CURVE('',#1189,#1189,#1383,.F.);
#916=EDGE_CURVE('',#1190,#1190,#1384,.F.);
#917=EDGE_CURVE('',#1191,#1191,#1385,.F.);
#918=EDGE_CURVE('',#1192,#1192,#1386,.F.);
#919=EDGE_CURVE('',#1193,#1193,#1387,.F.);
#920=EDGE_CURVE('',#1194,#1194,#1388,.F.);
#921=EDGE_CURVE('',#1195,#1195,#1389,.F.);
#922=EDGE_CURVE('',#1196,#1196,#1390,.F.);
#923=EDGE_CURVE('',#1197,#1197,#1391,.F.);
#924=EDGE_CURVE('',#1198,#1198,#1392,.F.);
#925=EDGE_CURVE('',#1199,#1199,#1393,.F.);
#926=EDGE_CURVE('',#1200,#1200,#1394,.F.);
#927=EDGE_CURVE('',#1201,#1201,#1395,.F.);
#928=EDGE_CURVE('',#1202,#1202,#1396,.F.);
#929=EDGE_CURVE('',#1203,#1203,#1397,.F.);
#930=EDGE_CURVE('',#1204,#1204,#1398,.F.);
#931=EDGE_CURVE('',#1205,#1205,#1399,.F.);
#932=EDGE_CURVE('',#1206,#1206,#1400,.F.);
#933=EDGE_CURVE('',#1207,#1207,#1401,.F.);
#934=EDGE_CURVE('',#1208,#1208,#1402,.F.);
#935=EDGE_CURVE('',#1209,#1209,#1403,.F.);
#936=EDGE_CURVE('',#1210,#1210,#1404,.F.);
#937=EDGE_CURVE('',#1211,#1211,#1405,.F.);
#938=EDGE_CURVE('',#1212,#1213,#75,.T.);
#939=EDGE_CURVE('',#1214,#1213,#76,.F.);
#940=EDGE_CURVE('',#1214,#1215,#77,.T.);
#941=EDGE_CURVE('',#1215,#1212,#78,.T.);
#942=EDGE_CURVE('',#1216,#1216,#1406,.T.);
#943=EDGE_CURVE('',#1217,#1217,#1407,.T.);
#944=EDGE_CURVE('',#1218,#1218,#1408,.T.);
#945=EDGE_CURVE('',#1219,#1219,#1409,.T.);
#946=EDGE_CURVE('',#1220,#1220,#1410,.T.);
#947=EDGE_CURVE('',#1221,#1221,#1411,.T.);
#948=EDGE_CURVE('',#1222,#1222,#1412,.T.);
#949=EDGE_CURVE('',#1223,#1223,#1413,.T.);
#950=EDGE_CURVE('',#1224,#1224,#1414,.T.);
#951=EDGE_CURVE('',#1225,#1225,#1415,.T.);
#952=EDGE_CURVE('',#1226,#1226,#1416,.T.);
#953=EDGE_CURVE('',#1227,#1227,#1417,.T.);
#954=EDGE_CURVE('',#1228,#1228,#1418,.T.);
#955=EDGE_CURVE('',#1229,#1229,#1419,.T.);
#956=EDGE_CURVE('',#1230,#1230,#1420,.T.);
#957=EDGE_CURVE('',#1231,#1231,#1421,.T.);
#958=EDGE_CURVE('',#1232,#1232,#1422,.T.);
#959=EDGE_CURVE('',#1233,#1233,#1423,.T.);
#960=EDGE_CURVE('',#1234,#1234,#1424,.T.);
#961=EDGE_CURVE('',#1235,#1235,#1425,.T.);
#962=EDGE_CURVE('',#1236,#1236,#1426,.T.);
#963=EDGE_CURVE('',#1237,#1237,#1427,.T.);
#964=EDGE_CURVE('',#1238,#1238,#1428,.T.);
#965=EDGE_CURVE('',#1239,#1239,#1429,.T.);
#966=EDGE_CURVE('',#1240,#1240,#1430,.T.);
#967=EDGE_CURVE('',#1241,#1241,#1431,.T.);
#968=EDGE_CURVE('',#1242,#1242,#1432,.T.);
#969=EDGE_CURVE('',#1243,#1244,#79,.F.);
#970=EDGE_CURVE('',#1245,#1244,#80,.T.);
#971=EDGE_CURVE('',#1246,#1245,#81,.T.);
#972=EDGE_CURVE('',#1243,#1246,#82,.T.);
#973=EDGE_CURVE('',#1247,#1248,#83,.T.);
#974=EDGE_CURVE('',#1248,#1249,#84,.T.);
#975=EDGE_CURVE('',#1250,#1249,#85,.T.);
#976=EDGE_CURVE('',#1250,#1247,#86,.F.);
#977=EDGE_CURVE('',#1251,#1252,#87,.T.);
#978=EDGE_CURVE('',#1252,#1253,#88,.T.);
#979=EDGE_CURVE('',#1254,#1253,#89,.T.);
#980=EDGE_CURVE('',#1254,#1251,#90,.T.);
#981=EDGE_CURVE('',#1255,#1256,#91,.T.);
#982=EDGE_CURVE('',#1257,#1255,#1433,.F.);
#983=EDGE_CURVE('',#1257,#1258,#92,.T.);
#984=EDGE_CURVE('',#1258,#1256,#1434,.F.);
#985=EDGE_CURVE('',#1259,#1257,#93,.F.);
#986=EDGE_CURVE('',#1259,#1260,#94,.T.);
#987=EDGE_CURVE('',#1260,#1258,#95,.T.);
#988=EDGE_CURVE('',#1261,#1259,#1435,.F.);
#989=EDGE_CURVE('',#1261,#1262,#96,.T.);
#990=EDGE_CURVE('',#1262,#1260,#1436,.F.);
#991=EDGE_CURVE('',#1261,#1255,#97,.F.);
#992=EDGE_CURVE('',#1262,#1256,#98,.T.);
#993=EDGE_CURVE('',#1263,#1264,#99,.F.);
#994=EDGE_CURVE('',#1263,#1265,#100,.F.);
#995=EDGE_CURVE('',#1265,#1266,#101,.T.);
#996=EDGE_CURVE('',#1264,#1266,#102,.T.);
#997=EDGE_CURVE('',#1265,#1248,#1437,.T.);
#998=EDGE_CURVE('',#1247,#1252,#1438,.T.);
#999=EDGE_CURVE('',#1266,#1251,#103,.F.);
#1000=EDGE_CURVE('',#1249,#1263,#1439,.F.);
#1001=EDGE_CURVE('',#1264,#1254,#104,.F.);
#1002=EDGE_CURVE('',#1253,#1250,#1440,.F.);
#1003=EDGE_CURVE('',#1244,#1213,#105,.T.);
#1004=EDGE_CURVE('',#1251,#1213,#1441,.T.);
#1005=EDGE_CURVE('',#1254,#1244,#1442,.T.);
#1006=EDGE_CURVE('',#1266,#1212,#1443,.T.);
#1007=EDGE_CURVE('',#1245,#1212,#106,.T.);
#1008=EDGE_CURVE('',#1264,#1245,#1444,.T.);
#1009=EDGE_CURVE('',#1267,#1268,#107,.T.);
#1010=EDGE_CURVE('',#1268,#1269,#108,.T.);
#1011=EDGE_CURVE('',#1270,#1269,#109,.T.);
#1012=EDGE_CURVE('',#1270,#1267,#110,.F.);
#1013=EDGE_CURVE('',#1271,#1272,#111,.T.);
#1014=EDGE_CURVE('',#1272,#1273,#112,.T.);
#1015=EDGE_CURVE('',#1274,#1273,#113,.T.);
#1016=EDGE_CURVE('',#1274,#1271,#114,.T.);
#1017=EDGE_CURVE('',#1275,#1276,#115,.T.);
#1018=EDGE_CURVE('',#1275,#1277,#1445,.F.);
#1019=EDGE_CURVE('',#1277,#1278,#116,.T.);
#1020=EDGE_CURVE('',#1276,#1278,#1446,.F.);
#1021=EDGE_CURVE('',#1279,#1277,#117,.T.);
#1022=EDGE_CURVE('',#1279,#1280,#118,.T.);
#1023=EDGE_CURVE('',#1280,#1278,#119,.T.);
#1024=EDGE_CURVE('',#1279,#1281,#1447,.F.);
#1025=EDGE_CURVE('',#1281,#1282,#120,.T.);
#1026=EDGE_CURVE('',#1280,#1282,#1448,.F.);
#1027=EDGE_CURVE('',#1281,#1275,#121,.T.);
#1028=EDGE_CURVE('',#1282,#1276,#122,.T.);
#1029=EDGE_CURVE('',#1283,#1284,#123,.F.);
#1030=EDGE_CURVE('',#1283,#1285,#124,.F.);
#1031=EDGE_CURVE('',#1285,#1286,#125,.T.);
#1032=EDGE_CURVE('',#1284,#1286,#126,.T.);
#1033=EDGE_CURVE('',#1285,#1268,#1449,.T.);
#1034=EDGE_CURVE('',#1267,#1272,#1450,.T.);
#1035=EDGE_CURVE('',#1286,#1271,#127,.F.);
#1036=EDGE_CURVE('',#1269,#1283,#1451,.F.);
#1037=EDGE_CURVE('',#1284,#1274,#128,.F.);
#1038=EDGE_CURVE('',#1273,#1270,#1452,.F.);
#1039=EDGE_CURVE('',#1246,#1215,#129,.T.);
#1040=EDGE_CURVE('',#1271,#1215,#1453,.T.);
#1041=EDGE_CURVE('',#1274,#1246,#1454,.T.);
#1042=EDGE_CURVE('',#1286,#1214,#1455,.T.);
#1043=EDGE_CURVE('',#1243,#1214,#130,.T.);
#1044=EDGE_CURVE('',#1284,#1243,#1456,.T.);
#1045=EDGE_CURVE('',#1287,#1288,#131,.T.);
#1046=EDGE_CURVE('',#1288,#1289,#132,.T.);
#1047=EDGE_CURVE('',#1290,#1289,#133,.F.);
#1048=EDGE_CURVE('',#1290,#1287,#134,.F.);
#1049=EDGE_CURVE('',#1291,#1292,#135,.T.);
#1050=EDGE_CURVE('',#1292,#1293,#136,.T.);
#1051=EDGE_CURVE('',#1294,#1293,#137,.F.);
#1052=EDGE_CURVE('',#1294,#1291,#138,.F.);
#1053=EDGE_CURVE('',#1295,#1296,#139,.T.);
#1054=EDGE_CURVE('',#1295,#1297,#140,.F.);
#1055=EDGE_CURVE('',#1297,#1298,#141,.T.);
#1056=EDGE_CURVE('',#1296,#1298,#142,.F.);
#1057=EDGE_CURVE('',#1299,#1299,#1457,.F.);
#1058=EDGE_CURVE('',#1300,#1300,#1458,.F.);
#1059=EDGE_CURVE('',#1301,#1301,#1459,.F.);
#1060=EDGE_CURVE('',#1302,#1302,#1460,.F.);
#1061=EDGE_CURVE('',#1303,#1303,#1461,.F.);
#1062=EDGE_CURVE('',#1304,#1304,#1462,.F.);
#1063=EDGE_CURVE('',#1297,#1288,#1463,.T.);
#1064=EDGE_CURVE('',#1287,#1292,#1464,.T.);
#1065=EDGE_CURVE('',#1291,#1298,#143,.T.);
#1066=EDGE_CURVE('',#1305,#1305,#1465,.F.);
#1067=EDGE_CURVE('',#1306,#1306,#1466,.F.);
#1068=EDGE_CURVE('',#1307,#1307,#1467,.F.);
#1069=EDGE_CURVE('',#1308,#1308,#1468,.F.);
#1070=EDGE_CURVE('',#1309,#1309,#1469,.F.);
#1071=EDGE_CURVE('',#1310,#1310,#1470,.F.);
#1072=EDGE_CURVE('',#1289,#1295,#1471,.F.);
#1073=EDGE_CURVE('',#1294,#1296,#144,.T.);
#1074=EDGE_CURVE('',#1293,#1290,#1472,.F.);
#1075=EDGE_CURVE('',#1311,#1312,#145,.T.);
#1076=EDGE_CURVE('',#1311,#1296,#1473,.T.);
#1077=EDGE_CURVE('',#1313,#1298,#1474,.T.);
#1078=EDGE_CURVE('',#1313,#1312,#146,.F.);
#1079=EDGE_CURVE('',#1314,#1294,#1475,.T.);
#1080=EDGE_CURVE('',#1314,#1315,#147,.T.);
#1081=EDGE_CURVE('',#1316,#1315,#148,.F.);
#1082=EDGE_CURVE('',#1316,#1291,#1476,.T.);
#1083=EDGE_CURVE('',#1317,#1314,#1477,.T.);
#1084=EDGE_CURVE('',#1318,#1311,#1478,.T.);
#1085=EDGE_CURVE('',#1317,#1318,#149,.F.);
#1086=EDGE_CURVE('',#1316,#1313,#150,.F.);
#1087=EDGE_CURVE('',#1319,#1320,#151,.T.);
#1088=EDGE_CURVE('',#1319,#1321,#152,.T.);
#1089=EDGE_CURVE('',#1321,#1322,#153,.T.);
#1090=EDGE_CURVE('',#1322,#1320,#154,.F.);
#1091=EDGE_CURVE('',#1318,#1323,#155,.F.);
#1092=EDGE_CURVE('',#1323,#1311,#156,.T.);
#1093=EDGE_CURVE('',#1317,#1324,#157,.F.);
#1094=EDGE_CURVE('',#1324,#1314,#158,.T.);
#1095=EDGE_CURVE('',#1325,#1324,#159,.T.);
#1096=EDGE_CURVE('',#1325,#1326,#160,.T.);
#1097=EDGE_CURVE('',#1326,#1315,#161,.T.);
#1098=EDGE_CURVE('',#1325,#1327,#162,.T.);
#1099=EDGE_CURVE('',#1327,#1328,#163,.T.);
#1100=EDGE_CURVE('',#1326,#1328,#164,.T.);
#1101=EDGE_CURVE('',#1329,#1330,#165,.T.);
#1102=EDGE_CURVE('',#1328,#1329,#166,.T.);
#1103=EDGE_CURVE('',#1327,#1330,#167,.T.);
#1104=EDGE_CURVE('',#1331,#1322,#168,.T.);
#1105=EDGE_CURVE('',#1331,#1332,#169,.T.);
#1106=EDGE_CURVE('',#1332,#1320,#170,.T.);
#1107=EDGE_CURVE('',#1323,#1331,#171,.T.);
#1108=EDGE_CURVE('',#1312,#1332,#172,.T.);
#1109=EDGE_CURVE('',#1329,#1319,#173,.T.);
#1110=EDGE_CURVE('',#1330,#1321,#174,.T.);
#1111=EDGE_CURVE('',#1213,#1319,#1479,.T.);
#1112=EDGE_CURVE('',#1244,#1321,#1480,.T.);
#1113=EDGE_CURVE('',#1214,#1329,#1481,.T.);
#1114=EDGE_CURVE('',#1243,#1330,#1482,.T.);
#1115=EDGE_CURVE('',#1333,#1334,#175,.T.);
#1116=EDGE_CURVE('',#1333,#1335,#176,.F.);
#1117=EDGE_CURVE('',#1335,#1336,#177,.T.);
#1118=EDGE_CURVE('',#1336,#1334,#178,.T.);
#1119=EDGE_CURVE('',#1337,#1338,#179,.T.);
#1120=EDGE_CURVE('',#1338,#1339,#180,.T.);
#1121=EDGE_CURVE('',#1340,#1339,#181,.T.);
#1122=EDGE_CURVE('',#1340,#1337,#182,.T.);
#1123=EDGE_CURVE('',#1341,#1342,#183,.F.);
#1124=EDGE_CURVE('',#1341,#1343,#184,.F.);
#1125=EDGE_CURVE('',#1343,#1344,#185,.T.);
#1126=EDGE_CURVE('',#1342,#1344,#186,.T.);
#1127=EDGE_CURVE('',#1345,#1345,#1483,.F.);
#1128=EDGE_CURVE('',#1346,#1346,#1484,.F.);
#1129=EDGE_CURVE('',#1347,#1347,#1485,.F.);
#1130=EDGE_CURVE('',#1348,#1348,#1486,.F.);
#1131=EDGE_CURVE('',#1349,#1349,#1487,.F.);
#1132=EDGE_CURVE('',#1350,#1350,#1488,.F.);
#1133=EDGE_CURVE('',#1335,#1338,#1489,.T.);
#1134=EDGE_CURVE('',#1344,#1337,#187,.F.);
#1135=EDGE_CURVE('',#1343,#1336,#1490,.T.);
#1136=EDGE_CURVE('',#1351,#1351,#1491,.F.);
#1137=EDGE_CURVE('',#1352,#1352,#1492,.F.);
#1138=EDGE_CURVE('',#1353,#1353,#1493,.F.);
#1139=EDGE_CURVE('',#1354,#1354,#1494,.F.);
#1140=EDGE_CURVE('',#1355,#1355,#1495,.F.);
#1141=EDGE_CURVE('',#1356,#1356,#1496,.F.);
#1142=EDGE_CURVE('',#1339,#1333,#1497,.F.);
#1143=EDGE_CURVE('',#1334,#1341,#1498,.F.);
#1144=EDGE_CURVE('',#1342,#1340,#188,.F.);
#1145=EDGE_CURVE('',#1357,#1358,#189,.T.);
#1146=EDGE_CURVE('',#1342,#1357,#1499,.T.);
#1147=EDGE_CURVE('',#1344,#1359,#1500,.T.);
#1148=EDGE_CURVE('',#1359,#1358,#190,.T.);
#1149=EDGE_CURVE('',#1340,#1360,#1501,.T.);
#1150=EDGE_CURVE('',#1360,#1361,#191,.T.);
#1151=EDGE_CURVE('',#1362,#1361,#192,.T.);
#1152=EDGE_CURVE('',#1337,#1362,#1502,.T.);
#1153=EDGE_CURVE('',#1357,#1363,#1503,.T.);
#1154=EDGE_CURVE('',#1363,#1364,#193,.T.);
#1155=EDGE_CURVE('',#1360,#1364,#1504,.T.);
#1156=EDGE_CURVE('',#1359,#1362,#194,.T.);
#1157=EDGE_CURVE('',#1365,#1366,#195,.F.);
#1158=EDGE_CURVE('',#1366,#1367,#196,.T.);
#1159=EDGE_CURVE('',#1368,#1367,#197,.F.);
#1160=EDGE_CURVE('',#1368,#1365,#198,.T.);
#1161=EDGE_CURVE('',#1369,#1360,#199,.T.);
#1162=EDGE_CURVE('',#1364,#1369,#200,.T.);
#1163=EDGE_CURVE('',#1370,#1357,#201,.T.);
#1164=EDGE_CURVE('',#1363,#1370,#202,.T.);
#1165=EDGE_CURVE('',#1368,#1371,#203,.T.);
#1166=EDGE_CURVE('',#1371,#1372,#204,.T.);
#1167=EDGE_CURVE('',#1365,#1372,#205,.F.);
#1168=EDGE_CURVE('',#1371,#1370,#206,.T.);
#1169=EDGE_CURVE('',#1372,#1358,#207,.T.);
#1170=EDGE_CURVE('',#1369,#1373,#208,.T.);
#1171=EDGE_CURVE('',#1373,#1374,#209,.T.);
#1172=EDGE_CURVE('',#1361,#1374,#210,.T.);
#1173=EDGE_CURVE('',#1375,#1373,#211,.T.);
#1174=EDGE_CURVE('',#1375,#1376,#212,.F.);
#1175=EDGE_CURVE('',#1376,#1374,#213,.F.);
#1176=EDGE_CURVE('',#1377,#1378,#214,.T.);
#1177=EDGE_CURVE('',#1377,#1376,#215,.F.);
#1178=EDGE_CURVE('',#1378,#1375,#216,.F.);
#1179=EDGE_CURVE('',#1366,#1377,#217,.T.);
#1180=EDGE_CURVE('',#1367,#1378,#218,.T.);
#1181=EDGE_CURVE('',#1377,#1212,#1505,.T.);
#1182=EDGE_CURVE('',#1378,#1245,#1506,.T.);
#1183=EDGE_CURVE('',#1366,#1215,#1507,.T.);
#1184=EDGE_CURVE('',#1367,#1246,#1508,.T.);
#1185=VERTEX_POINT('',#3087);
#1186=VERTEX_POINT('',#3089);
#1187=VERTEX_POINT('',#3091);
#1188=VERTEX_POINT('',#3093);
#1189=VERTEX_POINT('',#3095);
#1190=VERTEX_POINT('',#3097);
#1191=VERTEX_POINT('',#3099);
#1192=VERTEX_POINT('',#3101);
#1193=VERTEX_POINT('',#3103);
#1194=VERTEX_POINT('',#3105);
#1195=VERTEX_POINT('',#3107);
#1196=VERTEX_POINT('',#3109);
#1197=VERTEX_POINT('',#3111);
#1198=VERTEX_POINT('',#3113);
#1199=VERTEX_POINT('',#3115);
#1200=VERTEX_POINT('',#3117);
#1201=VERTEX_POINT('',#3119);
#1202=VERTEX_POINT('',#3121);
#1203=VERTEX_POINT('',#3123);
#1204=VERTEX_POINT('',#3125);
#1205=VERTEX_POINT('',#3127);
#1206=VERTEX_POINT('',#3129);
#1207=VERTEX_POINT('',#3131);
#1208=VERTEX_POINT('',#3133);
#1209=VERTEX_POINT('',#3135);
#1210=VERTEX_POINT('',#3137);
#1211=VERTEX_POINT('',#3139);
#1212=VERTEX_POINT('',#3141);
#1213=VERTEX_POINT('',#3142);
#1214=VERTEX_POINT('',#3144);
#1215=VERTEX_POINT('',#3146);
#1216=VERTEX_POINT('',#3150);
#1217=VERTEX_POINT('',#3152);
#1218=VERTEX_POINT('',#3154);
#1219=VERTEX_POINT('',#3156);
#1220=VERTEX_POINT('',#3158);
#1221=VERTEX_POINT('',#3160);
#1222=VERTEX_POINT('',#3162);
#1223=VERTEX_POINT('',#3164);
#1224=VERTEX_POINT('',#3166);
#1225=VERTEX_POINT('',#3168);
#1226=VERTEX_POINT('',#3170);
#1227=VERTEX_POINT('',#3172);
#1228=VERTEX_POINT('',#3174);
#1229=VERTEX_POINT('',#3176);
#1230=VERTEX_POINT('',#3178);
#1231=VERTEX_POINT('',#3180);
#1232=VERTEX_POINT('',#3182);
#1233=VERTEX_POINT('',#3184);
#1234=VERTEX_POINT('',#3186);
#1235=VERTEX_POINT('',#3188);
#1236=VERTEX_POINT('',#3190);
#1237=VERTEX_POINT('',#3192);
#1238=VERTEX_POINT('',#3194);
#1239=VERTEX_POINT('',#3196);
#1240=VERTEX_POINT('',#3198);
#1241=VERTEX_POINT('',#3200);
#1242=VERTEX_POINT('',#3202);
#1243=VERTEX_POINT('',#3204);
#1244=VERTEX_POINT('',#3205);
#1245=VERTEX_POINT('',#3207);
#1246=VERTEX_POINT('',#3209);
#1247=VERTEX_POINT('',#3240);
#1248=VERTEX_POINT('',#3241);
#1249=VERTEX_POINT('',#3243);
#1250=VERTEX_POINT('',#3245);
#1251=VERTEX_POINT('',#3249);
#1252=VERTEX_POINT('',#3250);
#1253=VERTEX_POINT('',#3252);
#1254=VERTEX_POINT('',#3254);
#1255=VERTEX_POINT('',#3258);
#1256=VERTEX_POINT('',#3259);
#1257=VERTEX_POINT('',#3261);
#1258=VERTEX_POINT('',#3263);
#1259=VERTEX_POINT('',#3267);
#1260=VERTEX_POINT('',#3269);
#1261=VERTEX_POINT('',#3273);
#1262=VERTEX_POINT('',#3275);
#1263=VERTEX_POINT('',#3282);
#1264=VERTEX_POINT('',#3283);
#1265=VERTEX_POINT('',#3285);
#1266=VERTEX_POINT('',#3287);
#1267=VERTEX_POINT('',#3311);
#1268=VERTEX_POINT('',#3312);
#1269=VERTEX_POINT('',#3314);
#1270=VERTEX_POINT('',#3316);
#1271=VERTEX_POINT('',#3320);
#1272=VERTEX_POINT('',#3321);
#1273=VERTEX_POINT('',#3323);
#1274=VERTEX_POINT('',#3325);
#1275=VERTEX_POINT('',#3329);
#1276=VERTEX_POINT('',#3330);
#1277=VERTEX_POINT('',#3332);
#1278=VERTEX_POINT('',#3334);
#1279=VERTEX_POINT('',#3338);
#1280=VERTEX_POINT('',#3340);
#1281=VERTEX_POINT('',#3344);
#1282=VERTEX_POINT('',#3346);
#1283=VERTEX_POINT('',#3353);
#1284=VERTEX_POINT('',#3354);
#1285=VERTEX_POINT('',#3356);
#1286=VERTEX_POINT('',#3358);
#1287=VERTEX_POINT('',#3382);
#1288=VERTEX_POINT('',#3383);
#1289=VERTEX_POINT('',#3385);
#1290=VERTEX_POINT('',#3387);
#1291=VERTEX_POINT('',#3391);
#1292=VERTEX_POINT('',#3392);
#1293=VERTEX_POINT('',#3394);
#1294=VERTEX_POINT('',#3396);
#1295=VERTEX_POINT('',#3400);
#1296=VERTEX_POINT('',#3401);
#1297=VERTEX_POINT('',#3403);
#1298=VERTEX_POINT('',#3405);
#1299=VERTEX_POINT('',#3409);
#1300=VERTEX_POINT('',#3411);
#1301=VERTEX_POINT('',#3413);
#1302=VERTEX_POINT('',#3415);
#1303=VERTEX_POINT('',#3417);
#1304=VERTEX_POINT('',#3419);
#1305=VERTEX_POINT('',#3425);
#1306=VERTEX_POINT('',#3427);
#1307=VERTEX_POINT('',#3429);
#1308=VERTEX_POINT('',#3431);
#1309=VERTEX_POINT('',#3433);
#1310=VERTEX_POINT('',#3435);
#1311=VERTEX_POINT('',#3449);
#1312=VERTEX_POINT('',#3450);
#1313=VERTEX_POINT('',#3453);
#1314=VERTEX_POINT('',#3457);
#1315=VERTEX_POINT('',#3459);
#1316=VERTEX_POINT('',#3461);
#1317=VERTEX_POINT('',#3465);
#1318=VERTEX_POINT('',#3467);
#1319=VERTEX_POINT('',#3473);
#1320=VERTEX_POINT('',#3474);
#1321=VERTEX_POINT('',#3476);
#1322=VERTEX_POINT('',#3478);
#1323=VERTEX_POINT('',#3482);
#1324=VERTEX_POINT('',#3486);
#1325=VERTEX_POINT('',#3490);
#1326=VERTEX_POINT('',#3492);
#1327=VERTEX_POINT('',#3496);
#1328=VERTEX_POINT('',#3498);
#1329=VERTEX_POINT('',#3502);
#1330=VERTEX_POINT('',#3503);
#1331=VERTEX_POINT('',#3508);
#1332=VERTEX_POINT('',#3510);
#1333=VERTEX_POINT('',#3529);
#1334=VERTEX_POINT('',#3530);
#1335=VERTEX_POINT('',#3532);
#1336=VERTEX_POINT('',#3534);
#1337=VERTEX_POINT('',#3538);
#1338=VERTEX_POINT('',#3539);
#1339=VERTEX_POINT('',#3541);
#1340=VERTEX_POINT('',#3543);
#1341=VERTEX_POINT('',#3547);
#1342=VERTEX_POINT('',#3548);
#1343=VERTEX_POINT('',#3550);
#1344=VERTEX_POINT('',#3552);
#1345=VERTEX_POINT('',#3556);
#1346=VERTEX_POINT('',#3558);
#1347=VERTEX_POINT('',#3560);
#1348=VERTEX_POINT('',#3562);
#1349=VERTEX_POINT('',#3564);
#1350=VERTEX_POINT('',#3566);
#1351=VERTEX_POINT('',#3572);
#1352=VERTEX_POINT('',#3574);
#1353=VERTEX_POINT('',#3576);
#1354=VERTEX_POINT('',#3578);
#1355=VERTEX_POINT('',#3580);
#1356=VERTEX_POINT('',#3582);
#1357=VERTEX_POINT('',#3596);
#1358=VERTEX_POINT('',#3597);
#1359=VERTEX_POINT('',#3600);
#1360=VERTEX_POINT('',#3604);
#1361=VERTEX_POINT('',#3606);
#1362=VERTEX_POINT('',#3608);
#1363=VERTEX_POINT('',#3612);
#1364=VERTEX_POINT('',#3614);
#1365=VERTEX_POINT('',#3620);
#1366=VERTEX_POINT('',#3621);
#1367=VERTEX_POINT('',#3623);
#1368=VERTEX_POINT('',#3625);
#1369=VERTEX_POINT('',#3629);
#1370=VERTEX_POINT('',#3633);
#1371=VERTEX_POINT('',#3637);
#1372=VERTEX_POINT('',#3639);
#1373=VERTEX_POINT('',#3646);
#1374=VERTEX_POINT('',#3648);
#1375=VERTEX_POINT('',#3652);
#1376=VERTEX_POINT('',#3654);
#1377=VERTEX_POINT('',#3658);
#1378=VERTEX_POINT('',#3659);
#1379=CIRCLE('',#2186,0.375);
#1380=CIRCLE('',#2187,0.375);
#1381=CIRCLE('',#2188,0.375);
#1382=CIRCLE('',#2189,0.068);
#1383=CIRCLE('',#2190,0.068);
#1384=CIRCLE('',#2191,0.4375);
#1385=CIRCLE('',#2192,0.068);
#1386=CIRCLE('',#2193,0.068);
#1387=CIRCLE('',#2194,0.375);
#1388=CIRCLE('',#2195,0.375);
#1389=CIRCLE('',#2196,0.375);
#1390=CIRCLE('',#2197,0.375);
#1391=CIRCLE('',#2198,0.375);
#1392=CIRCLE('',#2199,0.375);
#1393=CIRCLE('',#2200,0.375);
#1394=CIRCLE('',#2201,0.375);
#1395=CIRCLE('',#2202,0.4375);
#1396=CIRCLE('',#2203,0.068);
#1397=CIRCLE('',#2204,0.068);
#1398=CIRCLE('',#2205,0.4375);
#1399=CIRCLE('',#2206,0.068);
#1400=CIRCLE('',#2207,0.4375);
#1401=CIRCLE('',#2208,0.068);
#1402=CIRCLE('',#2209,0.068);
#1403=CIRCLE('',#2210,0.068);
#1404=CIRCLE('',#2211,0.4375);
#1405=CIRCLE('',#2212,0.375);
#1406=CIRCLE('',#2214,0.375);
#1407=CIRCLE('',#2215,0.375);
#1408=CIRCLE('',#2216,0.375);
#1409=CIRCLE('',#2217,0.068);
#1410=CIRCLE('',#2218,0.068);
#1411=CIRCLE('',#2219,0.4375);
#1412=CIRCLE('',#2220,0.068);
#1413=CIRCLE('',#2221,0.068);
#1414=CIRCLE('',#2222,0.375);
#1415=CIRCLE('',#2223,0.375);
#1416=CIRCLE('',#2224,0.375);
#1417=CIRCLE('',#2225,0.375);
#1418=CIRCLE('',#2226,0.375);
#1419=CIRCLE('',#2227,0.375);
#1420=CIRCLE('',#2228,0.375);
#1421=CIRCLE('',#2229,0.375);
#1422=CIRCLE('',#2230,0.4375);
#1423=CIRCLE('',#2231,0.068);
#1424=CIRCLE('',#2232,0.068);
#1425=CIRCLE('',#2233,0.4375);
#1426=CIRCLE('',#2234,0.068);
#1427=CIRCLE('',#2235,0.4375);
#1428=CIRCLE('',#2236,0.068);
#1429=CIRCLE('',#2237,0.068);
#1430=CIRCLE('',#2238,0.068);
#1431=CIRCLE('',#2239,0.4375);
#1432=CIRCLE('',#2240,0.375);
#1433=CIRCLE('',#2271,0.197);
#1434=CIRCLE('',#2272,0.197);
#1435=CIRCLE('',#2275,0.197);
#1436=CIRCLE('',#2276,0.197);
#1437=CIRCLE('',#2280,0.25);
#1438=CIRCLE('',#2281,0.25);
#1439=CIRCLE('',#2283,0.25);
#1440=CIRCLE('',#2284,0.25);
#1441=CIRCLE('',#2288,0.0393700787401575);
#1442=CIRCLE('',#2289,0.117370078740157);
#1443=CIRCLE('',#2291,0.0393700787401575);
#1444=CIRCLE('',#2292,0.117370078740157);
#1445=CIRCLE('',#2298,0.197);
#1446=CIRCLE('',#2299,0.197);
#1447=CIRCLE('',#2302,0.197);
#1448=CIRCLE('',#2303,0.197);
#1449=CIRCLE('',#2307,0.25);
#1450=CIRCLE('',#2308,0.25);
#1451=CIRCLE('',#2310,0.25);
#1452=CIRCLE('',#2311,0.25);
#1453=CIRCLE('',#2315,0.0393700787401575);
#1454=CIRCLE('',#2316,0.117370078740157);
#1455=CIRCLE('',#2318,0.0393700787401575);
#1456=CIRCLE('',#2319,0.117370078740157);
#1457=CIRCLE('',#2326,0.08475);
#1458=CIRCLE('',#2327,0.08475);
#1459=CIRCLE('',#2328,0.08475);
#1460=CIRCLE('',#2329,0.08475);
#1461=CIRCLE('',#2330,0.08475);
#1462=CIRCLE('',#2331,0.08475);
#1463=CIRCLE('',#2332,0.25);
#1464=CIRCLE('',#2333,0.25);
#1465=CIRCLE('',#2335,0.08475);
#1466=CIRCLE('',#2336,0.08475);
#1467=CIRCLE('',#2337,0.08475);
#1468=CIRCLE('',#2338,0.08475);
#1469=CIRCLE('',#2339,0.08475);
#1470=CIRCLE('',#2340,0.08475);
#1471=CIRCLE('',#2341,0.25);
#1472=CIRCLE('',#2342,0.25);
#1473=CIRCLE('',#2352,0.117370078740157);
#1474=CIRCLE('',#2353,0.0393700787401575);
#1475=CIRCLE('',#2355,0.117370078740157);
#1476=CIRCLE('',#2356,0.0393700787401575);
#1477=CIRCLE('',#2358,0.117370078740157);
#1478=CIRCLE('',#2359,0.117370078740157);
#1479=CIRCLE('',#2372,0.0393700787401575);
#1480=CIRCLE('',#2373,0.117370078740157);
#1481=CIRCLE('',#2375,0.0393700787401575);
#1482=CIRCLE('',#2376,0.117370078740157);
#1483=CIRCLE('',#2383,0.08475);
#1484=CIRCLE('',#2384,0.08475);
#1485=CIRCLE('',#2385,0.08475);
#1486=CIRCLE('',#2386,0.08475);
#1487=CIRCLE('',#2387,0.08475);
#1488=CIRCLE('',#2388,0.08475);
#1489=CIRCLE('',#2389,0.25);
#1490=CIRCLE('',#2390,0.25);
#1491=CIRCLE('',#2392,0.08475);
#1492=CIRCLE('',#2393,0.08475);
#1493=CIRCLE('',#2394,0.08475);
#1494=CIRCLE('',#2395,0.08475);
#1495=CIRCLE('',#2396,0.08475);
#1496=CIRCLE('',#2397,0.08475);
#1497=CIRCLE('',#2398,0.25);
#1498=CIRCLE('',#2399,0.25);
#1499=CIRCLE('',#2409,0.117370078740157);
#1500=CIRCLE('',#2410,0.0393700787401575);
#1501=CIRCLE('',#2412,0.117370078740157);
#1502=CIRCLE('',#2413,0.0393700787401575);
#1503=CIRCLE('',#2415,0.117370078740157);
#1504=CIRCLE('',#2416,0.117370078740157);
#1505=CIRCLE('',#2429,0.0393700787401575);
#1506=CIRCLE('',#2430,0.117370078740157);
#1507=CIRCLE('',#2432,0.0393700787401575);
#1508=CIRCLE('',#2433,0.117370078740157);
#1509=EDGE_LOOP('',(#363));
#1510=EDGE_LOOP('',(#364));
#1511=EDGE_LOOP('',(#365));
#1512=EDGE_LOOP('',(#366));
#1513=EDGE_LOOP('',(#367));
#1514=EDGE_LOOP('',(#368));
#1515=EDGE_LOOP('',(#369));
#1516=EDGE_LOOP('',(#370));
#1517=EDGE_LOOP('',(#371));
#1518=EDGE_LOOP('',(#372));
#1519=EDGE_LOOP('',(#373));
#1520=EDGE_LOOP('',(#374));
#1521=EDGE_LOOP('',(#375));
#1522=EDGE_LOOP('',(#376));
#1523=EDGE_LOOP('',(#377));
#1524=EDGE_LOOP('',(#378));
#1525=EDGE_LOOP('',(#379));
#1526=EDGE_LOOP('',(#380));
#1527=EDGE_LOOP('',(#381));
#1528=EDGE_LOOP('',(#382));
#1529=EDGE_LOOP('',(#383));
#1530=EDGE_LOOP('',(#384));
#1531=EDGE_LOOP('',(#385));
#1532=EDGE_LOOP('',(#386));
#1533=EDGE_LOOP('',(#387));
#1534=EDGE_LOOP('',(#388));
#1535=EDGE_LOOP('',(#389));
#1536=EDGE_LOOP('',(#390,#391,#392,#393));
#1537=EDGE_LOOP('',(#394));
#1538=EDGE_LOOP('',(#395));
#1539=EDGE_LOOP('',(#396));
#1540=EDGE_LOOP('',(#397));
#1541=EDGE_LOOP('',(#398));
#1542=EDGE_LOOP('',(#399));
#1543=EDGE_LOOP('',(#400));
#1544=EDGE_LOOP('',(#401));
#1545=EDGE_LOOP('',(#402));
#1546=EDGE_LOOP('',(#403));
#1547=EDGE_LOOP('',(#404));
#1548=EDGE_LOOP('',(#405));
#1549=EDGE_LOOP('',(#406));
#1550=EDGE_LOOP('',(#407));
#1551=EDGE_LOOP('',(#408));
#1552=EDGE_LOOP('',(#409));
#1553=EDGE_LOOP('',(#410));
#1554=EDGE_LOOP('',(#411));
#1555=EDGE_LOOP('',(#412));
#1556=EDGE_LOOP('',(#413));
#1557=EDGE_LOOP('',(#414));
#1558=EDGE_LOOP('',(#415));
#1559=EDGE_LOOP('',(#416));
#1560=EDGE_LOOP('',(#417));
#1561=EDGE_LOOP('',(#418));
#1562=EDGE_LOOP('',(#419));
#1563=EDGE_LOOP('',(#420));
#1564=EDGE_LOOP('',(#421,#422,#423,#424));
#1565=EDGE_LOOP('',(#425));
#1566=EDGE_LOOP('',(#426));
#1567=EDGE_LOOP('',(#427));
#1568=EDGE_LOOP('',(#428));
#1569=EDGE_LOOP('',(#429));
#1570=EDGE_LOOP('',(#430));
#1571=EDGE_LOOP('',(#431));
#1572=EDGE_LOOP('',(#432));
#1573=EDGE_LOOP('',(#433));
#1574=EDGE_LOOP('',(#434));
#1575=EDGE_LOOP('',(#435));
#1576=EDGE_LOOP('',(#436));
#1577=EDGE_LOOP('',(#437));
#1578=EDGE_LOOP('',(#438));
#1579=EDGE_LOOP('',(#439));
#1580=EDGE_LOOP('',(#440));
#1581=EDGE_LOOP('',(#441));
#1582=EDGE_LOOP('',(#442));
#1583=EDGE_LOOP('',(#443));
#1584=EDGE_LOOP('',(#444));
#1585=EDGE_LOOP('',(#445));
#1586=EDGE_LOOP('',(#446));
#1587=EDGE_LOOP('',(#447));
#1588=EDGE_LOOP('',(#448));
#1589=EDGE_LOOP('',(#449));
#1590=EDGE_LOOP('',(#450));
#1591=EDGE_LOOP('',(#451));
#1592=EDGE_LOOP('',(#452));
#1593=EDGE_LOOP('',(#453));
#1594=EDGE_LOOP('',(#454));
#1595=EDGE_LOOP('',(#455));
#1596=EDGE_LOOP('',(#456));
#1597=EDGE_LOOP('',(#457));
#1598=EDGE_LOOP('',(#458));
#1599=EDGE_LOOP('',(#459));
#1600=EDGE_LOOP('',(#460));
#1601=EDGE_LOOP('',(#461));
#1602=EDGE_LOOP('',(#462));
#1603=EDGE_LOOP('',(#463));
#1604=EDGE_LOOP('',(#464));
#1605=EDGE_LOOP('',(#465));
#1606=EDGE_LOOP('',(#466));
#1607=EDGE_LOOP('',(#467));
#1608=EDGE_LOOP('',(#468));
#1609=EDGE_LOOP('',(#469));
#1610=EDGE_LOOP('',(#470));
#1611=EDGE_LOOP('',(#471));
#1612=EDGE_LOOP('',(#472));
#1613=EDGE_LOOP('',(#473));
#1614=EDGE_LOOP('',(#474));
#1615=EDGE_LOOP('',(#475));
#1616=EDGE_LOOP('',(#476));
#1617=EDGE_LOOP('',(#477));
#1618=EDGE_LOOP('',(#478));
#1619=EDGE_LOOP('',(#479,#480,#481,#482));
#1620=EDGE_LOOP('',(#483,#484,#485,#486));
#1621=EDGE_LOOP('',(#487,#488,#489,#490));
#1622=EDGE_LOOP('',(#491,#492,#493,#494));
#1623=EDGE_LOOP('',(#495,#496,#497,#498));
#1624=EDGE_LOOP('',(#499,#500,#501,#502));
#1625=EDGE_LOOP('',(#503,#504,#505,#506));
#1626=EDGE_LOOP('',(#507,#508,#509,#510));
#1627=EDGE_LOOP('',(#511,#512,#513,#514,#515,#516));
#1628=EDGE_LOOP('',(#517,#518,#519,#520));
#1629=EDGE_LOOP('',(#521,#522,#523,#524,#525,#526));
#1630=EDGE_LOOP('',(#527,#528,#529,#530));
#1631=EDGE_LOOP('',(#531,#532,#533,#534));
#1632=EDGE_LOOP('',(#535,#536,#537,#538));
#1633=EDGE_LOOP('',(#539,#540,#541,#542));
#1634=EDGE_LOOP('',(#543,#544,#545,#546));
#1635=EDGE_LOOP('',(#547,#548,#549,#550));
#1636=EDGE_LOOP('',(#551,#552,#553,#554));
#1637=EDGE_LOOP('',(#555,#556,#557,#558));
#1638=EDGE_LOOP('',(#559,#560,#561,#562));
#1639=EDGE_LOOP('',(#563,#564,#565,#566));
#1640=EDGE_LOOP('',(#567,#568,#569,#570));
#1641=EDGE_LOOP('',(#571,#572,#573,#574));
#1642=EDGE_LOOP('',(#575,#576,#577,#578));
#1643=EDGE_LOOP('',(#579,#580,#581,#582));
#1644=EDGE_LOOP('',(#583,#584,#585,#586,#587,#588));
#1645=EDGE_LOOP('',(#589,#590,#591,#592));
#1646=EDGE_LOOP('',(#593,#594,#595,#596,#597,#598));
#1647=EDGE_LOOP('',(#599,#600,#601,#602));
#1648=EDGE_LOOP('',(#603,#604,#605,#606));
#1649=EDGE_LOOP('',(#607,#608,#609,#610));
#1650=EDGE_LOOP('',(#611,#612,#613,#614));
#1651=EDGE_LOOP('',(#615,#616,#617,#618));
#1652=EDGE_LOOP('',(#619,#620,#621,#622));
#1653=EDGE_LOOP('',(#623,#624,#625,#626));
#1654=EDGE_LOOP('',(#627,#628,#629,#630));
#1655=EDGE_LOOP('',(#631,#632,#633,#634));
#1656=EDGE_LOOP('',(#635));
#1657=EDGE_LOOP('',(#636));
#1658=EDGE_LOOP('',(#637));
#1659=EDGE_LOOP('',(#638));
#1660=EDGE_LOOP('',(#639));
#1661=EDGE_LOOP('',(#640));
#1662=EDGE_LOOP('',(#641,#642,#643,#644,#645,#646));
#1663=EDGE_LOOP('',(#647));
#1664=EDGE_LOOP('',(#648));
#1665=EDGE_LOOP('',(#649));
#1666=EDGE_LOOP('',(#650));
#1667=EDGE_LOOP('',(#651));
#1668=EDGE_LOOP('',(#652));
#1669=EDGE_LOOP('',(#653,#654,#655,#656,#657,#658));
#1670=EDGE_LOOP('',(#659));
#1671=EDGE_LOOP('',(#660));
#1672=EDGE_LOOP('',(#661));
#1673=EDGE_LOOP('',(#662));
#1674=EDGE_LOOP('',(#663));
#1675=EDGE_LOOP('',(#664));
#1676=EDGE_LOOP('',(#665));
#1677=EDGE_LOOP('',(#666));
#1678=EDGE_LOOP('',(#667));
#1679=EDGE_LOOP('',(#668));
#1680=EDGE_LOOP('',(#669));
#1681=EDGE_LOOP('',(#670));
#1682=EDGE_LOOP('',(#671,#672,#673,#674));
#1683=EDGE_LOOP('',(#675,#676,#677,#678));
#1684=EDGE_LOOP('',(#679,#680,#681,#682,#683));
#1685=EDGE_LOOP('',(#684,#685,#686,#687,#688));
#1686=EDGE_LOOP('',(#689,#690,#691,#692,#693,#694));
#1687=EDGE_LOOP('',(#695,#696,#697,#698));
#1688=EDGE_LOOP('',(#699,#700,#701,#702));
#1689=EDGE_LOOP('',(#703,#704,#705));
#1690=EDGE_LOOP('',(#706,#707,#708));
#1691=EDGE_LOOP('',(#709,#710,#711,#712,#713));
#1692=EDGE_LOOP('',(#714,#715,#716,#717));
#1693=EDGE_LOOP('',(#718,#719,#720,#721));
#1694=EDGE_LOOP('',(#722,#723,#724,#725));
#1695=EDGE_LOOP('',(#726,#727,#728,#729,#730));
#1696=EDGE_LOOP('',(#731,#732,#733,#734,#735,#736,#737,#738,#739,#740));
#1697=EDGE_LOOP('',(#741,#742,#743,#744,#745,#746,#747,#748,#749,#750));
#1698=EDGE_LOOP('',(#751,#752,#753,#754));
#1699=EDGE_LOOP('',(#755,#756,#757,#758));
#1700=EDGE_LOOP('',(#759,#760,#761,#762));
#1701=EDGE_LOOP('',(#763,#764,#765,#766));
#1702=EDGE_LOOP('',(#767,#768,#769,#770));
#1703=EDGE_LOOP('',(#771,#772,#773,#774));
#1704=EDGE_LOOP('',(#775,#776,#777,#778));
#1705=EDGE_LOOP('',(#779));
#1706=EDGE_LOOP('',(#780));
#1707=EDGE_LOOP('',(#781));
#1708=EDGE_LOOP('',(#782));
#1709=EDGE_LOOP('',(#783));
#1710=EDGE_LOOP('',(#784));
#1711=EDGE_LOOP('',(#785,#786,#787,#788,#789,#790));
#1712=EDGE_LOOP('',(#791));
#1713=EDGE_LOOP('',(#792));
#1714=EDGE_LOOP('',(#793));
#1715=EDGE_LOOP('',(#794));
#1716=EDGE_LOOP('',(#795));
#1717=EDGE_LOOP('',(#796));
#1718=EDGE_LOOP('',(#797,#798,#799,#800,#801,#802));
#1719=EDGE_LOOP('',(#803));
#1720=EDGE_LOOP('',(#804));
#1721=EDGE_LOOP('',(#805));
#1722=EDGE_LOOP('',(#806));
#1723=EDGE_LOOP('',(#807));
#1724=EDGE_LOOP('',(#808));
#1725=EDGE_LOOP('',(#809));
#1726=EDGE_LOOP('',(#810));
#1727=EDGE_LOOP('',(#811));
#1728=EDGE_LOOP('',(#812));
#1729=EDGE_LOOP('',(#813));
#1730=EDGE_LOOP('',(#814));
#1731=EDGE_LOOP('',(#815,#816,#817,#818));
#1732=EDGE_LOOP('',(#819,#820,#821,#822));
#1733=EDGE_LOOP('',(#823,#824,#825,#826,#827));
#1734=EDGE_LOOP('',(#828,#829,#830,#831,#832));
#1735=EDGE_LOOP('',(#833,#834,#835,#836,#837,#838));
#1736=EDGE_LOOP('',(#839,#840,#841,#842));
#1737=EDGE_LOOP('',(#843,#844,#845,#846));
#1738=EDGE_LOOP('',(#847,#848,#849));
#1739=EDGE_LOOP('',(#850,#851,#852));
#1740=EDGE_LOOP('',(#853,#854,#855,#856));
#1741=EDGE_LOOP('',(#857,#858,#859,#860,#861));
#1742=EDGE_LOOP('',(#862,#863,#864,#865,#866));
#1743=EDGE_LOOP('',(#867,#868,#869,#870));
#1744=EDGE_LOOP('',(#871,#872,#873,#874));
#1745=EDGE_LOOP('',(#875,#876,#877,#878,#879,#880,#881,#882,#883,#884));
#1746=EDGE_LOOP('',(#885,#886,#887,#888,#889,#890,#891,#892,#893,#894));
#1747=EDGE_LOOP('',(#895,#896,#897,#898));
#1748=EDGE_LOOP('',(#899,#900,#901,#902));
#1749=EDGE_LOOP('',(#903,#904,#905,#906));
#1750=EDGE_LOOP('',(#907,#908,#909,#910));
#1751=FACE_BOUND('',#1509,.T.);
#1752=FACE_BOUND('',#1510,.T.);
#1753=FACE_BOUND('',#1511,.T.);
#1754=FACE_BOUND('',#1512,.T.);
#1755=FACE_BOUND('',#1513,.T.);
#1756=FACE_BOUND('',#1514,.T.);
#1757=FACE_BOUND('',#1515,.T.);
#1758=FACE_BOUND('',#1516,.T.);
#1759=FACE_BOUND('',#1517,.T.);
#1760=FACE_BOUND('',#1518,.T.);
#1761=FACE_BOUND('',#1519,.T.);
#1762=FACE_BOUND('',#1520,.T.);
#1763=FACE_BOUND('',#1521,.T.);
#1764=FACE_BOUND('',#1522,.T.);
#1765=FACE_BOUND('',#1523,.T.);
#1766=FACE_BOUND('',#1524,.T.);
#1767=FACE_BOUND('',#1525,.T.);
#1768=FACE_BOUND('',#1526,.T.);
#1769=FACE_BOUND('',#1527,.T.);
#1770=FACE_BOUND('',#1528,.T.);
#1771=FACE_BOUND('',#1529,.T.);
#1772=FACE_BOUND('',#1530,.T.);
#1773=FACE_BOUND('',#1531,.T.);
#1774=FACE_BOUND('',#1532,.T.);
#1775=FACE_BOUND('',#1533,.T.);
#1776=FACE_BOUND('',#1534,.T.);
#1777=FACE_BOUND('',#1535,.T.);
#1778=FACE_BOUND('',#1536,.T.);
#1779=FACE_BOUND('',#1537,.T.);
#1780=FACE_BOUND('',#1538,.T.);
#1781=FACE_BOUND('',#1539,.T.);
#1782=FACE_BOUND('',#1540,.T.);
#1783=FACE_BOUND('',#1541,.T.);
#1784=FACE_BOUND('',#1542,.T.);
#1785=FACE_BOUND('',#1543,.T.);
#1786=FACE_BOUND('',#1544,.T.);
#1787=FACE_BOUND('',#1545,.T.);
#1788=FACE_BOUND('',#1546,.T.);
#1789=FACE_BOUND('',#1547,.T.);
#1790=FACE_BOUND('',#1548,.T.);
#1791=FACE_BOUND('',#1549,.T.);
#1792=FACE_BOUND('',#1550,.T.);
#1793=FACE_BOUND('',#1551,.T.);
#1794=FACE_BOUND('',#1552,.T.);
#1795=FACE_BOUND('',#1553,.T.);
#1796=FACE_BOUND('',#1554,.T.);
#1797=FACE_BOUND('',#1555,.T.);
#1798=FACE_BOUND('',#1556,.T.);
#1799=FACE_BOUND('',#1557,.T.);
#1800=FACE_BOUND('',#1558,.T.);
#1801=FACE_BOUND('',#1559,.T.);
#1802=FACE_BOUND('',#1560,.T.);
#1803=FACE_BOUND('',#1561,.T.);
#1804=FACE_BOUND('',#1562,.T.);
#1805=FACE_BOUND('',#1563,.T.);
#1806=FACE_BOUND('',#1564,.T.);
#1807=FACE_BOUND('',#1565,.T.);
#1808=FACE_BOUND('',#1566,.T.);
#1809=FACE_BOUND('',#1567,.T.);
#1810=FACE_BOUND('',#1568,.T.);
#1811=FACE_BOUND('',#1569,.T.);
#1812=FACE_BOUND('',#1570,.T.);
#1813=FACE_BOUND('',#1571,.T.);
#1814=FACE_BOUND('',#1572,.T.);
#1815=FACE_BOUND('',#1573,.T.);
#1816=FACE_BOUND('',#1574,.T.);
#1817=FACE_BOUND('',#1575,.T.);
#1818=FACE_BOUND('',#1576,.T.);
#1819=FACE_BOUND('',#1577,.T.);
#1820=FACE_BOUND('',#1578,.T.);
#1821=FACE_BOUND('',#1579,.T.);
#1822=FACE_BOUND('',#1580,.T.);
#1823=FACE_BOUND('',#1581,.T.);
#1824=FACE_BOUND('',#1582,.T.);
#1825=FACE_BOUND('',#1583,.T.);
#1826=FACE_BOUND('',#1584,.T.);
#1827=FACE_BOUND('',#1585,.T.);
#1828=FACE_BOUND('',#1586,.T.);
#1829=FACE_BOUND('',#1587,.T.);
#1830=FACE_BOUND('',#1588,.T.);
#1831=FACE_BOUND('',#1589,.T.);
#1832=FACE_BOUND('',#1590,.T.);
#1833=FACE_BOUND('',#1591,.T.);
#1834=FACE_BOUND('',#1592,.T.);
#1835=FACE_BOUND('',#1593,.T.);
#1836=FACE_BOUND('',#1594,.T.);
#1837=FACE_BOUND('',#1595,.T.);
#1838=FACE_BOUND('',#1596,.T.);
#1839=FACE_BOUND('',#1597,.T.);
#1840=FACE_BOUND('',#1598,.T.);
#1841=FACE_BOUND('',#1599,.T.);
#1842=FACE_BOUND('',#1600,.T.);
#1843=FACE_BOUND('',#1601,.T.);
#1844=FACE_BOUND('',#1602,.T.);
#1845=FACE_BOUND('',#1603,.T.);
#1846=FACE_BOUND('',#1604,.T.);
#1847=FACE_BOUND('',#1605,.T.);
#1848=FACE_BOUND('',#1606,.T.);
#1849=FACE_BOUND('',#1607,.T.);
#1850=FACE_BOUND('',#1608,.T.);
#1851=FACE_BOUND('',#1609,.T.);
#1852=FACE_BOUND('',#1610,.T.);
#1853=FACE_BOUND('',#1611,.T.);
#1854=FACE_BOUND('',#1612,.T.);
#1855=FACE_BOUND('',#1613,.T.);
#1856=FACE_BOUND('',#1614,.T.);
#1857=FACE_BOUND('',#1615,.T.);
#1858=FACE_BOUND('',#1616,.T.);
#1859=FACE_BOUND('',#1617,.T.);
#1860=FACE_BOUND('',#1618,.T.);
#1861=FACE_BOUND('',#1619,.T.);
#1862=FACE_BOUND('',#1620,.T.);
#1863=FACE_BOUND('',#1621,.T.);
#1864=FACE_BOUND('',#1622,.T.);
#1865=FACE_BOUND('',#1623,.T.);
#1866=FACE_BOUND('',#1624,.T.);
#1867=FACE_BOUND('',#1625,.T.);
#1868=FACE_BOUND('',#1626,.T.);
#1869=FACE_BOUND('',#1627,.T.);
#1870=FACE_BOUND('',#1628,.T.);
#1871=FACE_BOUND('',#1629,.T.);
#1872=FACE_BOUND('',#1630,.T.);
#1873=FACE_BOUND('',#1631,.T.);
#1874=FACE_BOUND('',#1632,.T.);
#1875=FACE_BOUND('',#1633,.T.);
#1876=FACE_BOUND('',#1634,.T.);
#1877=FACE_BOUND('',#1635,.T.);
#1878=FACE_BOUND('',#1636,.T.);
#1879=FACE_BOUND('',#1637,.T.);
#1880=FACE_BOUND('',#1638,.T.);
#1881=FACE_BOUND('',#1639,.T.);
#1882=FACE_BOUND('',#1640,.T.);
#1883=FACE_BOUND('',#1641,.T.);
#1884=FACE_BOUND('',#1642,.T.);
#1885=FACE_BOUND('',#1643,.T.);
#1886=FACE_BOUND('',#1644,.T.);
#1887=FACE_BOUND('',#1645,.T.);
#1888=FACE_BOUND('',#1646,.T.);
#1889=FACE_BOUND('',#1647,.T.);
#1890=FACE_BOUND('',#1648,.T.);
#1891=FACE_BOUND('',#1649,.T.);
#1892=FACE_BOUND('',#1650,.T.);
#1893=FACE_BOUND('',#1651,.T.);
#1894=FACE_BOUND('',#1652,.T.);
#1895=FACE_BOUND('',#1653,.T.);
#1896=FACE_BOUND('',#1654,.T.);
#1897=FACE_BOUND('',#1655,.T.);
#1898=FACE_BOUND('',#1656,.T.);
#1899=FACE_BOUND('',#1657,.T.);
#1900=FACE_BOUND('',#1658,.T.);
#1901=FACE_BOUND('',#1659,.T.);
#1902=FACE_BOUND('',#1660,.T.);
#1903=FACE_BOUND('',#1661,.T.);
#1904=FACE_BOUND('',#1662,.T.);
#1905=FACE_BOUND('',#1663,.T.);
#1906=FACE_BOUND('',#1664,.T.);
#1907=FACE_BOUND('',#1665,.T.);
#1908=FACE_BOUND('',#1666,.T.);
#1909=FACE_BOUND('',#1667,.T.);
#1910=FACE_BOUND('',#1668,.T.);
#1911=FACE_BOUND('',#1669,.T.);
#1912=FACE_BOUND('',#1670,.T.);
#1913=FACE_BOUND('',#1671,.T.);
#1914=FACE_BOUND('',#1672,.T.);
#1915=FACE_BOUND('',#1673,.T.);
#1916=FACE_BOUND('',#1674,.T.);
#1917=FACE_BOUND('',#1675,.T.);
#1918=FACE_BOUND('',#1676,.T.);
#1919=FACE_BOUND('',#1677,.T.);
#1920=FACE_BOUND('',#1678,.T.);
#1921=FACE_BOUND('',#1679,.T.);
#1922=FACE_BOUND('',#1680,.T.);
#1923=FACE_BOUND('',#1681,.T.);
#1924=FACE_BOUND('',#1682,.T.);
#1925=FACE_BOUND('',#1683,.T.);
#1926=FACE_BOUND('',#1684,.T.);
#1927=FACE_BOUND('',#1685,.T.);
#1928=FACE_BOUND('',#1686,.T.);
#1929=FACE_BOUND('',#1687,.T.);
#1930=FACE_BOUND('',#1688,.T.);
#1931=FACE_BOUND('',#1689,.T.);
#1932=FACE_BOUND('',#1690,.T.);
#1933=FACE_BOUND('',#1691,.T.);
#1934=FACE_BOUND('',#1692,.T.);
#1935=FACE_BOUND('',#1693,.T.);
#1936=FACE_BOUND('',#1694,.T.);
#1937=FACE_BOUND('',#1695,.T.);
#1938=FACE_BOUND('',#1696,.T.);
#1939=FACE_BOUND('',#1697,.T.);
#1940=FACE_BOUND('',#1698,.T.);
#1941=FACE_BOUND('',#1699,.T.);
#1942=FACE_BOUND('',#1700,.T.);
#1943=FACE_BOUND('',#1701,.T.);
#1944=FACE_BOUND('',#1702,.T.);
#1945=FACE_BOUND('',#1703,.T.);
#1946=FACE_BOUND('',#1704,.T.);
#1947=FACE_BOUND('',#1705,.T.);
#1948=FACE_BOUND('',#1706,.T.);
#1949=FACE_BOUND('',#1707,.T.);
#1950=FACE_BOUND('',#1708,.T.);
#1951=FACE_BOUND('',#1709,.T.);
#1952=FACE_BOUND('',#1710,.T.);
#1953=FACE_BOUND('',#1711,.T.);
#1954=FACE_BOUND('',#1712,.T.);
#1955=FACE_BOUND('',#1713,.T.);
#1956=FACE_BOUND('',#1714,.T.);
#1957=FACE_BOUND('',#1715,.T.);
#1958=FACE_BOUND('',#1716,.T.);
#1959=FACE_BOUND('',#1717,.T.);
#1960=FACE_BOUND('',#1718,.T.);
#1961=FACE_BOUND('',#1719,.T.);
#1962=FACE_BOUND('',#1720,.T.);
#1963=FACE_BOUND('',#1721,.T.);
#1964=FACE_BOUND('',#1722,.T.);
#1965=FACE_BOUND('',#1723,.T.);
#1966=FACE_BOUND('',#1724,.T.);
#1967=FACE_BOUND('',#1725,.T.);
#1968=FACE_BOUND('',#1726,.T.);
#1969=FACE_BOUND('',#1727,.T.);
#1970=FACE_BOUND('',#1728,.T.);
#1971=FACE_BOUND('',#1729,.T.);
#1972=FACE_BOUND('',#1730,.T.);
#1973=FACE_BOUND('',#1731,.T.);
#1974=FACE_BOUND('',#1732,.T.);
#1975=FACE_BOUND('',#1733,.T.);
#1976=FACE_BOUND('',#1734,.T.);
#1977=FACE_BOUND('',#1735,.T.);
#1978=FACE_BOUND('',#1736,.T.);
#1979=FACE_BOUND('',#1737,.T.);
#1980=FACE_BOUND('',#1738,.T.);
#1981=FACE_BOUND('',#1739,.T.);
#1982=FACE_BOUND('',#1740,.T.);
#1983=FACE_BOUND('',#1741,.T.);
#1984=FACE_BOUND('',#1742,.T.);
#1985=FACE_BOUND('',#1743,.T.);
#1986=FACE_BOUND('',#1744,.T.);
#1987=FACE_BOUND('',#1745,.T.);
#1988=FACE_BOUND('',#1746,.T.);
#1989=FACE_BOUND('',#1747,.T.);
#1990=FACE_BOUND('',#1748,.T.);
#1991=FACE_BOUND('',#1749,.T.);
#1992=FACE_BOUND('',#1750,.T.);
#1993=PLANE('',#2185);
#1994=PLANE('',#2213);
#1995=PLANE('',#2268);
#1996=PLANE('',#2269);
#1997=PLANE('',#2273);
#1998=PLANE('',#2277);
#1999=PLANE('',#2278);
#2000=PLANE('',#2279);
#2001=PLANE('',#2282);
#2002=PLANE('',#2287);
#2003=PLANE('',#2290);
#2004=PLANE('',#2295);
#2005=PLANE('',#2296);
#2006=PLANE('',#2300);
#2007=PLANE('',#2304);
#2008=PLANE('',#2305);
#2009=PLANE('',#2306);
#2010=PLANE('',#2309);
#2011=PLANE('',#2314);
#2012=PLANE('',#2317);
#2013=PLANE('',#2322);
#2014=PLANE('',#2323);
#2015=PLANE('',#2324);
#2016=PLANE('',#2325);
#2017=PLANE('',#2334);
#2018=PLANE('',#2351);
#2019=PLANE('',#2354);
#2020=PLANE('',#2361);
#2021=PLANE('',#2362);
#2022=PLANE('',#2363);
#2023=PLANE('',#2364);
#2024=PLANE('',#2365);
#2025=PLANE('',#2366);
#2026=PLANE('',#2367);
#2027=PLANE('',#2368);
#2028=PLANE('',#2369);
#2029=PLANE('',#2370);
#2030=PLANE('',#2371);
#2031=PLANE('',#2374);
#2032=PLANE('',#2379);
#2033=PLANE('',#2380);
#2034=PLANE('',#2381);
#2035=PLANE('',#2382);
#2036=PLANE('',#2391);
#2037=PLANE('',#2408);
#2038=PLANE('',#2411);
#2039=PLANE('',#2418);
#2040=PLANE('',#2419);
#2041=PLANE('',#2420);
#2042=PLANE('',#2421);
#2043=PLANE('',#2422);
#2044=PLANE('',#2423);
#2045=PLANE('',#2424);
#2046=PLANE('',#2425);
#2047=PLANE('',#2426);
#2048=PLANE('',#2427);
#2049=PLANE('',#2428);
#2050=PLANE('',#2431);
#2051=ADVANCED_FACE('',(#1751,#1752,#1753,#1754,#1755,#1756,#1757,#1758,#1759,#1760,#1761,#1762,#1763,#1764,#1765,#1766,#1767,#1768,#1769,#1770,#1771,#1772,#1773,#1774,#1775,#1776,#1777,#1778),#1993,.T.);
#2052=ADVANCED_FACE('',(#1779,#1780,#1781,#1782,#1783,#1784,#1785,#1786,#1787,#1788,#1789,#1790,#1791,#1792,#1793,#1794,#1795,#1796,#1797,#1798,#1799,#1800,#1801,#1802,#1803,#1804,#1805,#1806),#1994,.F.);
#2053=ADVANCED_FACE('',(#1807,#1808),#12,.F.);
#2054=ADVANCED_FACE('',(#1809,#1810),#13,.F.);
#2055=ADVANCED_FACE('',(#1811,#1812),#14,.F.);
#2056=ADVANCED_FACE('',(#1813,#1814),#15,.F.);
#2057=ADVANCED_FACE('',(#1815,#1816),#16,.F.);
#2058=ADVANCED_FACE('',(#1817,#1818),#17,.F.);
#2059=ADVANCED_FACE('',(#1819,#1820),#18,.F.);
#2060=ADVANCED_FACE('',(#1821,#1822),#19,.F.);
#2061=ADVANCED_FACE('',(#1823,#1824),#20,.F.);
#2062=ADVANCED_FACE('',(#1825,#1826),#21,.F.);
#2063=ADVANCED_FACE('',(#1827,#1828),#22,.F.);
#2064=ADVANCED_FACE('',(#1829,#1830),#23,.F.);
#2065=ADVANCED_FACE('',(#1831,#1832),#24,.F.);
#2066=ADVANCED_FACE('',(#1833,#1834),#25,.F.);
#2067=ADVANCED_FACE('',(#1835,#1836),#26,.F.);
#2068=ADVANCED_FACE('',(#1837,#1838),#27,.F.);
#2069=ADVANCED_FACE('',(#1839,#1840),#28,.F.);
#2070=ADVANCED_FACE('',(#1841,#1842),#29,.F.);
#2071=ADVANCED_FACE('',(#1843,#1844),#30,.F.);
#2072=ADVANCED_FACE('',(#1845,#1846),#31,.F.);
#2073=ADVANCED_FACE('',(#1847,#1848),#32,.F.);
#2074=ADVANCED_FACE('',(#1849,#1850),#33,.F.);
#2075=ADVANCED_FACE('',(#1851,#1852),#34,.F.);
#2076=ADVANCED_FACE('',(#1853,#1854),#35,.F.);
#2077=ADVANCED_FACE('',(#1855,#1856),#36,.F.);
#2078=ADVANCED_FACE('',(#1857,#1858),#37,.F.);
#2079=ADVANCED_FACE('',(#1859,#1860),#38,.F.);
#2080=ADVANCED_FACE('',(#1861),#1995,.F.);
#2081=ADVANCED_FACE('',(#1862),#1996,.F.);
#2082=ADVANCED_FACE('',(#1863),#39,.F.);
#2083=ADVANCED_FACE('',(#1864),#1997,.F.);
#2084=ADVANCED_FACE('',(#1865),#40,.F.);
#2085=ADVANCED_FACE('',(#1866),#1998,.T.);
#2086=ADVANCED_FACE('',(#1867),#1999,.F.);
#2087=ADVANCED_FACE('',(#1868,#1869),#2000,.T.);
#2088=ADVANCED_FACE('',(#1870,#1871),#2001,.F.);
#2089=ADVANCED_FACE('',(#1872),#41,.T.);
#2090=ADVANCED_FACE('',(#1873),#42,.T.);
#2091=ADVANCED_FACE('',(#1874),#2002,.F.);
#2092=ADVANCED_FACE('',(#1875),#2003,.T.);
#2093=ADVANCED_FACE('',(#1876),#43,.T.);
#2094=ADVANCED_FACE('',(#1877),#44,.F.);
#2095=ADVANCED_FACE('',(#1878),#2004,.F.);
#2096=ADVANCED_FACE('',(#1879),#2005,.F.);
#2097=ADVANCED_FACE('',(#1880),#45,.F.);
#2098=ADVANCED_FACE('',(#1881),#2006,.F.);
#2099=ADVANCED_FACE('',(#1882),#46,.F.);
#2100=ADVANCED_FACE('',(#1883),#2007,.T.);
#2101=ADVANCED_FACE('',(#1884),#2008,.F.);
#2102=ADVANCED_FACE('',(#1885,#1886),#2009,.T.);
#2103=ADVANCED_FACE('',(#1887,#1888),#2010,.F.);
#2104=ADVANCED_FACE('',(#1889),#47,.T.);
#2105=ADVANCED_FACE('',(#1890),#48,.T.);
#2106=ADVANCED_FACE('',(#1891),#2011,.F.);
#2107=ADVANCED_FACE('',(#1892),#2012,.T.);
#2108=ADVANCED_FACE('',(#1893),#49,.T.);
#2109=ADVANCED_FACE('',(#1894),#50,.F.);
#2110=ADVANCED_FACE('',(#1895),#2013,.F.);
#2111=ADVANCED_FACE('',(#1896),#2014,.F.);
#2112=ADVANCED_FACE('',(#1897),#2015,.F.);
#2113=ADVANCED_FACE('',(#1898,#1899,#1900,#1901,#1902,#1903,#1904),#2016,.T.);
#2114=ADVANCED_FACE('',(#1905,#1906,#1907,#1908,#1909,#1910,#1911),#2017,.F.);
#2115=ADVANCED_FACE('',(#1912,#1913),#51,.F.);
#2116=ADVANCED_FACE('',(#1914,#1915),#52,.F.);
#2117=ADVANCED_FACE('',(#1916,#1917),#53,.F.);
#2118=ADVANCED_FACE('',(#1918,#1919),#54,.F.);
#2119=ADVANCED_FACE('',(#1920,#1921),#55,.F.);
#2120=ADVANCED_FACE('',(#1922,#1923),#56,.F.);
#2121=ADVANCED_FACE('',(#1924),#57,.T.);
#2122=ADVANCED_FACE('',(#1925),#58,.T.);
#2123=ADVANCED_FACE('',(#1926),#2018,.F.);
#2124=ADVANCED_FACE('',(#1927),#2019,.T.);
#2125=ADVANCED_FACE('',(#1928),#59,.T.);
#2126=ADVANCED_FACE('',(#1929),#60,.F.);
#2127=ADVANCED_FACE('',(#1930),#2020,.T.);
#2128=ADVANCED_FACE('',(#1931),#2021,.F.);
#2129=ADVANCED_FACE('',(#1932),#2022,.T.);
#2130=ADVANCED_FACE('',(#1933),#2023,.F.);
#2131=ADVANCED_FACE('',(#1934),#2024,.T.);
#2132=ADVANCED_FACE('',(#1935),#2025,.T.);
#2133=ADVANCED_FACE('',(#1936),#2026,.F.);
#2134=ADVANCED_FACE('',(#1937),#2027,.F.);
#2135=ADVANCED_FACE('',(#1938),#2028,.T.);
#2136=ADVANCED_FACE('',(#1939),#2029,.F.);
#2137=ADVANCED_FACE('',(#1940),#2030,.F.);
#2138=ADVANCED_FACE('',(#1941),#2031,.T.);
#2139=ADVANCED_FACE('',(#1942),#61,.T.);
#2140=ADVANCED_FACE('',(#1943),#62,.F.);
#2141=ADVANCED_FACE('',(#1944),#2032,.F.);
#2142=ADVANCED_FACE('',(#1945),#2033,.F.);
#2143=ADVANCED_FACE('',(#1946),#2034,.F.);
#2144=ADVANCED_FACE('',(#1947,#1948,#1949,#1950,#1951,#1952,#1953),#2035,.T.);
#2145=ADVANCED_FACE('',(#1954,#1955,#1956,#1957,#1958,#1959,#1960),#2036,.F.);
#2146=ADVANCED_FACE('',(#1961,#1962),#63,.F.);
#2147=ADVANCED_FACE('',(#1963,#1964),#64,.F.);
#2148=ADVANCED_FACE('',(#1965,#1966),#65,.F.);
#2149=ADVANCED_FACE('',(#1967,#1968),#66,.F.);
#2150=ADVANCED_FACE('',(#1969,#1970),#67,.F.);
#2151=ADVANCED_FACE('',(#1971,#1972),#68,.F.);
#2152=ADVANCED_FACE('',(#1973),#69,.T.);
#2153=ADVANCED_FACE('',(#1974),#70,.T.);
#2154=ADVANCED_FACE('',(#1975),#2037,.T.);
#2155=ADVANCED_FACE('',(#1976),#2038,.F.);
#2156=ADVANCED_FACE('',(#1977),#71,.T.);
#2157=ADVANCED_FACE('',(#1978),#72,.F.);
#2158=ADVANCED_FACE('',(#1979),#2039,.F.);
#2159=ADVANCED_FACE('',(#1980),#2040,.F.);
#2160=ADVANCED_FACE('',(#1981),#2041,.T.);
#2161=ADVANCED_FACE('',(#1982),#2042,.F.);
#2162=ADVANCED_FACE('',(#1983),#2043,.T.);
#2163=ADVANCED_FACE('',(#1984),#2044,.T.);
#2164=ADVANCED_FACE('',(#1985),#2045,.T.);
#2165=ADVANCED_FACE('',(#1986),#2046,.F.);
#2166=ADVANCED_FACE('',(#1987),#2047,.T.);
#2167=ADVANCED_FACE('',(#1988),#2048,.F.);
#2168=ADVANCED_FACE('',(#1989),#2049,.F.);
#2169=ADVANCED_FACE('',(#1990),#2050,.T.);
#2170=ADVANCED_FACE('',(#1991),#73,.T.);
#2171=ADVANCED_FACE('',(#1992),#74,.F.);
#2172=CLOSED_SHELL('',(#2051,#2052,#2053,#2054,#2055,#2056,#2057,#2058,#2059,#2060,#2061,#2062,#2063,#2064,#2065,#2066,#2067,#2068,#2069,#2070,#2071,#2072,#2073,#2074,#2075,#2076,#2077,#2078,#2079,#2080,#2081,#2082,#2083,#2084,#2085,#2086,#2087,#2088,#2089,#2090,#2091,#2092,#2093,#2094,#2095,#2096,#2097,#2098,#2099,#2100,#2101,#2102,#2103,#2104,#2105,#2106,#2107,#2108,#2109,#2110,#2111,#2112,#2113,#2114,#2115,#2116,#2117,#2118,#2119,#2120,#2121,#2122,#2123,#2124,#2125,#2126,#2127,#2128,#2129,#2130,#2131,#2132,#2133,#2134,#2135,#2136,#2137,#2138,#2139,#2140,#2141,#2142,#2143,#2144,#2145,#2146,#2147,#2148,#2149,#2150,#2151,#2152,#2153,#2154,#2155,#2156,#2157,#2158,#2159,#2160,#2161,#2162,#2163,#2164,#2165,#2166,#2167,#2168,#2169,#2170,#2171));
#2173=STYLED_ITEM('',(#2174),#2181);
#2174=PRESENTATION_STYLE_ASSIGNMENT((#2175));
#2175=SURFACE_STYLE_USAGE(.BOTH.,#2176);
#2176=SURFACE_SIDE_STYLE('',(#2177));
#2177=SURFACE_STYLE_FILL_AREA(#2178);
#2178=FILL_AREA_STYLE('',(#2179));
#2179=FILL_AREA_STYLE_COLOUR('',#2180);
#2180=COLOUR_RGB('',0.498039215686275,0.498039215686275,0.498039215686275);
#2181=MANIFOLD_SOLID_BREP('Support bracket',#2172);
#2182=SHAPE_DEFINITION_REPRESENTATION(#3683,#2183);
#2183=SHAPE_REPRESENTATION('Support bracket',(#2184),#3675);
#2184=AXIS2_PLACEMENT_3D('',#3084,#2436,#2437);
#2185=AXIS2_PLACEMENT_3D('',#3085,#2438,#2439);
#2186=AXIS2_PLACEMENT_3D('',#3086,#2440,#2441);
#2187=AXIS2_PLACEMENT_3D('',#3088,#2442,#2443);
#2188=AXIS2_PLACEMENT_3D('',#3090,#2444,#2445);
#2189=AXIS2_PLACEMENT_3D('',#3092,#2446,#2447);
#2190=AXIS2_PLACEMENT_3D('',#3094,#2448,#2449);
#2191=AXIS2_PLACEMENT_3D('',#3096,#2450,#2451);
#2192=AXIS2_PLACEMENT_3D('',#3098,#2452,#2453);
#2193=AXIS2_PLACEMENT_3D('',#3100,#2454,#2455);
#2194=AXIS2_PLACEMENT_3D('',#3102,#2456,#2457);
#2195=AXIS2_PLACEMENT_3D('',#3104,#2458,#2459);
#2196=AXIS2_PLACEMENT_3D('',#3106,#2460,#2461);
#2197=AXIS2_PLACEMENT_3D('',#3108,#2462,#2463);
#2198=AXIS2_PLACEMENT_3D('',#3110,#2464,#2465);
#2199=AXIS2_PLACEMENT_3D('',#3112,#2466,#2467);
#2200=AXIS2_PLACEMENT_3D('',#3114,#2468,#2469);
#2201=AXIS2_PLACEMENT_3D('',#3116,#2470,#2471);
#2202=AXIS2_PLACEMENT_3D('',#3118,#2472,#2473);
#2203=AXIS2_PLACEMENT_3D('',#3120,#2474,#2475);
#2204=AXIS2_PLACEMENT_3D('',#3122,#2476,#2477);
#2205=AXIS2_PLACEMENT_3D('',#3124,#2478,#2479);
#2206=AXIS2_PLACEMENT_3D('',#3126,#2480,#2481);
#2207=AXIS2_PLACEMENT_3D('',#3128,#2482,#2483);
#2208=AXIS2_PLACEMENT_3D('',#3130,#2484,#2485);
#2209=AXIS2_PLACEMENT_3D('',#3132,#2486,#2487);
#2210=AXIS2_PLACEMENT_3D('',#3134,#2488,#2489);
#2211=AXIS2_PLACEMENT_3D('',#3136,#2490,#2491);
#2212=AXIS2_PLACEMENT_3D('',#3138,#2492,#2493);
#2213=AXIS2_PLACEMENT_3D('',#3148,#2498,#2499);
#2214=AXIS2_PLACEMENT_3D('',#3149,#2500,#2501);
#2215=AXIS2_PLACEMENT_3D('',#3151,#2502,#2503);
#2216=AXIS2_PLACEMENT_3D('',#3153,#2504,#2505);
#2217=AXIS2_PLACEMENT_3D('',#3155,#2506,#2507);
#2218=AXIS2_PLACEMENT_3D('',#3157,#2508,#2509);
#2219=AXIS2_PLACEMENT_3D('',#3159,#2510,#2511);
#2220=AXIS2_PLACEMENT_3D('',#3161,#2512,#2513);
#2221=AXIS2_PLACEMENT_3D('',#3163,#2514,#2515);
#2222=AXIS2_PLACEMENT_3D('',#3165,#2516,#2517);
#2223=AXIS2_PLACEMENT_3D('',#3167,#2518,#2519);
#2224=AXIS2_PLACEMENT_3D('',#3169,#2520,#2521);
#2225=AXIS2_PLACEMENT_3D('',#3171,#2522,#2523);
#2226=AXIS2_PLACEMENT_3D('',#3173,#2524,#2525);
#2227=AXIS2_PLACEMENT_3D('',#3175,#2526,#2527);
#2228=AXIS2_PLACEMENT_3D('',#3177,#2528,#2529);
#2229=AXIS2_PLACEMENT_3D('',#3179,#2530,#2531);
#2230=AXIS2_PLACEMENT_3D('',#3181,#2532,#2533);
#2231=AXIS2_PLACEMENT_3D('',#3183,#2534,#2535);
#2232=AXIS2_PLACEMENT_3D('',#3185,#2536,#2537);
#2233=AXIS2_PLACEMENT_3D('',#3187,#2538,#2539);
#2234=AXIS2_PLACEMENT_3D('',#3189,#2540,#2541);
#2235=AXIS2_PLACEMENT_3D('',#3191,#2542,#2543);
#2236=AXIS2_PLACEMENT_3D('',#3193,#2544,#2545);
#2237=AXIS2_PLACEMENT_3D('',#3195,#2546,#2547);
#2238=AXIS2_PLACEMENT_3D('',#3197,#2548,#2549);
#2239=AXIS2_PLACEMENT_3D('',#3199,#2550,#2551);
#2240=AXIS2_PLACEMENT_3D('',#3201,#2552,#2553);
#2241=AXIS2_PLACEMENT_3D('',#3211,#2558,#2559);
#2242=AXIS2_PLACEMENT_3D('',#3212,#2560,#2561);
#2243=AXIS2_PLACEMENT_3D('',#3213,#2562,#2563);
#2244=AXIS2_PLACEMENT_3D('',#3214,#2564,#2565);
#2245=AXIS2_PLACEMENT_3D('',#3215,#2566,#2567);
#2246=AXIS2_PLACEMENT_3D('',#3216,#2568,#2569);
#2247=AXIS2_PLACEMENT_3D('',#3217,#2570,#2571);
#2248=AXIS2_PLACEMENT_3D('',#3218,#2572,#2573);
#2249=AXIS2_PLACEMENT_3D('',#3219,#2574,#2575);
#2250=AXIS2_PLACEMENT_3D('',#3220,#2576,#2577);
#2251=AXIS2_PLACEMENT_3D('',#3221,#2578,#2579);
#2252=AXIS2_PLACEMENT_3D('',#3222,#2580,#2581);
#2253=AXIS2_PLACEMENT_3D('',#3223,#2582,#2583);
#2254=AXIS2_PLACEMENT_3D('',#3224,#2584,#2585);
#2255=AXIS2_PLACEMENT_3D('',#3225,#2586,#2587);
#2256=AXIS2_PLACEMENT_3D('',#3226,#2588,#2589);
#2257=AXIS2_PLACEMENT_3D('',#3227,#2590,#2591);
#2258=AXIS2_PLACEMENT_3D('',#3228,#2592,#2593);
#2259=AXIS2_PLACEMENT_3D('',#3229,#2594,#2595);
#2260=AXIS2_PLACEMENT_3D('',#3230,#2596,#2597);
#2261=AXIS2_PLACEMENT_3D('',#3231,#2598,#2599);
#2262=AXIS2_PLACEMENT_3D('',#3232,#2600,#2601);
#2263=AXIS2_PLACEMENT_3D('',#3233,#2602,#2603);
#2264=AXIS2_PLACEMENT_3D('',#3234,#2604,#2605);
#2265=AXIS2_PLACEMENT_3D('',#3235,#2606,#2607);
#2266=AXIS2_PLACEMENT_3D('',#3236,#2608,#2609);
#2267=AXIS2_PLACEMENT_3D('',#3237,#2610,#2611);
#2268=AXIS2_PLACEMENT_3D('',#3238,#2612,#2613);
#2269=AXIS2_PLACEMENT_3D('',#3247,#2618,#2619);
#2270=AXIS2_PLACEMENT_3D('',#3256,#2624,#2625);
#2271=AXIS2_PLACEMENT_3D('',#3260,#2627,#2628);
#2272=AXIS2_PLACEMENT_3D('',#3264,#2630,#2631);
#2273=AXIS2_PLACEMENT_3D('',#3265,#2632,#2633);
#2274=AXIS2_PLACEMENT_3D('',#3271,#2637,#2638);
#2275=AXIS2_PLACEMENT_3D('',#3272,#2639,#2640);
#2276=AXIS2_PLACEMENT_3D('',#3276,#2642,#2643);
#2277=AXIS2_PLACEMENT_3D('',#3277,#2644,#2645);
#2278=AXIS2_PLACEMENT_3D('',#3280,#2648,#2649);
#2279=AXIS2_PLACEMENT_3D('',#3289,#2654,#2655);
#2280=AXIS2_PLACEMENT_3D('',#3290,#2656,#2657);
#2281=AXIS2_PLACEMENT_3D('',#3291,#2658,#2659);
#2282=AXIS2_PLACEMENT_3D('',#3293,#2661,#2662);
#2283=AXIS2_PLACEMENT_3D('',#3294,#2663,#2664);
#2284=AXIS2_PLACEMENT_3D('',#3296,#2666,#2667);
#2285=AXIS2_PLACEMENT_3D('',#3297,#2668,#2669);
#2286=AXIS2_PLACEMENT_3D('',#3298,#2670,#2671);
#2287=AXIS2_PLACEMENT_3D('',#3299,#2672,#2673);
#2288=AXIS2_PLACEMENT_3D('',#3301,#2675,#2676);
#2289=AXIS2_PLACEMENT_3D('',#3302,#2677,#2678);
#2290=AXIS2_PLACEMENT_3D('',#3303,#2679,#2680);
#2291=AXIS2_PLACEMENT_3D('',#3304,#2681,#2682);
#2292=AXIS2_PLACEMENT_3D('',#3306,#2684,#2685);
#2293=AXIS2_PLACEMENT_3D('',#3307,#2686,#2687);
#2294=AXIS2_PLACEMENT_3D('',#3308,#2688,#2689);
#2295=AXIS2_PLACEMENT_3D('',#3309,#2690,#2691);
#2296=AXIS2_PLACEMENT_3D('',#3318,#2696,#2697);
#2297=AXIS2_PLACEMENT_3D('',#3327,#2702,#2703);
#2298=AXIS2_PLACEMENT_3D('',#3331,#2705,#2706);
#2299=AXIS2_PLACEMENT_3D('',#3335,#2708,#2709);
#2300=AXIS2_PLACEMENT_3D('',#3336,#2710,#2711);
#2301=AXIS2_PLACEMENT_3D('',#3342,#2715,#2716);
#2302=AXIS2_PLACEMENT_3D('',#3343,#2717,#2718);
#2303=AXIS2_PLACEMENT_3D('',#3347,#2720,#2721);
#2304=AXIS2_PLACEMENT_3D('',#3348,#2722,#2723);
#2305=AXIS2_PLACEMENT_3D('',#3351,#2726,#2727);
#2306=AXIS2_PLACEMENT_3D('',#3360,#2732,#2733);
#2307=AXIS2_PLACEMENT_3D('',#3361,#2734,#2735);
#2308=AXIS2_PLACEMENT_3D('',#3362,#2736,#2737);
#2309=AXIS2_PLACEMENT_3D('',#3364,#2739,#2740);
#2310=AXIS2_PLACEMENT_3D('',#3365,#2741,#2742);
#2311=AXIS2_PLACEMENT_3D('',#3367,#2744,#2745);
#2312=AXIS2_PLACEMENT_3D('',#3368,#2746,#2747);
#2313=AXIS2_PLACEMENT_3D('',#3369,#2748,#2749);
#2314=AXIS2_PLACEMENT_3D('',#3370,#2750,#2751);
#2315=AXIS2_PLACEMENT_3D('',#3372,#2753,#2754);
#2316=AXIS2_PLACEMENT_3D('',#3373,#2755,#2756);
#2317=AXIS2_PLACEMENT_3D('',#3374,#2757,#2758);
#2318=AXIS2_PLACEMENT_3D('',#3375,#2759,#2760);
#2319=AXIS2_PLACEMENT_3D('',#3377,#2762,#2763);
#2320=AXIS2_PLACEMENT_3D('',#3378,#2764,#2765);
#2321=AXIS2_PLACEMENT_3D('',#3379,#2766,#2767);
#2322=AXIS2_PLACEMENT_3D('',#3380,#2768,#2769);
#2323=AXIS2_PLACEMENT_3D('',#3389,#2774,#2775);
#2324=AXIS2_PLACEMENT_3D('',#3398,#2780,#2781);
#2325=AXIS2_PLACEMENT_3D('',#3407,#2786,#2787);
#2326=AXIS2_PLACEMENT_3D('',#3408,#2788,#2789);
#2327=AXIS2_PLACEMENT_3D('',#3410,#2790,#2791);
#2328=AXIS2_PLACEMENT_3D('',#3412,#2792,#2793);
#2329=AXIS2_PLACEMENT_3D('',#3414,#2794,#2795);
#2330=AXIS2_PLACEMENT_3D('',#3416,#2796,#2797);
#2331=AXIS2_PLACEMENT_3D('',#3418,#2798,#2799);
#2332=AXIS2_PLACEMENT_3D('',#3420,#2800,#2801);
#2333=AXIS2_PLACEMENT_3D('',#3421,#2802,#2803);
#2334=AXIS2_PLACEMENT_3D('',#3423,#2805,#2806);
#2335=AXIS2_PLACEMENT_3D('',#3424,#2807,#2808);
#2336=AXIS2_PLACEMENT_3D('',#3426,#2809,#2810);
#2337=AXIS2_PLACEMENT_3D('',#3428,#2811,#2812);
#2338=AXIS2_PLACEMENT_3D('',#3430,#2813,#2814);
#2339=AXIS2_PLACEMENT_3D('',#3432,#2815,#2816);
#2340=AXIS2_PLACEMENT_3D('',#3434,#2817,#2818);
#2341=AXIS2_PLACEMENT_3D('',#3436,#2819,#2820);
#2342=AXIS2_PLACEMENT_3D('',#3438,#2822,#2823);
#2343=AXIS2_PLACEMENT_3D('',#3439,#2824,#2825);
#2344=AXIS2_PLACEMENT_3D('',#3440,#2826,#2827);
#2345=AXIS2_PLACEMENT_3D('',#3441,#2828,#2829);
#2346=AXIS2_PLACEMENT_3D('',#3442,#2830,#2831);
#2347=AXIS2_PLACEMENT_3D('',#3443,#2832,#2833);
#2348=AXIS2_PLACEMENT_3D('',#3444,#2834,#2835);
#2349=AXIS2_PLACEMENT_3D('',#3445,#2836,#2837);
#2350=AXIS2_PLACEMENT_3D('',#3446,#2838,#2839);
#2351=AXIS2_PLACEMENT_3D('',#3447,#2840,#2841);
#2352=AXIS2_PLACEMENT_3D('',#3451,#2843,#2844);
#2353=AXIS2_PLACEMENT_3D('',#3452,#2845,#2846);
#2354=AXIS2_PLACEMENT_3D('',#3455,#2848,#2849);
#2355=AXIS2_PLACEMENT_3D('',#3456,#2850,#2851);
#2356=AXIS2_PLACEMENT_3D('',#3462,#2854,#2855);
#2357=AXIS2_PLACEMENT_3D('',#3463,#2856,#2857);
#2358=AXIS2_PLACEMENT_3D('',#3464,#2858,#2859);
#2359=AXIS2_PLACEMENT_3D('',#3466,#2860,#2861);
#2360=AXIS2_PLACEMENT_3D('',#3469,#2863,#2864);
#2361=AXIS2_PLACEMENT_3D('',#3471,#2866,#2867);
#2362=AXIS2_PLACEMENT_3D('',#3480,#2872,#2873);
#2363=AXIS2_PLACEMENT_3D('',#3484,#2876,#2877);
#2364=AXIS2_PLACEMENT_3D('',#3488,#2880,#2881);
#2365=AXIS2_PLACEMENT_3D('',#3494,#2885,#2886);
#2366=AXIS2_PLACEMENT_3D('',#3500,#2890,#2891);
#2367=AXIS2_PLACEMENT_3D('',#3506,#2895,#2896);
#2368=AXIS2_PLACEMENT_3D('',#3512,#2900,#2901);
#2369=AXIS2_PLACEMENT_3D('',#3515,#2904,#2905);
#2370=AXIS2_PLACEMENT_3D('',#3517,#2907,#2908);
#2371=AXIS2_PLACEMENT_3D('',#3519,#2910,#2911);
#2372=AXIS2_PLACEMENT_3D('',#3520,#2912,#2913);
#2373=AXIS2_PLACEMENT_3D('',#3521,#2914,#2915);
#2374=AXIS2_PLACEMENT_3D('',#3522,#2916,#2917);
#2375=AXIS2_PLACEMENT_3D('',#3523,#2918,#2919);
#2376=AXIS2_PLACEMENT_3D('',#3524,#2920,#2921);
#2377=AXIS2_PLACEMENT_3D('',#3525,#2922,#2923);
#2378=AXIS2_PLACEMENT_3D('',#3526,#2924,#2925);
#2379=AXIS2_PLACEMENT_3D('',#3527,#2926,#2927);
#2380=AXIS2_PLACEMENT_3D('',#3536,#2932,#2933);
#2381=AXIS2_PLACEMENT_3D('',#3545,#2938,#2939);
#2382=AXIS2_PLACEMENT_3D('',#3554,#2944,#2945);
#2383=AXIS2_PLACEMENT_3D('',#3555,#2946,#2947);
#2384=AXIS2_PLACEMENT_3D('',#3557,#2948,#2949);
#2385=AXIS2_PLACEMENT_3D('',#3559,#2950,#2951);
#2386=AXIS2_PLACEMENT_3D('',#3561,#2952,#2953);
#2387=AXIS2_PLACEMENT_3D('',#3563,#2954,#2955);
#2388=AXIS2_PLACEMENT_3D('',#3565,#2956,#2957);
#2389=AXIS2_PLACEMENT_3D('',#3567,#2958,#2959);
#2390=AXIS2_PLACEMENT_3D('',#3569,#2961,#2962);
#2391=AXIS2_PLACEMENT_3D('',#3570,#2963,#2964);
#2392=AXIS2_PLACEMENT_3D('',#3571,#2965,#2966);
#2393=AXIS2_PLACEMENT_3D('',#3573,#2967,#2968);
#2394=AXIS2_PLACEMENT_3D('',#3575,#2969,#2970);
#2395=AXIS2_PLACEMENT_3D('',#3577,#2971,#2972);
#2396=AXIS2_PLACEMENT_3D('',#3579,#2973,#2974);
#2397=AXIS2_PLACEMENT_3D('',#3581,#2975,#2976);
#2398=AXIS2_PLACEMENT_3D('',#3583,#2977,#2978);
#2399=AXIS2_PLACEMENT_3D('',#3584,#2979,#2980);
#2400=AXIS2_PLACEMENT_3D('',#3586,#2982,#2983);
#2401=AXIS2_PLACEMENT_3D('',#3587,#2984,#2985);
#2402=AXIS2_PLACEMENT_3D('',#3588,#2986,#2987);
#2403=AXIS2_PLACEMENT_3D('',#3589,#2988,#2989);
#2404=AXIS2_PLACEMENT_3D('',#3590,#2990,#2991);
#2405=AXIS2_PLACEMENT_3D('',#3591,#2992,#2993);
#2406=AXIS2_PLACEMENT_3D('',#3592,#2994,#2995);
#2407=AXIS2_PLACEMENT_3D('',#3593,#2996,#2997);
#2408=AXIS2_PLACEMENT_3D('',#3594,#2998,#2999);
#2409=AXIS2_PLACEMENT_3D('',#3598,#3001,#3002);
#2410=AXIS2_PLACEMENT_3D('',#3599,#3003,#3004);
#2411=AXIS2_PLACEMENT_3D('',#3602,#3006,#3007);
#2412=AXIS2_PLACEMENT_3D('',#3603,#3008,#3009);
#2413=AXIS2_PLACEMENT_3D('',#3609,#3012,#3013);
#2414=AXIS2_PLACEMENT_3D('',#3610,#3014,#3015);
#2415=AXIS2_PLACEMENT_3D('',#3611,#3016,#3017);
#2416=AXIS2_PLACEMENT_3D('',#3615,#3019,#3020);
#2417=AXIS2_PLACEMENT_3D('',#3616,#3021,#3022);
#2418=AXIS2_PLACEMENT_3D('',#3618,#3024,#3025);
#2419=AXIS2_PLACEMENT_3D('',#3627,#3030,#3031);
#2420=AXIS2_PLACEMENT_3D('',#3631,#3034,#3035);
#2421=AXIS2_PLACEMENT_3D('',#3635,#3038,#3039);
#2422=AXIS2_PLACEMENT_3D('',#3641,#3043,#3044);
#2423=AXIS2_PLACEMENT_3D('',#3644,#3047,#3048);
#2424=AXIS2_PLACEMENT_3D('',#3650,#3052,#3053);
#2425=AXIS2_PLACEMENT_3D('',#3656,#3057,#3058);
#2426=AXIS2_PLACEMENT_3D('',#3662,#3062,#3063);
#2427=AXIS2_PLACEMENT_3D('',#3664,#3065,#3066);
#2428=AXIS2_PLACEMENT_3D('',#3666,#3068,#3069);
#2429=AXIS2_PLACEMENT_3D('',#3667,#3070,#3071);
#2430=AXIS2_PLACEMENT_3D('',#3668,#3072,#3073);
#2431=AXIS2_PLACEMENT_3D('',#3669,#3074,#3075);
#2432=AXIS2_PLACEMENT_3D('',#3670,#3076,#3077);
#2433=AXIS2_PLACEMENT_3D('',#3671,#3078,#3079);
#2434=AXIS2_PLACEMENT_3D('',#3672,#3080,#3081);
#2435=AXIS2_PLACEMENT_3D('',#3673,#3082,#3083);
#2436=DIRECTION('',(0.,0.,1.));
#2437=DIRECTION('',(1.,0.,0.));
#2438=DIRECTION('',(0.,6.12323399573677E-17,-1.));
#2439=DIRECTION('',(0.,1.,6.12323399573677E-17));
#2440=DIRECTION('',(0.,6.12323399573677E-17,-1.));
#2441=DIRECTION('',(0.,1.,6.12323399573677E-17));
#2442=DIRECTION('',(0.,6.12323399573677E-17,-1.));
#2443=DIRECTION('',(0.,1.,6.12323399573677E-17));
#2444=DIRECTION('',(0.,6.12323399573677E-17,-1.));
#2445=DIRECTION('',(0.,1.,6.12323399573677E-17));
#2446=DIRECTION('',(0.,6.12323399573677E-17,-1.));
#2447=DIRECTION('',(0.,1.,6.12323399573677E-17));
#2448=DIRECTION('',(0.,6.12323399573677E-17,-1.));
#2449=DIRECTION('',(0.,1.,6.12323399573677E-17));
#2450=DIRECTION('',(0.,6.12323399573677E-17,-1.));
#2451=DIRECTION('',(0.,1.,6.12323399573677E-17));
#2452=DIRECTION('',(0.,6.12323399573677E-17,-1.));
#2453=DIRECTION('',(0.,1.,6.12323399573677E-17));
#2454=DIRECTION('',(0.,6.12323399573677E-17,-1.));
#2455=DIRECTION('',(0.,1.,6.12323399573677E-17));
#2456=DIRECTION('',(0.,6.12323399573677E-17,-1.));
#2457=DIRECTION('',(0.,1.,6.12323399573677E-17));
#2458=DIRECTION('',(0.,6.12323399573677E-17,-1.));
#2459=DIRECTION('',(0.,1.,6.12323399573677E-17));
#2460=DIRECTION('',(0.,6.12323399573677E-17,-1.));
#2461=DIRECTION('',(0.,1.,6.12323399573677E-17));
#2462=DIRECTION('',(0.,6.12323399573677E-17,-1.));
#2463=DIRECTION('',(0.,1.,6.12323399573677E-17));
#2464=DIRECTION('',(0.,6.12323399573677E-17,-1.));
#2465=DIRECTION('',(0.,1.,6.12323399573677E-17));
#2466=DIRECTION('',(0.,6.12323399573677E-17,-1.));
#2467=DIRECTION('',(0.,1.,6.12323399573677E-17));
#2468=DIRECTION('',(0.,6.12323399573677E-17,-1.));
#2469=DIRECTION('',(0.,1.,6.12323399573677E-17));
#2470=DIRECTION('',(0.,6.12323399573677E-17,-1.));
#2471=DIRECTION('',(0.,1.,6.12323399573677E-17));
#2472=DIRECTION('',(0.,6.12323399573677E-17,-1.));
#2473=DIRECTION('',(0.,1.,6.12323399573677E-17));
#2474=DIRECTION('',(0.,6.12323399573677E-17,-1.));
#2475=DIRECTION('',(0.,1.,6.12323399573677E-17));
#2476=DIRECTION('',(0.,6.12323399573677E-17,-1.));
#2477=DIRECTION('',(0.,1.,6.12323399573677E-17));
#2478=DIRECTION('',(0.,6.12323399573677E-17,-1.));
#2479=DIRECTION('',(0.,1.,6.12323399573677E-17));
#2480=DIRECTION('',(0.,6.12323399573677E-17,-1.));
#2481=DIRECTION('',(0.,1.,6.12323399573677E-17));
#2482=DIRECTION('',(0.,6.12323399573677E-17,-1.));
#2483=DIRECTION('',(0.,1.,6.12323399573677E-17));
#2484=DIRECTION('',(0.,6.12323399573677E-17,-1.));
#2485=DIRECTION('',(0.,1.,6.12323399573677E-17));
#2486=DIRECTION('',(0.,6.12323399573677E-17,-1.));
#2487=DIRECTION('',(0.,1.,6.12323399573677E-17));
#2488=DIRECTION('',(0.,6.12323399573677E-17,-1.));
#2489=DIRECTION('',(0.,1.,6.12323399573677E-17));
#2490=DIRECTION('',(0.,6.12323399573677E-17,-1.));
#2491=DIRECTION('',(0.,1.,6.12323399573677E-17));
#2492=DIRECTION('',(0.,6.12323399573677E-17,-1.));
#2493=DIRECTION('',(0.,1.,6.12323399573677E-17));
#2494=DIRECTION('',(1.,0.,0.));
#2495=DIRECTION('',(0.,-1.,-6.12323399573677E-17));
#2496=DIRECTION('',(-1.,0.,0.));
#2497=DIRECTION('',(0.,1.,6.12323399573677E-17));
#2498=DIRECTION('',(0.,6.12323399573677E-17,-1.));
#2499=DIRECTION('',(0.,1.,6.12323399573677E-17));
#2500=DIRECTION('',(0.,6.12323399573677E-17,-1.));
#2501=DIRECTION('',(0.,1.,6.12323399573677E-17));
#2502=DIRECTION('',(0.,6.12323399573677E-17,-1.));
#2503=DIRECTION('',(0.,1.,6.12323399573677E-17));
#2504=DIRECTION('',(0.,6.12323399573677E-17,-1.));
#2505=DIRECTION('',(0.,1.,6.12323399573677E-17));
#2506=DIRECTION('',(0.,6.12323399573677E-17,-1.));
#2507=DIRECTION('',(0.,1.,6.12323399573677E-17));
#2508=DIRECTION('',(0.,6.12323399573677E-17,-1.));
#2509=DIRECTION('',(0.,1.,6.12323399573677E-17));
#2510=DIRECTION('',(0.,6.12323399573677E-17,-1.));
#2511=DIRECTION('',(0.,1.,6.12323399573677E-17));
#2512=DIRECTION('',(0.,6.12323399573677E-17,-1.));
#2513=DIRECTION('',(0.,1.,6.12323399573677E-17));
#2514=DIRECTION('',(0.,6.12323399573677E-17,-1.));
#2515=DIRECTION('',(0.,1.,6.12323399573677E-17));
#2516=DIRECTION('',(0.,6.12323399573677E-17,-1.));
#2517=DIRECTION('',(0.,1.,6.12323399573677E-17));
#2518=DIRECTION('',(0.,6.12323399573677E-17,-1.));
#2519=DIRECTION('',(0.,1.,6.12323399573677E-17));
#2520=DIRECTION('',(0.,6.12323399573677E-17,-1.));
#2521=DIRECTION('',(0.,1.,6.12323399573677E-17));
#2522=DIRECTION('',(0.,6.12323399573677E-17,-1.));
#2523=DIRECTION('',(0.,1.,6.12323399573677E-17));
#2524=DIRECTION('',(0.,6.12323399573677E-17,-1.));
#2525=DIRECTION('',(0.,1.,6.12323399573677E-17));
#2526=DIRECTION('',(0.,6.12323399573677E-17,-1.));
#2527=DIRECTION('',(0.,1.,6.12323399573677E-17));
#2528=DIRECTION('',(0.,6.12323399573677E-17,-1.));
#2529=DIRECTION('',(0.,1.,6.12323399573677E-17));
#2530=DIRECTION('',(0.,6.12323399573677E-17,-1.));
#2531=DIRECTION('',(0.,1.,6.12323399573677E-17));
#2532=DIRECTION('',(0.,6.12323399573677E-17,-1.));
#2533=DIRECTION('',(0.,1.,6.12323399573677E-17));
#2534=DIRECTION('',(0.,6.12323399573677E-17,-1.));
#2535=DIRECTION('',(0.,1.,6.12323399573677E-17));
#2536=DIRECTION('',(0.,6.12323399573677E-17,-1.));
#2537=DIRECTION('',(0.,1.,6.12323399573677E-17));
#2538=DIRECTION('',(0.,6.12323399573677E-17,-1.));
#2539=DIRECTION('',(0.,1.,6.12323399573677E-17));
#2540=DIRECTION('',(0.,6.12323399573677E-17,-1.));
#2541=DIRECTION('',(0.,1.,6.12323399573677E-17));
#2542=DIRECTION('',(0.,6.12323399573677E-17,-1.));
#2543=DIRECTION('',(0.,1.,6.12323399573677E-17));
#2544=DIRECTION('',(0.,6.12323399573677E-17,-1.));
#2545=DIRECTION('',(0.,1.,6.12323399573677E-17));
#2546=DIRECTION('',(0.,6.12323399573677E-17,-1.));
#2547=DIRECTION('',(0.,1.,6.12323399573677E-17));
#2548=DIRECTION('',(0.,6.12323399573677E-17,-1.));
#2549=DIRECTION('',(0.,1.,6.12323399573677E-17));
#2550=DIRECTION('',(0.,6.12323399573677E-17,-1.));
#2551=DIRECTION('',(0.,1.,6.12323399573677E-17));
#2552=DIRECTION('',(0.,6.12323399573677E-17,-1.));
#2553=DIRECTION('',(0.,1.,6.12323399573677E-17));
#2554=DIRECTION('',(0.,-1.,-6.12323399573677E-17));
#2555=DIRECTION('',(1.,0.,0.));
#2556=DIRECTION('',(0.,1.,6.12323399573677E-17));
#2557=DIRECTION('',(-1.,0.,0.));
#2558=DIRECTION('',(0.,6.12323399573677E-17,-1.));
#2559=DIRECTION('',(0.,1.,6.12323399573677E-17));
#2560=DIRECTION('',(0.,6.12323399573677E-17,-1.));
#2561=DIRECTION('',(0.,1.,6.12323399573677E-17));
#2562=DIRECTION('',(0.,6.12323399573677E-17,-1.));
#2563=DIRECTION('',(0.,1.,6.12323399573677E-17));
#2564=DIRECTION('',(0.,6.12323399573677E-17,-1.));
#2565=DIRECTION('',(0.,1.,6.12323399573677E-17));
#2566=DIRECTION('',(0.,6.12323399573677E-17,-1.));
#2567=DIRECTION('',(0.,1.,6.12323399573677E-17));
#2568=DIRECTION('',(0.,6.12323399573677E-17,-1.));
#2569=DIRECTION('',(0.,1.,6.12323399573677E-17));
#2570=DIRECTION('',(0.,6.12323399573677E-17,-1.));
#2571=DIRECTION('',(0.,1.,6.12323399573677E-17));
#2572=DIRECTION('',(0.,6.12323399573677E-17,-1.));
#2573=DIRECTION('',(0.,1.,6.12323399573677E-17));
#2574=DIRECTION('',(0.,6.12323399573677E-17,-1.));
#2575=DIRECTION('',(0.,1.,6.12323399573677E-17));
#2576=DIRECTION('',(0.,6.12323399573677E-17,-1.));
#2577=DIRECTION('',(0.,1.,6.12323399573677E-17));
#2578=DIRECTION('',(0.,6.12323399573677E-17,-1.));
#2579=DIRECTION('',(0.,1.,6.12323399573677E-17));
#2580=DIRECTION('',(0.,6.12323399573677E-17,-1.));
#2581=DIRECTION('',(0.,1.,6.12323399573677E-17));
#2582=DIRECTION('',(0.,6.12323399573677E-17,-1.));
#2583=DIRECTION('',(0.,1.,6.12323399573677E-17));
#2584=DIRECTION('',(0.,6.12323399573677E-17,-1.));
#2585=DIRECTION('',(0.,1.,6.12323399573677E-17));
#2586=DIRECTION('',(0.,6.12323399573677E-17,-1.));
#2587=DIRECTION('',(0.,1.,6.12323399573677E-17));
#2588=DIRECTION('',(0.,6.12323399573677E-17,-1.));
#2589=DIRECTION('',(0.,1.,6.12323399573677E-17));
#2590=DIRECTION('',(0.,6.12323399573677E-17,-1.));
#2591=DIRECTION('',(0.,1.,6.12323399573677E-17));
#2592=DIRECTION('',(0.,6.12323399573677E-17,-1.));
#2593=DIRECTION('',(0.,1.,6.12323399573677E-17));
#2594=DIRECTION('',(0.,6.12323399573677E-17,-1.));
#2595=DIRECTION('',(0.,1.,6.12323399573677E-17));
#2596=DIRECTION('',(0.,6.12323399573677E-17,-1.));
#2597=DIRECTION('',(0.,1.,6.12323399573677E-17));
#2598=DIRECTION('',(0.,6.12323399573677E-17,-1.));
#2599=DIRECTION('',(0.,1.,6.12323399573677E-17));
#2600=DIRECTION('',(0.,6.12323399573677E-17,-1.));
#2601=DIRECTION('',(0.,1.,6.12323399573677E-17));
#2602=DIRECTION('',(0.,6.12323399573677E-17,-1.));
#2603=DIRECTION('',(0.,1.,6.12323399573677E-17));
#2604=DIRECTION('',(0.,6.12323399573677E-17,-1.));
#2605=DIRECTION('',(0.,1.,6.12323399573677E-17));
#2606=DIRECTION('',(0.,6.12323399573677E-17,-1.));
#2607=DIRECTION('',(0.,1.,6.12323399573677E-17));
#2608=DIRECTION('',(0.,6.12323399573677E-17,-1.));
#2609=DIRECTION('',(0.,1.,6.12323399573677E-17));
#2610=DIRECTION('',(0.,6.12323399573677E-17,-1.));
#2611=DIRECTION('',(0.,1.,6.12323399573677E-17));
#2612=DIRECTION('',(0.,-1.22464679914735E-16,1.));
#2613=DIRECTION('',(-1.,0.,0.));
#2614=DIRECTION('',(-1.,0.,0.));
#2615=DIRECTION('',(0.,1.,1.22464679914735E-16));
#2616=DIRECTION('',(-1.,0.,0.));
#2617=DIRECTION('',(0.,1.,1.22464679914735E-16));
#2618=DIRECTION('',(-1.,0.,0.));
#2619=DIRECTION('',(0.,1.22464679914735E-16,-1.));
#2620=DIRECTION('',(0.,1.22464679914735E-16,-1.));
#2621=DIRECTION('',(0.,1.,1.22464679914735E-16));
#2622=DIRECTION('',(0.,1.22464679914735E-16,-1.));
#2623=DIRECTION('',(0.,-1.,-1.22464679914735E-16));
#2624=DIRECTION('',(0.,-1.,-1.22464679914735E-16));
#2625=DIRECTION('',(0.,1.22464679914735E-16,-1.));
#2626=DIRECTION('',(0.,-1.,-1.22464679914735E-16));
#2627=DIRECTION('',(0.,1.,2.4492935982947E-16));
#2628=DIRECTION('',(0.,-2.4492935982947E-16,1.));
#2629=DIRECTION('',(0.,-1.,-1.22464679914735E-16));
#2630=DIRECTION('',(0.,1.,2.4492935982947E-16));
#2631=DIRECTION('',(0.,-2.4492935982947E-16,1.));
#2632=DIRECTION('',(5.46369598732853E-16,1.22464679914735E-16,-1.));
#2633=DIRECTION('',(1.,-1.33821956047922E-31,5.46369598732853E-16));
#2634=DIRECTION('',(-1.,0.,0.));
#2635=DIRECTION('',(0.,-1.,-1.22464679914735E-16));
#2636=DIRECTION('',(1.,-1.33821956047922E-31,5.46369598732853E-16));
#2637=DIRECTION('',(0.,-1.,-1.22464679914735E-16));
#2638=DIRECTION('',(0.,1.22464679914735E-16,-1.));
#2639=DIRECTION('',(0.,1.,2.4492935982947E-16));
#2640=DIRECTION('',(0.,-2.4492935982947E-16,1.));
#2641=DIRECTION('',(0.,-1.,-1.22464679914735E-16));
#2642=DIRECTION('',(0.,1.,2.4492935982947E-16));
#2643=DIRECTION('',(0.,-2.4492935982947E-16,1.));
#2644=DIRECTION('',(5.51171675284216E-16,1.22464679914735E-16,-1.));
#2645=DIRECTION('',(1.,-1.349981255835E-31,5.51171675284216E-16));
#2646=DIRECTION('',(-1.,0.,0.));
#2647=DIRECTION('',(1.,-1.349981255835E-31,5.51171675284216E-16));
#2648=DIRECTION('',(1.,0.,0.));
#2649=DIRECTION('',(0.,-1.22464679914735E-16,1.));
#2650=DIRECTION('',(0.,1.22464679914735E-16,-1.));
#2651=DIRECTION('',(0.,1.,1.22464679914735E-16));
#2652=DIRECTION('',(0.,-1.22464679914735E-16,1.));
#2653=DIRECTION('',(0.,-1.,-1.22464679914735E-16));
#2654=DIRECTION('',(0.,-1.,-1.22464679914735E-16));
#2655=DIRECTION('',(-1.,0.,0.));
#2656=DIRECTION('',(0.,-1.,-1.22464679914735E-16));
#2657=DIRECTION('',(0.,1.22464679914735E-16,-1.));
#2658=DIRECTION('',(0.,-1.,-1.22464679914735E-16));
#2659=DIRECTION('',(0.,1.22464679914735E-16,-1.));
#2660=DIRECTION('',(-1.,0.,0.));
#2661=DIRECTION('',(0.,-1.,-1.22464679914735E-16));
#2662=DIRECTION('',(-1.,0.,0.));
#2663=DIRECTION('',(0.,-1.,-1.22464679914735E-16));
#2664=DIRECTION('',(0.,1.22464679914735E-16,-1.));
#2665=DIRECTION('',(-1.,0.,0.));
#2666=DIRECTION('',(0.,-1.,-1.22464679914735E-16));
#2667=DIRECTION('',(0.,1.22464679914735E-16,-1.));
#2668=DIRECTION('',(0.,-1.,-1.22464679914735E-16));
#2669=DIRECTION('',(0.,1.22464679914735E-16,-1.));
#2670=DIRECTION('',(0.,-1.,-1.22464679914735E-16));
#2671=DIRECTION('',(0.,1.22464679914735E-16,-1.));
#2672=DIRECTION('',(-1.,0.,0.));
#2673=DIRECTION('',(0.,-6.12323399573677E-17,1.));
#2674=DIRECTION('',(0.,6.12323399573677E-17,-1.));
#2675=DIRECTION('',(1.,0.,0.));
#2676=DIRECTION('',(0.,6.12323399573677E-17,-1.));
#2677=DIRECTION('',(1.,0.,0.));
#2678=DIRECTION('',(0.,6.12323399573677E-17,-1.));
#2679=DIRECTION('',(-1.,0.,0.));
#2680=DIRECTION('',(0.,-6.12323399573677E-17,1.));
#2681=DIRECTION('',(1.,0.,0.));
#2682=DIRECTION('',(0.,6.12323399573677E-17,-1.));
#2683=DIRECTION('',(0.,6.12323399573677E-17,-1.));
#2684=DIRECTION('',(1.,0.,0.));
#2685=DIRECTION('',(0.,6.12323399573677E-17,-1.));
#2686=DIRECTION('',(1.,0.,0.));
#2687=DIRECTION('',(0.,0.707106781186548,0.707106781186548));
#2688=DIRECTION('',(1.,0.,0.));
#2689=DIRECTION('',(0.,0.707106781186548,0.707106781186548));
#2690=DIRECTION('',(0.,0.,1.));
#2691=DIRECTION('',(1.,0.,0.));
#2692=DIRECTION('',(1.,0.,0.));
#2693=DIRECTION('',(0.,-1.,0.));
#2694=DIRECTION('',(1.,0.,0.));
#2695=DIRECTION('',(0.,-1.,0.));
#2696=DIRECTION('',(1.,0.,0.));
#2697=DIRECTION('',(0.,0.,-1.));
#2698=DIRECTION('',(0.,0.,-1.));
#2699=DIRECTION('',(0.,-1.,0.));
#2700=DIRECTION('',(0.,0.,-1.));
#2701=DIRECTION('',(0.,1.,0.));
#2702=DIRECTION('',(0.,1.,0.));
#2703=DIRECTION('',(0.,0.,1.));
#2704=DIRECTION('',(0.,1.,0.));
#2705=DIRECTION('',(0.,1.,0.));
#2706=DIRECTION('',(0.,0.,1.));
#2707=DIRECTION('',(0.,1.,0.));
#2708=DIRECTION('',(0.,1.,0.));
#2709=DIRECTION('',(0.,0.,1.));
#2710=DIRECTION('',(-5.51171675284216E-16,0.,1.));
#2711=DIRECTION('',(1.,0.,5.51171675284216E-16));
#2712=DIRECTION('',(1.,0.,0.));
#2713=DIRECTION('',(0.,1.,0.));
#2714=DIRECTION('',(1.,0.,5.51171675284216E-16));
#2715=DIRECTION('',(0.,1.,0.));
#2716=DIRECTION('',(0.,0.,1.));
#2717=DIRECTION('',(0.,1.,0.));
#2718=DIRECTION('',(0.,0.,1.));
#2719=DIRECTION('',(0.,1.,0.));
#2720=DIRECTION('',(0.,1.,0.));
#2721=DIRECTION('',(0.,0.,1.));
#2722=DIRECTION('',(-5.46369598732853E-16,0.,1.));
#2723=DIRECTION('',(1.,0.,5.46369598732853E-16));
#2724=DIRECTION('',(1.,0.,0.));
#2725=DIRECTION('',(1.,0.,5.46369598732853E-16));
#2726=DIRECTION('',(-1.,0.,-4.66185664447827E-16));
#2727=DIRECTION('',(-4.66185664447827E-16,0.,1.));
#2728=DIRECTION('',(0.,0.,-1.));
#2729=DIRECTION('',(0.,-1.,0.));
#2730=DIRECTION('',(-4.66185664447827E-16,0.,1.));
#2731=DIRECTION('',(0.,1.,0.));
#2732=DIRECTION('',(0.,1.,0.));
#2733=DIRECTION('',(1.,0.,0.));
#2734=DIRECTION('',(0.,1.,0.));
#2735=DIRECTION('',(0.,0.,1.));
#2736=DIRECTION('',(0.,1.,0.));
#2737=DIRECTION('',(0.,0.,1.));
#2738=DIRECTION('',(1.,0.,0.));
#2739=DIRECTION('',(0.,1.,0.));
#2740=DIRECTION('',(1.,0.,0.));
#2741=DIRECTION('',(0.,1.,0.));
#2742=DIRECTION('',(0.,0.,1.));
#2743=DIRECTION('',(1.,0.,0.));
#2744=DIRECTION('',(0.,1.,0.));
#2745=DIRECTION('',(0.,0.,1.));
#2746=DIRECTION('',(0.,1.,0.));
#2747=DIRECTION('',(0.,0.,1.));
#2748=DIRECTION('',(0.,1.,0.));
#2749=DIRECTION('',(0.,0.,1.));
#2750=DIRECTION('',(1.,-5.7428069697929E-34,-1.15340656647394E-17));
#2751=DIRECTION('',(-1.15340656647394E-17,6.12323399573677E-17,-1.));
#2752=DIRECTION('',(0.,6.12323399573677E-17,-1.));
#2753=DIRECTION('',(-1.,5.7428069697929E-34,1.15340656647394E-17));
#2754=DIRECTION('',(1.15340656647394E-17,-6.12323399573677E-17,1.));
#2755=DIRECTION('',(-1.,5.7428069697929E-34,1.15340656647394E-17));
#2756=DIRECTION('',(1.15340656647394E-17,-6.12323399573677E-17,1.));
#2757=DIRECTION('',(1.,-5.7428069697929E-34,-1.15340656647394E-17));
#2758=DIRECTION('',(-1.15340656647394E-17,6.12323399573677E-17,-1.));
#2759=DIRECTION('',(-1.,5.7428069697929E-34,1.15340656647394E-17));
#2760=DIRECTION('',(1.15340656647394E-17,-6.12323399573677E-17,1.));
#2761=DIRECTION('',(0.,6.12323399573677E-17,-1.));
#2762=DIRECTION('',(-1.,5.7428069697929E-34,1.15340656647394E-17));
#2763=DIRECTION('',(1.15340656647394E-17,-6.12323399573677E-17,1.));
#2764=DIRECTION('',(-1.,5.7428069697929E-34,1.15340656647394E-17));
#2765=DIRECTION('',(8.15581604618816E-18,-0.707106781186548,0.707106781186548));
#2766=DIRECTION('',(-1.,5.7428069697929E-34,1.15340656647394E-17));
#2767=DIRECTION('',(8.15581604618816E-18,-0.707106781186548,0.707106781186548));
#2768=DIRECTION('',(1.,-2.24963967399279E-32,3.67394039744206E-16));
#2769=DIRECTION('',(0.,1.,6.12323399573677E-17));
#2770=DIRECTION('',(0.,1.,6.12323399573677E-17));
#2771=DIRECTION('',(3.67394039744206E-16,6.12323399573677E-17,-1.));
#2772=DIRECTION('',(0.,-1.,-6.12323399573677E-17));
#2773=DIRECTION('',(3.67394039744206E-16,6.12323399573677E-17,-1.));
#2774=DIRECTION('',(0.,1.,6.12323399573677E-17));
#2775=DIRECTION('',(-1.,2.24963967399279E-32,-3.67394039744206E-16));
#2776=DIRECTION('',(-1.,2.24963967399279E-32,-3.67394039744206E-16));
#2777=DIRECTION('',(3.67394039744206E-16,6.12323399573677E-17,-1.));
#2778=DIRECTION('',(1.,-2.24963967399279E-32,3.67394039744206E-16));
#2779=DIRECTION('',(3.67394039744206E-16,6.12323399573677E-17,-1.));
#2780=DIRECTION('',(0.,-1.,-6.12323399573677E-17));
#2781=DIRECTION('',(1.,-2.24963967399279E-32,3.67394039744206E-16));
#2782=DIRECTION('',(1.,-2.24963967399279E-32,3.67394039744206E-16));
#2783=DIRECTION('',(3.67394039744206E-16,6.12323399573677E-17,-1.));
#2784=DIRECTION('',(1.,-2.24963967399279E-32,3.67394039744206E-16));
#2785=DIRECTION('',(3.67394039744206E-16,6.12323399573677E-17,-1.));
#2786=DIRECTION('',(-3.67394039744206E-16,-6.12323399573677E-17,1.));
#2787=DIRECTION('',(0.,-1.,-6.12323399573677E-17));
#2788=DIRECTION('',(-3.67394039744206E-16,-6.12323399573677E-17,1.));
#2789=DIRECTION('',(1.,-2.24963967399279E-32,3.67394039744206E-16));
#2790=DIRECTION('',(-3.67394039744206E-16,-6.12323399573677E-17,1.));
#2791=DIRECTION('',(1.,-2.24963967399279E-32,3.67394039744206E-16));
#2792=DIRECTION('',(-3.67394039744206E-16,-6.12323399573677E-17,1.));
#2793=DIRECTION('',(1.,-2.24963967399279E-32,3.67394039744206E-16));
#2794=DIRECTION('',(-3.67394039744206E-16,-6.12323399573677E-17,1.));
#2795=DIRECTION('',(1.,-2.24963967399279E-32,3.67394039744206E-16));
#2796=DIRECTION('',(-3.67394039744206E-16,-6.12323399573677E-17,1.));
#2797=DIRECTION('',(1.,-2.24963967399279E-32,3.67394039744206E-16));
#2798=DIRECTION('',(-3.67394039744206E-16,-6.12323399573677E-17,1.));
#2799=DIRECTION('',(1.,-2.24963967399279E-32,3.67394039744206E-16));
#2800=DIRECTION('',(-3.67394039744206E-16,-6.12323399573677E-17,1.));
#2801=DIRECTION('',(1.,-2.24963967399279E-32,3.67394039744206E-16));
#2802=DIRECTION('',(-3.67394039744206E-16,-6.12323399573677E-17,1.));
#2803=DIRECTION('',(1.,-2.24963967399279E-32,3.67394039744206E-16));
#2804=DIRECTION('',(0.,1.,6.12323399573677E-17));
#2805=DIRECTION('',(-3.67394039744206E-16,-6.12323399573677E-17,1.));
#2806=DIRECTION('',(0.,-1.,-6.12323399573677E-17));
#2807=DIRECTION('',(-3.67394039744206E-16,-6.12323399573677E-17,1.));
#2808=DIRECTION('',(1.,-2.24963967399279E-32,3.67394039744206E-16));
#2809=DIRECTION('',(-3.67394039744206E-16,-6.12323399573677E-17,1.));
#2810=DIRECTION('',(1.,-2.24963967399279E-32,3.67394039744206E-16));
#2811=DIRECTION('',(-3.67394039744206E-16,-6.12323399573677E-17,1.));
#2812=DIRECTION('',(1.,-2.24963967399279E-32,3.67394039744206E-16));
#2813=DIRECTION('',(-3.67394039744206E-16,-6.12323399573677E-17,1.));
#2814=DIRECTION('',(1.,-2.24963967399279E-32,3.67394039744206E-16));
#2815=DIRECTION('',(-3.67394039744206E-16,-6.12323399573677E-17,1.));
#2816=DIRECTION('',(1.,-2.24963967399279E-32,3.67394039744206E-16));
#2817=DIRECTION('',(-3.67394039744206E-16,-6.12323399573677E-17,1.));
#2818=DIRECTION('',(1.,-2.24963967399279E-32,3.67394039744206E-16));
#2819=DIRECTION('',(-3.67394039744206E-16,-6.12323399573677E-17,1.));
#2820=DIRECTION('',(1.,-2.24963967399279E-32,3.67394039744206E-16));
#2821=DIRECTION('',(0.,1.,6.12323399573677E-17));
#2822=DIRECTION('',(-3.67394039744206E-16,-6.12323399573677E-17,1.));
#2823=DIRECTION('',(1.,-2.24963967399279E-32,3.67394039744206E-16));
#2824=DIRECTION('',(0.,6.12323399573677E-17,-1.));
#2825=DIRECTION('',(0.,1.,6.12323399573677E-17));
#2826=DIRECTION('',(0.,6.12323399573677E-17,-1.));
#2827=DIRECTION('',(0.,1.,6.12323399573677E-17));
#2828=DIRECTION('',(0.,6.12323399573677E-17,-1.));
#2829=DIRECTION('',(0.,1.,6.12323399573677E-17));
#2830=DIRECTION('',(0.,6.12323399573677E-17,-1.));
#2831=DIRECTION('',(0.,1.,6.12323399573677E-17));
#2832=DIRECTION('',(0.,6.12323399573677E-17,-1.));
#2833=DIRECTION('',(0.,1.,6.12323399573677E-17));
#2834=DIRECTION('',(0.,6.12323399573677E-17,-1.));
#2835=DIRECTION('',(0.,1.,6.12323399573677E-17));
#2836=DIRECTION('',(-3.67394039744206E-16,-6.12323399573677E-17,1.));
#2837=DIRECTION('',(1.,-2.24963967399279E-32,3.67394039744206E-16));
#2838=DIRECTION('',(-3.67394039744206E-16,-6.12323399573677E-17,1.));
#2839=DIRECTION('',(1.,-2.24963967399279E-32,3.67394039744206E-16));
#2840=DIRECTION('',(0.,-1.,-6.12323399573677E-17));
#2841=DIRECTION('',(0.,6.12323399573677E-17,-1.));
#2842=DIRECTION('',(-1.,1.87469972832732E-32,-3.06161699786839E-16));
#2843=DIRECTION('',(0.,1.,6.12323399573677E-17));
#2844=DIRECTION('',(0.,-6.12323399573677E-17,1.));
#2845=DIRECTION('',(0.,1.,6.12323399573677E-17));
#2846=DIRECTION('',(0.,-6.12323399573677E-17,1.));
#2847=DIRECTION('',(-3.06161699786839E-16,-6.12323399573677E-17,1.));
#2848=DIRECTION('',(0.,-1.,-6.12323399573677E-17));
#2849=DIRECTION('',(0.,6.12323399573677E-17,-1.));
#2850=DIRECTION('',(0.,1.,6.12323399573677E-17));
#2851=DIRECTION('',(0.,-6.12323399573677E-17,1.));
#2852=DIRECTION('',(-1.,1.87469972832732E-32,-3.06161699786839E-16));
#2853=DIRECTION('',(-3.06161699786839E-16,-6.12323399573677E-17,1.));
#2854=DIRECTION('',(0.,1.,6.12323399573677E-17));
#2855=DIRECTION('',(0.,-6.12323399573677E-17,1.));
#2856=DIRECTION('',(0.,1.,6.12323399573677E-17));
#2857=DIRECTION('',(0.707106781186548,4.32978028117746E-17,-0.707106781186547));
#2858=DIRECTION('',(0.,1.,6.12323399573677E-17));
#2859=DIRECTION('',(0.,-6.12323399573677E-17,1.));
#2860=DIRECTION('',(0.,1.,6.12323399573677E-17));
#2861=DIRECTION('',(0.,-6.12323399573677E-17,1.));
#2862=DIRECTION('',(0.,-1.,-6.12323399573677E-17));
#2863=DIRECTION('',(0.,1.,6.12323399573677E-17));
#2864=DIRECTION('',(0.707106781186548,4.32978028117746E-17,-0.707106781186547));
#2865=DIRECTION('',(0.,-1.,-6.12323399573677E-17));
#2866=DIRECTION('',(-3.06161699786839E-16,-6.12323399573677E-17,1.));
#2867=DIRECTION('',(0.,1.,6.12323399573677E-17));
#2868=DIRECTION('',(0.,1.,6.12323399573677E-17));
#2869=DIRECTION('',(1.,5.31105888065191E-32,-8.67361737988403E-16));
#2870=DIRECTION('',(0.,1.,6.12323399573677E-17));
#2871=DIRECTION('',(1.,-1.87469972832732E-32,3.06161699786839E-16));
#2872=DIRECTION('',(0.,1.,6.12323399573677E-17));
#2873=DIRECTION('',(-1.,1.87469972832732E-32,-3.06161699786839E-16));
#2874=DIRECTION('',(-3.06161699786839E-16,-6.12323399573677E-17,1.));
#2875=DIRECTION('',(-1.,1.87469972832732E-32,-3.06161699786839E-16));
#2876=DIRECTION('',(0.,1.,6.12323399573677E-17));
#2877=DIRECTION('',(-1.,1.87469972832732E-32,-3.06161699786839E-16));
#2878=DIRECTION('',(-3.06161699786839E-16,-6.12323399573677E-17,1.));
#2879=DIRECTION('',(-1.,1.87469972832732E-32,-3.06161699786839E-16));
#2880=DIRECTION('',(-3.06161699786839E-16,-6.12323399573677E-17,1.));
#2881=DIRECTION('',(0.,1.,6.12323399573677E-17));
#2882=DIRECTION('',(0.,1.,6.12323399573677E-17));
#2883=DIRECTION('',(-1.,1.87469972832732E-32,-3.06161699786839E-16));
#2884=DIRECTION('',(0.,1.,6.12323399573677E-17));
#2885=DIRECTION('',(0.,-1.,-6.12323399573677E-17));
#2886=DIRECTION('',(-3.06161699786839E-16,-6.12323399573677E-17,1.));
#2887=DIRECTION('',(-3.06161699786839E-16,-6.12323399573677E-17,1.));
#2888=DIRECTION('',(-1.,1.87469972832732E-32,-3.06161699786839E-16));
#2889=DIRECTION('',(-3.06161699786839E-16,-6.12323399573677E-17,1.));
#2890=DIRECTION('',(-3.06161699786839E-16,-6.12323399573677E-17,1.));
#2891=DIRECTION('',(0.,1.,6.12323399573677E-17));
#2892=DIRECTION('',(1.,5.31105888065191E-32,-8.67361737988403E-16));
#2893=DIRECTION('',(0.,1.,6.12323399573677E-17));
#2894=DIRECTION('',(0.,1.,6.12323399573677E-17));
#2895=DIRECTION('',(0.,-1.,-6.12323399573677E-17));
#2896=DIRECTION('',(-3.06161699786839E-16,-6.12323399573677E-17,1.));
#2897=DIRECTION('',(-3.06161699786839E-16,-6.12323399573677E-17,1.));
#2898=DIRECTION('',(-1.,1.87469972832732E-32,-3.06161699786839E-16));
#2899=DIRECTION('',(-3.06161699786839E-16,-6.12323399573677E-17,1.));
#2900=DIRECTION('',(-3.06161699786839E-16,-6.12323399573677E-17,1.));
#2901=DIRECTION('',(0.,1.,6.12323399573677E-17));
#2902=DIRECTION('',(0.,1.,6.12323399573677E-17));
#2903=DIRECTION('',(0.,1.,6.12323399573677E-17));
#2904=DIRECTION('',(-1.,1.87469972832732E-32,-3.06161699786839E-16));
#2905=DIRECTION('',(-3.06161699786839E-16,-6.12323399573677E-17,1.));
#2906=DIRECTION('',(0.,1.,6.12323399573677E-17));
#2907=DIRECTION('',(-1.,1.87469972832732E-32,-3.06161699786839E-16));
#2908=DIRECTION('',(-3.06161699786839E-16,-6.12323399573677E-17,1.));
#2909=DIRECTION('',(0.,1.,6.12323399573677E-17));
#2910=DIRECTION('',(0.,-1.,-6.12323399573677E-17));
#2911=DIRECTION('',(0.,6.12323399573677E-17,-1.));
#2912=DIRECTION('',(0.,1.,6.12323399573677E-17));
#2913=DIRECTION('',(0.,-6.12323399573677E-17,1.));
#2914=DIRECTION('',(0.,1.,6.12323399573677E-17));
#2915=DIRECTION('',(0.,-6.12323399573677E-17,1.));
#2916=DIRECTION('',(0.,-1.,-6.12323399573677E-17));
#2917=DIRECTION('',(0.,6.12323399573677E-17,-1.));
#2918=DIRECTION('',(0.,1.,6.12323399573677E-17));
#2919=DIRECTION('',(0.,-6.12323399573677E-17,1.));
#2920=DIRECTION('',(0.,1.,6.12323399573677E-17));
#2921=DIRECTION('',(0.,-6.12323399573677E-17,1.));
#2922=DIRECTION('',(0.,1.,6.12323399573677E-17));
#2923=DIRECTION('',(0.707106781186548,-4.32978028117747E-17,0.707106781186548));
#2924=DIRECTION('',(0.,1.,6.12323399573677E-17));
#2925=DIRECTION('',(0.707106781186548,-4.32978028117747E-17,0.707106781186548));
#2926=DIRECTION('',(-1.,1.49975978266186E-32,-2.4492935982947E-16));
#2927=DIRECTION('',(0.,-1.,-6.12323399573677E-17));
#2928=DIRECTION('',(0.,-1.,-6.12323399573677E-17));
#2929=DIRECTION('',(2.4492935982947E-16,6.12323399573677E-17,-1.));
#2930=DIRECTION('',(0.,-1.,-6.12323399573677E-17));
#2931=DIRECTION('',(2.4492935982947E-16,6.12323399573677E-17,-1.));
#2932=DIRECTION('',(0.,-1.,-6.12323399573677E-17));
#2933=DIRECTION('',(1.,-1.49975978266186E-32,2.4492935982947E-16));
#2934=DIRECTION('',(1.,-1.49975978266186E-32,2.4492935982947E-16));
#2935=DIRECTION('',(2.4492935982947E-16,6.12323399573677E-17,-1.));
#2936=DIRECTION('',(1.,-1.49975978266186E-32,2.4492935982947E-16));
#2937=DIRECTION('',(-2.4492935982947E-16,-6.12323399573677E-17,1.));
#2938=DIRECTION('',(0.,1.,6.12323399573677E-17));
#2939=DIRECTION('',(-1.,1.49975978266186E-32,-2.4492935982947E-16));
#2940=DIRECTION('',(1.,-1.49975978266186E-32,2.4492935982947E-16));
#2941=DIRECTION('',(2.4492935982947E-16,6.12323399573677E-17,-1.));
#2942=DIRECTION('',(-1.,1.49975978266186E-32,-2.4492935982947E-16));
#2943=DIRECTION('',(-2.4492935982947E-16,-6.12323399573677E-17,1.));
#2944=DIRECTION('',(-2.4492935982947E-16,-6.12323399573677E-17,1.));
#2945=DIRECTION('',(0.,-1.,-6.12323399573677E-17));
#2946=DIRECTION('',(-2.4492935982947E-16,-6.12323399573677E-17,1.));
#2947=DIRECTION('',(1.,-1.49975978266186E-32,2.4492935982947E-16));
#2948=DIRECTION('',(-2.4492935982947E-16,-6.12323399573677E-17,1.));
#2949=DIRECTION('',(1.,-1.49975978266186E-32,2.4492935982947E-16));
#2950=DIRECTION('',(-2.4492935982947E-16,-6.12323399573677E-17,1.));
#2951=DIRECTION('',(1.,-1.49975978266186E-32,2.4492935982947E-16));
#2952=DIRECTION('',(-2.4492935982947E-16,-6.12323399573677E-17,1.));
#2953=DIRECTION('',(1.,-1.49975978266186E-32,2.4492935982947E-16));
#2954=DIRECTION('',(-2.4492935982947E-16,-6.12323399573677E-17,1.));
#2955=DIRECTION('',(1.,-1.49975978266186E-32,2.4492935982947E-16));
#2956=DIRECTION('',(-2.4492935982947E-16,-6.12323399573677E-17,1.));
#2957=DIRECTION('',(1.,-1.49975978266186E-32,2.4492935982947E-16));
#2958=DIRECTION('',(-2.4492935982947E-16,-6.12323399573677E-17,1.));
#2959=DIRECTION('',(1.,-1.49975978266186E-32,2.4492935982947E-16));
#2960=DIRECTION('',(0.,-1.,-6.12323399573677E-17));
#2961=DIRECTION('',(-2.4492935982947E-16,-6.12323399573677E-17,1.));
#2962=DIRECTION('',(1.,-1.49975978266186E-32,2.4492935982947E-16));
#2963=DIRECTION('',(-2.4492935982947E-16,-6.12323399573677E-17,1.));
#2964=DIRECTION('',(0.,-1.,-6.12323399573677E-17));
#2965=DIRECTION('',(-2.4492935982947E-16,-6.12323399573677E-17,1.));
#2966=DIRECTION('',(1.,-1.49975978266186E-32,2.4492935982947E-16));
#2967=DIRECTION('',(-2.4492935982947E-16,-6.12323399573677E-17,1.));
#2968=DIRECTION('',(1.,-1.49975978266186E-32,2.4492935982947E-16));
#2969=DIRECTION('',(-2.4492935982947E-16,-6.12323399573677E-17,1.));
#2970=DIRECTION('',(1.,-1.49975978266186E-32,2.4492935982947E-16));
#2971=DIRECTION('',(-2.4492935982947E-16,-6.12323399573677E-17,1.));
#2972=DIRECTION('',(1.,-1.49975978266186E-32,2.4492935982947E-16));
#2973=DIRECTION('',(-2.4492935982947E-16,-6.12323399573677E-17,1.));
#2974=DIRECTION('',(1.,-1.49975978266186E-32,2.4492935982947E-16));
#2975=DIRECTION('',(-2.4492935982947E-16,-6.12323399573677E-17,1.));
#2976=DIRECTION('',(1.,-1.49975978266186E-32,2.4492935982947E-16));
#2977=DIRECTION('',(-2.4492935982947E-16,-6.12323399573677E-17,1.));
#2978=DIRECTION('',(1.,-1.49975978266186E-32,2.4492935982947E-16));
#2979=DIRECTION('',(-2.4492935982947E-16,-6.12323399573677E-17,1.));
#2980=DIRECTION('',(1.,-1.49975978266186E-32,2.4492935982947E-16));
#2981=DIRECTION('',(0.,-1.,-6.12323399573677E-17));
#2982=DIRECTION('',(0.,6.12323399573677E-17,-1.));
#2983=DIRECTION('',(0.,1.,6.12323399573677E-17));
#2984=DIRECTION('',(0.,6.12323399573677E-17,-1.));
#2985=DIRECTION('',(0.,1.,6.12323399573677E-17));
#2986=DIRECTION('',(0.,6.12323399573677E-17,-1.));
#2987=DIRECTION('',(0.,1.,6.12323399573677E-17));
#2988=DIRECTION('',(0.,6.12323399573677E-17,-1.));
#2989=DIRECTION('',(0.,1.,6.12323399573677E-17));
#2990=DIRECTION('',(0.,6.12323399573677E-17,-1.));
#2991=DIRECTION('',(0.,1.,6.12323399573677E-17));
#2992=DIRECTION('',(0.,6.12323399573677E-17,-1.));
#2993=DIRECTION('',(0.,1.,6.12323399573677E-17));
#2994=DIRECTION('',(-2.4492935982947E-16,-6.12323399573677E-17,1.));
#2995=DIRECTION('',(1.,-1.49975978266186E-32,2.4492935982947E-16));
#2996=DIRECTION('',(-2.4492935982947E-16,-6.12323399573677E-17,1.));
#2997=DIRECTION('',(1.,-1.49975978266186E-32,2.4492935982947E-16));
#2998=DIRECTION('',(0.,-1.,-6.12323399573677E-17));
#2999=DIRECTION('',(0.,6.12323399573677E-17,-1.));
#3000=DIRECTION('',(1.,-1.87469972832732E-32,3.06161699786839E-16));
#3001=DIRECTION('',(0.,1.,6.12323399573677E-17));
#3002=DIRECTION('',(0.,-6.12323399573677E-17,1.));
#3003=DIRECTION('',(0.,1.,6.12323399573677E-17));
#3004=DIRECTION('',(0.,-6.12323399573677E-17,1.));
#3005=DIRECTION('',(3.06161699786839E-16,6.12323399573677E-17,-1.));
#3006=DIRECTION('',(0.,-1.,-6.12323399573677E-17));
#3007=DIRECTION('',(0.,6.12323399573677E-17,-1.));
#3008=DIRECTION('',(0.,1.,6.12323399573677E-17));
#3009=DIRECTION('',(0.,-6.12323399573677E-17,1.));
#3010=DIRECTION('',(1.,-1.87469972832732E-32,3.06161699786839E-16));
#3011=DIRECTION('',(3.06161699786839E-16,6.12323399573677E-17,-1.));
#3012=DIRECTION('',(0.,1.,6.12323399573677E-17));
#3013=DIRECTION('',(0.,-6.12323399573677E-17,1.));
#3014=DIRECTION('',(0.,1.,6.12323399573677E-17));
#3015=DIRECTION('',(-0.707106781186547,4.32978028117747E-17,-0.707106781186548));
#3016=DIRECTION('',(0.,1.,6.12323399573677E-17));
#3017=DIRECTION('',(0.,-6.12323399573677E-17,1.));
#3018=DIRECTION('',(0.,1.,6.12323399573677E-17));
#3019=DIRECTION('',(0.,1.,6.12323399573677E-17));
#3020=DIRECTION('',(0.,-6.12323399573677E-17,1.));
#3021=DIRECTION('',(0.,1.,6.12323399573677E-17));
#3022=DIRECTION('',(-0.707106781186547,4.32978028117747E-17,-0.707106781186548));
#3023=DIRECTION('',(0.,1.,6.12323399573677E-17));
#3024=DIRECTION('',(3.06161699786839E-16,6.12323399573677E-17,-1.));
#3025=DIRECTION('',(0.,1.,6.12323399573677E-17));
#3026=DIRECTION('',(0.,-1.,-6.12323399573677E-17));
#3027=DIRECTION('',(-1.,5.31105888065191E-32,-8.67361737988403E-16));
#3028=DIRECTION('',(0.,-1.,-6.12323399573677E-17));
#3029=DIRECTION('',(1.,-1.87469972832732E-32,3.06161699786839E-16));
#3030=DIRECTION('',(0.,1.,6.12323399573677E-17));
#3031=DIRECTION('',(1.,-1.87469972832732E-32,3.06161699786839E-16));
#3032=DIRECTION('',(1.,-1.87469972832732E-32,3.06161699786839E-16));
#3033=DIRECTION('',(3.06161699786839E-16,6.12323399573677E-17,-1.));
#3034=DIRECTION('',(0.,1.,6.12323399573677E-17));
#3035=DIRECTION('',(1.,-1.87469972832732E-32,3.06161699786839E-16));
#3036=DIRECTION('',(1.,-1.87469972832732E-32,3.06161699786839E-16));
#3037=DIRECTION('',(3.06161699786839E-16,6.12323399573677E-17,-1.));
#3038=DIRECTION('',(0.,1.,6.12323399573677E-17));
#3039=DIRECTION('',(-3.06161699786839E-16,-6.12323399573677E-17,1.));
#3040=DIRECTION('',(3.06161699786839E-16,6.12323399573677E-17,-1.));
#3041=DIRECTION('',(1.,-1.87469972832732E-32,3.06161699786839E-16));
#3042=DIRECTION('',(-3.06161699786839E-16,-6.12323399573677E-17,1.));
#3043=DIRECTION('',(3.06161699786839E-16,6.12323399573677E-17,-1.));
#3044=DIRECTION('',(0.,1.,6.12323399573677E-17));
#3045=DIRECTION('',(0.,1.,6.12323399573677E-17));
#3046=DIRECTION('',(0.,1.,6.12323399573677E-17));
#3047=DIRECTION('',(3.06161699786839E-16,6.12323399573677E-17,-1.));
#3048=DIRECTION('',(0.,1.,6.12323399573677E-17));
#3049=DIRECTION('',(0.,1.,6.12323399573677E-17));
#3050=DIRECTION('',(1.,-1.87469972832732E-32,3.06161699786839E-16));
#3051=DIRECTION('',(0.,1.,6.12323399573677E-17));
#3052=DIRECTION('',(0.,1.,6.12323399573677E-17));
#3053=DIRECTION('',(-3.06161699786839E-16,-6.12323399573677E-17,1.));
#3054=DIRECTION('',(3.06161699786839E-16,6.12323399573677E-17,-1.));
#3055=DIRECTION('',(-1.,1.87469972832732E-32,-3.06161699786839E-16));
#3056=DIRECTION('',(-3.06161699786839E-16,-6.12323399573677E-17,1.));
#3057=DIRECTION('',(3.06161699786839E-16,6.12323399573677E-17,-1.));
#3058=DIRECTION('',(0.,1.,6.12323399573677E-17));
#3059=DIRECTION('',(-1.,5.31105888065191E-32,-8.67361737988403E-16));
#3060=DIRECTION('',(0.,-1.,-6.12323399573677E-17));
#3061=DIRECTION('',(0.,-1.,-6.12323399573677E-17));
#3062=DIRECTION('',(1.,-1.87469972832732E-32,3.06161699786839E-16));
#3063=DIRECTION('',(3.06161699786839E-16,6.12323399573677E-17,-1.));
#3064=DIRECTION('',(0.,1.,6.12323399573677E-17));
#3065=DIRECTION('',(1.,-1.87469972832732E-32,3.06161699786839E-16));
#3066=DIRECTION('',(3.06161699786839E-16,6.12323399573677E-17,-1.));
#3067=DIRECTION('',(0.,1.,6.12323399573677E-17));
#3068=DIRECTION('',(0.,-1.,-6.12323399573677E-17));
#3069=DIRECTION('',(0.,6.12323399573677E-17,-1.));
#3070=DIRECTION('',(0.,1.,6.12323399573677E-17));
#3071=DIRECTION('',(0.,-6.12323399573677E-17,1.));
#3072=DIRECTION('',(0.,1.,6.12323399573677E-17));
#3073=DIRECTION('',(0.,-6.12323399573677E-17,1.));
#3074=DIRECTION('',(0.,-1.,-6.12323399573677E-17));
#3075=DIRECTION('',(0.,6.12323399573677E-17,-1.));
#3076=DIRECTION('',(0.,1.,6.12323399573677E-17));
#3077=DIRECTION('',(0.,-6.12323399573677E-17,1.));
#3078=DIRECTION('',(0.,1.,6.12323399573677E-17));
#3079=DIRECTION('',(0.,-6.12323399573677E-17,1.));
#3080=DIRECTION('',(0.,1.,6.12323399573677E-17));
#3081=DIRECTION('',(-0.707106781186548,-4.32978028117746E-17,0.707106781186548));
#3082=DIRECTION('',(0.,1.,6.12323399573677E-17));
#3083=DIRECTION('',(-0.707106781186548,-4.32978028117746E-17,0.707106781186548));
#3084=CARTESIAN_POINT('',(0.,0.,0.));
#3085=CARTESIAN_POINT('',(0.22,0.078,0.55));
#3086=CARTESIAN_POINT('',(-2.17431496062992,19.7532,0.55));
#3087=CARTESIAN_POINT('',(-2.17431496062992,20.1282,0.55));
#3088=CARTESIAN_POINT('',(-2.17431496062992,23.922,0.55));
#3089=CARTESIAN_POINT('',(-2.17431496062992,24.297,0.55));
#3090=CARTESIAN_POINT('',(2.61431496062992,23.922,0.55));
#3091=CARTESIAN_POINT('',(2.61431496062992,24.297,0.55));
#3092=CARTESIAN_POINT('',(0.22,11.75,0.55));
#3093=CARTESIAN_POINT('',(0.22,11.818,0.55));
#3094=CARTESIAN_POINT('',(0.22,15.25,0.55));
#3095=CARTESIAN_POINT('',(0.22,15.318,0.55));
#3096=CARTESIAN_POINT('',(0.22,13.5,0.55));
#3097=CARTESIAN_POINT('',(0.22,13.9375,0.55));
#3098=CARTESIAN_POINT('',(0.22,2.75,0.55));
#3099=CARTESIAN_POINT('',(0.22,2.818,0.55));
#3100=CARTESIAN_POINT('',(0.22,6.25,0.55));
#3101=CARTESIAN_POINT('',(0.22,6.318,0.55));
#3102=CARTESIAN_POINT('',(2.61431496062992,3.078,0.55));
#3103=CARTESIAN_POINT('',(2.61431496062992,3.453,0.55));
#3104=CARTESIAN_POINT('',(2.61431496062992,7.2468,0.55));
#3105=CARTESIAN_POINT('',(2.61431496062992,7.6218,0.55));
#3106=CARTESIAN_POINT('',(-2.17431496062992,7.2468,0.55));
#3107=CARTESIAN_POINT('',(-2.17431496062992,7.6218,0.55));
#3108=CARTESIAN_POINT('',(-2.17431496062989,11.4156,0.55));
#3109=CARTESIAN_POINT('',(-2.17431496062989,11.7906,0.55));
#3110=CARTESIAN_POINT('',(2.61431496062992,19.7532,0.55));
#3111=CARTESIAN_POINT('',(2.61431496062992,20.1282,0.55));
#3112=CARTESIAN_POINT('',(2.61431496062992,15.5844,0.55));
#3113=CARTESIAN_POINT('',(2.61431496062992,15.9594,0.55));
#3114=CARTESIAN_POINT('',(-2.17431496062992,15.5844,0.55));
#3115=CARTESIAN_POINT('',(-2.17431496062992,15.9594,0.55));
#3116=CARTESIAN_POINT('',(2.61431496062989,11.4156,0.55));
#3117=CARTESIAN_POINT('',(2.61431496062989,11.7906,0.55));
#3118=CARTESIAN_POINT('',(0.22,4.5,0.55));
#3119=CARTESIAN_POINT('',(0.22,4.9375,0.55));
#3120=CARTESIAN_POINT('',(0.22,7.25,0.55));
#3121=CARTESIAN_POINT('',(0.22,7.318,0.55));
#3122=CARTESIAN_POINT('',(0.22,10.75,0.55));
#3123=CARTESIAN_POINT('',(0.22,10.818,0.55));
#3124=CARTESIAN_POINT('',(0.22,9.,0.55));
#3125=CARTESIAN_POINT('',(0.22,9.4375,0.55));
#3126=CARTESIAN_POINT('',(0.22,20.75,0.55));
#3127=CARTESIAN_POINT('',(0.22,20.818,0.55));
#3128=CARTESIAN_POINT('',(0.22,18.,0.55));
#3129=CARTESIAN_POINT('',(0.22,18.4375,0.55));
#3130=CARTESIAN_POINT('',(0.22,19.75,0.55));
#3131=CARTESIAN_POINT('',(0.22,19.818,0.55));
#3132=CARTESIAN_POINT('',(0.22,16.25,0.55));
#3133=CARTESIAN_POINT('',(0.22,16.318,0.55));
#3134=CARTESIAN_POINT('',(0.22,24.25,0.55));
#3135=CARTESIAN_POINT('',(0.22,24.318,0.55));
#3136=CARTESIAN_POINT('',(0.22,22.5,0.55));
#3137=CARTESIAN_POINT('',(0.22,22.9375,0.55));
#3138=CARTESIAN_POINT('',(-2.17431496062992,3.078,0.55));
#3139=CARTESIAN_POINT('',(-2.17431496062992,3.453,0.55));
#3140=CARTESIAN_POINT('',(0.22,26.8826299212598,0.55));
#3141=CARTESIAN_POINT('',(-2.74062992125984,26.8826299212598,0.55));
#3142=CARTESIAN_POINT('',(3.18062992125984,26.8826299212598,0.55));
#3143=CARTESIAN_POINT('',(3.18062992125984,0.078,0.55));
#3144=CARTESIAN_POINT('',(3.18062992125984,0.117370078740157,0.55));
#3145=CARTESIAN_POINT('',(0.22,0.117370078740157,0.55));
#3146=CARTESIAN_POINT('',(-2.74062992125984,0.117370078740157,0.55));
#3147=CARTESIAN_POINT('',(-2.74062992125984,0.078,0.55));
#3148=CARTESIAN_POINT('',(0.22,0.078,0.628));
#3149=CARTESIAN_POINT('',(-2.17431496062992,19.7532,0.628));
#3150=CARTESIAN_POINT('',(-2.17431496062992,20.1282,0.628));
#3151=CARTESIAN_POINT('',(-2.17431496062992,23.922,0.628));
#3152=CARTESIAN_POINT('',(-2.17431496062992,24.297,0.628));
#3153=CARTESIAN_POINT('',(2.61431496062992,23.922,0.628));
#3154=CARTESIAN_POINT('',(2.61431496062992,24.297,0.628));
#3155=CARTESIAN_POINT('',(0.22,11.75,0.628));
#3156=CARTESIAN_POINT('',(0.22,11.818,0.628));
#3157=CARTESIAN_POINT('',(0.22,15.25,0.628));
#3158=CARTESIAN_POINT('',(0.22,15.318,0.628));
#3159=CARTESIAN_POINT('',(0.22,13.5,0.628));
#3160=CARTESIAN_POINT('',(0.22,13.9375,0.628));
#3161=CARTESIAN_POINT('',(0.22,2.75,0.628));
#3162=CARTESIAN_POINT('',(0.22,2.818,0.628));
#3163=CARTESIAN_POINT('',(0.22,6.25,0.628));
#3164=CARTESIAN_POINT('',(0.22,6.318,0.628));
#3165=CARTESIAN_POINT('',(2.61431496062992,3.078,0.628));
#3166=CARTESIAN_POINT('',(2.61431496062992,3.453,0.628));
#3167=CARTESIAN_POINT('',(2.61431496062992,7.2468,0.628));
#3168=CARTESIAN_POINT('',(2.61431496062992,7.6218,0.628));
#3169=CARTESIAN_POINT('',(-2.17431496062992,7.2468,0.628));
#3170=CARTESIAN_POINT('',(-2.17431496062992,7.6218,0.628));
#3171=CARTESIAN_POINT('',(-2.17431496062989,11.4156,0.628));
#3172=CARTESIAN_POINT('',(-2.17431496062989,11.7906,0.628));
#3173=CARTESIAN_POINT('',(2.61431496062992,19.7532,0.628));
#3174=CARTESIAN_POINT('',(2.61431496062992,20.1282,0.628));
#3175=CARTESIAN_POINT('',(2.61431496062992,15.5844,0.628));
#3176=CARTESIAN_POINT('',(2.61431496062992,15.9594,0.628));
#3177=CARTESIAN_POINT('',(-2.17431496062992,15.5844,0.628));
#3178=CARTESIAN_POINT('',(-2.17431496062992,15.9594,0.628));
#3179=CARTESIAN_POINT('',(2.61431496062989,11.4156,0.628));
#3180=CARTESIAN_POINT('',(2.61431496062989,11.7906,0.628));
#3181=CARTESIAN_POINT('',(0.22,4.5,0.628));
#3182=CARTESIAN_POINT('',(0.22,4.9375,0.628));
#3183=CARTESIAN_POINT('',(0.22,7.25,0.628));
#3184=CARTESIAN_POINT('',(0.22,7.318,0.628));
#3185=CARTESIAN_POINT('',(0.22,10.75,0.628));
#3186=CARTESIAN_POINT('',(0.22,10.818,0.628));
#3187=CARTESIAN_POINT('',(0.22,9.,0.628));
#3188=CARTESIAN_POINT('',(0.22,9.4375,0.628));
#3189=CARTESIAN_POINT('',(0.22,20.75,0.628));
#3190=CARTESIAN_POINT('',(0.22,20.818,0.628));
#3191=CARTESIAN_POINT('',(0.22,18.,0.628));
#3192=CARTESIAN_POINT('',(0.22,18.4375,0.628));
#3193=CARTESIAN_POINT('',(0.22,19.75,0.628));
#3194=CARTESIAN_POINT('',(0.22,19.818,0.628));
#3195=CARTESIAN_POINT('',(0.22,16.25,0.628));
#3196=CARTESIAN_POINT('',(0.22,16.318,0.628));
#3197=CARTESIAN_POINT('',(0.22,24.25,0.628));
#3198=CARTESIAN_POINT('',(0.22,24.318,0.628));
#3199=CARTESIAN_POINT('',(0.22,22.5,0.628));
#3200=CARTESIAN_POINT('',(0.22,22.9375,0.628));
#3201=CARTESIAN_POINT('',(-2.17431496062992,3.078,0.628));
#3202=CARTESIAN_POINT('',(-2.17431496062992,3.453,0.628));
#3203=CARTESIAN_POINT('',(3.18062992125984,0.078,0.628));
#3204=CARTESIAN_POINT('',(3.18062992125984,0.117370078740157,0.628));
#3205=CARTESIAN_POINT('',(3.18062992125984,26.8826299212598,0.628));
#3206=CARTESIAN_POINT('',(0.22,26.8826299212598,0.628));
#3207=CARTESIAN_POINT('',(-2.74062992125984,26.8826299212598,0.628));
#3208=CARTESIAN_POINT('',(-2.74062992125984,0.078,0.628));
#3209=CARTESIAN_POINT('',(-2.74062992125984,0.117370078740157,0.628));
#3210=CARTESIAN_POINT('',(0.22,0.117370078740157,0.628));
#3211=CARTESIAN_POINT('',(-2.17431496062992,3.078,0.628));
#3212=CARTESIAN_POINT('',(0.22,22.5,0.628));
#3213=CARTESIAN_POINT('',(0.22,24.25,0.628));
#3214=CARTESIAN_POINT('',(0.22,16.25,0.628));
#3215=CARTESIAN_POINT('',(0.22,19.75,0.628));
#3216=CARTESIAN_POINT('',(0.22,18.,0.628));
#3217=CARTESIAN_POINT('',(0.22,20.75,0.628));
#3218=CARTESIAN_POINT('',(0.22,9.,0.628));
#3219=CARTESIAN_POINT('',(0.22,10.75,0.628));
#3220=CARTESIAN_POINT('',(0.22,7.25,0.628));
#3221=CARTESIAN_POINT('',(0.22,4.5,0.628));
#3222=CARTESIAN_POINT('',(2.61431496062989,11.4156,0.628));
#3223=CARTESIAN_POINT('',(-2.17431496062992,15.5844,0.628));
#3224=CARTESIAN_POINT('',(2.61431496062992,15.5844,0.628));
#3225=CARTESIAN_POINT('',(2.61431496062992,19.7532,0.628));
#3226=CARTESIAN_POINT('',(-2.17431496062989,11.4156,0.628));
#3227=CARTESIAN_POINT('',(-2.17431496062992,7.2468,0.628));
#3228=CARTESIAN_POINT('',(2.61431496062992,7.2468,0.628));
#3229=CARTESIAN_POINT('',(2.61431496062992,3.078,0.628));
#3230=CARTESIAN_POINT('',(0.22,6.25,0.628));
#3231=CARTESIAN_POINT('',(0.22,2.75,0.628));
#3232=CARTESIAN_POINT('',(0.22,13.5,0.628));
#3233=CARTESIAN_POINT('',(0.22,15.25,0.628));
#3234=CARTESIAN_POINT('',(0.22,11.75,0.628));
#3235=CARTESIAN_POINT('',(2.61431496062992,23.922,0.628));
#3236=CARTESIAN_POINT('',(-2.17431496062992,23.922,0.628));
#3237=CARTESIAN_POINT('',(-2.17431496062992,19.7532,0.628));
#3238=CARTESIAN_POINT('',(0.22,26.922,-0.622));
#3239=CARTESIAN_POINT('',(0.22,26.922,-0.622));
#3240=CARTESIAN_POINT('',(2.93062992125984,26.922,-0.622));
#3241=CARTESIAN_POINT('',(-2.49062992125984,26.922,-0.622));
#3242=CARTESIAN_POINT('',(-2.49062992125984,26.922,-0.622));
#3243=CARTESIAN_POINT('',(-2.49062992125984,27.,-0.622));
#3244=CARTESIAN_POINT('',(0.22,27.,-0.622));
#3245=CARTESIAN_POINT('',(2.93062992125984,27.,-0.622));
#3246=CARTESIAN_POINT('',(2.93062992125984,26.922,-0.622));
#3247=CARTESIAN_POINT('',(3.18062992125984,26.922,-0.0360000000000007));
#3248=CARTESIAN_POINT('',(3.18062992125984,26.922,-0.0360000000000007));
#3249=CARTESIAN_POINT('',(3.18062992125984,26.922,0.510629921259843));
#3250=CARTESIAN_POINT('',(3.18062992125984,26.922,-0.372));
#3251=CARTESIAN_POINT('',(3.18062992125984,26.922,-0.372));
#3252=CARTESIAN_POINT('',(3.18062992125984,27.,-0.372));
#3253=CARTESIAN_POINT('',(3.18062992125984,27.,-0.0360000000000007));
#3254=CARTESIAN_POINT('',(3.18062992125984,27.,0.510629921259843));
#3255=CARTESIAN_POINT('',(3.18062992125984,26.922,0.510629921259843));
#3256=CARTESIAN_POINT('',(2.22,26.922,3.27821759239711E-15));
#3257=CARTESIAN_POINT('',(2.22,26.922,0.197000000000005));
#3258=CARTESIAN_POINT('',(2.22,27.,0.197000000000005));
#3259=CARTESIAN_POINT('',(2.22,26.922,0.197000000000005));
#3260=CARTESIAN_POINT('',(2.22,27.,3.27821759239711E-15));
#3261=CARTESIAN_POINT('',(2.22,27.,-0.196999999999997));
#3262=CARTESIAN_POINT('',(2.22,26.922,-0.196999999999997));
#3263=CARTESIAN_POINT('',(2.22,26.922,-0.196999999999997));
#3264=CARTESIAN_POINT('',(2.22,26.922,3.27821759239711E-15));
#3265=CARTESIAN_POINT('',(0.22,26.922,-0.197));
#3266=CARTESIAN_POINT('',(0.22,27.,-0.196999999999997));
#3267=CARTESIAN_POINT('',(-1.78,27.,-0.196999999999997));
#3268=CARTESIAN_POINT('',(-1.78,26.922,-0.196999999999997));
#3269=CARTESIAN_POINT('',(-1.78,26.922,-0.196999999999997));
#3270=CARTESIAN_POINT('',(0.22,26.922,-0.197));
#3271=CARTESIAN_POINT('',(-1.78,26.922,2.73184799366426E-15));
#3272=CARTESIAN_POINT('',(-1.78,27.,2.73184799366426E-15));
#3273=CARTESIAN_POINT('',(-1.78,27.,0.197000000000003));
#3274=CARTESIAN_POINT('',(-1.78,26.922,0.197000000000003));
#3275=CARTESIAN_POINT('',(-1.78,26.922,0.197000000000003));
#3276=CARTESIAN_POINT('',(-1.78,26.922,2.73184799366426E-15));
#3277=CARTESIAN_POINT('',(0.22,26.922,0.197000000000004));
#3278=CARTESIAN_POINT('',(0.22,27.,0.197000000000003));
#3279=CARTESIAN_POINT('',(0.22,26.922,0.197000000000004));
#3280=CARTESIAN_POINT('',(-2.74062992125984,26.922,-0.0360000000000007));
#3281=CARTESIAN_POINT('',(-2.74062992125984,27.,-0.0360000000000007));
#3282=CARTESIAN_POINT('',(-2.74062992125984,27.,-0.372));
#3283=CARTESIAN_POINT('',(-2.74062992125984,27.,0.510629921259843));
#3284=CARTESIAN_POINT('',(-2.74062992125984,26.922,-0.372));
#3285=CARTESIAN_POINT('',(-2.74062992125984,26.922,-0.372));
#3286=CARTESIAN_POINT('',(-2.74062992125984,26.922,-0.0360000000000007));
#3287=CARTESIAN_POINT('',(-2.74062992125984,26.922,0.510629921259843));
#3288=CARTESIAN_POINT('',(-2.74062992125984,26.922,0.510629921259843));
#3289=CARTESIAN_POINT('',(0.22,26.922,-0.0360000000000007));
#3290=CARTESIAN_POINT('',(-2.49062992125984,26.922,-0.372));
#3291=CARTESIAN_POINT('',(2.93062992125984,26.922,-0.372));
#3292=CARTESIAN_POINT('',(0.22,26.922,0.510629921259843));
#3293=CARTESIAN_POINT('',(0.22,27.,-0.0360000000000007));
#3294=CARTESIAN_POINT('',(-2.49062992125984,27.,-0.372));
#3295=CARTESIAN_POINT('',(0.22,27.,0.510629921259843));
#3296=CARTESIAN_POINT('',(2.93062992125984,27.,-0.372));
#3297=CARTESIAN_POINT('',(-2.49062992125984,26.922,-0.372));
#3298=CARTESIAN_POINT('',(2.93062992125984,26.922,-0.372));
#3299=CARTESIAN_POINT('',(3.18062992125984,26.8826299212598,0.510629921259843));
#3300=CARTESIAN_POINT('',(3.18062992125984,26.8826299212598,0.55));
#3301=CARTESIAN_POINT('',(3.18062992125984,26.8826299212598,0.510629921259843));
#3302=CARTESIAN_POINT('',(3.18062992125984,26.8826299212598,0.510629921259843));
#3303=CARTESIAN_POINT('',(-2.74062992125984,26.8826299212598,0.510629921259843));
#3304=CARTESIAN_POINT('',(-2.74062992125984,26.8826299212598,0.510629921259843));
#3305=CARTESIAN_POINT('',(-2.74062992125984,26.8826299212598,0.55));
#3306=CARTESIAN_POINT('',(-2.74062992125984,26.8826299212598,0.510629921259843));
#3307=CARTESIAN_POINT('',(0.22,26.8826299212598,0.510629921259843));
#3308=CARTESIAN_POINT('',(0.22,26.8826299212598,0.510629921259843));
#3309=CARTESIAN_POINT('',(0.22,0.078,-0.622));
#3310=CARTESIAN_POINT('',(0.22,0.078,-0.622));
#3311=CARTESIAN_POINT('',(-2.49062992125984,0.078,-0.622));
#3312=CARTESIAN_POINT('',(2.93062992125984,0.078,-0.622));
#3313=CARTESIAN_POINT('',(2.93062992125984,0.078,-0.622));
#3314=CARTESIAN_POINT('',(2.93062992125984,-3.41480999208033E-17,-0.622));
#3315=CARTESIAN_POINT('',(0.22,-3.41480999208033E-17,-0.622));
#3316=CARTESIAN_POINT('',(-2.49062992125984,-3.41480999208033E-17,-0.622));
#3317=CARTESIAN_POINT('',(-2.49062992125984,0.078,-0.622));
#3318=CARTESIAN_POINT('',(-2.74062992125984,0.078,-0.0360000000000015));
#3319=CARTESIAN_POINT('',(-2.74062992125984,0.078,-0.0360000000000015));
#3320=CARTESIAN_POINT('',(-2.74062992125984,0.078,0.510629921259843));
#3321=CARTESIAN_POINT('',(-2.74062992125984,0.078,-0.372));
#3322=CARTESIAN_POINT('',(-2.74062992125984,0.078,-0.372));
#3323=CARTESIAN_POINT('',(-2.74062992125984,-3.41480999208033E-17,-0.372));
#3324=CARTESIAN_POINT('',(-2.74062992125984,-3.41480999208033E-17,-0.0360000000000015));
#3325=CARTESIAN_POINT('',(-2.74062992125984,-3.41480999208033E-17,0.510629921259843));
#3326=CARTESIAN_POINT('',(-2.74062992125984,0.078,0.510629921259843));
#3327=CARTESIAN_POINT('',(2.22,0.078,0.));
#3328=CARTESIAN_POINT('',(2.22,0.078,-0.197));
#3329=CARTESIAN_POINT('',(2.22,-5.12221498812049E-17,-0.197));
#3330=CARTESIAN_POINT('',(2.22,0.078,-0.197));
#3331=CARTESIAN_POINT('',(2.22,0.,0.));
#3332=CARTESIAN_POINT('',(2.22,-3.41480999208033E-17,0.197));
#3333=CARTESIAN_POINT('',(2.22,0.078,0.197));
#3334=CARTESIAN_POINT('',(2.22,0.078,0.197));
#3335=CARTESIAN_POINT('',(2.22,0.078,0.));
#3336=CARTESIAN_POINT('',(0.22,0.078,0.197));
#3337=CARTESIAN_POINT('',(0.22,-3.41480999208033E-17,0.197));
#3338=CARTESIAN_POINT('',(-1.78,-3.41480999208033E-17,0.197));
#3339=CARTESIAN_POINT('',(-1.78,0.078,0.197));
#3340=CARTESIAN_POINT('',(-1.78,0.078,0.197));
#3341=CARTESIAN_POINT('',(0.22,0.078,0.197));
#3342=CARTESIAN_POINT('',(-1.78,0.078,-5.46369598732853E-16));
#3343=CARTESIAN_POINT('',(-1.78,0.,-5.46369598732853E-16));
#3344=CARTESIAN_POINT('',(-1.78,-5.12221498812049E-17,-0.197));
#3345=CARTESIAN_POINT('',(-1.78,0.078,-0.197));
#3346=CARTESIAN_POINT('',(-1.78,0.078,-0.197));
#3347=CARTESIAN_POINT('',(-1.78,0.078,-5.46369598732853E-16));
#3348=CARTESIAN_POINT('',(0.22,0.078,-0.197));
#3349=CARTESIAN_POINT('',(0.22,-5.12221498812049E-17,-0.197));
#3350=CARTESIAN_POINT('',(0.22,0.078,-0.197));
#3351=CARTESIAN_POINT('',(3.18062992125984,0.078,-0.0360000000000015));
#3352=CARTESIAN_POINT('',(3.18062992125984,-3.41480999208033E-17,-0.0360000000000015));
#3353=CARTESIAN_POINT('',(3.18062992125984,-3.41480999208033E-17,-0.372));
#3354=CARTESIAN_POINT('',(3.18062992125984,-3.41480999208033E-17,0.510629921259843));
#3355=CARTESIAN_POINT('',(3.18062992125984,0.078,-0.372));
#3356=CARTESIAN_POINT('',(3.18062992125984,0.078,-0.372));
#3357=CARTESIAN_POINT('',(3.18062992125984,0.078,-0.0360000000000015));
#3358=CARTESIAN_POINT('',(3.18062992125984,0.078,0.510629921259843));
#3359=CARTESIAN_POINT('',(3.18062992125984,0.078,0.510629921259843));
#3360=CARTESIAN_POINT('',(0.22,0.078,-0.0360000000000015));
#3361=CARTESIAN_POINT('',(2.93062992125984,0.078,-0.372));
#3362=CARTESIAN_POINT('',(-2.49062992125984,0.078,-0.372));
#3363=CARTESIAN_POINT('',(0.22,0.078,0.510629921259843));
#3364=CARTESIAN_POINT('',(0.22,-3.41480999208033E-17,-0.0360000000000015));
#3365=CARTESIAN_POINT('',(2.93062992125984,-3.41480999208033E-17,-0.372));
#3366=CARTESIAN_POINT('',(0.22,-3.41480999208033E-17,0.510629921259843));
#3367=CARTESIAN_POINT('',(-2.49062992125984,-3.41480999208033E-17,-0.372));
#3368=CARTESIAN_POINT('',(2.93062992125984,0.078,-0.372));
#3369=CARTESIAN_POINT('',(-2.49062992125984,0.078,-0.372));
#3370=CARTESIAN_POINT('',(-2.74062992125984,0.117370078740157,0.510629921259843));
#3371=CARTESIAN_POINT('',(-2.74062992125984,0.117370078740157,0.55));
#3372=CARTESIAN_POINT('',(-2.74062992125984,0.117370078740157,0.510629921259843));
#3373=CARTESIAN_POINT('',(-2.74062992125984,0.117370078740157,0.510629921259843));
#3374=CARTESIAN_POINT('',(3.18062992125984,0.117370078740157,0.510629921259843));
#3375=CARTESIAN_POINT('',(3.18062992125984,0.117370078740157,0.510629921259843));
#3376=CARTESIAN_POINT('',(3.18062992125984,0.117370078740157,0.55));
#3377=CARTESIAN_POINT('',(3.18062992125984,0.117370078740157,0.510629921259843));
#3378=CARTESIAN_POINT('',(0.22,0.117370078740157,0.510629921259843));
#3379=CARTESIAN_POINT('',(0.22,0.117370078740157,0.510629921259843));
#3380=CARTESIAN_POINT('',(2.048,13.5,-0.121000000000002));
#3381=CARTESIAN_POINT('',(2.048,13.5,-0.121000000000002));
#3382=CARTESIAN_POINT('',(2.048,2.328,-0.121000000000002));
#3383=CARTESIAN_POINT('',(2.048,24.672,-0.121));
#3384=CARTESIAN_POINT('',(2.048,24.672,-0.121));
#3385=CARTESIAN_POINT('',(2.048,24.672,-0.199));
#3386=CARTESIAN_POINT('',(2.048,13.5,-0.199));
#3387=CARTESIAN_POINT('',(2.048,2.328,-0.199000000000002));
#3388=CARTESIAN_POINT('',(2.048,2.328,-0.121000000000002));
#3389=CARTESIAN_POINT('',(2.634,2.078,-0.121000000000002));
#3390=CARTESIAN_POINT('',(2.634,2.078,-0.121000000000002));
#3391=CARTESIAN_POINT('',(3.18062992125984,2.078,-0.121000000000002));
#3392=CARTESIAN_POINT('',(2.298,2.078,-0.121000000000002));
#3393=CARTESIAN_POINT('',(2.298,2.078,-0.121000000000002));
#3394=CARTESIAN_POINT('',(2.298,2.078,-0.199000000000002));
#3395=CARTESIAN_POINT('',(2.634,2.078,-0.199000000000002));
#3396=CARTESIAN_POINT('',(3.18062992125984,2.078,-0.199));
#3397=CARTESIAN_POINT('',(3.18062992125984,2.078,-0.121000000000002));
#3398=CARTESIAN_POINT('',(2.634,24.922,-0.121));
#3399=CARTESIAN_POINT('',(2.634,24.922,-0.199));
#3400=CARTESIAN_POINT('',(2.298,24.922,-0.199));
#3401=CARTESIAN_POINT('',(3.18062992125984,24.922,-0.199));
#3402=CARTESIAN_POINT('',(2.298,24.922,-0.121));
#3403=CARTESIAN_POINT('',(2.298,24.922,-0.121));
#3404=CARTESIAN_POINT('',(2.634,24.922,-0.121));
#3405=CARTESIAN_POINT('',(3.18062992125984,24.922,-0.121));
#3406=CARTESIAN_POINT('',(3.18062992125984,24.922,-0.121));
#3407=CARTESIAN_POINT('',(2.634,13.5,-0.121000000000002));
#3408=CARTESIAN_POINT('',(2.61431496062992,3.078,-0.121000000000002));
#3409=CARTESIAN_POINT('',(2.69906496062992,3.078,-0.121000000000002));
#3410=CARTESIAN_POINT('',(2.61431496062992,7.2468,-0.121000000000002));
#3411=CARTESIAN_POINT('',(2.69906496062992,7.2468,-0.121000000000002));
#3412=CARTESIAN_POINT('',(2.61431496062989,11.4156,-0.121000000000002));
#3413=CARTESIAN_POINT('',(2.69906496062989,11.4156,-0.121000000000002));
#3414=CARTESIAN_POINT('',(2.61431496062992,15.5844,-0.121000000000001));
#3415=CARTESIAN_POINT('',(2.69906496062992,15.5844,-0.121000000000001));
#3416=CARTESIAN_POINT('',(2.61431496062992,19.7532,-0.121));
#3417=CARTESIAN_POINT('',(2.69906496062992,19.7532,-0.121));
#3418=CARTESIAN_POINT('',(2.61431496062992,23.922,-0.121));
#3419=CARTESIAN_POINT('',(2.69906496062992,23.922,-0.121));
#3420=CARTESIAN_POINT('',(2.298,24.672,-0.121));
#3421=CARTESIAN_POINT('',(2.298,2.328,-0.121000000000002));
#3422=CARTESIAN_POINT('',(3.18062992125984,13.5,-0.121000000000001));
#3423=CARTESIAN_POINT('',(2.634,13.5,-0.199));
#3424=CARTESIAN_POINT('',(2.61431496062992,3.078,-0.199000000000002));
#3425=CARTESIAN_POINT('',(2.69906496062992,3.078,-0.199000000000002));
#3426=CARTESIAN_POINT('',(2.61431496062992,7.2468,-0.199));
#3427=CARTESIAN_POINT('',(2.69906496062992,7.2468,-0.199));
#3428=CARTESIAN_POINT('',(2.61431496062989,11.4156,-0.199));
#3429=CARTESIAN_POINT('',(2.69906496062989,11.4156,-0.199));
#3430=CARTESIAN_POINT('',(2.61431496062992,15.5844,-0.199));
#3431=CARTESIAN_POINT('',(2.69906496062992,15.5844,-0.199));
#3432=CARTESIAN_POINT('',(2.61431496062992,19.7532,-0.199));
#3433=CARTESIAN_POINT('',(2.69906496062992,19.7532,-0.199));
#3434=CARTESIAN_POINT('',(2.61431496062992,23.922,-0.199));
#3435=CARTESIAN_POINT('',(2.69906496062992,23.922,-0.199));
#3436=CARTESIAN_POINT('',(2.298,24.672,-0.199));
#3437=CARTESIAN_POINT('',(3.18062992125984,13.5,-0.199));
#3438=CARTESIAN_POINT('',(2.298,2.328,-0.199000000000002));
#3439=CARTESIAN_POINT('',(2.61431496062992,23.922,0.628));
#3440=CARTESIAN_POINT('',(2.61431496062992,19.7532,0.628));
#3441=CARTESIAN_POINT('',(2.61431496062992,15.5844,0.628));
#3442=CARTESIAN_POINT('',(2.61431496062989,11.4156,0.628));
#3443=CARTESIAN_POINT('',(2.61431496062992,7.2468,0.628));
#3444=CARTESIAN_POINT('',(2.61431496062992,3.078,0.628));
#3445=CARTESIAN_POINT('',(2.298,24.672,-0.121));
#3446=CARTESIAN_POINT('',(2.298,2.328,-0.121000000000002));
#3447=CARTESIAN_POINT('',(3.18062992125984,24.922,-0.0816299212598425));
#3448=CARTESIAN_POINT('',(3.22,24.922,-0.121));
#3449=CARTESIAN_POINT('',(3.29119995464803,24.922,-0.121));
#3450=CARTESIAN_POINT('',(3.22,24.922,-0.121));
#3451=CARTESIAN_POINT('',(3.18062992125984,24.922,-0.0816299212598425));
#3452=CARTESIAN_POINT('',(3.18062992125984,24.922,-0.0816299212598425));
#3453=CARTESIAN_POINT('',(3.22,24.922,-0.0816299212598425));
#3454=CARTESIAN_POINT('',(3.22,24.922,-0.121));
#3455=CARTESIAN_POINT('',(3.18062992125984,2.078,-0.0816299212598445));
#3456=CARTESIAN_POINT('',(3.18062992125984,2.078,-0.0816299212598445));
#3457=CARTESIAN_POINT('',(3.29119995464803,2.078,-0.121000000000002));
#3458=CARTESIAN_POINT('',(3.22,2.078,-0.121000000000002));
#3459=CARTESIAN_POINT('',(3.22,2.078,-0.121000000000002));
#3460=CARTESIAN_POINT('',(3.22,2.078,-0.121000000000002));
#3461=CARTESIAN_POINT('',(3.22,2.078,-0.0816299212598445));
#3462=CARTESIAN_POINT('',(3.18062992125984,2.078,-0.0816299212598445));
#3463=CARTESIAN_POINT('',(3.18062992125984,13.5,-0.0816299212598439));
#3464=CARTESIAN_POINT('',(3.18062992125984,2.078,-0.0816299212598445));
#3465=CARTESIAN_POINT('',(3.298,2.078,-0.0816299212598443));
#3466=CARTESIAN_POINT('',(3.18062992125984,24.922,-0.0816299212598425));
#3467=CARTESIAN_POINT('',(3.298,24.922,-0.0816299212598425));
#3468=CARTESIAN_POINT('',(3.298,0.078,-0.0816299212598447));
#3469=CARTESIAN_POINT('',(3.18062992125984,13.5,-0.0816299212598439));
#3470=CARTESIAN_POINT('',(3.22,0.078,-0.0816299212598447));
#3471=CARTESIAN_POINT('',(3.22,0.078,0.510629921259843));
#3472=CARTESIAN_POINT('',(3.22,0.078,0.510629921259843));
#3473=CARTESIAN_POINT('',(3.22,26.8826299212598,0.510629921259843));
#3474=CARTESIAN_POINT('',(3.22,26.922,0.510629921259843));
#3475=CARTESIAN_POINT('',(3.22,26.8826299212598,0.510629921259843));
#3476=CARTESIAN_POINT('',(3.298,26.8826299212598,0.510629921259843));
#3477=CARTESIAN_POINT('',(3.298,0.078,0.510629921259843));
#3478=CARTESIAN_POINT('',(3.298,26.922,0.510629921259843));
#3479=CARTESIAN_POINT('',(3.22,26.922,0.510629921259843));
#3480=CARTESIAN_POINT('',(3.22,24.922,-0.121));
#3481=CARTESIAN_POINT('',(3.298,24.922,-0.121));
#3482=CARTESIAN_POINT('',(3.298,24.922,-0.121));
#3483=CARTESIAN_POINT('',(3.22,24.922,-0.121));
#3484=CARTESIAN_POINT('',(3.22,2.078,-0.121000000000002));
#3485=CARTESIAN_POINT('',(3.298,2.078,-0.121000000000002));
#3486=CARTESIAN_POINT('',(3.298,2.078,-0.121000000000002));
#3487=CARTESIAN_POINT('',(3.22,2.078,-0.121000000000002));
#3488=CARTESIAN_POINT('',(3.22,0.078,-0.121000000000002));
#3489=CARTESIAN_POINT('',(3.298,0.078,-0.121000000000002));
#3490=CARTESIAN_POINT('',(3.298,0.078,-0.121000000000002));
#3491=CARTESIAN_POINT('',(3.22,0.078,-0.121000000000002));
#3492=CARTESIAN_POINT('',(3.22,0.078,-0.121000000000002));
#3493=CARTESIAN_POINT('',(3.22,0.078,-0.121000000000002));
#3494=CARTESIAN_POINT('',(3.22,0.078,-0.039));
#3495=CARTESIAN_POINT('',(3.298,0.078,-0.039));
#3496=CARTESIAN_POINT('',(3.298,0.078,0.510629921259843));
#3497=CARTESIAN_POINT('',(3.22,0.078,0.510629921259843));
#3498=CARTESIAN_POINT('',(3.22,0.078,0.510629921259843));
#3499=CARTESIAN_POINT('',(3.22,0.078,-0.039));
#3500=CARTESIAN_POINT('',(3.22,0.078,0.510629921259843));
#3501=CARTESIAN_POINT('',(3.22,0.117370078740157,0.510629921259843));
#3502=CARTESIAN_POINT('',(3.22,0.117370078740157,0.510629921259843));
#3503=CARTESIAN_POINT('',(3.298,0.117370078740157,0.510629921259843));
#3504=CARTESIAN_POINT('',(3.22,0.078,0.510629921259843));
#3505=CARTESIAN_POINT('',(3.298,0.078,0.510629921259843));
#3506=CARTESIAN_POINT('',(3.22,26.922,-0.0389999999999982));
#3507=CARTESIAN_POINT('',(3.298,26.922,-0.0389999999999982));
#3508=CARTESIAN_POINT('',(3.298,26.922,-0.121));
#3509=CARTESIAN_POINT('',(3.22,26.922,-0.121));
#3510=CARTESIAN_POINT('',(3.22,26.922,-0.121));
#3511=CARTESIAN_POINT('',(3.22,26.922,-0.0389999999999982));
#3512=CARTESIAN_POINT('',(3.22,0.078,-0.121000000000002));
#3513=CARTESIAN_POINT('',(3.298,0.078,-0.121000000000002));
#3514=CARTESIAN_POINT('',(3.22,0.078,-0.121000000000002));
#3515=CARTESIAN_POINT('',(3.22,0.078,-0.039));
#3516=CARTESIAN_POINT('',(3.22,13.5,0.510629921259843));
#3517=CARTESIAN_POINT('',(3.298,0.078,-0.039));
#3518=CARTESIAN_POINT('',(3.298,13.5,0.510629921259843));
#3519=CARTESIAN_POINT('',(3.18062992125984,26.8826299212598,0.510629921259843));
#3520=CARTESIAN_POINT('',(3.18062992125984,26.8826299212598,0.510629921259843));
#3521=CARTESIAN_POINT('',(3.18062992125984,26.8826299212598,0.510629921259843));
#3522=CARTESIAN_POINT('',(3.18062992125984,0.117370078740157,0.510629921259843));
#3523=CARTESIAN_POINT('',(3.18062992125984,0.117370078740157,0.510629921259843));
#3524=CARTESIAN_POINT('',(3.18062992125984,0.117370078740157,0.510629921259843));
#3525=CARTESIAN_POINT('',(3.18062992125984,13.5,0.510629921259843));
#3526=CARTESIAN_POINT('',(3.18062992125984,13.5,0.510629921259843));
#3527=CARTESIAN_POINT('',(-1.608,13.5,-0.121));
#3528=CARTESIAN_POINT('',(-1.608,13.5,-0.199));
#3529=CARTESIAN_POINT('',(-1.608,24.672,-0.199));
#3530=CARTESIAN_POINT('',(-1.608,2.328,-0.199));
#3531=CARTESIAN_POINT('',(-1.608,24.672,-0.121));
#3532=CARTESIAN_POINT('',(-1.608,24.672,-0.121));
#3533=CARTESIAN_POINT('',(-1.608,13.5,-0.121));
#3534=CARTESIAN_POINT('',(-1.608,2.328,-0.121000000000002));
#3535=CARTESIAN_POINT('',(-1.608,2.328,-0.121000000000002));
#3536=CARTESIAN_POINT('',(-2.194,24.922,-0.121));
#3537=CARTESIAN_POINT('',(-2.194,24.922,-0.121));
#3538=CARTESIAN_POINT('',(-2.74062992125984,24.922,-0.121));
#3539=CARTESIAN_POINT('',(-1.858,24.922,-0.121));
#3540=CARTESIAN_POINT('',(-1.858,24.922,-0.121));
#3541=CARTESIAN_POINT('',(-1.858,24.922,-0.199));
#3542=CARTESIAN_POINT('',(-2.194,24.922,-0.199));
#3543=CARTESIAN_POINT('',(-2.74062992125984,24.922,-0.199));
#3544=CARTESIAN_POINT('',(-2.74062992125984,24.922,-0.121));
#3545=CARTESIAN_POINT('',(-2.194,2.078,-0.121000000000002));
#3546=CARTESIAN_POINT('',(-2.194,2.078,-0.199));
#3547=CARTESIAN_POINT('',(-1.858,2.078,-0.199));
#3548=CARTESIAN_POINT('',(-2.74062992125984,2.078,-0.199));
#3549=CARTESIAN_POINT('',(-1.858,2.078,-0.121000000000002));
#3550=CARTESIAN_POINT('',(-1.858,2.078,-0.121000000000002));
#3551=CARTESIAN_POINT('',(-2.194,2.078,-0.121000000000002));
#3552=CARTESIAN_POINT('',(-2.74062992125984,2.078,-0.121000000000002));
#3553=CARTESIAN_POINT('',(-2.74062992125984,2.078,-0.121000000000002));
#3554=CARTESIAN_POINT('',(-2.194,13.5,-0.121));
#3555=CARTESIAN_POINT('',(-2.17431496062992,3.078,-0.121000000000002));
#3556=CARTESIAN_POINT('',(-2.08956496062992,3.078,-0.121000000000002));
#3557=CARTESIAN_POINT('',(-2.17431496062992,7.2468,-0.121000000000002));
#3558=CARTESIAN_POINT('',(-2.08956496062992,7.2468,-0.121000000000002));
#3559=CARTESIAN_POINT('',(-2.17431496062989,11.4156,-0.121000000000001));
#3560=CARTESIAN_POINT('',(-2.08956496062989,11.4156,-0.121000000000001));
#3561=CARTESIAN_POINT('',(-2.17431496062992,15.5844,-0.121));
#3562=CARTESIAN_POINT('',(-2.08956496062992,15.5844,-0.121));
#3563=CARTESIAN_POINT('',(-2.17431496062992,19.7532,-0.121));
#3564=CARTESIAN_POINT('',(-2.08956496062992,19.7532,-0.121));
#3565=CARTESIAN_POINT('',(-2.17431496062992,23.922,-0.121));
#3566=CARTESIAN_POINT('',(-2.08956496062992,23.922,-0.121));
#3567=CARTESIAN_POINT('',(-1.858,24.672,-0.121));
#3568=CARTESIAN_POINT('',(-2.74062992125984,0.078,-0.121000000000002));
#3569=CARTESIAN_POINT('',(-1.858,2.328,-0.121000000000002));
#3570=CARTESIAN_POINT('',(-2.194,13.5,-0.199));
#3571=CARTESIAN_POINT('',(-2.17431496062992,3.078,-0.199));
#3572=CARTESIAN_POINT('',(-2.08956496062992,3.078,-0.199));
#3573=CARTESIAN_POINT('',(-2.17431496062992,7.2468,-0.199));
#3574=CARTESIAN_POINT('',(-2.08956496062992,7.2468,-0.199));
#3575=CARTESIAN_POINT('',(-2.17431496062989,11.4156,-0.199));
#3576=CARTESIAN_POINT('',(-2.08956496062989,11.4156,-0.199));
#3577=CARTESIAN_POINT('',(-2.17431496062992,15.5844,-0.199));
#3578=CARTESIAN_POINT('',(-2.08956496062992,15.5844,-0.199));
#3579=CARTESIAN_POINT('',(-2.17431496062992,19.7532,-0.199));
#3580=CARTESIAN_POINT('',(-2.08956496062992,19.7532,-0.199));
#3581=CARTESIAN_POINT('',(-2.17431496062992,23.922,-0.199));
#3582=CARTESIAN_POINT('',(-2.08956496062992,23.922,-0.199));
#3583=CARTESIAN_POINT('',(-1.858,24.672,-0.199));
#3584=CARTESIAN_POINT('',(-1.858,2.328,-0.199));
#3585=CARTESIAN_POINT('',(-2.74062992125984,0.078,-0.199000000000002));
#3586=CARTESIAN_POINT('',(-2.17431496062992,23.922,0.628));
#3587=CARTESIAN_POINT('',(-2.17431496062992,19.7532,0.628));
#3588=CARTESIAN_POINT('',(-2.17431496062992,15.5844,0.628));
#3589=CARTESIAN_POINT('',(-2.17431496062989,11.4156,0.628));
#3590=CARTESIAN_POINT('',(-2.17431496062992,7.2468,0.628));
#3591=CARTESIAN_POINT('',(-2.17431496062992,3.078,0.628));
#3592=CARTESIAN_POINT('',(-1.858,24.672,-0.121));
#3593=CARTESIAN_POINT('',(-1.858,2.328,-0.121000000000002));
#3594=CARTESIAN_POINT('',(-2.74062992125984,2.078,-0.0816299212598445));
#3595=CARTESIAN_POINT('',(-2.78,2.078,-0.121000000000002));
#3596=CARTESIAN_POINT('',(-2.85119995464803,2.078,-0.121000000000002));
#3597=CARTESIAN_POINT('',(-2.78,2.078,-0.121000000000002));
#3598=CARTESIAN_POINT('',(-2.74062992125984,2.078,-0.0816299212598445));
#3599=CARTESIAN_POINT('',(-2.74062992125984,2.078,-0.0816299212598445));
#3600=CARTESIAN_POINT('',(-2.78,2.078,-0.0816299212598445));
#3601=CARTESIAN_POINT('',(-2.78,2.078,-0.121000000000002));
#3602=CARTESIAN_POINT('',(-2.74062992125984,24.922,-0.0816299212598425));
#3603=CARTESIAN_POINT('',(-2.74062992125984,24.922,-0.0816299212598425));
#3604=CARTESIAN_POINT('',(-2.85119995464803,24.922,-0.121));
#3605=CARTESIAN_POINT('',(-2.78,24.922,-0.121));
#3606=CARTESIAN_POINT('',(-2.78,24.922,-0.121));
#3607=CARTESIAN_POINT('',(-2.78,24.922,-0.121));
#3608=CARTESIAN_POINT('',(-2.78,24.922,-0.0816299212598425));
#3609=CARTESIAN_POINT('',(-2.74062992125984,24.922,-0.0816299212598425));
#3610=CARTESIAN_POINT('',(-2.74062992125984,13.5,-0.0816299212598439));
#3611=CARTESIAN_POINT('',(-2.74062992125984,2.078,-0.0816299212598445));
#3612=CARTESIAN_POINT('',(-2.858,2.078,-0.0816299212598445));
#3613=CARTESIAN_POINT('',(-2.858,0.078,-0.0816299212598447));
#3614=CARTESIAN_POINT('',(-2.858,24.922,-0.0816299212598425));
#3615=CARTESIAN_POINT('',(-2.74062992125984,24.922,-0.0816299212598425));
#3616=CARTESIAN_POINT('',(-2.74062992125984,13.5,-0.0816299212598439));
#3617=CARTESIAN_POINT('',(-2.78,0.078,-0.0816299212598447));
#3618=CARTESIAN_POINT('',(-2.78,0.078,0.510629921259843));
#3619=CARTESIAN_POINT('',(-2.78,0.078,0.510629921259843));
#3620=CARTESIAN_POINT('',(-2.78,0.078,0.510629921259843));
#3621=CARTESIAN_POINT('',(-2.78,0.117370078740157,0.510629921259843));
#3622=CARTESIAN_POINT('',(-2.78,0.117370078740157,0.510629921259843));
#3623=CARTESIAN_POINT('',(-2.858,0.117370078740157,0.510629921259843));
#3624=CARTESIAN_POINT('',(-2.858,0.078,0.510629921259843));
#3625=CARTESIAN_POINT('',(-2.858,0.078,0.510629921259843));
#3626=CARTESIAN_POINT('',(-2.78,0.078,0.510629921259843));
#3627=CARTESIAN_POINT('',(-2.78,24.922,-0.121));
#3628=CARTESIAN_POINT('',(-2.78,24.922,-0.121));
#3629=CARTESIAN_POINT('',(-2.858,24.922,-0.121));
#3630=CARTESIAN_POINT('',(-2.858,24.922,-0.121));
#3631=CARTESIAN_POINT('',(-2.78,2.078,-0.121000000000002));
#3632=CARTESIAN_POINT('',(-2.78,2.078,-0.121000000000002));
#3633=CARTESIAN_POINT('',(-2.858,2.078,-0.121000000000002));
#3634=CARTESIAN_POINT('',(-2.858,2.078,-0.121000000000002));
#3635=CARTESIAN_POINT('',(-2.78,0.078,-0.0390000000000015));
#3636=CARTESIAN_POINT('',(-2.858,0.078,-0.0390000000000015));
#3637=CARTESIAN_POINT('',(-2.858,0.078,-0.121000000000002));
#3638=CARTESIAN_POINT('',(-2.78,0.078,-0.121000000000002));
#3639=CARTESIAN_POINT('',(-2.78,0.078,-0.121000000000002));
#3640=CARTESIAN_POINT('',(-2.78,0.078,-0.0390000000000015));
#3641=CARTESIAN_POINT('',(-2.78,0.078,-0.121000000000002));
#3642=CARTESIAN_POINT('',(-2.858,0.078,-0.121000000000002));
#3643=CARTESIAN_POINT('',(-2.78,0.078,-0.121000000000002));
#3644=CARTESIAN_POINT('',(-2.78,0.078,-0.121000000000002));
#3645=CARTESIAN_POINT('',(-2.858,0.078,-0.121000000000002));
#3646=CARTESIAN_POINT('',(-2.858,26.922,-0.121));
#3647=CARTESIAN_POINT('',(-2.78,26.922,-0.121));
#3648=CARTESIAN_POINT('',(-2.78,26.922,-0.121));
#3649=CARTESIAN_POINT('',(-2.78,0.078,-0.121000000000002));
#3650=CARTESIAN_POINT('',(-2.78,26.922,-0.039));
#3651=CARTESIAN_POINT('',(-2.858,26.922,-0.039));
#3652=CARTESIAN_POINT('',(-2.858,26.922,0.510629921259843));
#3653=CARTESIAN_POINT('',(-2.78,26.922,0.510629921259843));
#3654=CARTESIAN_POINT('',(-2.78,26.922,0.510629921259843));
#3655=CARTESIAN_POINT('',(-2.78,26.922,-0.039));
#3656=CARTESIAN_POINT('',(-2.78,0.078,0.510629921259843));
#3657=CARTESIAN_POINT('',(-2.78,26.8826299212598,0.510629921259843));
#3658=CARTESIAN_POINT('',(-2.78,26.8826299212598,0.510629921259843));
#3659=CARTESIAN_POINT('',(-2.858,26.8826299212598,0.510629921259843));
#3660=CARTESIAN_POINT('',(-2.78,0.078,0.510629921259843));
#3661=CARTESIAN_POINT('',(-2.858,0.078,0.510629921259843));
#3662=CARTESIAN_POINT('',(-2.78,0.078,-0.0390000000000015));
#3663=CARTESIAN_POINT('',(-2.78,13.5,0.510629921259843));
#3664=CARTESIAN_POINT('',(-2.858,0.078,-0.0390000000000015));
#3665=CARTESIAN_POINT('',(-2.858,13.5,0.510629921259843));
#3666=CARTESIAN_POINT('',(-2.74062992125984,26.8826299212598,0.510629921259843));
#3667=CARTESIAN_POINT('',(-2.74062992125984,26.8826299212598,0.510629921259843));
#3668=CARTESIAN_POINT('',(-2.74062992125984,26.8826299212598,0.510629921259843));
#3669=CARTESIAN_POINT('',(-2.74062992125984,0.117370078740157,0.510629921259843));
#3670=CARTESIAN_POINT('',(-2.74062992125984,0.117370078740157,0.510629921259843));
#3671=CARTESIAN_POINT('',(-2.74062992125984,0.117370078740157,0.510629921259843));
#3672=CARTESIAN_POINT('',(-2.74062992125984,13.5,0.510629921259843));
#3673=CARTESIAN_POINT('',(-2.74062992125984,13.5,0.510629921259843));
#3674=MECHANICAL_DESIGN_GEOMETRIC_PRESENTATION_REPRESENTATION('',(#2173),#3675);
#3675=(
GEOMETRIC_REPRESENTATION_CONTEXT(3)
GLOBAL_UNCERTAINTY_ASSIGNED_CONTEXT((#3676))
GLOBAL_UNIT_ASSIGNED_CONTEXT((#3679,#3678,#3677))
REPRESENTATION_CONTEXT('Support bracket','TOP_LEVEL_ASSEMBLY_PART')
);
#3676=UNCERTAINTY_MEASURE_WITH_UNIT(LENGTH_MEASURE(3.93700787401575E-07),#3679,'DISTANCE_ACCURACY_VALUE','Maximum Tolerance applied to model');
#3677=(
NAMED_UNIT(*)
SI_UNIT($,.STERADIAN.)
SOLID_ANGLE_UNIT()
);
#3678=(
NAMED_UNIT(*)
PLANE_ANGLE_UNIT()
SI_UNIT($,.RADIAN.)
);
#3679=(
CONVERSION_BASED_UNIT('INCH',#3681)
LENGTH_UNIT()
NAMED_UNIT(#3680)
);
#3680=DIMENSIONAL_EXPONENTS(1.,0.,0.,0.,0.,0.,0.);
#3681=LENGTH_MEASURE_WITH_UNIT(LENGTH_MEASURE(25.4),#3682);
#3682=(
LENGTH_UNIT()
NAMED_UNIT(*)
SI_UNIT(.MILLI.,.METRE.)
);
#3683=PRODUCT_DEFINITION_SHAPE('','',#3684);
#3684=PRODUCT_DEFINITION('','',#3686,#3685);
#3685=PRODUCT_DEFINITION_CONTEXT('',#3692,'design');
#3686=PRODUCT_DEFINITION_FORMATION_WITH_SPECIFIED_SOURCE('','',#3688,.NOT_KNOWN.);
#3687=PRODUCT_RELATED_PRODUCT_CATEGORY('','',(#3688));
#3688=PRODUCT('Support bracket','Support bracket','Support bracket',(#3690));
#3689=PRODUCT_CATEGORY('','');
#3690=PRODUCT_CONTEXT('',#3692,'mechanical');
#3691=APPLICATION_PROTOCOL_DEFINITION('international standard','ap242_managed_model_based_3d_engineering',2020,#3692);
#3692=APPLICATION_CONTEXT('managed model based 3d engineering');
#3693=COMPOSITE_SHAPE_ASPECT('hole_callout.F97zdpaW7RBtY5j_7.RAID.5',$,#3683,$);
#3694=SHAPE_ASPECT('hole_callout.F97zdpaW7RBtY5j_7.RAID.5',$,#3683,.T.);
#3695=GEOMETRIC_ITEM_SPECIFIC_USAGE('','',#3694,#11,#2063);
#3696=SHAPE_ASPECT_RELATIONSHIP('','',#3693,#3694);
#3697=SHAPE_ASPECT('hole_callout.F97zdpaW7RBtY5j_7.RAID.5',$,#3683,.T.);
#3698=GEOMETRIC_ITEM_SPECIFIC_USAGE('','',#3697,#11,#2074);
#3699=SHAPE_ASPECT_RELATIONSHIP('','',#3693,#3697);
#3700=SHAPE_ASPECT('hole_callout.F97zdpaW7RBtY5j_7.RAID.5',$,#3683,.T.);
#3701=GEOMETRIC_ITEM_SPECIFIC_USAGE('','',#3700,#11,#2054);
#3702=SHAPE_ASPECT_RELATIONSHIP('','',#3693,#3700);
#3703=SHAPE_ASPECT('hole_callout.F97zdpaW7RBtY5j_7.RAID.5',$,#3683,.T.);
#3704=GEOMETRIC_ITEM_SPECIFIC_USAGE('','',#3703,#11,#2060);
#3705=SHAPE_ASPECT_RELATIONSHIP('','',#3693,#3703);
#3706=SHAPE_ASPECT('hole_callout.F97zdpaW7RBtY5j_7.RAID.5',$,#3683,.T.);
#3707=GEOMETRIC_ITEM_SPECIFIC_USAGE('','',#3706,#11,#2058);
#3708=SHAPE_ASPECT_RELATIONSHIP('','',#3693,#3706);
#3709=DIMENSIONAL_SIZE(#3693,'diameter');
#3711=(
LENGTH_UNIT()
NAMED_UNIT(*)
SI_UNIT($,.METRE.)
);
#3712=LENGTH_MEASURE_WITH_UNIT(LENGTH_MEASURE(39.3700787401575),#3711);
#3710=(
CONVERSION_BASED_UNIT('INCH',#3712)
LENGTH_UNIT()
NAMED_UNIT($)
);
#3714=PRECISION_QUALIFIER(3);
#3713=(
LENGTH_MEASURE_WITH_UNIT()
MEASURE_REPRESENTATION_ITEM()
MEASURE_WITH_UNIT(POSITIVE_LENGTH_MEASURE(0.875),#3710)
QUALIFIED_REPRESENTATION_ITEM((#3714))
REPRESENTATION_ITEM('nominal value')
);
#3715=COMPOUND_REPRESENTATION_ITEM('modifiers',SET_REPRESENTATION_ITEM((#3716)));
#3716=DESCRIPTIVE_REPRESENTATION_ITEM('dimensional note','diameter');
#3717=SHAPE_DIMENSION_REPRESENTATION('',(#3713,#3715),#3675);
#3718=DIMENSIONAL_CHARACTERISTIC_REPRESENTATION(#3709,#3717);
#3719=PRESENTATION_STYLE_ASSIGNMENT((NULL_STYLE(.NULL.)));
#3720=CARTESIAN_POINT('',(0.00558800000000001,0.1143,0.0159512));
#3721=DIRECTION('',(0.,-6.12323399573677E-17,1.));
#3722=DIRECTION('',(1.,0.,0.));
#3723=AXIS2_PLACEMENT_3D('',#3720,#3721,#3722);
#3724=PLANE('',#3723);
#3725=ANNOTATION_PLANE('',(#3719),#3724,(#3752));
#3726=CARTESIAN_POINT('',(0.,0.,0.));
#3727=DIRECTION('',(0.,0.,1.));
#3728=DIRECTION('',(1.,0.,0.));
#3729=AXIS2_PLACEMENT_3D('',#3726,#3727,#3728);
#3730=CARTESIAN_POINT('',(0.,0.,0.));
#3731=DIRECTION('',(0.,0.,1.));
#3732=DIRECTION('',(1.,0.,0.));
#3733=AXIS2_PLACEMENT_3D('',#3730,#3731,#3732);
#3734=SHAPE_REPRESENTATION('',(#3733,#2181),#3675);
#3735=REPRESENTATION_MAP(#3729,#3734);
#3736=MAPPED_ITEM('',#3735,#3729);
#3737=PRESENTATION_STYLE_ASSIGNMENT((NULL_STYLE(.NULL.)));
#3738=STYLED_ITEM('',(#3737),#3736);
#3739=DRAUGHTING_MODEL('',(#3725,#3729,#3736,#3738,#3865,#3869,#3876,#3878,#3943,#3947,#3954,#3956),#3675);
#3740=DRAUGHTING_PRE_DEFINED_CURVE_FONT('continuous');
#3741=COLOUR_RGB('',0.,0.,0.);
#3742=CURVE_STYLE('',#3740,POSITIVE_LENGTH_MEASURE(0.02),#3741);
#3743=PRESENTATION_STYLE_ASSIGNMENT((#3742));
#3744=COORDINATES_LIST('coordinates',2604,((0.5293592,4.8093592,0.6280000),(0.5850369,4.9207146,0.6280000),(0.6407146,4.8650369,0.6280000),(2.0865846,6.2275180,0.6280000),(2.0904056,6.2259164,0.6280000),(2.0942643,6.2245284,0.6280000),(2.0865846,6.2275180,0.6280000),(2.0942643,6.2245284,0.6280000),(2.0981608,6.2233539,0.6280000),(2.0865846,6.2275180,0.6280000),(2.0981608,6.2233539,0.6280000),(2.1020950,6.2223930,0.6280000),(2.0865846,6.2275180,0.6280000),(2.1020950,6.2223930,0.6280000),(2.1060670,6.2216456,0.6280000),(2.0865846,6.2275180,0.6280000),(2.1060670,6.2216456,0.6280000),(2.1100768,6.2211118,0.6280000),(2.0865846,6.2275180,0.6280000),(2.1100768,6.2211118,0.6280000),(2.1141243,6.2207914,0.6280000),(2.0865846,6.2275180,0.6280000),(2.1141243,6.2207914,0.6280000),(2.1182096,6.2206847,0.6280000),(2.0865846,6.2275180,0.6280000),(2.1182096,6.2206847,0.6280000),(2.1235553,6.2208546,0.6280000),(2.0865846,6.2275180,0.6280000),(2.1235553,6.2208546,0.6280000),(2.1288008,6.2213644,0.6280000),(2.0865846,6.2275180,0.6280000),(2.1288008,6.2213644,0.6280000),(2.1339459,6.2222140,0.6280000),(2.0865846,6.2275180,0.6280000),(2.1339459,6.2222140,0.6280000),(2.1389909,6.2234034,0.6280000),(2.0865846,6.2275180,0.6280000),(2.1389909,6.2234034,0.6280000),(2.1439355,6.2249327,0.6280000),(2.0865846,6.2275180,0.6280000),(2.1439355,6.2249327,0.6280000),(2.1487799,6.2268019,0.6280000),(2.0865846,6.2275180,0.6280000),(2.1487799,6.2268019,0.6280000),(2.1535241,6.2290108,0.6280000),(2.0865846,6.2275180,0.6280000),(2.1535241,6.2290108,0.6280000),(2.1581679,6.2315597,0.6280000),(2.0865846,6.2275180,0.6280000),(2.1581679,6.2315597,0.6280000),(2.1626393,6.2344099,0.6280000),(2.0865846,6.2275180,0.6280000),(2.1626393,6.2344099,0.6280000),(2.1668659,6.2375024,0.6280000),(2.0865846,6.2275180,0.6280000),(2.1668659,6.2375024,0.6280000),(2.1708476,6.2408370,0.6280000),(2.0865846,6.2275180,0.6280000),(2.1708476,6.2408370,0.6280000),(2.1745846,6.2444138,0.6280000),(2.0865846,6.2275180,0.6280000),(2.1745846,6.2444138,0.6280000),(2.1780768,6.2482329,0.6280000),(2.1780768,6.2482329,0.6280000),(2.1813242,6.2522941,0.6280000),(2.1843268,6.2565974,0.6280000),(2.1780768,6.2482329,0.6280000),(2.1843268,6.2565974,0.6280000),(2.1870846,6.2611430,0.6280000),(2.1780768,6.2482329,0.6280000),(2.1870846,6.2611430,0.6280000),(2.1895651,6.2658585,0.6280000),(2.1780768,6.2482329,0.6280000),(2.1895651,6.2658585,0.6280000),(2.1917148,6.2706717,0.6280000),(2.1780768,6.2482329,0.6280000),(2.1917148,6.2706717,0.6280000),(2.1935338,6.2755825,0.6280000),(2.1780768,6.2482329,0.6280000),(2.1935338,6.2755825,0.6280000),(2.1950221,6.2805909,0.6280000),(2.1780768,6.2482329,0.6280000),(2.1950221,6.2805909,0.6280000),(2.1961797,6.2856970,0.6280000),(2.1780768,6.2482329,0.6280000),(2.1961797,6.2856970,0.6280000),(2.1970065,6.2909008,0.6280000),(2.1780768,6.2482329,0.6280000),(2.1970065,6.2909008,0.6280000),(2.1975026,6.2962023,0.6280000),(2.1780768,6.2482329,0.6280000),(2.1975026,6.2962023,0.6280000),(2.1976679,6.3016013,0.6280000),(2.1780768,6.2482329,0.6280000),(2.1976679,6.3016013,0.6280000),(2.1975026,6.3067836,0.6280000),(2.1780768,6.2482329,0.6280000),(2.1975026,6.3067836,0.6280000),(2.1970065,6.3119347,0.6280000),(2.1780768,6.2482329,0.6280000),(2.1970065,6.3119347,0.6280000),(2.1961797,6.3170545,0.6280000),(2.1780768,6.2482329,0.6280000),(2.1961797,6.3170545,0.6280000),(2.1950221,6.3221430,0.6280000),(2.1780768,6.2482329,0.6280000),(2.1950221,6.3221430,0.6280000),(2.1935338,6.3272003,0.6280000),(2.1780768,6.2482329,0.6280000),(2.1935338,6.3272003,0.6280000),(2.1917148,6.3322263,0.6280000),(2.1917148,6.3322263,0.6280000),(2.1762903,6.3266560,0.6280000),(2.1777298,6.3228025,0.6280000),(2.1917148,6.3322263,0.6280000),(2.1777298,6.3228025,0.6280000),(2.1789075,6.3188201,0.6280000),(2.1917148,6.3322263,0.6280000),(2.1789075,6.3188201,0.6280000),(2.1798235,6.3147088,0.6280000),(2.1917148,6.3322263,0.6280000),(2.1798235,6.3147088,0.6280000),(2.1804778,6.3104685,0.6280000),(2.1917148,6.3322263,0.6280000),(2.1804778,6.3104685,0.6280000),(2.1808704,6.3060994,0.6280000),(2.1917148,6.3322263,0.6280000),(2.1808704,6.3060994,0.6280000),(2.1810013,6.3016013,0.6280000),(2.1917148,6.3322263,0.6280000),(2.1810013,6.3016013,0.6280000),(2.1808691,6.2972693,0.6280000),(2.1780768,6.2482329,0.6280000),(2.1917148,6.3322263,0.6280000),(2.1808691,6.2972693,0.6280000),(2.1780768,6.2482329,0.6280000),(2.1808691,6.2972693,0.6280000),(2.1804726,6.2930232,0.6280000),(2.1780768,6.2482329,0.6280000),(2.1804726,6.2930232,0.6280000),(2.1798118,6.2888631,0.6280000),(2.1780768,6.2482329,0.6280000),(2.1798118,6.2888631,0.6280000),(2.1788867,6.2847888,0.6280000),(2.1780768,6.2482329,0.6280000),(2.1788867,6.2847888,0.6280000),(2.1776972,6.2808006,0.6280000),(2.1780768,6.2482329,0.6280000),(2.1776972,6.2808006,0.6280000),(2.1762435,6.2768982,0.6280000),(2.1780768,6.2482329,0.6280000),(2.1762435,6.2768982,0.6280000),(2.1745254,6.2730818,0.6280000),(2.1780768,6.2482329,0.6280000),(2.1745254,6.2730818,0.6280000),(2.1725429,6.2693513,0.6280000),(2.1780768,6.2482329,0.6280000),(2.1725429,6.2693513,0.6280000),(2.1703444,6.2657602,0.6280000),(2.1780768,6.2482329,0.6280000),(2.1703444,6.2657602,0.6280000),(2.1679570,6.2623618,0.6280000),(2.1780768,6.2482329,0.6280000),(2.1679570,6.2623618,0.6280000),(2.1653808,6.2591560,0.6280000),(2.1780768,6.2482329,0.6280000),(2.1653808,6.2591560,0.6280000),(2.1626159,6.2561430,0.6280000),(2.1780768,6.2482329,0.6280000),(2.1626159,6.2561430,0.6280000),(2.1596621,6.2533227,0.6280000),(2.1780768,6.2482329,0.6280000),(2.1596621,6.2533227,0.6280000),(2.1565195,6.2506951,0.6280000),(2.1780768,6.2482329,0.6280000),(2.1565195,6.2506951,0.6280000),(2.1531881,6.2482602,0.6280000),(2.1780768,6.2482329,0.6280000),(2.1531881,6.2482602,0.6280000),(2.1496679,6.2460180,0.6280000),(2.1780768,6.2482329,0.6280000),(2.1496679,6.2460180,0.6280000),(2.1460228,6.2440063,0.6280000),(2.1780768,6.2482329,0.6280000),(2.1460228,6.2440063,0.6280000),(2.1422955,6.2422628,0.6280000),(2.1780768,6.2482329,0.6280000),(2.1422955,6.2422628,0.6280000),(2.1384863,6.2407875,0.6280000),(2.1780768,6.2482329,0.6280000),(2.1384863,6.2407875,0.6280000),(2.1345950,6.2395805,0.6280000),(2.0865846,6.2275180,0.6280000),(2.1780768,6.2482329,0.6280000),(2.1345950,6.2395805,0.6280000),(2.0865846,6.2275180,0.6280000),(2.1345950,6.2395805,0.6280000),(2.1306217,6.2386417,0.6280000),(2.0865846,6.2275180,0.6280000),(2.1306217,6.2386417,0.6280000),(2.1265664,6.2379711,0.6280000),(2.0865846,6.2275180,0.6280000),(2.1265664,6.2379711,0.6280000),(2.1224290,6.2375688,0.6280000),(2.0865846,6.2275180,0.6280000),(2.1224290,6.2375688,0.6280000),(2.1182096,6.2374347,0.6280000),(2.0865846,6.2275180,0.6280000),(2.1182096,6.2374347,0.6280000),(2.1121627,6.2377133,0.6280000),(2.0865846,6.2275180,0.6280000),(2.1121627,6.2377133,0.6280000),(2.1062721,6.2385493,0.6280000),(2.0865846,6.2275180,0.6280000),(2.1062721,6.2385493,0.6280000),(2.1005377,6.2399425,0.6280000),(2.0865846,6.2275180,0.6280000),(2.1005377,6.2399425,0.6280000),(2.0949596,6.2418930,0.6280000),(2.0865846,6.2275180,0.6280000),(2.0949596,6.2418930,0.6280000),(2.1578346,6.3514763,0.6280000),(2.0645013,6.1891430,0.6280000),(2.0865846,6.2275180,0.6280000),(2.1578346,6.3514763,0.6280000),(2.1745892,6.3303806,0.6280000),(2.1762903,6.3266560,0.6280000),(2.1917148,6.3322263,0.6280000),(2.1726263,6.3339763,0.6280000),(2.1745892,6.3303806,0.6280000),(2.1917148,6.3322263,0.6280000),(2.1699518,6.3380701,0.6280000),(2.1726263,6.3339763,0.6280000),(2.1917148,6.3322263,0.6280000),(2.1665950,6.3423513,0.6280000),(2.1699518,6.3380701,0.6280000),(2.1917148,6.3322263,0.6280000),(2.1646608,6.3445623,0.6280000),(2.1665950,6.3423513,0.6280000),(2.1917148,6.3322263,0.6280000),(2.1625560,6.3468201,0.6280000),(2.1646608,6.3445623,0.6280000),(2.1917148,6.3322263,0.6280000),(2.1602806,6.3491248,0.6280000),(2.1625560,6.3468201,0.6280000),(2.1917148,6.3322263,0.6280000),(2.1578346,6.3514763,0.6280000),(2.1602806,6.3491248,0.6280000),(2.1917148,6.3322263,0.6280000),(2.1578346,6.3514763,0.6280000),(2.1917148,6.3322263,0.6280000),(2.1895651,6.3372211,0.6280000),(2.1578346,6.3514763,0.6280000),(2.1895651,6.3372211,0.6280000),(2.1870846,6.3421847,0.6280000),(2.1578346,6.3514763,0.6280000),(2.1870846,6.3421847,0.6280000),(2.1851087,6.3455987,0.6280000),(2.1578346,6.3514763,0.6280000),(2.1851087,6.3455987,0.6280000),(2.1829518,6.3488826,0.6280000),(2.1578346,6.3514763,0.6280000),(2.1829518,6.3488826,0.6280000),(2.1806139,6.3520362,0.6280000),(2.1578346,6.3514763,0.6280000),(2.1806139,6.3520362,0.6280000),(2.1780950,6.3550597,0.6280000),(2.1578346,6.3514763,0.6280000),(2.1780950,6.3550597,0.6280000),(2.1753952,6.3579529,0.6280000),(2.1578346,6.3514763,0.6280000),(2.1753952,6.3579529,0.6280000),(2.1725143,6.3607159,0.6280000),(2.1578346,6.3514763,0.6280000),(2.1725143,6.3607159,0.6280000),(2.1694524,6.3633487,0.6280000),(2.1578346,6.3514763,0.6280000),(2.1694524,6.3633487,0.6280000),(2.1662096,6.3658513,0.6280000),(2.1578346,6.3514763,0.6280000),(2.1662096,6.3658513,0.6280000),(2.1875429,6.4033513,0.6280000),(2.0645013,6.1891430,0.6280000),(2.1578346,6.3514763,0.6280000),(2.1875429,6.4033513,0.6280000),(2.0645013,6.1891430,0.6280000),(2.1875429,6.4033513,0.6280000),(2.1886679,6.4074347,0.6280000),(2.0645013,6.1891430,0.6280000),(2.1886679,6.4074347,0.6280000),(2.1883763,6.4098097,0.6280000),(2.0645013,6.1891430,0.6280000),(2.1883763,6.4098097,0.6280000),(2.1868554,6.4127680,0.6280000),(2.0645013,6.1891430,0.6280000),(2.1868554,6.4127680,0.6280000),(2.1842929,6.4148930,0.6280000),(2.0645013,6.1891430,0.6280000),(2.1842929,6.4148930,0.6280000),(2.1802513,6.4161013,0.6280000),(2.0645013,6.1891430,0.6280000),(2.1802513,6.4161013,0.6280000),(2.1778763,6.4158097,0.6280000),(2.0645013,6.1891430,0.6280000),(2.1778763,6.4158097,0.6280000),(2.1748971,6.4142888,0.6280000),(2.0645013,6.1891430,0.6280000),(2.1748971,6.4142888,0.6280000),(2.1727096,6.4117263,0.6280000),(2.0645013,6.1891430,0.6280000),(2.1727096,6.4117263,0.6280000),(2.1516263,6.3751847,0.6280000),(2.1516263,6.3751847,0.6280000),(2.1476653,6.3769327,0.6280000),(2.1435742,6.3784477,0.6280000),(2.1516263,6.3751847,0.6280000),(2.1435742,6.3784477,0.6280000),(2.1393528,6.3797296,0.6280000),(2.1516263,6.3751847,0.6280000),(2.1393528,6.3797296,0.6280000),(2.1350013,6.3807784,0.6280000),(2.1516263,6.3751847,0.6280000),(2.1350013,6.3807784,0.6280000),(2.1305195,6.3815942,0.6280000),(2.1516263,6.3751847,0.6280000),(2.1305195,6.3815942,0.6280000),(2.1259075,6.3821769,0.6280000),(2.1516263,6.3751847,0.6280000),(2.1259075,6.3821769,0.6280000),(2.1211653,6.3825265,0.6280000),(2.1516263,6.3751847,0.6280000),(2.1211653,6.3825265,0.6280000),(2.1162929,6.3826430,0.6280000),(2.1516263,6.3751847,0.6280000),(2.1162929,6.3826430,0.6280000),(2.1113873,6.3824724,0.6280000),(2.1516263,6.3751847,0.6280000),(2.1113873,6.3824724,0.6280000),(2.1065247,6.3819607,0.6280000),(2.1516263,6.3751847,0.6280000),(2.1065247,6.3819607,0.6280000),(2.1017051,6.3811079,0.6280000),(2.1516263,6.3751847,0.6280000),(2.1017051,6.3811079,0.6280000),(2.0969284,6.3799138,0.6280000),(2.1516263,6.3751847,0.6280000),(2.0969284,6.3799138,0.6280000),(2.0921946,6.3783787,0.6280000),(2.1516263,6.3751847,0.6280000),(2.0921946,6.3783787,0.6280000),(2.0875039,6.3765024,0.6280000),(2.1516263,6.3751847,0.6280000),(2.0875039,6.3765024,0.6280000),(2.0828561,6.3742849,0.6280000),(2.1516263,6.3751847,0.6280000),(2.0828561,6.3742849,0.6280000),(2.0782513,6.3717263,0.6280000),(2.1516263,6.3751847,0.6280000),(2.0782513,6.3717263,0.6280000),(2.0737982,6.3688852,0.6280000),(2.1516263,6.3751847,0.6280000),(2.0737982,6.3688852,0.6280000),(2.0695846,6.3657993,0.6280000),(2.1516263,6.3751847,0.6280000),(2.0695846,6.3657993,0.6280000),(2.0656107,6.3624685,0.6280000),(2.1516263,6.3751847,0.6280000),(2.0656107,6.3624685,0.6280000),(2.0618763,6.3588930,0.6280000),(2.1516263,6.3751847,0.6280000),(2.0618763,6.3588930,0.6280000),(2.0583815,6.3550727,0.6280000),(2.0583815,6.3550727,0.6280000),(2.0551263,6.3510076,0.6280000),(2.0521107,6.3466977,0.6280000),(2.0583815,6.3550727,0.6280000),(2.0521107,6.3466977,0.6280000),(2.0493346,6.3421430,0.6280000),(2.0583815,6.3550727,0.6280000),(2.0493346,6.3421430,0.6280000),(2.0468444,6.3374262,0.6280000),(2.0583815,6.3550727,0.6280000),(2.0468444,6.3374262,0.6280000),(2.0446862,6.3326092,0.6280000),(2.0583815,6.3550727,0.6280000),(2.0446862,6.3326092,0.6280000),(2.0428600,6.3276918,0.6280000),(2.0583815,6.3550727,0.6280000),(2.0428600,6.3276918,0.6280000),(2.0413659,6.3226743,0.6280000),(2.0583815,6.3550727,0.6280000),(2.0413659,6.3226743,0.6280000),(2.0402038,6.3175564,0.6280000),(2.0583815,6.3550727,0.6280000),(2.0402038,6.3175564,0.6280000),(2.0393737,6.3123383,0.6280000),(2.0583815,6.3550727,0.6280000),(2.0393737,6.3123383,0.6280000),(2.0388756,6.3070200,0.6280000),(2.0583815,6.3550727,0.6280000),(2.0388756,6.3070200,0.6280000),(2.0387096,6.3016013,0.6280000),(2.0583815,6.3550727,0.6280000),(2.0387096,6.3016013,0.6280000),(2.0388750,6.2961658,0.6280000),(2.0583815,6.3550727,0.6280000),(2.0388750,6.2961658,0.6280000),(2.0393711,6.2908383,0.6280000),(2.0583815,6.3550727,0.6280000),(2.0393711,6.2908383,0.6280000),(2.0401979,6.2856189,0.6280000),(2.0583815,6.3550727,0.6280000),(2.0401979,6.2856189,0.6280000),(2.0413554,6.2805076,0.6280000),(2.0583815,6.3550727,0.6280000),(2.0413554,6.2805076,0.6280000),(2.0428437,6.2755043,0.6280000),(2.0583815,6.3550727,0.6280000),(2.0428437,6.2755043,0.6280000),(2.0446627,6.2706092,0.6280000),(2.0583815,6.3550727,0.6280000),(2.0446627,6.2706092,0.6280000),(2.0468125,6.2658220,0.6280000),(2.0583815,6.3550727,0.6280000),(2.0468125,6.2658220,0.6280000),(2.0492929,6.2611430,0.6280000),(2.0492929,6.2611430,0.6280000),(2.0637929,6.2693513,0.6280000),(2.0618496,6.2730812,0.6280000),(2.0492929,6.2611430,0.6280000),(2.0618496,6.2730812,0.6280000),(2.0601653,6.2768956,0.6280000),(2.0492929,6.2611430,0.6280000),(2.0601653,6.2768956,0.6280000),(2.0587402,6.2807947,0.6280000),(2.0492929,6.2611430,0.6280000),(2.0587402,6.2807947,0.6280000),(2.0575742,6.2847784,0.6280000),(2.0492929,6.2611430,0.6280000),(2.0575742,6.2847784,0.6280000),(2.0566673,6.2888468,0.6280000),(2.0492929,6.2611430,0.6280000),(2.0566673,6.2888468,0.6280000),(2.0560195,6.2929998,0.6280000),(2.0492929,6.2611430,0.6280000),(2.0560195,6.2929998,0.6280000),(2.0556308,6.2972374,0.6280000),(2.0492929,6.2611430,0.6280000),(2.0556308,6.2972374,0.6280000),(2.0555013,6.3015597,0.6280000),(2.0492929,6.2611430,0.6280000),(2.0555013,6.3015597,0.6280000),(2.0556328,6.3058832,0.6280000),(2.0583815,6.3550727,0.6280000),(2.0492929,6.2611430,0.6280000),(2.0556328,6.3058832,0.6280000),(2.0583815,6.3550727,0.6280000),(2.0556328,6.3058832,0.6280000),(2.0560273,6.3101248,0.6280000),(2.0583815,6.3550727,0.6280000),(2.0560273,6.3101248,0.6280000),(2.0566849,6.3142843,0.6280000),(2.0583815,6.3550727,0.6280000),(2.0566849,6.3142843,0.6280000),(2.0576054,6.3183618,0.6280000),(2.0583815,6.3550727,0.6280000),(2.0576054,6.3183618,0.6280000),(2.0587890,6.3223572,0.6280000),(2.0583815,6.3550727,0.6280000),(2.0587890,6.3223572,0.6280000),(2.0602357,6.3262706,0.6280000),(2.0583815,6.3550727,0.6280000),(2.0602357,6.3262706,0.6280000),(2.0619453,6.3301020,0.6280000),(2.0583815,6.3550727,0.6280000),(2.0619453,6.3301020,0.6280000),(2.0639179,6.3338513,0.6280000),(2.0583815,6.3550727,0.6280000),(2.0639179,6.3338513,0.6280000),(2.0661165,6.3374711,0.6280000),(2.0583815,6.3550727,0.6280000),(2.0661165,6.3374711,0.6280000),(2.0685039,6.3408930,0.6280000),(2.0583815,6.3550727,0.6280000),(2.0685039,6.3408930,0.6280000),(2.0710801,6.3441170,0.6280000),(2.0583815,6.3550727,0.6280000),(2.0710801,6.3441170,0.6280000),(2.0738450,6.3471430,0.6280000),(2.0583815,6.3550727,0.6280000),(2.0738450,6.3471430,0.6280000),(2.0767988,6.3499711,0.6280000),(2.0583815,6.3550727,0.6280000),(2.0767988,6.3499711,0.6280000),(2.0799414,6.3526013,0.6280000),(2.0583815,6.3550727,0.6280000),(2.0799414,6.3526013,0.6280000),(2.0832728,6.3550336,0.6280000),(2.0583815,6.3550727,0.6280000),(2.0832728,6.3550336,0.6280000),(2.0867929,6.3572680,0.6280000),(2.0583815,6.3550727,0.6280000),(2.0867929,6.3572680,0.6280000),(2.0904179,6.3592797,0.6280000),(2.0583815,6.3550727,0.6280000),(2.0904179,6.3592797,0.6280000),(2.0940638,6.3610232,0.6280000),(2.0583815,6.3550727,0.6280000),(2.0940638,6.3610232,0.6280000),(2.0977304,6.3624985,0.6280000),(2.0583815,6.3550727,0.6280000),(2.0977304,6.3624985,0.6280000),(2.1014179,6.3637055,0.6280000),(2.0583815,6.3550727,0.6280000),(2.1014179,6.3637055,0.6280000),(2.1051263,6.3646443,0.6280000),(2.1516263,6.3751847,0.6280000),(2.0583815,6.3550727,0.6280000),(2.1051263,6.3646443,0.6280000),(2.1516263,6.3751847,0.6280000),(2.1051263,6.3646443,0.6280000),(2.1088554,6.3653149,0.6280000),(2.1516263,6.3751847,0.6280000),(2.1088554,6.3653149,0.6280000),(2.1126054,6.3657172,0.6280000),(2.1516263,6.3751847,0.6280000),(2.1126054,6.3657172,0.6280000),(2.1163763,6.3658513,0.6280000),(2.1516263,6.3751847,0.6280000),(2.1163763,6.3658513,0.6280000),(2.1166263,6.3658513,0.6280000),(2.1516263,6.3751847,0.6280000),(2.1166263,6.3658513,0.6280000),(2.1203157,6.3657693,0.6280000),(2.1516263,6.3751847,0.6280000),(2.1203157,6.3657693,0.6280000),(2.1239049,6.3655232,0.6280000),(2.1516263,6.3751847,0.6280000),(2.1239049,6.3655232,0.6280000),(2.1273939,6.3651131,0.6280000),(2.1516263,6.3751847,0.6280000),(2.1273939,6.3651131,0.6280000),(2.1307825,6.3645388,0.6280000),(2.1516263,6.3751847,0.6280000),(2.1307825,6.3645388,0.6280000),(2.1340709,6.3638006,0.6280000),(2.1516263,6.3751847,0.6280000),(2.1340709,6.3638006,0.6280000),(2.1372591,6.3628982,0.6280000),(2.1516263,6.3751847,0.6280000),(2.1372591,6.3628982,0.6280000),(2.1403470,6.3618318,0.6280000),(2.1516263,6.3751847,0.6280000),(2.1403470,6.3618318,0.6280000),(2.1433346,6.3606013,0.6280000),(2.0645013,6.1891430,0.6280000),(2.1516263,6.3751847,0.6280000),(2.1433346,6.3606013,0.6280000),(2.0645013,6.1891430,0.6280000),(2.1433346,6.3606013,0.6280000),(2.0801679,6.2505597,0.6280000),(2.0645013,6.1891430,0.6280000),(2.0801679,6.2505597,0.6280000),(2.0754258,6.2546092,0.6280000),(2.0654616,6.2666241,0.6280000),(2.0637929,6.2693513,0.6280000),(2.0492929,6.2611430,0.6280000),(2.0672383,6.2640050,0.6280000),(2.0654616,6.2666241,0.6280000),(2.0492929,6.2611430,0.6280000),(2.0711159,6.2590909,0.6280000),(2.0672383,6.2640050,0.6280000),(2.0492929,6.2611430,0.6280000),(2.0754258,6.2546092,0.6280000),(2.0711159,6.2590909,0.6280000),(2.0492929,6.2611430,0.6280000),(2.0754258,6.2546092,0.6280000),(2.0492929,6.2611430,0.6280000),(2.0515742,6.2574008,0.6280000),(2.0754258,6.2546092,0.6280000),(2.0515742,6.2574008,0.6280000),(2.0540013,6.2538201,0.6280000),(2.0754258,6.2546092,0.6280000),(2.0540013,6.2538201,0.6280000),(2.0565742,6.2504008,0.6280000),(2.0754258,6.2546092,0.6280000),(2.0565742,6.2504008,0.6280000),(2.0592929,6.2471430,0.6280000),(2.0754258,6.2546092,0.6280000),(2.0592929,6.2471430,0.6280000),(2.0621575,6.2440467,0.6280000),(2.0754258,6.2546092,0.6280000),(2.0621575,6.2440467,0.6280000),(2.0651679,6.2411118,0.6280000),(2.0754258,6.2546092,0.6280000),(2.0651679,6.2411118,0.6280000),(2.0683242,6.2383383,0.6280000),(2.0754258,6.2546092,0.6280000),(2.0683242,6.2383383,0.6280000),(2.0716263,6.2357263,0.6280000),(2.0645013,6.1891430,0.6280000),(2.0754258,6.2546092,0.6280000),(2.0716263,6.2357263,0.6280000),(2.0645013,6.1891430,0.6280000),(2.0716263,6.2357263,0.6280000),(2.0497513,6.1975180,0.6280000),(2.0645013,6.1891430,0.6280000),(2.0497513,6.1975180,0.6280000),(2.0486679,6.1935180,0.6280000),(2.0645013,6.1891430,0.6280000),(2.0486679,6.1935180,0.6280000),(2.0489179,6.1911430,0.6280000),(2.0645013,6.1891430,0.6280000),(2.0489179,6.1911430,0.6280000),(2.0504596,6.1881118,0.6280000),(2.0645013,6.1891430,0.6280000),(2.0504596,6.1881118,0.6280000),(2.0529179,6.1859347,0.6280000),(2.0645013,6.1891430,0.6280000),(2.0529179,6.1859347,0.6280000),(2.0570429,6.1848513,0.6280000),(2.0645013,6.1891430,0.6280000),(2.0570429,6.1848513,0.6280000),(2.0594179,6.1851430,0.6280000),(2.0645013,6.1891430,0.6280000),(2.0594179,6.1851430,0.6280000),(2.0622721,6.1865388,0.6280000),(2.2992493,6.2643058,0.6280000),(2.2994596,6.2695180,0.6280000),(2.2994596,6.3360597,0.6280000),(2.2992493,6.2643058,0.6280000),(2.2994596,6.3360597,0.6280000),(2.2992506,6.3412023,0.6280000),(2.2992493,6.2643058,0.6280000),(2.2992506,6.3412023,0.6280000),(2.2986237,6.3461092,0.6280000),(2.2992493,6.2643058,0.6280000),(2.2986237,6.3461092,0.6280000),(2.2975788,6.3507804,0.6280000),(2.2992493,6.2643058,0.6280000),(2.2975788,6.3507804,0.6280000),(2.2961159,6.3552159,0.6280000),(2.2992493,6.2643058,0.6280000),(2.2961159,6.3552159,0.6280000),(2.2942350,6.3594158,0.6280000),(2.2992493,6.2643058,0.6280000),(2.2942350,6.3594158,0.6280000),(2.2919362,6.3633800,0.6280000),(2.2992493,6.2643058,0.6280000),(2.2919362,6.3633800,0.6280000),(2.2892194,6.3671085,0.6280000),(2.2992493,6.2643058,0.6280000),(2.2892194,6.3671085,0.6280000),(2.2860846,6.3706013,0.6280000),(2.2992493,6.2643058,0.6280000),(2.2860846,6.3706013,0.6280000),(2.2830657,6.3734236,0.6280000),(2.2992493,6.2643058,0.6280000),(2.2830657,6.3734236,0.6280000),(2.2799258,6.3758696,0.6280000),(2.2992493,6.2643058,0.6280000),(2.2799258,6.3758696,0.6280000),(2.2766647,6.3779392,0.6280000),(2.2766647,6.3779392,0.6280000),(2.2732825,6.3796326,0.6280000),(2.2697793,6.3809497,0.6280000),(2.2766647,6.3779392,0.6280000),(2.2697793,6.3809497,0.6280000),(2.2661549,6.3818904,0.6280000),(2.2766647,6.3779392,0.6280000),(2.2661549,6.3818904,0.6280000),(2.2624095,6.3824549,0.6280000),(2.2766647,6.3779392,0.6280000),(2.2624095,6.3824549,0.6280000),(2.2585429,6.3826430,0.6280000),(2.2766647,6.3779392,0.6280000),(2.2585429,6.3826430,0.6280000),(2.2547207,6.3824549,0.6280000),(2.2766647,6.3779392,0.6280000),(2.2547207,6.3824549,0.6280000),(2.2510039,6.3818904,0.6280000),(2.2766647,6.3779392,0.6280000),(2.2510039,6.3818904,0.6280000),(2.2473926,6.3809497,0.6280000),(2.2766647,6.3779392,0.6280000),(2.2473926,6.3809497,0.6280000),(2.2438867,6.3796326,0.6280000),(2.2766647,6.3779392,0.6280000),(2.2438867,6.3796326,0.6280000),(2.2404863,6.3779392,0.6280000),(2.2766647,6.3779392,0.6280000),(2.2404863,6.3779392,0.6280000),(2.2371914,6.3758696,0.6280000),(2.2766647,6.3779392,0.6280000),(2.2371914,6.3758696,0.6280000),(2.2340019,6.3734236,0.6280000),(2.2766647,6.3779392,0.6280000),(2.2340019,6.3734236,0.6280000),(2.2309179,6.3706013,0.6280000),(2.2766647,6.3779392,0.6280000),(2.2309179,6.3706013,0.6280000),(2.2277832,6.3671769,0.6280000),(2.2766647,6.3779392,0.6280000),(2.2277832,6.3671769,0.6280000),(2.2250664,6.3635076,0.6280000),(2.2766647,6.3779392,0.6280000),(2.2250664,6.3635076,0.6280000),(2.2227676,6.3595935,0.6280000),(2.2766647,6.3779392,0.6280000),(2.2227676,6.3595935,0.6280000),(2.2208867,6.3554347,0.6280000),(2.2766647,6.3779392,0.6280000),(2.2208867,6.3554347,0.6280000),(2.2194238,6.3510310,0.6280000),(2.2194238,6.3510310,0.6280000),(2.2183789,6.3463826,0.6280000),(2.2177519,6.3414894,0.6280000),(2.2194238,6.3510310,0.6280000),(2.2177519,6.3414894,0.6280000),(2.2175429,6.3363513,0.6280000),(2.2194238,6.3510310,0.6280000),(2.2175429,6.3363513,0.6280000),(2.2175429,6.3360597,0.6280000),(2.2194238,6.3510310,0.6280000),(2.2175429,6.3360597,0.6280000),(2.2175429,6.2693513,0.6280000),(2.2194238,6.3510310,0.6280000),(2.2175429,6.2693513,0.6280000),(2.2177519,6.2641814,0.6280000),(2.2194238,6.3510310,0.6280000),(2.2177519,6.2641814,0.6280000),(2.2183789,6.2592550,0.6280000),(2.2194238,6.3510310,0.6280000),(2.2183789,6.2592550,0.6280000),(2.2194238,6.2545720,0.6280000),(2.2194238,6.3510310,0.6280000),(2.2194238,6.2545720,0.6280000),(2.2208867,6.2501326,0.6280000),(2.2194238,6.3510310,0.6280000),(2.2208867,6.2501326,0.6280000),(2.2227676,6.2459366,0.6280000),(2.2194238,6.3510310,0.6280000),(2.2227676,6.2459366,0.6280000),(2.2250664,6.2419842,0.6280000),(2.2194238,6.3510310,0.6280000),(2.2250664,6.2419842,0.6280000),(2.2277832,6.2382752,0.6280000),(2.2194238,6.3510310,0.6280000),(2.2277832,6.2382752,0.6280000),(2.2309179,6.2348097,0.6280000),(2.2309179,6.2348097,0.6280000),(2.2428763,6.2464763,0.6280000),(2.2391758,6.2510571,0.6280000),(2.2309179,6.2348097,0.6280000),(2.2391758,6.2510571,0.6280000),(2.2365325,6.2564243,0.6280000),(2.2309179,6.2348097,0.6280000),(2.2365325,6.2564243,0.6280000),(2.2349466,6.2625779,0.6280000),(2.2194238,6.3510310,0.6280000),(2.2309179,6.2348097,0.6280000),(2.2349466,6.2625779,0.6280000),(2.2194238,6.3510310,0.6280000),(2.2349466,6.2625779,0.6280000),(2.2345501,6.2659497,0.6280000),(2.2194238,6.3510310,0.6280000),(2.2345501,6.2659497,0.6280000),(2.2344179,6.2695180,0.6280000),(2.2194238,6.3510310,0.6280000),(2.2344179,6.2695180,0.6280000),(2.2344179,6.3363513,0.6280000),(2.2194238,6.3510310,0.6280000),(2.2344179,6.3363513,0.6280000),(2.2345488,6.3398279,0.6280000),(2.2194238,6.3510310,0.6280000),(2.2345488,6.3398279,0.6280000),(2.2349414,6.3431118,0.6280000),(2.2194238,6.3510310,0.6280000),(2.2349414,6.3431118,0.6280000),(2.2355957,6.3462029,0.6280000),(2.2194238,6.3510310,0.6280000),(2.2355957,6.3462029,0.6280000),(2.2365117,6.3491013,0.6280000),(2.2194238,6.3510310,0.6280000),(2.2365117,6.3491013,0.6280000),(2.2391289,6.3543201,0.6280000),(2.2194238,6.3510310,0.6280000),(2.2391289,6.3543201,0.6280000),(2.2427929,6.3587680,0.6280000),(2.2194238,6.3510310,0.6280000),(2.2427929,6.3587680,0.6280000),(2.2465429,6.3618670,0.6280000),(2.2194238,6.3510310,0.6280000),(2.2465429,6.3618670,0.6280000),(2.2504179,6.3640805,0.6280000),(2.2766647,6.3779392,0.6280000),(2.2194238,6.3510310,0.6280000),(2.2504179,6.3640805,0.6280000),(2.2766647,6.3779392,0.6280000),(2.2504179,6.3640805,0.6280000),(2.2544179,6.3654086,0.6280000),(2.2766647,6.3779392,0.6280000),(2.2544179,6.3654086,0.6280000),(2.2585429,6.3658513,0.6280000),(2.2766647,6.3779392,0.6280000),(2.2585429,6.3658513,0.6280000),(2.2628372,6.3654086,0.6280000),(2.2766647,6.3779392,0.6280000),(2.2628372,6.3654086,0.6280000),(2.2668867,6.3640805,0.6280000),(2.2766647,6.3779392,0.6280000),(2.2668867,6.3640805,0.6280000),(2.2706914,6.3618670,0.6280000),(2.2766647,6.3779392,0.6280000),(2.2706914,6.3618670,0.6280000),(2.2742513,6.3587680,0.6280000),(2.2766647,6.3779392,0.6280000),(2.2742513,6.3587680,0.6280000),(2.2779153,6.3540987,0.6280000),(2.2766647,6.3779392,0.6280000),(2.2779153,6.3540987,0.6280000),(2.2805325,6.3487576,0.6280000),(2.2766647,6.3779392,0.6280000),(2.2805325,6.3487576,0.6280000),(2.2821028,6.3427446,0.6280000),(2.2992493,6.2643058,0.6280000),(2.2766647,6.3779392,0.6280000),(2.2821028,6.3427446,0.6280000),(2.2992493,6.2643058,0.6280000),(2.2821028,6.3427446,0.6280000),(2.2824954,6.3394861,0.6280000),(2.2992493,6.2643058,0.6280000),(2.2824954,6.3394861,0.6280000),(2.2826263,6.3360597,0.6280000),(2.2992493,6.2643058,0.6280000),(2.2826263,6.3360597,0.6280000),(2.2826263,6.2695180,0.6280000),(2.2992493,6.2643058,0.6280000),(2.2826263,6.2695180,0.6280000),(2.2824954,6.2659887,0.6280000),(2.2992493,6.2643058,0.6280000),(2.2824954,6.2659887,0.6280000),(2.2821028,6.2626508,0.6280000),(2.2992493,6.2643058,0.6280000),(2.2821028,6.2626508,0.6280000),(2.2814485,6.2595043,0.6280000),(2.2992493,6.2643058,0.6280000),(2.2814485,6.2595043,0.6280000),(2.2805325,6.2565493,0.6280000),(2.2992493,6.2643058,0.6280000),(2.2805325,6.2565493,0.6280000),(2.2779153,6.2512133,0.6280000),(2.2992493,6.2643058,0.6280000),(2.2779153,6.2512133,0.6280000),(2.2742513,6.2466430,0.6280000),(2.2992493,6.2643058,0.6280000),(2.2742513,6.2466430,0.6280000),(2.2706601,6.2435805,0.6280000),(2.2464804,6.2434868,0.6280000),(2.2428763,6.2464763,0.6280000),(2.2309179,6.2348097,0.6280000),(2.2502929,6.2413513,0.6280000),(2.2464804,6.2434868,0.6280000),(2.2309179,6.2348097,0.6280000),(2.2543138,6.2400701,0.6280000),(2.2502929,6.2413513,0.6280000),(2.2309179,6.2348097,0.6280000),(2.2585429,6.2396430,0.6280000),(2.2543138,6.2400701,0.6280000),(2.2309179,6.2348097,0.6280000),(2.2628060,6.2400805,0.6280000),(2.2585429,6.2396430,0.6280000),(2.2309179,6.2348097,0.6280000),(2.2628060,6.2400805,0.6280000),(2.2309179,6.2348097,0.6280000),(2.2339446,6.2320265,0.6280000),(2.2628060,6.2400805,0.6280000),(2.2339446,6.2320265,0.6280000),(2.2370872,6.2296144,0.6280000),(2.2668450,6.2413930,0.6280000),(2.2628060,6.2400805,0.6280000),(2.2370872,6.2296144,0.6280000),(2.2668450,6.2413930,0.6280000),(2.2370872,6.2296144,0.6280000),(2.2403457,6.2275733,0.6280000),(2.2668450,6.2413930,0.6280000),(2.2403457,6.2275733,0.6280000),(2.2437200,6.2259034,0.6280000),(2.2706601,6.2435805,0.6280000),(2.2668450,6.2413930,0.6280000),(2.2437200,6.2259034,0.6280000),(2.2706601,6.2435805,0.6280000),(2.2437200,6.2259034,0.6280000),(2.2472103,6.2246046,0.6280000),(2.2992493,6.2643058,0.6280000),(2.2706601,6.2435805,0.6280000),(2.2472103,6.2246046,0.6280000),(2.2992493,6.2643058,0.6280000),(2.2472103,6.2246046,0.6280000),(2.2508164,6.2236769,0.6280000),(2.2992493,6.2643058,0.6280000),(2.2508164,6.2236769,0.6280000),(2.2545384,6.2231202,0.6280000),(2.2992493,6.2643058,0.6280000),(2.2545384,6.2231202,0.6280000),(2.2583763,6.2229347,0.6280000),(2.2992493,6.2643058,0.6280000),(2.2583763,6.2229347,0.6280000),(2.2622806,6.2231170,0.6280000),(2.2992493,6.2643058,0.6280000),(2.2622806,6.2231170,0.6280000),(2.2660560,6.2236638,0.6280000),(2.2992493,6.2643058,0.6280000),(2.2660560,6.2236638,0.6280000),(2.2697024,6.2245753,0.6280000),(2.2992493,6.2643058,0.6280000),(2.2697024,6.2245753,0.6280000),(2.2732200,6.2258513,0.6280000),(2.2992493,6.2643058,0.6280000),(2.2732200,6.2258513,0.6280000),(2.2766087,6.2274920,0.6280000),(2.2992493,6.2643058,0.6280000),(2.2766087,6.2274920,0.6280000),(2.2798685,6.2294972,0.6280000),(2.2992493,6.2643058,0.6280000),(2.2798685,6.2294972,0.6280000),(2.2829993,6.2318670,0.6280000),(2.2992493,6.2643058,0.6280000),(2.2829993,6.2318670,0.6280000),(2.2860013,6.2346013,0.6280000),(2.2992493,6.2643058,0.6280000),(2.2860013,6.2346013,0.6280000),(2.2891556,6.2381183,0.6280000),(2.2992493,6.2643058,0.6280000),(2.2891556,6.2381183,0.6280000),(2.2918893,6.2418774,0.6280000),(2.2992493,6.2643058,0.6280000),(2.2918893,6.2418774,0.6280000),(2.2942024,6.2458787,0.6280000),(2.2992493,6.2643058,0.6280000),(2.2942024,6.2458787,0.6280000),(2.2960950,6.2501222,0.6280000),(2.2992493,6.2643058,0.6280000),(2.2960950,6.2501222,0.6280000),(2.2975670,6.2546079,0.6280000),(2.2992493,6.2643058,0.6280000),(2.2975670,6.2546079,0.6280000),(2.2986185,6.2593357,0.6280000),(2.3774082,6.3739907,0.6280000),(2.3749596,6.3713930,0.6280000),(2.3727526,6.3685336,0.6280000),(2.3774082,6.3739907,0.6280000),(2.3727526,6.3685336,0.6280000),(2.3708398,6.3654972,0.6280000),(2.3774082,6.3739907,0.6280000),(2.3708398,6.3654972,0.6280000),(2.3692213,6.3622836,0.6280000),(2.3774082,6.3739907,0.6280000),(2.3692213,6.3622836,0.6280000),(2.3678971,6.3588930,0.6280000),(2.3774082,6.3739907,0.6280000),(2.3678971,6.3588930,0.6280000),(2.3668672,6.3553253,0.6280000),(2.3774082,6.3739907,0.6280000),(2.3668672,6.3553253,0.6280000),(2.3661315,6.3515805,0.6280000),(2.3774082,6.3739907,0.6280000),(2.3661315,6.3515805,0.6280000),(2.3656901,6.3476586,0.6280000),(2.3774082,6.3739907,0.6280000),(2.3656901,6.3476586,0.6280000),(2.3655429,6.3435597,0.6280000),(2.3774082,6.3739907,0.6280000),(2.3655429,6.3435597,0.6280000),(2.3656894,6.3394575,0.6280000),(2.3774082,6.3739907,0.6280000),(2.3656894,6.3394575,0.6280000),(2.3661289,6.3355050,0.6280000),(2.3774082,6.3739907,0.6280000),(2.3661289,6.3355050,0.6280000),(2.3668613,6.3317023,0.6280000),(2.3774082,6.3739907,0.6280000),(2.3668613,6.3317023,0.6280000),(2.3678867,6.3280493,0.6280000),(2.3774082,6.3739907,0.6280000),(2.3678867,6.3280493,0.6280000),(2.3692051,6.3245460,0.6280000),(2.3774082,6.3739907,0.6280000),(2.3692051,6.3245460,0.6280000),(2.3708164,6.3211925,0.6280000),(2.3708164,6.3211925,0.6280000),(2.3850117,6.3299347,0.6280000),(2.3835013,6.3339763,0.6280000),(2.3708164,6.3211925,0.6280000),(2.3835013,6.3339763,0.6280000),(2.3825950,6.3385180,0.6280000),(2.3774082,6.3739907,0.6280000),(2.3708164,6.3211925,0.6280000),(2.3825950,6.3385180,0.6280000),(2.3774082,6.3739907,0.6280000),(2.3825950,6.3385180,0.6280000),(2.3822929,6.3435597,0.6280000),(2.3774082,6.3739907,0.6280000),(2.3822929,6.3435597,0.6280000),(2.3825976,6.3484998,0.6280000),(2.3774082,6.3739907,0.6280000),(2.3825976,6.3484998,0.6280000),(2.3835117,6.3528618,0.6280000),(2.3774082,6.3739907,0.6280000),(2.3835117,6.3528618,0.6280000),(2.3850351,6.3566456,0.6280000),(2.3774082,6.3739907,0.6280000),(2.3850351,6.3566456,0.6280000),(2.3871679,6.3598513,0.6280000),(2.3774082,6.3739907,0.6280000),(2.3871679,6.3598513,0.6280000),(2.3897877,6.3624034,0.6280000),(2.3774082,6.3739907,0.6280000),(2.3897877,6.3624034,0.6280000),(2.3927721,6.3642263,0.6280000),(2.3774082,6.3739907,0.6280000),(2.3927721,6.3642263,0.6280000),(2.3961211,6.3653201,0.6280000),(2.3774082,6.3739907,0.6280000),(2.3961211,6.3653201,0.6280000),(2.3998346,6.3656847,0.6280000),(2.3774082,6.3739907,0.6280000),(2.3998346,6.3656847,0.6280000),(2.4035482,6.3653201,0.6280000),(2.3774082,6.3739907,0.6280000),(2.4035482,6.3653201,0.6280000),(2.4068971,6.3642263,0.6280000),(2.3871263,6.3263930,0.6280000),(2.3850117,6.3299347,0.6280000),(2.3708164,6.3211925,0.6280000),(2.3895950,6.3238409,0.6280000),(2.3871263,6.3263930,0.6280000),(2.3708164,6.3211925,0.6280000),(2.3923346,6.3220180,0.6280000),(2.3895950,6.3238409,0.6280000),(2.3708164,6.3211925,0.6280000),(2.3953450,6.3209243,0.6280000),(2.3923346,6.3220180,0.6280000),(2.3708164,6.3211925,0.6280000),(2.3986263,6.3205597,0.6280000),(2.3953450,6.3209243,0.6280000),(2.3708164,6.3211925,0.6280000),(2.3986263,6.3205597,0.6280000),(2.3708164,6.3211925,0.6280000),(2.3727207,6.3179887,0.6280000),(2.4010846,6.3205597,0.6280000),(2.3986263,6.3205597,0.6280000),(2.3727207,6.3179887,0.6280000),(2.4010846,6.3205597,0.6280000),(2.3727207,6.3179887,0.6280000),(2.3749179,6.3149347,0.6280000),(2.4044258,6.3209243,0.6280000),(2.4010846,6.3205597,0.6280000),(2.3749179,6.3149347,0.6280000),(2.4044258,6.3209243,0.6280000),(2.3749179,6.3149347,0.6280000),(2.3768346,6.3130180,0.6280000),(2.4044258,6.3209243,0.6280000),(2.3768346,6.3130180,0.6280000),(2.3734804,6.3100180,0.6280000),(2.4044258,6.3209243,0.6280000),(2.3734804,6.3100180,0.6280000),(2.3701679,6.3063513,0.6280000),(2.4074492,6.3220180,0.6280000),(2.4044258,6.3209243,0.6280000),(2.3701679,6.3063513,0.6280000),(2.4074492,6.3220180,0.6280000),(2.3701679,6.3063513,0.6280000),(2.3675215,6.3027159,0.6280000),(2.4074492,6.3220180,0.6280000),(2.3675215,6.3027159,0.6280000),(2.3652278,6.2988722,0.6280000),(2.4074492,6.3220180,0.6280000),(2.3652278,6.2988722,0.6280000),(2.3632871,6.2948201,0.6280000),(2.4074492,6.3220180,0.6280000),(2.3632871,6.2948201,0.6280000),(2.3616992,6.2905597,0.6280000),(2.4101549,6.3238409,0.6280000),(2.4074492,6.3220180,0.6280000),(2.3616992,6.2905597,0.6280000),(2.4101549,6.3238409,0.6280000),(2.3616992,6.2905597,0.6280000),(2.3604642,6.2860909,0.6280000),(2.4101549,6.3238409,0.6280000),(2.3604642,6.2860909,0.6280000),(2.3595820,6.2814138,0.6280000),(2.4101549,6.3238409,0.6280000),(2.3595820,6.2814138,0.6280000),(2.3590527,6.2765284,0.6280000),(2.4101549,6.3238409,0.6280000),(2.3590527,6.2765284,0.6280000),(2.3588763,6.2714347,0.6280000),(2.3588763,6.2714347,0.6280000),(2.3590540,6.2663924,0.6280000),(2.3595872,6.2615571,0.6280000),(2.3588763,6.2714347,0.6280000),(2.3595872,6.2615571,0.6280000),(2.3604759,6.2569288,0.6280000),(2.3588763,6.2714347,0.6280000),(2.3604759,6.2569288,0.6280000),(2.3617200,6.2525076,0.6280000),(2.3588763,6.2714347,0.6280000),(2.3617200,6.2525076,0.6280000),(2.3633196,6.2482934,0.6280000),(2.3588763,6.2714347,0.6280000),(2.3633196,6.2482934,0.6280000),(2.3652747,6.2442862,0.6280000),(2.3588763,6.2714347,0.6280000),(2.3652747,6.2442862,0.6280000),(2.3675853,6.2404861,0.6280000),(2.3588763,6.2714347,0.6280000),(2.3675853,6.2404861,0.6280000),(2.3702513,6.2368930,0.6280000),(2.3588763,6.2714347,0.6280000),(2.3702513,6.2368930,0.6280000),(2.3731927,6.2336508,0.6280000),(2.3588763,6.2714347,0.6280000),(2.3731927,6.2336508,0.6280000),(2.3763502,6.2308409,0.6280000),(2.3588763,6.2714347,0.6280000),(2.3763502,6.2308409,0.6280000),(2.3797239,6.2284633,0.6280000),(2.3588763,6.2714347,0.6280000),(2.3797239,6.2284633,0.6280000),(2.3833138,6.2265180,0.6280000),(2.3588763,6.2714347,0.6280000),(2.3833138,6.2265180,0.6280000),(2.3871198,6.2250050,0.6280000),(2.3588763,6.2714347,0.6280000),(2.3871198,6.2250050,0.6280000),(2.3911419,6.2239243,0.6280000),(2.3588763,6.2714347,0.6280000),(2.3911419,6.2239243,0.6280000),(2.3953802,6.2232758,0.6280000),(2.3588763,6.2714347,0.6280000),(2.3953802,6.2232758,0.6280000),(2.3998346,6.2230597,0.6280000),(2.3588763,6.2714347,0.6280000),(2.3998346,6.2230597,0.6280000),(2.4042982,6.2232758,0.6280000),(2.4042982,6.2232758,0.6280000),(2.4085429,6.2239243,0.6280000),(2.4125690,6.2250050,0.6280000),(2.4042982,6.2232758,0.6280000),(2.4125690,6.2250050,0.6280000),(2.4163763,6.2265180,0.6280000),(2.4042982,6.2232758,0.6280000),(2.4163763,6.2265180,0.6280000),(2.4199648,6.2284633,0.6280000),(2.4042982,6.2232758,0.6280000),(2.4199648,6.2284633,0.6280000),(2.4233346,6.2308409,0.6280000),(2.4042982,6.2232758,0.6280000),(2.4233346,6.2308409,0.6280000),(2.4264857,6.2336508,0.6280000),(2.4042982,6.2232758,0.6280000),(2.4264857,6.2336508,0.6280000),(2.4294179,6.2368930,0.6280000),(2.4042982,6.2232758,0.6280000),(2.4294179,6.2368930,0.6280000),(2.4320840,6.2404861,0.6280000),(2.4042982,6.2232758,0.6280000),(2.4320840,6.2404861,0.6280000),(2.4343945,6.2442862,0.6280000),(2.4042982,6.2232758,0.6280000),(2.4343945,6.2442862,0.6280000),(2.4363496,6.2482934,0.6280000),(2.4042982,6.2232758,0.6280000),(2.4363496,6.2482934,0.6280000),(2.4379492,6.2525076,0.6280000),(2.4042982,6.2232758,0.6280000),(2.4379492,6.2525076,0.6280000),(2.4391933,6.2569288,0.6280000),(2.4042982,6.2232758,0.6280000),(2.4391933,6.2569288,0.6280000),(2.4400820,6.2615571,0.6280000),(2.4042982,6.2232758,0.6280000),(2.4400820,6.2615571,0.6280000),(2.4406152,6.2663924,0.6280000),(2.4042982,6.2232758,0.6280000),(2.4406152,6.2663924,0.6280000),(2.4407929,6.2714347,0.6280000),(2.4042982,6.2232758,0.6280000),(2.4407929,6.2714347,0.6280000),(2.4406165,6.2765284,0.6280000),(2.4042982,6.2232758,0.6280000),(2.4406165,6.2765284,0.6280000),(2.4400872,6.2814138,0.6280000),(2.4042982,6.2232758,0.6280000),(2.4400872,6.2814138,0.6280000),(2.4392051,6.2860909,0.6280000),(2.4392051,6.2860909,0.6280000),(2.4379700,6.2905597,0.6280000),(2.4363821,6.2948201,0.6280000),(2.4392051,6.2860909,0.6280000),(2.4363821,6.2948201,0.6280000),(2.4344414,6.2988722,0.6280000),(2.4392051,6.2860909,0.6280000),(2.4344414,6.2988722,0.6280000),(2.4201159,6.2902237,0.6280000),(2.4392051,6.2860909,0.6280000),(2.4201159,6.2902237,0.6280000),(2.4222513,6.2846743,0.6280000),(2.4392051,6.2860909,0.6280000),(2.4222513,6.2846743,0.6280000),(2.4235325,6.2784112,0.6280000),(2.4392051,6.2860909,0.6280000),(2.4235325,6.2784112,0.6280000),(2.4238528,6.2750122,0.6280000),(2.4392051,6.2860909,0.6280000),(2.4238528,6.2750122,0.6280000),(2.4239596,6.2714347,0.6280000),(2.4392051,6.2860909,0.6280000),(2.4239596,6.2714347,0.6280000),(2.4238502,6.2678644,0.6280000),(2.4392051,6.2860909,0.6280000),(2.4238502,6.2678644,0.6280000),(2.4235221,6.2644868,0.6280000),(2.4392051,6.2860909,0.6280000),(2.4235221,6.2644868,0.6280000),(2.4229752,6.2613019,0.6280000),(2.4392051,6.2860909,0.6280000),(2.4229752,6.2613019,0.6280000),(2.4222096,6.2583097,0.6280000),(2.4392051,6.2860909,0.6280000),(2.4222096,6.2583097,0.6280000),(2.4200221,6.2529034,0.6280000),(2.4042982,6.2232758,0.6280000),(2.4392051,6.2860909,0.6280000),(2.4200221,6.2529034,0.6280000),(2.4042982,6.2232758,0.6280000),(2.4200221,6.2529034,0.6280000),(2.4169596,6.2482680,0.6280000),(2.4042982,6.2232758,0.6280000),(2.4169596,6.2482680,0.6280000),(2.4132799,6.2445675,0.6280000),(2.4042982,6.2232758,0.6280000),(2.4132799,6.2445675,0.6280000),(2.4091992,6.2419243,0.6280000),(2.4042982,6.2232758,0.6280000),(2.4091992,6.2419243,0.6280000),(2.4047174,6.2403383,0.6280000),(2.4042982,6.2232758,0.6280000),(2.4047174,6.2403383,0.6280000),(2.3998346,6.2398097,0.6280000),(2.4042982,6.2232758,0.6280000),(2.3998346,6.2398097,0.6280000),(2.3949518,6.2403383,0.6280000),(2.4042982,6.2232758,0.6280000),(2.3949518,6.2403383,0.6280000),(2.3904700,6.2419243,0.6280000),(2.4042982,6.2232758,0.6280000),(2.3904700,6.2419243,0.6280000),(2.3863893,6.2445675,0.6280000),(2.3588763,6.2714347,0.6280000),(2.4042982,6.2232758,0.6280000),(2.3863893,6.2445675,0.6280000),(2.3588763,6.2714347,0.6280000),(2.3863893,6.2445675,0.6280000),(2.3827096,6.2482680,0.6280000),(2.3588763,6.2714347,0.6280000),(2.3827096,6.2482680,0.6280000),(2.3796653,6.2529034,0.6280000),(2.3588763,6.2714347,0.6280000),(2.3796653,6.2529034,0.6280000),(2.3774909,6.2583097,0.6280000),(2.3588763,6.2714347,0.6280000),(2.3774909,6.2583097,0.6280000),(2.3761862,6.2644868,0.6280000),(2.3588763,6.2714347,0.6280000),(2.3761862,6.2644868,0.6280000),(2.3758600,6.2678644,0.6280000),(2.3588763,6.2714347,0.6280000),(2.3758600,6.2678644,0.6280000),(2.3757513,6.2714347,0.6280000),(2.3588763,6.2714347,0.6280000),(2.3757513,6.2714347,0.6280000),(2.3758580,6.2750122,0.6280000),(2.3588763,6.2714347,0.6280000),(2.3758580,6.2750122,0.6280000),(2.3761784,6.2784112,0.6280000),(2.3588763,6.2714347,0.6280000),(2.3761784,6.2784112,0.6280000),(2.3767122,6.2816319,0.6280000),(2.3588763,6.2714347,0.6280000),(2.3767122,6.2816319,0.6280000),(2.3774596,6.2846743,0.6280000),(2.3588763,6.2714347,0.6280000),(2.3774596,6.2846743,0.6280000),(2.3795950,6.2902237,0.6280000),(2.3588763,6.2714347,0.6280000),(2.3795950,6.2902237,0.6280000),(2.3825846,6.2950597,0.6280000),(2.3588763,6.2714347,0.6280000),(2.3825846,6.2950597,0.6280000),(2.3862252,6.2988878,0.6280000),(2.4101549,6.3238409,0.6280000),(2.3588763,6.2714347,0.6280000),(2.3862252,6.2988878,0.6280000),(2.4101549,6.3238409,0.6280000),(2.3862252,6.2988878,0.6280000),(2.3903138,6.3016222,0.6280000),(2.4125429,6.3263930,0.6280000),(2.4101549,6.3238409,0.6280000),(2.3903138,6.3016222,0.6280000),(2.4125429,6.3263930,0.6280000),(2.3903138,6.3016222,0.6280000),(2.3948502,6.3032628,0.6280000),(2.4125429,6.3263930,0.6280000),(2.3948502,6.3032628,0.6280000),(2.3998346,6.3038097,0.6280000),(2.4146575,6.3299347,0.6280000),(2.4125429,6.3263930,0.6280000),(2.3998346,6.3038097,0.6280000),(2.4146575,6.3299347,0.6280000),(2.3998346,6.3038097,0.6280000),(2.4048372,6.3032628,0.6280000),(2.4161679,6.3339763,0.6280000),(2.4146575,6.3299347,0.6280000),(2.4048372,6.3032628,0.6280000),(2.4161679,6.3339763,0.6280000),(2.4048372,6.3032628,0.6280000),(2.4093867,6.3016222,0.6280000),(2.4161679,6.3339763,0.6280000),(2.4093867,6.3016222,0.6280000),(2.4134830,6.2988878,0.6280000),(2.4170742,6.3385180,0.6280000),(2.4161679,6.3339763,0.6280000),(2.4134830,6.2988878,0.6280000),(2.4170742,6.3385180,0.6280000),(2.4134830,6.2988878,0.6280000),(2.4171263,6.2950597,0.6280000),(2.4173763,6.3435597,0.6280000),(2.4170742,6.3385180,0.6280000),(2.4171263,6.2950597,0.6280000),(2.4173763,6.3435597,0.6280000),(2.4171263,6.2950597,0.6280000),(2.4201159,6.2902237,0.6280000),(2.4201159,6.2902237,0.6280000),(2.4344414,6.2988722,0.6280000),(2.4321478,6.3027159,0.6280000),(2.4201159,6.2902237,0.6280000),(2.4321478,6.3027159,0.6280000),(2.4295013,6.3063513,0.6280000),(2.4201159,6.2902237,0.6280000),(2.4295013,6.3063513,0.6280000),(2.4261992,6.3100180,0.6280000),(2.4201159,6.2902237,0.6280000),(2.4261992,6.3100180,0.6280000),(2.4228763,6.3130180,0.6280000),(2.4173763,6.3435597,0.6280000),(2.4201159,6.2902237,0.6280000),(2.4228763,6.3130180,0.6280000),(2.4170716,6.3484998,0.6280000),(2.4173763,6.3435597,0.6280000),(2.4228763,6.3130180,0.6280000),(2.4170716,6.3484998,0.6280000),(2.4228763,6.3130180,0.6280000),(2.4247513,6.3149347,0.6280000),(2.4161575,6.3528618,0.6280000),(2.4170716,6.3484998,0.6280000),(2.4247513,6.3149347,0.6280000),(2.4161575,6.3528618,0.6280000),(2.4247513,6.3149347,0.6280000),(2.4269583,6.3179887,0.6280000),(2.4161575,6.3528618,0.6280000),(2.4269583,6.3179887,0.6280000),(2.4288711,6.3211925,0.6280000),(2.4161575,6.3528618,0.6280000),(2.4288711,6.3211925,0.6280000),(2.4304896,6.3245460,0.6280000),(2.4146341,6.3566456,0.6280000),(2.4161575,6.3528618,0.6280000),(2.4304896,6.3245460,0.6280000),(2.4146341,6.3566456,0.6280000),(2.4304896,6.3245460,0.6280000),(2.4318138,6.3280493,0.6280000),(2.4146341,6.3566456,0.6280000),(2.4318138,6.3280493,0.6280000),(2.4328437,6.3317023,0.6280000),(2.4125013,6.3598513,0.6280000),(2.4146341,6.3566456,0.6280000),(2.4328437,6.3317023,0.6280000),(2.4125013,6.3598513,0.6280000),(2.4328437,6.3317023,0.6280000),(2.4335794,6.3355050,0.6280000),(2.4125013,6.3598513,0.6280000),(2.4335794,6.3355050,0.6280000),(2.4340208,6.3394575,0.6280000),(2.4098815,6.3624034,0.6280000),(2.4125013,6.3598513,0.6280000),(2.4340208,6.3394575,0.6280000),(2.4098815,6.3624034,0.6280000),(2.4340208,6.3394575,0.6280000),(2.4341679,6.3435597,0.6280000),(2.4098815,6.3624034,0.6280000),(2.4341679,6.3435597,0.6280000),(2.4340202,6.3476586,0.6280000),(2.4098815,6.3624034,0.6280000),(2.4340202,6.3476586,0.6280000),(2.4335768,6.3515805,0.6280000),(2.4068971,6.3642263,0.6280000),(2.4098815,6.3624034,0.6280000),(2.4335768,6.3515805,0.6280000),(2.4068971,6.3642263,0.6280000),(2.4335768,6.3515805,0.6280000),(2.4328379,6.3553253,0.6280000),(2.4068971,6.3642263,0.6280000),(2.4328379,6.3553253,0.6280000),(2.4318034,6.3588930,0.6280000),(2.3774082,6.3739907,0.6280000),(2.4068971,6.3642263,0.6280000),(2.4318034,6.3588930,0.6280000),(2.3774082,6.3739907,0.6280000),(2.4318034,6.3588930,0.6280000),(2.4304733,6.3622836,0.6280000),(2.3774082,6.3739907,0.6280000),(2.4304733,6.3622836,0.6280000),(2.4288476,6.3654972,0.6280000),(2.3774082,6.3739907,0.6280000),(2.4288476,6.3654972,0.6280000),(2.4269264,6.3685336,0.6280000),(2.3774082,6.3739907,0.6280000),(2.4269264,6.3685336,0.6280000),(2.4247096,6.3713930,0.6280000),(2.3774082,6.3739907,0.6280000),(2.4247096,6.3713930,0.6280000),(2.4222610,6.3739907,0.6280000),(2.3774082,6.3739907,0.6280000),(2.4222610,6.3739907,0.6280000),(2.4196237,6.3762420,0.6280000),(2.3774082,6.3739907,0.6280000),(2.4196237,6.3762420,0.6280000),(2.4167975,6.3781469,0.6280000),(2.3774082,6.3739907,0.6280000),(2.4167975,6.3781469,0.6280000),(2.4137825,6.3797055,0.6280000),(2.3774082,6.3739907,0.6280000),(2.4137825,6.3797055,0.6280000),(2.4105788,6.3809177,0.6280000),(2.3774082,6.3739907,0.6280000),(2.4105788,6.3809177,0.6280000),(2.4071862,6.3817836,0.6280000),(2.3774082,6.3739907,0.6280000),(2.4071862,6.3817836,0.6280000),(2.4036048,6.3823032,0.6280000),(2.3774082,6.3739907,0.6280000),(2.4036048,6.3823032,0.6280000),(2.3998346,6.3824763,0.6280000),(2.3774082,6.3739907,0.6280000),(2.3998346,6.3824763,0.6280000),(2.3960644,6.3823032,0.6280000),(2.3774082,6.3739907,0.6280000),(2.3960644,6.3823032,0.6280000),(2.3924830,6.3817836,0.6280000),(2.3774082,6.3739907,0.6280000),(2.3924830,6.3817836,0.6280000),(2.3890905,6.3809177,0.6280000),(2.3774082,6.3739907,0.6280000),(2.3890905,6.3809177,0.6280000),(2.3858867,6.3797055,0.6280000),(2.3774082,6.3739907,0.6280000),(2.3858867,6.3797055,0.6280000),(2.3828717,6.3781469,0.6280000),(2.3774082,6.3739907,0.6280000),(2.3828717,6.3781469,0.6280000),(2.3800455,6.3762420,0.6280000),(2.5737513,6.2591430,0.6280000),(2.5738346,6.2572263,0.6280000),(2.5747767,6.2536007,0.6280000),(2.5737513,6.2591430,0.6280000),(2.5747767,6.2536007,0.6280000),(2.5758737,6.2502029,0.6280000),(2.5737513,6.2591430,0.6280000),(2.5758737,6.2502029,0.6280000),(2.5771256,6.2470330,0.6280000),(2.5737513,6.2591430,0.6280000),(2.5771256,6.2470330,0.6280000),(2.5785325,6.2440909,0.6280000),(2.5737513,6.2591430,0.6280000),(2.5785325,6.2440909,0.6280000),(2.5800944,6.2413767,0.6280000),(2.5737513,6.2591430,0.6280000),(2.5800944,6.2413767,0.6280000),(2.5818112,6.2388904,0.6280000),(2.5737513,6.2591430,0.6280000),(2.5818112,6.2388904,0.6280000),(2.5857096,6.2346013,0.6280000),(2.5737513,6.2591430,0.6280000),(2.5857096,6.2346013,0.6280000),(2.5888978,6.2318670,0.6280000),(2.5737513,6.2591430,0.6280000),(2.5888978,6.2318670,0.6280000),(2.5921705,6.2294972,0.6280000),(2.5737513,6.2591430,0.6280000),(2.5921705,6.2294972,0.6280000),(2.5955280,6.2274920,0.6280000),(2.5737513,6.2591430,0.6280000),(2.5955280,6.2274920,0.6280000),(2.5989700,6.2258513,0.6280000),(2.5737513,6.2591430,0.6280000),(2.5989700,6.2258513,0.6280000),(2.6024967,6.2245753,0.6280000),(2.5737513,6.2591430,0.6280000),(2.6024967,6.2245753,0.6280000),(2.6061080,6.2236638,0.6280000),(2.5737513,6.2591430,0.6280000),(2.6061080,6.2236638,0.6280000),(2.6098040,6.2231170,0.6280000),(2.5737513,6.2591430,0.6280000),(2.6098040,6.2231170,0.6280000),(2.6135846,6.2229347,0.6280000),(2.5737513,6.2591430,0.6280000),(2.6135846,6.2229347,0.6280000),(2.6173346,6.2231202,0.6280000),(2.5737513,6.2591430,0.6280000),(2.6173346,6.2231202,0.6280000),(2.6209804,6.2236769,0.6280000),(2.5737513,6.2591430,0.6280000),(2.6209804,6.2236769,0.6280000),(2.6245221,6.2246046,0.6280000),(2.5737513,6.2591430,0.6280000),(2.6245221,6.2246046,0.6280000),(2.6279596,6.2259034,0.6280000),(2.6279596,6.2259034,0.6280000),(2.6312929,6.2275733,0.6280000),(2.6345221,6.2296144,0.6280000),(2.6279596,6.2259034,0.6280000),(2.6345221,6.2296144,0.6280000),(2.6376471,6.2320265,0.6280000),(2.6279596,6.2259034,0.6280000),(2.6376471,6.2320265,0.6280000),(2.6406679,6.2348097,0.6280000),(2.6279596,6.2259034,0.6280000),(2.6406679,6.2348097,0.6280000),(2.6438222,6.2382836,0.6280000),(2.6279596,6.2259034,0.6280000),(2.6438222,6.2382836,0.6280000),(2.6465560,6.2420180,0.6280000),(2.6279596,6.2259034,0.6280000),(2.6465560,6.2420180,0.6280000),(2.6488691,6.2460128,0.6280000),(2.6279596,6.2259034,0.6280000),(2.6488691,6.2460128,0.6280000),(2.6507617,6.2502680,0.6280000),(2.6279596,6.2259034,0.6280000),(2.6507617,6.2502680,0.6280000),(2.6522337,6.2547836,0.6280000),(2.6279596,6.2259034,0.6280000),(2.6522337,6.2547836,0.6280000),(2.6532851,6.2595597,0.6280000),(2.6279596,6.2259034,0.6280000),(2.6532851,6.2595597,0.6280000),(2.6539160,6.2645961,0.6280000),(2.6279596,6.2259034,0.6280000),(2.6539160,6.2645961,0.6280000),(2.6541263,6.2698930,0.6280000),(2.6279596,6.2259034,0.6280000),(2.6541263,6.2698930,0.6280000),(2.6540755,6.2739593,0.6280000),(2.6279596,6.2259034,0.6280000),(2.6540755,6.2739593,0.6280000),(2.6539232,6.2778663,0.6280000),(2.6279596,6.2259034,0.6280000),(2.6539232,6.2778663,0.6280000),(2.6536692,6.2816142,0.6280000),(2.6279596,6.2259034,0.6280000),(2.6536692,6.2816142,0.6280000),(2.6533138,6.2852029,0.6280000),(2.6279596,6.2259034,0.6280000),(2.6533138,6.2852029,0.6280000),(2.6528567,6.2886324,0.6280000),(2.6279596,6.2259034,0.6280000),(2.6528567,6.2886324,0.6280000),(2.6522982,6.2919028,0.6280000),(2.6279596,6.2259034,0.6280000),(2.6522982,6.2919028,0.6280000),(2.6516380,6.2950139,0.6280000),(2.6279596,6.2259034,0.6280000),(2.6516380,6.2950139,0.6280000),(2.6508763,6.2979659,0.6280000),(2.6279596,6.2259034,0.6280000),(2.6508763,6.2979659,0.6280000),(2.6490482,6.3033924,0.6280000),(2.6490482,6.3033924,0.6280000),(2.6468138,6.3081821,0.6280000),(2.6441732,6.3123351,0.6280000),(2.6490482,6.3033924,0.6280000),(2.6441732,6.3123351,0.6280000),(2.6411263,6.3158513,0.6280000),(2.6490482,6.3033924,0.6280000),(2.6411263,6.3158513,0.6280000),(2.6379967,6.3185857,0.6280000),(2.6490482,6.3033924,0.6280000),(2.6379967,6.3185857,0.6280000),(2.6347747,6.3209555,0.6280000),(2.6490482,6.3033924,0.6280000),(2.6347747,6.3209555,0.6280000),(2.6314603,6.3229607,0.6280000),(2.6490482,6.3033924,0.6280000),(2.6314603,6.3229607,0.6280000),(2.6280534,6.3246013,0.6280000),(2.6490482,6.3033924,0.6280000),(2.6280534,6.3246013,0.6280000),(2.6245540,6.3258774,0.6280000),(2.6490482,6.3033924,0.6280000),(2.6245540,6.3258774,0.6280000),(2.6209622,6.3267888,0.6280000),(2.6490482,6.3033924,0.6280000),(2.6209622,6.3267888,0.6280000),(2.6172780,6.3273357,0.6280000),(2.6490482,6.3033924,0.6280000),(2.6172780,6.3273357,0.6280000),(2.6135013,6.3275180,0.6280000),(2.6490482,6.3033924,0.6280000),(2.6135013,6.3275180,0.6280000),(2.6101426,6.3273898,0.6280000),(2.6490482,6.3033924,0.6280000),(2.6101426,6.3273898,0.6280000),(2.6068997,6.3270050,0.6280000),(2.6490482,6.3033924,0.6280000),(2.6068997,6.3270050,0.6280000),(2.6037728,6.3263637,0.6280000),(2.6490482,6.3033924,0.6280000),(2.6037728,6.3263637,0.6280000),(2.6007617,6.3254659,0.6280000),(2.6490482,6.3033924,0.6280000),(2.6007617,6.3254659,0.6280000),(2.5950872,6.3229008,0.6280000),(2.6490482,6.3033924,0.6280000),(2.5950872,6.3229008,0.6280000),(2.5898763,6.3193097,0.6280000),(2.5915429,6.3656847,0.6280000),(2.6417513,6.3656847,0.6280000),(2.6449596,6.3663097,0.6280000),(2.5915429,6.3656847,0.6280000),(2.6449596,6.3663097,0.6280000),(2.6476679,6.3681847,0.6280000),(2.5915429,6.3656847,0.6280000),(2.6476679,6.3681847,0.6280000),(2.6495117,6.3709138,0.6280000),(2.5915429,6.3656847,0.6280000),(2.6495117,6.3709138,0.6280000),(2.6501263,6.3741013,0.6280000),(2.5915429,6.3656847,0.6280000),(2.6501263,6.3741013,0.6280000),(2.6495117,6.3772784,0.6280000),(2.5915429,6.3656847,0.6280000),(2.6495117,6.3772784,0.6280000),(2.6476679,6.3799763,0.6280000),(2.5915429,6.3656847,0.6280000),(2.6476679,6.3799763,0.6280000),(2.6449596,6.3818513,0.6280000),(2.5915429,6.3656847,0.6280000),(2.6449596,6.3818513,0.6280000),(2.6417513,6.3824763,0.6280000),(2.5915429,6.3656847,0.6280000),(2.6417513,6.3824763,0.6280000),(2.5837929,6.3824763,0.6280000),(2.5898763,6.3193097,0.6280000),(2.5915429,6.3656847,0.6280000),(2.5837929,6.3824763,0.6280000),(2.5898763,6.3193097,0.6280000),(2.5837929,6.3824763,0.6280000),(2.5806263,6.3819243,0.6280000),(2.5898763,6.3193097,0.6280000),(2.5806263,6.3819243,0.6280000),(2.5778763,6.3802680,0.6280000),(2.5898763,6.3193097,0.6280000),(2.5778763,6.3802680,0.6280000),(2.5760013,6.3777055,0.6280000),(2.5898763,6.3193097,0.6280000),(2.5760013,6.3777055,0.6280000),(2.5753763,6.3746013,0.6280000),(2.5898763,6.3193097,0.6280000),(2.5753763,6.3746013,0.6280000),(2.5722096,6.2933097,0.6280000),(2.5898763,6.3193097,0.6280000),(2.5722096,6.2933097,0.6280000),(2.5727304,6.2901847,0.6280000),(2.5898763,6.3193097,0.6280000),(2.5727304,6.2901847,0.6280000),(2.5742929,6.2873930,0.6280000),(2.5898763,6.3193097,0.6280000),(2.5742929,6.2873930,0.6280000),(2.5768554,6.2852680,0.6280000),(2.5898763,6.3193097,0.6280000),(2.5768554,6.2852680,0.6280000),(2.5801263,6.2845597,0.6280000),(2.5898763,6.3193097,0.6280000),(2.5801263,6.2845597,0.6280000),(2.5833242,6.2850909,0.6280000),(2.5898763,6.3193097,0.6280000),(2.5833242,6.2850909,0.6280000),(2.5861679,6.2866847,0.6280000),(2.5898763,6.3193097,0.6280000),(2.5861679,6.2866847,0.6280000),(2.5886263,6.2906847,0.6280000),(2.5898763,6.3193097,0.6280000),(2.5886263,6.2906847,0.6280000),(2.5899648,6.2940362,0.6280000),(2.5898763,6.3193097,0.6280000),(2.5899648,6.2940362,0.6280000),(2.5918971,6.2973409,0.6280000),(2.5898763,6.3193097,0.6280000),(2.5918971,6.2973409,0.6280000),(2.5944232,6.3005987,0.6280000),(2.5898763,6.3193097,0.6280000),(2.5944232,6.3005987,0.6280000),(2.5975429,6.3038097,0.6280000),(2.5898763,6.3193097,0.6280000),(2.5975429,6.3038097,0.6280000),(2.6013060,6.3068722,0.6280000),(2.5898763,6.3193097,0.6280000),(2.6013060,6.3068722,0.6280000),(2.6052200,6.3090597,0.6280000),(2.5898763,6.3193097,0.6280000),(2.6052200,6.3090597,0.6280000),(2.6092851,6.3103722,0.6280000),(2.5898763,6.3193097,0.6280000),(2.6092851,6.3103722,0.6280000),(2.6135013,6.3108097,0.6280000),(2.5898763,6.3193097,0.6280000),(2.6135013,6.3108097,0.6280000),(2.6176940,6.3103722,0.6280000),(2.6490482,6.3033924,0.6280000),(2.5898763,6.3193097,0.6280000),(2.6176940,6.3103722,0.6280000),(2.6490482,6.3033924,0.6280000),(2.6176940,6.3103722,0.6280000),(2.6217304,6.3090597,0.6280000),(2.6490482,6.3033924,0.6280000),(2.6217304,6.3090597,0.6280000),(2.6256107,6.3068722,0.6280000),(2.6490482,6.3033924,0.6280000),(2.6256107,6.3068722,0.6280000),(2.6293346,6.3038097,0.6280000),(2.6490482,6.3033924,0.6280000),(2.6293346,6.3038097,0.6280000),(2.6328893,6.2987472,0.6280000),(2.6490482,6.3033924,0.6280000),(2.6328893,6.2987472,0.6280000),(2.6342858,6.2953566,0.6280000),(2.6490482,6.3033924,0.6280000),(2.6342858,6.2953566,0.6280000),(2.6354284,6.2913930,0.6280000),(2.6490482,6.3033924,0.6280000),(2.6354284,6.2913930,0.6280000),(2.6363170,6.2868566,0.6280000),(2.6490482,6.3033924,0.6280000),(2.6363170,6.2868566,0.6280000),(2.6369518,6.2817472,0.6280000),(2.6490482,6.3033924,0.6280000),(2.6369518,6.2817472,0.6280000),(2.6373327,6.2760649,0.6280000),(2.6490482,6.3033924,0.6280000),(2.6373327,6.2760649,0.6280000),(2.6374596,6.2698097,0.6280000),(2.6490482,6.3033924,0.6280000),(2.6374596,6.2698097,0.6280000),(2.6373242,6.2662094,0.6280000),(2.6490482,6.3033924,0.6280000),(2.6373242,6.2662094,0.6280000),(2.6369179,6.2628045,0.6280000),(2.6490482,6.3033924,0.6280000),(2.6369179,6.2628045,0.6280000),(2.6362409,6.2595948,0.6280000),(2.6279596,6.2259034,0.6280000),(2.6490482,6.3033924,0.6280000),(2.6362409,6.2595948,0.6280000),(2.6279596,6.2259034,0.6280000),(2.6362409,6.2595948,0.6280000),(2.6352929,6.2565805,0.6280000),(2.6279596,6.2259034,0.6280000),(2.6352929,6.2565805,0.6280000),(2.6325846,6.2511378,0.6280000),(2.6279596,6.2259034,0.6280000),(2.6325846,6.2511378,0.6280000),(2.6287929,6.2464763,0.6280000),(2.6279596,6.2259034,0.6280000),(2.6287929,6.2464763,0.6280000),(2.6251992,6.2434868,0.6280000),(2.6279596,6.2259034,0.6280000),(2.6251992,6.2434868,0.6280000),(2.6214179,6.2413513,0.6280000),(2.6279596,6.2259034,0.6280000),(2.6214179,6.2413513,0.6280000),(2.6174492,6.2400701,0.6280000),(2.6279596,6.2259034,0.6280000),(2.6174492,6.2400701,0.6280000),(2.6132929,6.2396430,0.6280000),(2.6279596,6.2259034,0.6280000),(2.6132929,6.2396430,0.6280000),(2.6092539,6.2400857,0.6280000),(2.6279596,6.2259034,0.6280000),(2.6092539,6.2400857,0.6280000),(2.6052200,6.2414138,0.6280000),(2.6279596,6.2259034,0.6280000),(2.6052200,6.2414138,0.6280000),(2.6011914,6.2436274,0.6280000),(2.5737513,6.2591430,0.6280000),(2.6279596,6.2259034,0.6280000),(2.6011914,6.2436274,0.6280000),(2.5737513,6.2591430,0.6280000),(2.6011914,6.2436274,0.6280000),(2.5971679,6.2467263,0.6280000),(2.5737513,6.2591430,0.6280000),(2.5971679,6.2467263,0.6280000),(2.5931471,6.2523513,0.6280000),(2.5737513,6.2591430,0.6280000),(2.5931471,6.2523513,0.6280000),(2.5915898,6.2562888,0.6280000),(2.5737513,6.2591430,0.6280000),(2.5915898,6.2562888,0.6280000),(2.5903346,6.2609763,0.6280000),(2.5737513,6.2591430,0.6280000),(2.5903346,6.2609763,0.6280000),(2.5886002,6.2638383,0.6280000),(2.5737513,6.2591430,0.6280000),(2.5886002,6.2638383,0.6280000),(2.5866888,6.2658826,0.6280000),(2.5737513,6.2591430,0.6280000),(2.5866888,6.2658826,0.6280000),(2.5823346,6.2675180,0.6280000),(2.5737513,6.2591430,0.6280000),(2.5823346,6.2675180,0.6280000),(2.5820429,6.2675180,0.6280000),(2.5737513,6.2591430,0.6280000),(2.5820429,6.2675180,0.6280000),(2.5791341,6.2669008,0.6280000),(2.5737513,6.2591430,0.6280000),(2.5791341,6.2669008,0.6280000),(2.5767825,6.2652993,0.6280000),(2.5285013,6.3656847,0.6280000),(2.4982513,6.2330597,0.6280000),(2.4981679,6.2311430,0.6280000),(2.5285013,6.3656847,0.6280000),(2.4981679,6.2311430,0.6280000),(2.4993346,6.2268513,0.6280000),(2.5285013,6.3656847,0.6280000),(2.4993346,6.2268513,0.6280000),(2.5015534,6.2244034,0.6280000),(2.5285013,6.3656847,0.6280000),(2.5015534,6.2244034,0.6280000),(2.5045429,6.2230597,0.6280000),(2.5285013,6.3656847,0.6280000),(2.5045429,6.2230597,0.6280000),(2.5065429,6.2229347,0.6280000),(2.5285013,6.3656847,0.6280000),(2.5065429,6.2229347,0.6280000),(2.5109179,6.2241430,0.6280000),(2.5285013,6.3656847,0.6280000),(2.5109179,6.2241430,0.6280000),(2.5133346,6.2264034,0.6280000),(2.5285013,6.3656847,0.6280000),(2.5133346,6.2264034,0.6280000),(2.5145846,6.2295180,0.6280000),(2.5285013,6.3656847,0.6280000),(2.5145846,6.2295180,0.6280000),(2.5472096,6.3722680,0.6280000),(2.4740013,6.3656847,0.6280000),(2.5285013,6.3656847,0.6280000),(2.5472096,6.3722680,0.6280000),(2.4740013,6.3656847,0.6280000),(2.5472096,6.3722680,0.6280000),(2.5473763,6.3742680,0.6280000),(2.4740013,6.3656847,0.6280000),(2.5473763,6.3742680,0.6280000),(2.5455846,6.3793513,0.6280000),(2.4740013,6.3656847,0.6280000),(2.5455846,6.3793513,0.6280000),(2.5426471,6.3816951,0.6280000),(2.4740013,6.3656847,0.6280000),(2.5426471,6.3816951,0.6280000),(2.5390013,6.3824763,0.6280000),(2.4740013,6.3656847,0.6280000),(2.5390013,6.3824763,0.6280000),(2.4740013,6.3824763,0.6280000),(2.4740013,6.3656847,0.6280000),(2.4740013,6.3824763,0.6280000),(2.4707929,6.3818513,0.6280000),(2.4740013,6.3656847,0.6280000),(2.4707929,6.3818513,0.6280000),(2.4680846,6.3799763,0.6280000),(2.4740013,6.3656847,0.6280000),(2.4680846,6.3799763,0.6280000),(2.4662409,6.3772784,0.6280000),(2.4740013,6.3656847,0.6280000),(2.4662409,6.3772784,0.6280000),(2.4656263,6.3741013,0.6280000),(2.4740013,6.3656847,0.6280000),(2.4656263,6.3741013,0.6280000),(2.4662409,6.3709138,0.6280000),(2.4740013,6.3656847,0.6280000),(2.4662409,6.3709138,0.6280000),(2.4680846,6.3681847,0.6280000),(2.4740013,6.3656847,0.6280000),(2.4680846,6.3681847,0.6280000),(2.4707929,6.3663097,0.6280000),(2.3175013,6.2241326,0.6280000),(2.3203763,6.2199347,0.6280000),(2.3245742,6.2170597,0.6280000),(2.3175013,6.2241326,0.6280000),(2.3245742,6.2170597,0.6280000),(2.3295013,6.2161013,0.6280000),(2.3175013,6.2241326,0.6280000),(2.3295013,6.2161013,0.6280000),(2.3344179,6.2170597,0.6280000),(2.3175013,6.2241326,0.6280000),(2.3344179,6.2170597,0.6280000),(2.3385846,6.2199347,0.6280000),(2.3175013,6.2241326,0.6280000),(2.3385846,6.2199347,0.6280000),(2.3414596,6.2241326,0.6280000),(2.3175013,6.2241326,0.6280000),(2.3414596,6.2241326,0.6280000),(2.3424179,6.2290597,0.6280000),(2.3175013,6.2241326,0.6280000),(2.3424179,6.2290597,0.6280000),(2.3414596,6.2339868,0.6280000),(2.3175013,6.2241326,0.6280000),(2.3414596,6.2339868,0.6280000),(2.3385846,6.2381847,0.6280000),(2.3175013,6.2241326,0.6280000),(2.3385846,6.2381847,0.6280000),(2.3344179,6.2410597,0.6280000),(2.3175013,6.2241326,0.6280000),(2.3344179,6.2410597,0.6280000),(2.3295013,6.2420180,0.6280000),(2.3175013,6.2241326,0.6280000),(2.3295013,6.2420180,0.6280000),(2.3245742,6.2410597,0.6280000),(2.3175013,6.2241326,0.6280000),(2.3245742,6.2410597,0.6280000),(2.3203763,6.2381847,0.6280000),(2.3175013,6.2241326,0.6280000),(2.3203763,6.2381847,0.6280000),(2.3175013,6.2339868,0.6280000),(2.3175013,6.2241326,0.6280000),(2.3175013,6.2339868,0.6280000),(2.3165429,6.2290597,0.6280000),(3.0630918,6.2931222,0.6280000),(3.1175085,6.2226638,0.6280000),(3.1203522,6.2202263,0.6280000),(3.0630918,6.2931222,0.6280000),(3.1203522,6.2202263,0.6280000),(3.1239668,6.2194138,0.6280000),(3.0630918,6.2931222,0.6280000),(3.1239668,6.2194138,0.6280000),(3.1291752,6.2212055,0.6280000),(3.0630918,6.2931222,0.6280000),(3.1291752,6.2212055,0.6280000),(3.1317064,6.2241013,0.6280000),(3.0630918,6.2931222,0.6280000),(3.1317064,6.2241013,0.6280000),(3.1325502,6.2278722,0.6280000),(3.0630918,6.2931222,0.6280000),(3.1325502,6.2278722,0.6280000),(3.1308002,6.2330805,0.6280000),(3.0630918,6.2931222,0.6280000),(3.1308002,6.2330805,0.6280000),(3.0845085,6.2931222,0.6280000),(3.0845085,6.2931222,0.6280000),(3.0878835,6.2931222,0.6280000),(3.0925782,6.2933233,0.6280000),(3.0630918,6.2931222,0.6280000),(3.0845085,6.2931222,0.6280000),(3.0925782,6.2933233,0.6280000),(3.0290918,6.2931222,0.6280000),(3.0630918,6.2931222,0.6280000),(3.0925782,6.2933233,0.6280000),(3.0290918,6.2931222,0.6280000),(3.0925782,6.2933233,0.6280000),(3.0970580,6.2939269,0.6280000),(3.0290918,6.2931222,0.6280000),(3.0970580,6.2939269,0.6280000),(3.1013229,6.2949327,0.6280000),(3.0290918,6.2931222,0.6280000),(3.1013229,6.2949327,0.6280000),(3.1053731,6.2963409,0.6280000),(3.0290918,6.2931222,0.6280000),(3.1053731,6.2963409,0.6280000),(3.1092084,6.2981515,0.6280000),(3.0290918,6.2931222,0.6280000),(3.1092084,6.2981515,0.6280000),(3.1128288,6.3003644,0.6280000),(3.0290918,6.2931222,0.6280000),(3.1128288,6.3003644,0.6280000),(3.1162344,6.3029796,0.6280000),(3.0290918,6.2931222,0.6280000),(3.1162344,6.3029796,0.6280000),(3.1194252,6.3059972,0.6280000),(3.0290918,6.2931222,0.6280000),(3.1194252,6.3059972,0.6280000),(3.1224330,6.3095297,0.6280000),(3.0290918,6.2931222,0.6280000),(3.1224330,6.3095297,0.6280000),(3.1250397,6.3131691,0.6280000),(3.0290918,6.2931222,0.6280000),(3.1250397,6.3131691,0.6280000),(3.1272455,6.3169151,0.6280000),(3.1272455,6.3169151,0.6280000),(3.1290502,6.3207680,0.6280000),(3.1134772,6.3266430,0.6280000),(3.1272455,6.3169151,0.6280000),(3.1134772,6.3266430,0.6280000),(3.1109382,6.3220128,0.6280000),(3.1272455,6.3169151,0.6280000),(3.1109382,6.3220128,0.6280000),(3.1073835,6.3178305,0.6280000),(3.1272455,6.3169151,0.6280000),(3.1073835,6.3178305,0.6280000),(3.1030554,6.3143670,0.6280000),(3.1272455,6.3169151,0.6280000),(3.1030554,6.3143670,0.6280000),(3.0983627,6.3118930,0.6280000),(3.1272455,6.3169151,0.6280000),(3.0983627,6.3118930,0.6280000),(3.0933054,6.3104086,0.6280000),(3.0290918,6.2931222,0.6280000),(3.1272455,6.3169151,0.6280000),(3.0933054,6.3104086,0.6280000),(3.0290918,6.2931222,0.6280000),(3.0933054,6.3104086,0.6280000),(3.0878835,6.3099138,0.6280000),(3.0290918,6.2931222,0.6280000),(3.0878835,6.3099138,0.6280000),(3.0290918,6.3099138,0.6280000),(3.1150007,6.3317211,0.6280000),(3.1134772,6.3266430,0.6280000),(3.1290502,6.3207680,0.6280000),(3.1155085,6.3372472,0.6280000),(3.1150007,6.3317211,0.6280000),(3.1290502,6.3207680,0.6280000),(3.1150007,6.3427211,0.6280000),(3.1155085,6.3372472,0.6280000),(3.1290502,6.3207680,0.6280000),(3.1134772,6.3477680,0.6280000),(3.1150007,6.3427211,0.6280000),(3.1290502,6.3207680,0.6280000),(3.1109382,6.3523878,0.6280000),(3.1134772,6.3477680,0.6280000),(3.1290502,6.3207680,0.6280000),(3.1109382,6.3523878,0.6280000),(3.1290502,6.3207680,0.6280000),(3.1304538,6.3247276,0.6280000),(3.1109382,6.3523878,0.6280000),(3.1304538,6.3247276,0.6280000),(3.1314564,6.3287941,0.6280000),(3.1073835,6.3565805,0.6280000),(3.1109382,6.3523878,0.6280000),(3.1314564,6.3287941,0.6280000),(3.1073835,6.3565805,0.6280000),(3.1314564,6.3287941,0.6280000),(3.1320580,6.3329672,0.6280000),(3.1073835,6.3565805,0.6280000),(3.1320580,6.3329672,0.6280000),(3.1322585,6.3372472,0.6280000),(3.1031647,6.3600441,0.6280000),(3.1073835,6.3565805,0.6280000),(3.1322585,6.3372472,0.6280000),(3.1031647,6.3600441,0.6280000),(3.1322585,6.3372472,0.6280000),(3.1320580,6.3416808,0.6280000),(3.1031647,6.3600441,0.6280000),(3.1320580,6.3416808,0.6280000),(3.1314564,6.3459607,0.6280000),(3.0985502,6.3625180,0.6280000),(3.1031647,6.3600441,0.6280000),(3.1314564,6.3459607,0.6280000),(3.0985502,6.3625180,0.6280000),(3.1314564,6.3459607,0.6280000),(3.1304538,6.3500870,0.6280000),(3.0985502,6.3625180,0.6280000),(3.1304538,6.3500870,0.6280000),(3.1290502,6.3540597,0.6280000),(3.0935397,6.3640024,0.6280000),(3.0985502,6.3625180,0.6280000),(3.1290502,6.3540597,0.6280000),(3.0935397,6.3640024,0.6280000),(3.1290502,6.3540597,0.6280000),(3.1272455,6.3578787,0.6280000),(3.0935397,6.3640024,0.6280000),(3.1272455,6.3578787,0.6280000),(3.1250397,6.3615441,0.6280000),(3.0881335,6.3644972,0.6280000),(3.0935397,6.3640024,0.6280000),(3.1250397,6.3615441,0.6280000),(3.0881335,6.3644972,0.6280000),(3.1250397,6.3615441,0.6280000),(3.1224330,6.3650558,0.6280000),(3.0290918,6.3644972,0.6280000),(3.0881335,6.3644972,0.6280000),(3.1224330,6.3650558,0.6280000),(3.0290918,6.3644972,0.6280000),(3.1224330,6.3650558,0.6280000),(3.1194252,6.3684138,0.6280000),(3.0290918,6.3644972,0.6280000),(3.1194252,6.3684138,0.6280000),(3.1159974,6.3714900,0.6280000),(3.0290918,6.3644972,0.6280000),(3.1159974,6.3714900,0.6280000),(3.1124226,6.3741560,0.6280000),(3.0290918,6.3644972,0.6280000),(3.1124226,6.3741560,0.6280000),(3.1087006,6.3764119,0.6280000),(3.0290918,6.3644972,0.6280000),(3.1087006,6.3764119,0.6280000),(3.1048314,6.3782576,0.6280000),(3.0290918,6.3644972,0.6280000),(3.1048314,6.3782576,0.6280000),(3.1008151,6.3796931,0.6280000),(3.0290918,6.3644972,0.6280000),(3.1008151,6.3796931,0.6280000),(3.0966517,6.3807185,0.6280000),(3.0290918,6.3644972,0.6280000),(3.0966517,6.3807185,0.6280000),(3.0923412,6.3813338,0.6280000),(3.0290918,6.3644972,0.6280000),(3.0923412,6.3813338,0.6280000),(3.0878835,6.3815388,0.6280000),(3.0290918,6.3644972,0.6280000),(3.0878835,6.3815388,0.6280000),(3.0207168,6.3815388,0.6280000),(3.0290918,6.3099138,0.6280000),(3.0290918,6.3644972,0.6280000),(3.0207168,6.3815388,0.6280000),(3.0290918,6.2931222,0.6280000),(3.0290918,6.3099138,0.6280000),(3.0207168,6.3815388,0.6280000),(3.0290918,6.2931222,0.6280000),(3.0207168,6.3815388,0.6280000),(3.0173314,6.3808826,0.6280000),(3.0290918,6.2931222,0.6280000),(3.0173314,6.3808826,0.6280000),(3.0145085,6.3789138,0.6280000),(3.0290918,6.2931222,0.6280000),(3.0145085,6.3789138,0.6280000),(3.0128522,6.3759868,0.6280000),(3.0290918,6.2931222,0.6280000),(3.0128522,6.3759868,0.6280000),(3.0123002,6.3728722,0.6280000),(3.0290918,6.2931222,0.6280000),(3.0123002,6.3728722,0.6280000),(3.0123002,6.2300805,0.6280000),(3.0290918,6.2931222,0.6280000),(3.0123002,6.2300805,0.6280000),(3.0132012,6.2267993,0.6280000),(3.0290918,6.2931222,0.6280000),(3.0132012,6.2267993,0.6280000),(3.0149043,6.2244555,0.6280000),(3.0290918,6.2931222,0.6280000),(3.0149043,6.2244555,0.6280000),(3.0207168,6.2225805,0.6280000),(3.0290918,6.2931222,0.6280000),(3.0207168,6.2225805,0.6280000),(3.0236309,6.2230493,0.6280000),(3.0290918,6.2931222,0.6280000),(3.0236309,6.2230493,0.6280000),(3.0259981,6.2244555,0.6280000),(3.0290918,6.2931222,0.6280000),(3.0259981,6.2244555,0.6280000),(3.0290918,6.2300805,0.6280000),(2.9744252,6.2933305,0.6280000),(2.9743418,6.2300805,0.6280000),(2.9749772,6.2268513,0.6280000),(2.9744252,6.2933305,0.6280000),(2.9749772,6.2268513,0.6280000),(2.9768835,6.2241638,0.6280000),(2.9744252,6.2933305,0.6280000),(2.9768835,6.2241638,0.6280000),(2.9795918,6.2223513,0.6280000),(2.9744252,6.2933305,0.6280000),(2.9795918,6.2223513,0.6280000),(2.9826335,6.2217472,0.6280000),(2.9744252,6.2933305,0.6280000),(2.9826335,6.2217472,0.6280000),(2.9858939,6.2223513,0.6280000),(2.9744252,6.2933305,0.6280000),(2.9858939,6.2223513,0.6280000),(2.9885918,6.2241638,0.6280000),(2.9744252,6.2933305,0.6280000),(2.9885918,6.2241638,0.6280000),(2.9904043,6.2268513,0.6280000),(2.9744252,6.2933305,0.6280000),(2.9904043,6.2268513,0.6280000),(2.9910085,6.2300805,0.6280000),(2.9744252,6.2933305,0.6280000),(2.9910085,6.2300805,0.6280000),(2.9910085,6.3728722,0.6280000),(2.9744252,6.2933305,0.6280000),(2.9910085,6.3728722,0.6280000),(2.9904043,6.3760805,0.6280000),(2.9744252,6.2933305,0.6280000),(2.9904043,6.3760805,0.6280000),(2.9885918,6.3787888,0.6280000),(2.9744252,6.2933305,0.6280000),(2.9885918,6.3787888,0.6280000),(2.9859356,6.3806638,0.6280000),(2.9744252,6.2933305,0.6280000),(2.9859356,6.3806638,0.6280000),(2.9828002,6.3812888,0.6280000),(2.9744252,6.2933305,0.6280000),(2.9828002,6.3812888,0.6280000),(2.9795710,6.3806430,0.6280000),(2.9744252,6.2933305,0.6280000),(2.9795710,6.3806430,0.6280000),(2.9768002,6.3787055,0.6280000),(2.9744252,6.2933305,0.6280000),(2.9768002,6.3787055,0.6280000),(2.9749564,6.3761638,0.6280000),(2.9744252,6.2933305,0.6280000),(2.9749564,6.3761638,0.6280000),(2.9743418,6.3728722,0.6280000),(2.9744252,6.2933305,0.6280000),(2.9743418,6.3728722,0.6280000),(2.9743418,6.3099138,0.6280000),(2.8877585,6.2933305,0.6280000),(2.9744252,6.2933305,0.6280000),(2.9743418,6.3099138,0.6280000),(2.8877585,6.2933305,0.6280000),(2.9743418,6.3099138,0.6280000),(2.8880085,6.3099138,0.6280000),(2.8877585,6.2933305,0.6280000),(2.8880085,6.3099138,0.6280000),(2.8880085,6.3728722,0.6280000),(2.8877585,6.2933305,0.6280000),(2.8880085,6.3728722,0.6280000),(2.8873627,6.3760805,0.6280000),(2.8877585,6.2933305,0.6280000),(2.8873627,6.3760805,0.6280000),(2.8854252,6.3787888,0.6280000),(2.8877585,6.2933305,0.6280000),(2.8854252,6.3787888,0.6280000),(2.8826856,6.3806638,0.6280000),(2.8877585,6.2933305,0.6280000),(2.8826856,6.3806638,0.6280000),(2.8796335,6.3812888,0.6280000),(2.8877585,6.2933305,0.6280000),(2.8796335,6.3812888,0.6280000),(2.8763939,6.3806638,0.6280000),(2.8877585,6.2933305,0.6280000),(2.8763939,6.3806638,0.6280000),(2.8735918,6.3787888,0.6280000),(2.8877585,6.2933305,0.6280000),(2.8735918,6.3787888,0.6280000),(2.8716856,6.3760805,0.6280000),(2.8877585,6.2933305,0.6280000),(2.8716856,6.3760805,0.6280000),(2.8710502,6.3728722,0.6280000),(2.8877585,6.2933305,0.6280000),(2.8710502,6.3728722,0.6280000),(2.8710502,6.2300805,0.6280000),(2.8877585,6.2933305,0.6280000),(2.8710502,6.2300805,0.6280000),(2.8716647,6.2268513,0.6280000),(2.8877585,6.2933305,0.6280000),(2.8716647,6.2268513,0.6280000),(2.8735085,6.2241638,0.6280000),(2.8877585,6.2933305,0.6280000),(2.8735085,6.2241638,0.6280000),(2.8762481,6.2223513,0.6280000),(2.8877585,6.2933305,0.6280000),(2.8762481,6.2223513,0.6280000),(2.8794668,6.2217472,0.6280000),(2.8877585,6.2933305,0.6280000),(2.8794668,6.2217472,0.6280000),(2.8825293,6.2223409,0.6280000),(2.8877585,6.2933305,0.6280000),(2.8825293,6.2223409,0.6280000),(2.8853835,6.2241222,0.6280000),(2.8877585,6.2933305,0.6280000),(2.8853835,6.2241222,0.6280000),(2.8871647,6.2266743,0.6280000),(2.8877585,6.2933305,0.6280000),(2.8871647,6.2266743,0.6280000),(2.8877585,6.2300805,0.6280000),(3.1705085,6.2819972,0.6280000),(3.1705085,6.3728722,0.6280000),(3.1699043,6.3760805,0.6280000),(3.1705085,6.2819972,0.6280000),(3.1699043,6.3760805,0.6280000),(3.1680918,6.3787888,0.6280000),(3.1705085,6.2819972,0.6280000),(3.1680918,6.3787888,0.6280000),(3.1654356,6.3806638,0.6280000),(3.1707045,6.2775694,0.6280000),(3.1705085,6.2819972,0.6280000),(3.1654356,6.3806638,0.6280000),(3.1707045,6.2775694,0.6280000),(3.1654356,6.3806638,0.6280000),(3.1623002,6.3812888,0.6280000),(3.1707045,6.2775694,0.6280000),(3.1623002,6.3812888,0.6280000),(3.1590189,6.3806430,0.6280000),(3.1707045,6.2775694,0.6280000),(3.1590189,6.3806430,0.6280000),(3.1560918,6.3787055,0.6280000),(3.1707045,6.2775694,0.6280000),(3.1560918,6.3787055,0.6280000),(3.1543106,6.3761638,0.6280000),(3.1707045,6.2775694,0.6280000),(3.1543106,6.3761638,0.6280000),(3.1537168,6.3728722,0.6280000),(3.1707045,6.2775694,0.6280000),(3.1537168,6.3728722,0.6280000),(3.1537168,6.2819972,0.6280000),(3.1707045,6.2775694,0.6280000),(3.1537168,6.2819972,0.6280000),(3.1539903,6.2758911,0.6280000),(3.1707045,6.2775694,0.6280000),(3.1539903,6.2758911,0.6280000),(3.1548106,6.2700102,0.6280000),(3.1707045,6.2775694,0.6280000),(3.1548106,6.2700102,0.6280000),(3.1561778,6.2643546,0.6280000),(3.1707045,6.2775694,0.6280000),(3.1561778,6.2643546,0.6280000),(3.1580918,6.2589243,0.6280000),(3.1707045,6.2775694,0.6280000),(3.1580918,6.2589243,0.6280000),(3.1605528,6.2537192,0.6280000),(3.1707045,6.2775694,0.6280000),(3.1605528,6.2537192,0.6280000),(3.1635606,6.2487394,0.6280000),(3.1707045,6.2775694,0.6280000),(3.1635606,6.2487394,0.6280000),(3.1671153,6.2439848,0.6280000),(3.1707045,6.2775694,0.6280000),(3.1671153,6.2439848,0.6280000),(3.1712168,6.2394555,0.6280000),(3.1707045,6.2775694,0.6280000),(3.1712168,6.2394555,0.6280000),(3.1756491,6.2353051,0.6280000),(3.1756491,6.2353051,0.6280000),(3.1803210,6.2317081,0.6280000),(3.1852325,6.2286645,0.6280000),(3.1756491,6.2353051,0.6280000),(3.1852325,6.2286645,0.6280000),(3.1903835,6.2261743,0.6280000),(3.1756491,6.2353051,0.6280000),(3.1903835,6.2261743,0.6280000),(3.1957741,6.2242374,0.6280000),(3.1756491,6.2353051,0.6280000),(3.1957741,6.2242374,0.6280000),(3.2014043,6.2228539,0.6280000),(3.1756491,6.2353051,0.6280000),(3.2014043,6.2228539,0.6280000),(3.2072741,6.2220239,0.6280000),(3.1756491,6.2353051,0.6280000),(3.2072741,6.2220239,0.6280000),(3.2133835,6.2217472,0.6280000),(3.1756491,6.2353051,0.6280000),(3.2133835,6.2217472,0.6280000),(3.2195013,6.2220239,0.6280000),(3.1756491,6.2353051,0.6280000),(3.2195013,6.2220239,0.6280000),(3.2253965,6.2228539,0.6280000),(3.1756491,6.2353051,0.6280000),(3.2253965,6.2228539,0.6280000),(3.2310690,6.2242374,0.6280000),(3.1756491,6.2353051,0.6280000),(3.2310690,6.2242374,0.6280000),(3.2365189,6.2261743,0.6280000),(3.1756491,6.2353051,0.6280000),(3.2365189,6.2261743,0.6280000),(3.2417461,6.2286645,0.6280000),(3.1756491,6.2353051,0.6280000),(3.2417461,6.2286645,0.6280000),(3.2467507,6.2317081,0.6280000),(3.1756491,6.2353051,0.6280000),(3.2467507,6.2317081,0.6280000),(3.2515326,6.2353051,0.6280000),(3.1756491,6.2353051,0.6280000),(3.2515326,6.2353051,0.6280000),(3.2560918,6.2394555,0.6280000),(3.2560918,6.2394555,0.6280000),(3.2602129,6.2439321,0.6280000),(3.2637845,6.2486534,0.6280000),(3.2560918,6.2394555,0.6280000),(3.2637845,6.2486534,0.6280000),(3.2668067,6.2536196,0.6280000),(3.2560918,6.2394555,0.6280000),(3.2668067,6.2536196,0.6280000),(3.2692793,6.2588305,0.6280000),(3.2560918,6.2394555,0.6280000),(3.2692793,6.2588305,0.6280000),(3.2712025,6.2642862,0.6280000),(3.2560918,6.2394555,0.6280000),(3.2712025,6.2642862,0.6280000),(3.2725762,6.2699868,0.6280000),(3.2560918,6.2394555,0.6280000),(3.2725762,6.2699868,0.6280000),(3.2734004,6.2759321,0.6280000),(3.2560918,6.2394555,0.6280000),(3.2734004,6.2759321,0.6280000),(3.2736752,6.2821222,0.6280000),(3.2560918,6.2394555,0.6280000),(3.2736752,6.2821222,0.6280000),(3.2736752,6.3728722,0.6280000),(3.2560918,6.2394555,0.6280000),(3.2736752,6.3728722,0.6280000),(3.2730710,6.3760805,0.6280000),(3.2560918,6.2394555,0.6280000),(3.2730710,6.3760805,0.6280000),(3.2712585,6.3787888,0.6280000),(3.2560918,6.2394555,0.6280000),(3.2712585,6.3787888,0.6280000),(3.2685710,6.3806638,0.6280000),(3.2560918,6.2394555,0.6280000),(3.2685710,6.3806638,0.6280000),(3.2653418,6.3812888,0.6280000),(3.2560918,6.2394555,0.6280000),(3.2653418,6.3812888,0.6280000),(3.2621127,6.3806638,0.6280000),(3.2560918,6.2394555,0.6280000),(3.2621127,6.3806638,0.6280000),(3.2594252,6.3787888,0.6280000),(3.2594252,6.3787888,0.6280000),(3.2576127,6.3760805,0.6280000),(3.2570085,6.3728722,0.6280000),(3.2594252,6.3787888,0.6280000),(3.2570085,6.3728722,0.6280000),(3.2570085,6.2821222,0.6280000),(3.2560918,6.2394555,0.6280000),(3.2594252,6.3787888,0.6280000),(3.2570085,6.2821222,0.6280000),(3.2560918,6.2394555,0.6280000),(3.2570085,6.2821222,0.6280000),(3.2568073,6.2777120,0.6280000),(3.2560918,6.2394555,0.6280000),(3.2568073,6.2777120,0.6280000),(3.2562038,6.2734607,0.6280000),(3.2560918,6.2394555,0.6280000),(3.2562038,6.2734607,0.6280000),(3.2551979,6.2693683,0.6280000),(3.2560918,6.2394555,0.6280000),(3.2551979,6.2693683,0.6280000),(3.2537897,6.2654347,0.6280000),(3.2560918,6.2394555,0.6280000),(3.2537897,6.2654347,0.6280000),(3.2519792,6.2616599,0.6280000),(3.2560918,6.2394555,0.6280000),(3.2519792,6.2616599,0.6280000),(3.2497663,6.2580441,0.6280000),(3.2560918,6.2394555,0.6280000),(3.2497663,6.2580441,0.6280000),(3.2471511,6.2545870,0.6280000),(3.2560918,6.2394555,0.6280000),(3.2471511,6.2545870,0.6280000),(3.2441335,6.2512888,0.6280000),(3.2560918,6.2394555,0.6280000),(3.2441335,6.2512888,0.6280000),(3.2409102,6.2482810,0.6280000),(3.2560918,6.2394555,0.6280000),(3.2409102,6.2482810,0.6280000),(3.2375111,6.2456743,0.6280000),(3.2560918,6.2394555,0.6280000),(3.2375111,6.2456743,0.6280000),(3.2339362,6.2434685,0.6280000),(3.2560918,6.2394555,0.6280000),(3.2339362,6.2434685,0.6280000),(3.2301856,6.2416638,0.6280000),(3.2560918,6.2394555,0.6280000),(3.2301856,6.2416638,0.6280000),(3.2262591,6.2402602,0.6280000),(3.2560918,6.2394555,0.6280000),(3.2262591,6.2402602,0.6280000),(3.2221569,6.2392576,0.6280000),(3.2560918,6.2394555,0.6280000),(3.2221569,6.2392576,0.6280000),(3.2178789,6.2386560,0.6280000),(3.1756491,6.2353051,0.6280000),(3.2560918,6.2394555,0.6280000),(3.2178789,6.2386560,0.6280000),(3.1756491,6.2353051,0.6280000),(3.2178789,6.2386560,0.6280000),(3.2134252,6.2384555,0.6280000),(3.1756491,6.2353051,0.6280000),(3.2134252,6.2384555,0.6280000),(3.2090495,6.2386547,0.6280000),(3.1756491,6.2353051,0.6280000),(3.2090495,6.2386547,0.6280000),(3.2048392,6.2392524,0.6280000),(3.1756491,6.2353051,0.6280000),(3.2048392,6.2392524,0.6280000),(3.2007943,6.2402485,0.6280000),(3.1756491,6.2353051,0.6280000),(3.2007943,6.2402485,0.6280000),(3.1969147,6.2416430,0.6280000),(3.1756491,6.2353051,0.6280000),(3.1969147,6.2416430,0.6280000),(3.1932006,6.2434360,0.6280000),(3.1756491,6.2353051,0.6280000),(3.1932006,6.2434360,0.6280000),(3.1896517,6.2456274,0.6280000),(3.1756491,6.2353051,0.6280000),(3.1896517,6.2456274,0.6280000),(3.1862683,6.2482172,0.6280000),(3.1756491,6.2353051,0.6280000),(3.1862683,6.2482172,0.6280000),(3.1830502,6.2512055,0.6280000),(3.1756491,6.2353051,0.6280000),(3.1830502,6.2512055,0.6280000),(3.1801107,6.2544757,0.6280000),(3.1756491,6.2353051,0.6280000),(3.1801107,6.2544757,0.6280000),(3.1775632,6.2579112,0.6280000),(3.1756491,6.2353051,0.6280000),(3.1775632,6.2579112,0.6280000),(3.1754076,6.2615122,0.6280000),(3.1756491,6.2353051,0.6280000),(3.1754076,6.2615122,0.6280000),(3.1736439,6.2652784,0.6280000),(3.1756491,6.2353051,0.6280000),(3.1736439,6.2652784,0.6280000),(3.1722722,6.2692101,0.6280000),(3.1756491,6.2353051,0.6280000),(3.1722722,6.2692101,0.6280000),(3.1712923,6.2733071,0.6280000),(3.1707045,6.2775694,0.6280000),(3.1756491,6.2353051,0.6280000),(3.1712923,6.2733071,0.6280000),(2.8475814,6.3665909,0.6280000),(2.8496752,6.3728722,0.6280000),(2.8490814,6.3760180,0.6280000),(2.8475814,6.3665909,0.6280000),(2.8490814,6.3760180,0.6280000),(2.8473002,6.3787055,0.6280000),(2.8475814,6.3665909,0.6280000),(2.8473002,6.3787055,0.6280000),(2.8446127,6.3806430,0.6280000),(2.8475814,6.3665909,0.6280000),(2.8446127,6.3806430,0.6280000),(2.8413002,6.3812888,0.6280000),(2.8475814,6.3665909,0.6280000),(2.8413002,6.3812888,0.6280000),(2.7381335,6.3812888,0.6280000),(2.8475814,6.3665909,0.6280000),(2.7381335,6.3812888,0.6280000),(2.7344668,6.3804868,0.6280000),(2.8475814,6.3665909,0.6280000),(2.7344668,6.3804868,0.6280000),(2.7315502,6.3780805,0.6280000),(2.8475814,6.3665909,0.6280000),(2.7315502,6.3780805,0.6280000),(2.7297168,6.3728722,0.6280000),(2.8475814,6.3665909,0.6280000),(2.7297168,6.3728722,0.6280000),(2.7297168,6.3722472,0.6280000),(2.8475814,6.3665909,0.6280000),(2.7297168,6.3722472,0.6280000),(2.7320918,6.3671638,0.6280000),(2.8475814,6.3665909,0.6280000),(2.7320918,6.3671638,0.6280000),(2.7348939,6.3651638,0.6280000),(2.8475814,6.3665909,0.6280000),(2.7348939,6.3651638,0.6280000),(2.7381335,6.3644972,0.6280000),(2.8475814,6.3665909,0.6280000),(2.7381335,6.3644972,0.6280000),(2.7814252,6.3644972,0.6280000),(2.7814252,6.3644972,0.6280000),(2.7814252,6.2300805,0.6280000),(2.7820293,6.2268513,0.6280000),(2.7814252,6.3644972,0.6280000),(2.7820293,6.2268513,0.6280000),(2.7838418,6.2241638,0.6280000),(2.7814252,6.3644972,0.6280000),(2.7838418,6.2241638,0.6280000),(2.7865293,6.2223513,0.6280000),(2.7814252,6.3644972,0.6280000),(2.7865293,6.2223513,0.6280000),(2.7897585,6.2217472,0.6280000),(2.7814252,6.3644972,0.6280000),(2.7897585,6.2217472,0.6280000),(2.7929877,6.2223513,0.6280000),(2.7814252,6.3644972,0.6280000),(2.7929877,6.2223513,0.6280000),(2.7956752,6.2241638,0.6280000),(2.7814252,6.3644972,0.6280000),(2.7956752,6.2241638,0.6280000),(2.7974877,6.2268513,0.6280000),(2.7814252,6.3644972,0.6280000),(2.7974877,6.2268513,0.6280000),(2.7980918,6.2300805,0.6280000),(2.7814252,6.3644972,0.6280000),(2.7980918,6.2300805,0.6280000),(2.7980918,6.3644972,0.6280000),(2.8475814,6.3665909,0.6280000),(2.7814252,6.3644972,0.6280000),(2.7980918,6.3644972,0.6280000),(2.8475814,6.3665909,0.6280000),(2.7980918,6.3644972,0.6280000),(2.8413002,6.3644972,0.6280000),(2.8475814,6.3665909,0.6280000),(2.8413002,6.3644972,0.6280000),(2.8449642,6.3650206,0.6280000)));
#3745=COMPLEX_TRIANGULATED_SURFACE_SET('surface set',#3744,2604,(),(),(),((1,2,3),(4,5,6),(7,8,9),(10,11,12),(13,14,15),(16,17,18),(19,20,21),(22,23,24),(25,26,27),(28,29,30),(31,32,33),(34,35,36),(37,38,39),(40,41,42),(43,44,45),(46,47,48),(49,50,51),(52,53,54),(55,56,57),(58,59,60),(61,62,63),(64,65,66),(67,68,69),(70,71,72),(73,74,75),(76,77,78),(79,80,81),(82,83,84),(85,86,87),(88,89,90),(91,92,93),(94,95,96),(97,98,99),(100,101,102),(103,104,105),(106,107,108),(109,110,111),(112,113,114),(115,116,117),(118,119,120),(121,122,123),(124,125,126),(127,128,129),(130,131,132),(133,134,135),(136,137,138),(139,140,141),(142,143,144),(145,146,147),(148,149,150),(151,152,153),(154,155,156),(157,158,159),(160,161,162),(163,164,165),(166,167,168),(169,170,171),(172,173,174),(175,176,177),(178,179,180),(181,182,183),(184,185,186),(187,188,189),(190,191,192),(193,194,195),(196,197,198),(199,200,201),(202,203,204),(205,206,207),(208,209,210),(211,212,213),(214,215,216),(217,218,219),(220,221,222),(223,224,225),(226,227,228),(229,230,231),(232,233,234),(235,236,237),(238,239,240),(241,242,243),(244,245,246),(247,248,249),(250,251,252),(253,254,255),(256,257,258),(259,260,261),(262,263,264),(265,266,267),(268,269,270),(271,272,273),(274,275,276),(277,278,279),(280,281,282),(283,284,285),(286,287,288),(289,290,291),(292,293,294),(295,296,297),(298,299,300),(301,302,303),(304,305,306),(307,308,309),(310,311,312),(313,314,315),(316,317,318),(319,320,321),(322,323,324),(325,326,327),(328,329,330),(331,332,333),(334,335,336),(337,338,339),(340,341,342),(343,344,345),(346,347,348),(349,350,351),(352,353,354),(355,356,357),(358,359,360),(361,362,363),(364,365,366),(367,368,369),(370,371,372),(373,374,375),(376,377,378),(379,380,381),(382,383,384),(385,386,387),(388,389,390),(391,392,393),(394,395,396),(397,398,399),(400,401,402),(403,404,405),(406,407,408),(409,410,411),(412,413,414),(415,416,417),(418,419,420),(421,422,423),(424,425,426),(427,428,429),(430,431,432),(433,434,435),(436,437,438),(439,440,441),(442,443,444),(445,446,447),(448,449,450),(451,452,453),(454,455,456),(457,458,459),(460,461,462),(463,464,465),(466,467,468),(469,470,471),(472,473,474),(475,476,477),(478,479,480),(481,482,483),(484,485,486),(487,488,489),(490,491,492),(493,494,495),(496,497,498),(499,500,501),(502,503,504),(505,506,507),(508,509,510),(511,512,513),(514,515,516),(517,518,519),(520,521,522),(523,524,525),(526,527,528),(529,530,531),(532,533,534),(535,536,537),(538,539,540),(541,542,543),(544,545,546),(547,548,549),(550,551,552),(553,554,555),(556,557,558),(559,560,561),(562,563,564),(565,566,567),(568,569,570),(571,572,573),(574,575,576),(577,578,579),(580,581,582),(583,584,585),(586,587,588),(589,590,591),(592,593,594),(595,596,597),(598,599,600),(601,602,603),(604,605,606),(607,608,609),(610,611,612),(613,614,615),(616,617,618),(619,620,621),(622,623,624),(625,626,627),(628,629,630),(631,632,633),(634,635,636),(637,638,639),(640,641,642),(643,644,645),(646,647,648),(649,650,651),(652,653,654),(655,656,657),(658,659,660),(661,662,663),(664,665,666),(667,668,669),(670,671,672),(673,674,675),(676,677,678),(679,680,681),(682,683,684),(685,686,687),(688,689,690),(691,692,693),(694,695,696),(697,698,699),(700,701,702),(703,704,705),(706,707,708),(709,710,711),(712,713,714),(715,716,717),(718,719,720),(721,722,723),(724,725,726),(727,728,729),(730,731,732),(733,734,735),(736,737,738),(739,740,741),(742,743,744),(745,746,747),(748,749,750),(751,752,753),(754,755,756),(757,758,759),(760,761,762),(763,764,765),(766,767,768),(769,770,771),(772,773,774),(775,776,777),(778,779,780),(781,782,783),(784,785,786),(787,788,789),(790,791,792),(793,794,795),(796,797,798),(799,800,801),(802,803,804),(805,806,807),(808,809,810),(811,812,813),(814,815,816),(817,818,819),(820,821,822),(823,824,825),(826,827,828),(829,830,831),(832,833,834),(835,836,837),(838,839,840),(841,842,843),(844,845,846),(847,848,849),(850,851,852),(853,854,855),(856,857,858),(859,860,861),(862,863,864),(865,866,867),(868,869,870),(871,872,873),(874,875,876),(877,878,879),(880,881,882),(883,884,885),(886,887,888),(889,890,891),(892,893,894),(895,896,897),(898,899,900),(901,902,903),(904,905,906),(907,908,909),(910,911,912),(913,914,915),(916,917,918),(919,920,921),(922,923,924),(925,926,927),(928,929,930),(931,932,933),(934,935,936),(937,938,939),(940,941,942),(943,944,945),(946,947,948),(949,950,951),(952,953,954),(955,956,957),(958,959,960),(961,962,963),(964,965,966),(967,968,969),(970,971,972),(973,974,975),(976,977,978),(979,980,981),(982,983,984),(985,986,987),(988,989,990),(991,992,993),(994,995,996),(997,998,999),(1000,1001,1002),(1003,1004,1005),(1006,1007,1008),(1009,1010,1011),(1012,1013,1014),(1015,1016,1017),(1018,1019,1020),(1021,1022,1023),(1024,1025,1026),(1027,1028,1029),(1030,1031,1032),(1033,1034,1035),(1036,1037,1038),(1039,1040,1041),(1042,1043,1044),(1045,1046,1047),(1048,1049,1050),(1051,1052,1053),(1054,1055,1056),(1057,1058,1059),(1060,1061,1062),(1063,1064,1065),(1066,1067,1068),(1069,1070,1071),(1072,1073,1074),(1075,1076,1077),(1078,1079,1080),(1081,1082,1083),(1084,1085,1086),(1087,1088,1089),(1090,1091,1092),(1093,1094,1095),(1096,1097,1098),(1099,1100,1101),(1102,1103,1104),(1105,1106,1107),(1108,1109,1110),(1111,1112,1113),(1114,1115,1116),(1117,1118,1119),(1120,1121,1122),(1123,1124,1125),(1126,1127,1128),(1129,1130,1131),(1132,1133,1134),(1135,1136,1137),(1138,1139,1140),(1141,1142,1143),(1144,1145,1146),(1147,1148,1149),(1150,1151,1152),(1153,1154,1155),(1156,1157,1158),(1159,1160,1161),(1162,1163,1164),(1165,1166,1167),(1168,1169,1170),(1171,1172,1173),(1174,1175,1176),(1177,1178,1179),(1180,1181,1182),(1183,1184,1185),(1186,1187,1188),(1189,1190,1191),(1192,1193,1194),(1195,1196,1197),(1198,1199,1200),(1201,1202,1203),(1204,1205,1206),(1207,1208,1209),(1210,1211,1212),(1213,1214,1215),(1216,1217,1218),(1219,1220,1221),(1222,1223,1224),(1225,1226,1227),(1228,1229,1230),(1231,1232,1233),(1234,1235,1236),(1237,1238,1239),(1240,1241,1242),(1243,1244,1245),(1246,1247,1248),(1249,1250,1251),(1252,1253,1254),(1255,1256,1257),(1258,1259,1260),(1261,1262,1263),(1264,1265,1266),(1267,1268,1269),(1270,1271,1272),(1273,1274,1275),(1276,1277,1278),(1279,1280,1281),(1282,1283,1284),(1285,1286,1287),(1288,1289,1290),(1291,1292,1293),(1294,1295,1296),(1297,1298,1299),(1300,1301,1302),(1303,1304,1305),(1306,1307,1308),(1309,1310,1311),(1312,1313,1314),(1315,1316,1317),(1318,1319,1320),(1321,1322,1323),(1324,1325,1326),(1327,1328,1329),(1330,1331,1332),(1333,1334,1335),(1336,1337,1338),(1339,1340,1341),(1342,1343,1344),(1345,1346,1347),(1348,1349,1350),(1351,1352,1353),(1354,1355,1356),(1357,1358,1359),(1360,1361,1362),(1363,1364,1365),(1366,1367,1368),(1369,1370,1371),(1372,1373,1374),(1375,1376,1377),(1378,1379,1380),(1381,1382,1383),(1384,1385,1386),(1387,1388,1389),(1390,1391,1392),(1393,1394,1395),(1396,1397,1398),(1399,1400,1401),(1402,1403,1404),(1405,1406,1407),(1408,1409,1410),(1411,1412,1413),(1414,1415,1416),(1417,1418,1419),(1420,1421,1422),(1423,1424,1425),(1426,1427,1428),(1429,1430,1431),(1432,1433,1434),(1435,1436,1437),(1438,1439,1440),(1441,1442,1443),(1444,1445,1446),(1447,1448,1449),(1450,1451,1452),(1453,1454,1455),(1456,1457,1458),(1459,1460,1461),(1462,1463,1464),(1465,1466,1467),(1468,1469,1470),(1471,1472,1473),(1474,1475,1476),(1477,1478,1479),(1480,1481,1482),(1483,1484,1485),(1486,1487,1488),(1489,1490,1491),(1492,1493,1494),(1495,1496,1497),(1498,1499,1500),(1501,1502,1503),(1504,1505,1506),(1507,1508,1509),(1510,1511,1512),(1513,1514,1515),(1516,1517,1518),(1519,1520,1521),(1522,1523,1524),(1525,1526,1527),(1528,1529,1530),(1531,1532,1533),(1534,1535,1536),(1537,1538,1539),(1540,1541,1542),(1543,1544,1545),(1546,1547,1548),(1549,1550,1551),(1552,1553,1554),(1555,1556,1557),(1558,1559,1560),(1561,1562,1563),(1564,1565,1566),(1567,1568,1569),(1570,1571,1572),(1573,1574,1575),(1576,1577,1578),(1579,1580,1581),(1582,1583,1584),(1585,1586,1587),(1588,1589,1590),(1591,1592,1593),(1594,1595,1596),(1597,1598,1599),(1600,1601,1602),(1603,1604,1605),(1606,1607,1608),(1609,1610,1611),(1612,1613,1614),(1615,1616,1617),(1618,1619,1620),(1621,1622,1623),(1624,1625,1626),(1627,1628,1629),(1630,1631,1632),(1633,1634,1635),(1636,1637,1638),(1639,1640,1641),(1642,1643,1644),(1645,1646,1647),(1648,1649,1650),(1651,1652,1653),(1654,1655,1656),(1657,1658,1659),(1660,1661,1662),(1663,1664,1665),(1666,1667,1668),(1669,1670,1671),(1672,1673,1674),(1675,1676,1677),(1678,1679,1680),(1681,1682,1683),(1684,1685,1686),(1687,1688,1689),(1690,1691,1692),(1693,1694,1695),(1696,1697,1698),(1699,1700,1701),(1702,1703,1704),(1705,1706,1707),(1708,1709,1710),(1711,1712,1713),(1714,1715,1716),(1717,1718,1719),(1720,1721,1722),(1723,1724,1725),(1726,1727,1728),(1729,1730,1731),(1732,1733,1734),(1735,1736,1737),(1738,1739,1740),(1741,1742,1743),(1744,1745,1746),(1747,1748,1749),(1750,1751,1752),(1753,1754,1755),(1756,1757,1758),(1759,1760,1761),(1762,1763,1764),(1765,1766,1767),(1768,1769,1770),(1771,1772,1773),(1774,1775,1776),(1777,1778,1779),(1780,1781,1782),(1783,1784,1785),(1786,1787,1788),(1789,1790,1791),(1792,1793,1794),(1795,1796,1797),(1798,1799,1800),(1801,1802,1803),(1804,1805,1806),(1807,1808,1809),(1810,1811,1812),(1813,1814,1815),(1816,1817,1818),(1819,1820,1821),(1822,1823,1824),(1825,1826,1827),(1828,1829,1830),(1831,1832,1833),(1834,1835,1836),(1837,1838,1839),(1840,1841,1842),(1843,1844,1845),(1846,1847,1848),(1849,1850,1851),(1852,1853,1854),(1855,1856,1857),(1858,1859,1860),(1861,1862,1863),(1864,1865,1866),(1867,1868,1869),(1870,1871,1872),(1873,1874,1875),(1876,1877,1878),(1879,1880,1881),(1882,1883,1884),(1885,1886,1887),(1888,1889,1890),(1891,1892,1893),(1894,1895,1896),(1897,1898,1899),(1900,1901,1902),(1903,1904,1905),(1906,1907,1908),(1909,1910,1911),(1912,1913,1914),(1915,1916,1917),(1918,1919,1920),(1921,1922,1923),(1924,1925,1926),(1927,1928,1929),(1930,1931,1932),(1933,1934,1935),(1936,1937,1938),(1939,1940,1941),(1942,1943,1944),(1945,1946,1947),(1948,1949,1950),(1951,1952,1953),(1954,1955,1956),(1957,1958,1959),(1960,1961,1962),(1963,1964,1965),(1966,1967,1968),(1969,1970,1971),(1972,1973,1974),(1975,1976,1977),(1978,1979,1980),(1981,1982,1983),(1984,1985,1986),(1987,1988,1989),(1990,1991,1992),(1993,1994,1995),(1996,1997,1998),(1999,2000,2001),(2002,2003,2004),(2005,2006,2007),(2008,2009,2010),(2011,2012,2013),(2014,2015,2016),(2017,2018,2019),(2020,2021,2022),(2023,2024,2025),(2026,2027,2028),(2029,2030,2031),(2032,2033,2034),(2035,2036,2037),(2038,2039,2040),(2041,2042,2043),(2044,2045,2046),(2047,2048,2049),(2050,2051,2052),(2053,2054,2055),(2056,2057,2058),(2059,2060,2061),(2062,2063,2064),(2065,2066,2067),(2068,2069,2070),(2071,2072,2073),(2074,2075,2076),(2077,2078,2079),(2080,2081,2082),(2083,2084,2085),(2086,2087,2088),(2089,2090,2091),(2092,2093,2094),(2095,2096,2097),(2098,2099,2100),(2101,2102,2103),(2104,2105,2106),(2107,2108,2109),(2110,2111,2112),(2113,2114,2115),(2116,2117,2118),(2119,2120,2121),(2122,2123,2124),(2125,2126,2127),(2128,2129,2130),(2131,2132,2133),(2134,2135,2136),(2137,2138,2139),(2140,2141,2142),(2143,2144,2145),(2146,2147,2148),(2149,2150,2151),(2152,2153,2154),(2155,2156,2157),(2158,2159,2160),(2161,2162,2163),(2164,2165,2166),(2167,2168,2169),(2170,2171,2172),(2173,2174,2175),(2176,2177,2178),(2179,2180,2181),(2182,2183,2184),(2185,2186,2187),(2188,2189,2190),(2191,2192,2193),(2194,2195,2196),(2197,2198,2199),(2200,2201,2202),(2203,2204,2205),(2206,2207,2208),(2209,2210,2211),(2212,2213,2214),(2215,2216,2217),(2218,2219,2220),(2221,2222,2223),(2224,2225,2226),(2227,2228,2229),(2230,2231,2232),(2233,2234,2235),(2236,2237,2238),(2239,2240,2241),(2242,2243,2244),(2245,2246,2247),(2248,2249,2250),(2251,2252,2253),(2254,2255,2256),(2257,2258,2259),(2260,2261,2262),(2263,2264,2265),(2266,2267,2268),(2269,2270,2271),(2272,2273,2274),(2275,2276,2277),(2278,2279,2280),(2281,2282,2283),(2284,2285,2286),(2287,2288,2289),(2290,2291,2292),(2293,2294,2295),(2296,2297,2298),(2299,2300,2301),(2302,2303,2304),(2305,2306,2307),(2308,2309,2310),(2311,2312,2313),(2314,2315,2316),(2317,2318,2319),(2320,2321,2322),(2323,2324,2325),(2326,2327,2328),(2329,2330,2331),(2332,2333,2334),(2335,2336,2337),(2338,2339,2340),(2341,2342,2343),(2344,2345,2346),(2347,2348,2349),(2350,2351,2352),(2353,2354,2355),(2356,2357,2358),(2359,2360,2361),(2362,2363,2364),(2365,2366,2367),(2368,2369,2370),(2371,2372,2373),(2374,2375,2376),(2377,2378,2379),(2380,2381,2382),(2383,2384,2385),(2386,2387,2388),(2389,2390,2391),(2392,2393,2394),(2395,2396,2397),(2398,2399,2400),(2401,2402,2403),(2404,2405,2406),(2407,2408,2409),(2410,2411,2412),(2413,2414,2415),(2416,2417,2418),(2419,2420,2421),(2422,2423,2424),(2425,2426,2427),(2428,2429,2430),(2431,2432,2433),(2434,2435,2436),(2437,2438,2439),(2440,2441,2442),(2443,2444,2445),(2446,2447,2448),(2449,2450,2451),(2452,2453,2454),(2455,2456,2457),(2458,2459,2460),(2461,2462,2463),(2464,2465,2466),(2467,2468,2469),(2470,2471,2472),(2473,2474,2475),(2476,2477,2478),(2479,2480,2481),(2482,2483,2484),(2485,2486,2487),(2488,2489,2490),(2491,2492,2493),(2494,2495,2496),(2497,2498,2499),(2500,2501,2502),(2503,2504,2505),(2506,2507,2508),(2509,2510,2511),(2512,2513,2514),(2515,2516,2517),(2518,2519,2520),(2521,2522,2523),(2524,2525,2526),(2527,2528,2529),(2530,2531,2532),(2533,2534,2535),(2536,2537,2538),(2539,2540,2541),(2542,2543,2544),(2545,2546,2547),(2548,2549,2550),(2551,2552,2553),(2554,2555,2556),(2557,2558,2559),(2560,2561,2562),(2563,2564,2565),(2566,2567,2568),(2569,2570,2571),(2572,2573,2574),(2575,2576,2577),(2578,2579,2580),(2581,2582,2583),(2584,2585,2586),(2587,2588,2589),(2590,2591,2592),(2593,2594,2595),(2596,2597,2598),(2599,2600,2601),(2602,2603,2604)));
#3746=TESSELLATED_GEOMETRIC_SET('hole callout',(#3745));
#3747=COORDINATES_LIST('coordinates',5,((2.0387096,6.1218592,0.6280000),(3.2736752,6.1218592,0.6280000),(0.5293592,4.8093592,0.6280000),(1.8418592,6.1218592,0.6280000),(2.0387096,6.1218592,0.6280000)));
#3748=TESSELLATED_CURVE_SET('curve set',#3747,((1,2),(3,4,5)));
#3749=TESSELLATED_GEOMETRIC_SET('hole callout',(#3748));
#3750=TESSELLATED_ANNOTATION_OCCURRENCE('hole callout',(#3743),#3746);
#3751=TESSELLATED_ANNOTATION_OCCURRENCE('hole callout',(#3743),#3749);
#3752=DRAUGHTING_CALLOUT('hole callout',(#3750,#3751));
#3753=DRAUGHTING_MODEL_ITEM_ASSOCIATION('','',#3709,#3739,#3752);
#3754=DRAUGHTING_MODEL_ITEM_ASSOCIATION('','',#3693,#3739,#3752);
#3755=COMPOSITE_SHAPE_ASPECT('hole_callout.FJI9tI2dLzCWpsx_7.RAID.4',$,#3683,$);
#3756=SHAPE_ASPECT('hole_callout.FJI9tI2dLzCWpsx_7.RAID.4',$,#3683,.T.);
#3757=GEOMETRIC_ITEM_SPECIFIC_USAGE('','',#3756,#11,#2147);
#3758=SHAPE_ASPECT_RELATIONSHIP('','',#3755,#3756);
#3759=SHAPE_ASPECT('hole_callout.FJI9tI2dLzCWpsx_7.RAID.4',$,#3683,.T.);
#3760=GEOMETRIC_ITEM_SPECIFIC_USAGE('','',#3759,#11,#2079);
#3761=SHAPE_ASPECT_RELATIONSHIP('','',#3755,#3759);
#3762=SHAPE_ASPECT('hole_callout.FJI9tI2dLzCWpsx_7.RAID.4',$,#3683,.T.);
#3763=GEOMETRIC_ITEM_SPECIFIC_USAGE('','',#3762,#11,#2146);
#3764=SHAPE_ASPECT_RELATIONSHIP('','',#3755,#3762);
#3765=SHAPE_ASPECT('hole_callout.FJI9tI2dLzCWpsx_7.RAID.4',$,#3683,.T.);
#3766=GEOMETRIC_ITEM_SPECIFIC_USAGE('','',#3765,#11,#2078);
#3767=SHAPE_ASPECT_RELATIONSHIP('','',#3755,#3765);
#3768=SHAPE_ASPECT('hole_callout.FJI9tI2dLzCWpsx_7.RAID.4',$,#3683,.T.);
#3769=GEOMETRIC_ITEM_SPECIFIC_USAGE('','',#3768,#11,#2115);
#3770=SHAPE_ASPECT_RELATIONSHIP('','',#3755,#3768);
#3771=SHAPE_ASPECT('hole_callout.FJI9tI2dLzCWpsx_7.RAID.4',$,#3683,.T.);
#3772=GEOMETRIC_ITEM_SPECIFIC_USAGE('','',#3771,#11,#2077);
#3773=SHAPE_ASPECT_RELATIONSHIP('','',#3755,#3771);
#3774=SHAPE_ASPECT('hole_callout.FJI9tI2dLzCWpsx_7.RAID.4',$,#3683,.T.);
#3775=GEOMETRIC_ITEM_SPECIFIC_USAGE('','',#3774,#11,#2119);
#3776=SHAPE_ASPECT_RELATIONSHIP('','',#3755,#3774);
#3777=SHAPE_ASPECT('hole_callout.FJI9tI2dLzCWpsx_7.RAID.4',$,#3683,.T.);
#3778=GEOMETRIC_ITEM_SPECIFIC_USAGE('','',#3777,#11,#2070);
#3779=SHAPE_ASPECT_RELATIONSHIP('','',#3755,#3777);
#3780=SHAPE_ASPECT('hole_callout.FJI9tI2dLzCWpsx_7.RAID.4',$,#3683,.T.);
#3781=GEOMETRIC_ITEM_SPECIFIC_USAGE('','',#3780,#11,#2150);
#3782=SHAPE_ASPECT_RELATIONSHIP('','',#3755,#3780);
#3783=SHAPE_ASPECT('hole_callout.FJI9tI2dLzCWpsx_7.RAID.4',$,#3683,.T.);
#3784=GEOMETRIC_ITEM_SPECIFIC_USAGE('','',#3783,#11,#2069);
#3785=SHAPE_ASPECT_RELATIONSHIP('','',#3755,#3783);
#3786=SHAPE_ASPECT('hole_callout.FJI9tI2dLzCWpsx_7.RAID.4',$,#3683,.T.);
#3787=GEOMETRIC_ITEM_SPECIFIC_USAGE('','',#3786,#11,#2118);
#3788=SHAPE_ASPECT_RELATIONSHIP('','',#3755,#3786);
#3789=SHAPE_ASPECT('hole_callout.FJI9tI2dLzCWpsx_7.RAID.4',$,#3683,.T.);
#3790=GEOMETRIC_ITEM_SPECIFIC_USAGE('','',#3789,#11,#2064);
#3791=SHAPE_ASPECT_RELATIONSHIP('','',#3755,#3789);
#3792=SHAPE_ASPECT('hole_callout.FJI9tI2dLzCWpsx_7.RAID.4',$,#3683,.T.);
#3793=GEOMETRIC_ITEM_SPECIFIC_USAGE('','',#3792,#11,#2116);
#3794=SHAPE_ASPECT_RELATIONSHIP('','',#3755,#3792);
#3795=SHAPE_ASPECT('hole_callout.FJI9tI2dLzCWpsx_7.RAID.4',$,#3683,.T.);
#3796=GEOMETRIC_ITEM_SPECIFIC_USAGE('','',#3795,#11,#2067);
#3797=SHAPE_ASPECT_RELATIONSHIP('','',#3755,#3795);
#3798=SHAPE_ASPECT('hole_callout.FJI9tI2dLzCWpsx_7.RAID.4',$,#3683,.T.);
#3799=GEOMETRIC_ITEM_SPECIFIC_USAGE('','',#3798,#11,#2148);
#3800=SHAPE_ASPECT_RELATIONSHIP('','',#3755,#3798);
#3801=SHAPE_ASPECT('hole_callout.FJI9tI2dLzCWpsx_7.RAID.4',$,#3683,.T.);
#3802=GEOMETRIC_ITEM_SPECIFIC_USAGE('','',#3801,#11,#2065);
#3803=SHAPE_ASPECT_RELATIONSHIP('','',#3755,#3801);
#3804=SHAPE_ASPECT('hole_callout.FJI9tI2dLzCWpsx_7.RAID.4',$,#3683,.T.);
#3805=GEOMETRIC_ITEM_SPECIFIC_USAGE('','',#3804,#11,#2117);
#3806=SHAPE_ASPECT_RELATIONSHIP('','',#3755,#3804);
#3807=SHAPE_ASPECT('hole_callout.FJI9tI2dLzCWpsx_7.RAID.4',$,#3683,.T.);
#3808=GEOMETRIC_ITEM_SPECIFIC_USAGE('','',#3807,#11,#2066);
#3809=SHAPE_ASPECT_RELATIONSHIP('','',#3755,#3807);
#3810=SHAPE_ASPECT('hole_callout.FJI9tI2dLzCWpsx_7.RAID.4',$,#3683,.T.);
#3811=GEOMETRIC_ITEM_SPECIFIC_USAGE('','',#3810,#11,#2120);
#3812=SHAPE_ASPECT_RELATIONSHIP('','',#3755,#3810);
#3813=SHAPE_ASPECT('hole_callout.FJI9tI2dLzCWpsx_7.RAID.4',$,#3683,.T.);
#3814=GEOMETRIC_ITEM_SPECIFIC_USAGE('','',#3813,#11,#2071);
#3815=SHAPE_ASPECT_RELATIONSHIP('','',#3755,#3813);
#3816=SHAPE_ASPECT('hole_callout.FJI9tI2dLzCWpsx_7.RAID.4',$,#3683,.T.);
#3817=GEOMETRIC_ITEM_SPECIFIC_USAGE('','',#3816,#11,#2151);
#3818=SHAPE_ASPECT_RELATIONSHIP('','',#3755,#3816);
#3819=SHAPE_ASPECT('hole_callout.FJI9tI2dLzCWpsx_7.RAID.4',$,#3683,.T.);
#3820=GEOMETRIC_ITEM_SPECIFIC_USAGE('','',#3819,#11,#2053);
#3821=SHAPE_ASPECT_RELATIONSHIP('','',#3755,#3819);
#3822=SHAPE_ASPECT('hole_callout.FJI9tI2dLzCWpsx_7.RAID.4',$,#3683,.T.);
#3823=GEOMETRIC_ITEM_SPECIFIC_USAGE('','',#3822,#11,#2149);
#3824=SHAPE_ASPECT_RELATIONSHIP('','',#3755,#3822);
#3825=SHAPE_ASPECT('hole_callout.FJI9tI2dLzCWpsx_7.RAID.4',$,#3683,.T.);
#3826=GEOMETRIC_ITEM_SPECIFIC_USAGE('','',#3825,#11,#2068);
#3827=SHAPE_ASPECT_RELATIONSHIP('','',#3755,#3825);
#3828=DIMENSIONAL_SIZE(#3755,'diameter');
#3830=(
LENGTH_UNIT()
NAMED_UNIT(*)
SI_UNIT($,.METRE.)
);
#3831=LENGTH_MEASURE_WITH_UNIT(LENGTH_MEASURE(39.3700787401575),#3830);
#3829=(
CONVERSION_BASED_UNIT('INCH',#3831)
LENGTH_UNIT()
NAMED_UNIT($)
);
#3833=PRECISION_QUALIFIER(3);
#3832=(
LENGTH_MEASURE_WITH_UNIT()
MEASURE_REPRESENTATION_ITEM()
MEASURE_WITH_UNIT(POSITIVE_LENGTH_MEASURE(0.1695),#3829)
QUALIFIED_REPRESENTATION_ITEM((#3833))
REPRESENTATION_ITEM('nominal value')
);
#3834=COMPOUND_REPRESENTATION_ITEM('modifiers',SET_REPRESENTATION_ITEM((#3835)));
#3835=DESCRIPTIVE_REPRESENTATION_ITEM('dimensional note','diameter');
#3836=SHAPE_DIMENSION_REPRESENTATION('',(#3832,#3834),#3675);
#3837=DIMENSIONAL_CHARACTERISTIC_REPRESENTATION(#3828,#3836);
#3838=DIMENSIONAL_SIZE(#3755,'depth');
#3840=(
LENGTH_UNIT()
NAMED_UNIT(*)
SI_UNIT($,.METRE.)
);
#3841=LENGTH_MEASURE_WITH_UNIT(LENGTH_MEASURE(39.3700787401575),#3840);
#3839=(
CONVERSION_BASED_UNIT('INCH',#3841)
LENGTH_UNIT()
NAMED_UNIT($)
);
#3843=PRECISION_QUALIFIER(3);
#3842=(
LENGTH_MEASURE_WITH_UNIT()
MEASURE_REPRESENTATION_ITEM()
MEASURE_WITH_UNIT(POSITIVE_LENGTH_MEASURE(0.164),#3839)
QUALIFIED_REPRESENTATION_ITEM((#3843))
REPRESENTATION_ITEM('nominal value')
);
#3844=COMPOUND_REPRESENTATION_ITEM('modifiers',SET_REPRESENTATION_ITEM((#3845)));
#3845=DESCRIPTIVE_REPRESENTATION_ITEM('dimensional note','depth');
#3846=SHAPE_DIMENSION_REPRESENTATION('',(#3842,#3844),#3675);
#3847=DIMENSIONAL_CHARACTERISTIC_REPRESENTATION(#3838,#3846);
#3848=DIMENSIONAL_SIZE(#3755,'diameter');
#3850=(
LENGTH_UNIT()
NAMED_UNIT(*)
SI_UNIT($,.METRE.)
);
#3851=LENGTH_MEASURE_WITH_UNIT(LENGTH_MEASURE(39.3700787401575),#3850);
#3849=(
CONVERSION_BASED_UNIT('INCH',#3851)
LENGTH_UNIT()
NAMED_UNIT($)
);
#3853=PRECISION_QUALIFIER(3);
#3852=(
LENGTH_MEASURE_WITH_UNIT()
MEASURE_REPRESENTATION_ITEM()
MEASURE_WITH_UNIT(POSITIVE_LENGTH_MEASURE(0.75),#3849)
QUALIFIED_REPRESENTATION_ITEM((#3853))
REPRESENTATION_ITEM('nominal value')
);
#3854=COMPOUND_REPRESENTATION_ITEM('modifiers',SET_REPRESENTATION_ITEM((#3855,#3856)));
#3855=DESCRIPTIVE_REPRESENTATION_ITEM('dimensional note','counterbore');
#3856=DESCRIPTIVE_REPRESENTATION_ITEM('dimensional note','diameter');
#3857=SHAPE_DIMENSION_REPRESENTATION('',(#3852,#3854),#3675);
#3858=DIMENSIONAL_CHARACTERISTIC_REPRESENTATION(#3848,#3857);
#3859=PRESENTATION_STYLE_ASSIGNMENT((NULL_STYLE(.NULL.)));
#3860=CARTESIAN_POINT('',(-0.0552276,0.50173128,0.0159512));
#3861=DIRECTION('',(0.,-6.12323399573677E-17,1.));
#3862=DIRECTION('',(1.,0.,0.));
#3863=AXIS2_PLACEMENT_3D('',#3860,#3861,#3862);
#3864=PLANE('',#3863);
#3865=ANNOTATION_PLANE('',(#3859),#3864,(#3891));
#3866=CARTESIAN_POINT('',(0.,0.,0.));
#3867=DIRECTION('',(0.,0.,1.));
#3868=DIRECTION('',(1.,0.,0.));
#3869=AXIS2_PLACEMENT_3D('',#3866,#3867,#3868);
#3870=CARTESIAN_POINT('',(0.,0.,0.));
#3871=DIRECTION('',(0.,0.,1.));
#3872=DIRECTION('',(1.,0.,0.));
#3873=AXIS2_PLACEMENT_3D('',#3870,#3871,#3872);
#3874=SHAPE_REPRESENTATION('',(#3873,#2181),#3675);
#3875=REPRESENTATION_MAP(#3869,#3874);
#3876=MAPPED_ITEM('',#3875,#3869);
#3877=PRESENTATION_STYLE_ASSIGNMENT((NULL_STYLE(.NULL.)));
#3878=STYLED_ITEM('',(#3877),#3876);
#3879=DRAUGHTING_PRE_DEFINED_CURVE_FONT('continuous');
#3880=COLOUR_RGB('',0.,0.,0.);
#3881=CURVE_STYLE('',#3879,POSITIVE_LENGTH_MEASURE(0.02),#3880);
#3882=PRESENTATION_STYLE_ASSIGNMENT((#3881));
#3883=COORDINATES_LIST('coordinates',4419,((-1.9091499,20.0183650,0.6280000),(-1.8534722,20.1297204,0.6280000),(-1.7977945,20.0740427,0.6280000),(-0.5702579,21.2590238,0.6280000),(-0.5702579,21.3933988,0.6280000),(-0.5708933,21.3966176,0.6280000),(-0.5702579,21.2590238,0.6280000),(-0.5708933,21.3966176,0.6280000),(-0.5727995,21.3993572,0.6280000),(-0.5702579,21.2590238,0.6280000),(-0.5727995,21.3993572,0.6280000),(-0.5755495,21.4012322,0.6280000),(-0.5702579,21.2590238,0.6280000),(-0.5755495,21.4012322,0.6280000),(-0.5787995,21.4018572,0.6280000),(-0.5702579,21.2590238,0.6280000),(-0.5787995,21.4018572,0.6280000),(-0.5820495,21.4012322,0.6280000),(-0.5702579,21.2590238,0.6280000),(-0.5820495,21.4012322,0.6280000),(-0.5847995,21.3993572,0.6280000),(-0.5702579,21.2590238,0.6280000),(-0.5847995,21.3993572,0.6280000),(-0.5866745,21.3966176,0.6280000),(-0.5702579,21.2590238,0.6280000),(-0.5866745,21.3966176,0.6280000),(-0.5872995,21.3933988,0.6280000),(-0.5702579,21.2590238,0.6280000),(-0.5872995,21.3933988,0.6280000),(-0.5872995,21.2505655,0.6280000),(-0.3016745,21.2590238,0.6280000),(-0.5702579,21.2590238,0.6280000),(-0.5872995,21.2505655,0.6280000),(-0.3016745,21.2590238,0.6280000),(-0.5872995,21.2505655,0.6280000),(-0.5866849,21.2472218,0.6280000),(-0.3016745,21.2590238,0.6280000),(-0.5866849,21.2472218,0.6280000),(-0.5848412,21.2445238,0.6280000),(-0.3016745,21.2590238,0.6280000),(-0.5848412,21.2445238,0.6280000),(-0.5820912,21.2427113,0.6280000),(-0.3016745,21.2590238,0.6280000),(-0.5820912,21.2427113,0.6280000),(-0.5787579,21.2421072,0.6280000),(-0.3016745,21.2590238,0.6280000),(-0.5787579,21.2421072,0.6280000),(-0.2931745,21.2421072,0.6280000),(-0.3016745,21.2590238,0.6280000),(-0.2931745,21.2421072,0.6280000),(-0.2898516,21.2427113,0.6280000),(-0.3016745,21.2590238,0.6280000),(-0.2898516,21.2427113,0.6280000),(-0.2871329,21.2445238,0.6280000),(-0.3016745,21.2590238,0.6280000),(-0.2871329,21.2445238,0.6280000),(-0.2853204,21.2472218,0.6280000),(-0.3016745,21.2590238,0.6280000),(-0.2853204,21.2472218,0.6280000),(-0.2847162,21.2505655,0.6280000),(-0.3016745,21.2590238,0.6280000),(-0.2847162,21.2505655,0.6280000),(-0.2847162,21.3933988,0.6280000),(-0.3016745,21.2590238,0.6280000),(-0.2847162,21.3933988,0.6280000),(-0.2853412,21.3966176,0.6280000),(-0.3016745,21.2590238,0.6280000),(-0.2853412,21.3966176,0.6280000),(-0.2872162,21.3993572,0.6280000),(-0.3016745,21.2590238,0.6280000),(-0.2872162,21.3993572,0.6280000),(-0.2899558,21.4012322,0.6280000),(-0.3016745,21.2590238,0.6280000),(-0.2899558,21.4012322,0.6280000),(-0.2931745,21.4018572,0.6280000),(-0.3016745,21.2590238,0.6280000),(-0.2931745,21.4018572,0.6280000),(-0.2964037,21.4012322,0.6280000),(-0.3016745,21.2590238,0.6280000),(-0.2964037,21.4012322,0.6280000),(-0.2991745,21.3993572,0.6280000),(-0.3016745,21.2590238,0.6280000),(-0.2991745,21.3993572,0.6280000),(-0.3010495,21.3966176,0.6280000),(-0.3016745,21.2590238,0.6280000),(-0.3010495,21.3966176,0.6280000),(-0.3016745,21.3933988,0.6280000),(-0.2116443,21.2490238,0.6280000),(-0.2078234,21.2474223,0.6280000),(-0.2039647,21.2460343,0.6280000),(-0.2116443,21.2490238,0.6280000),(-0.2039647,21.2460343,0.6280000),(-0.2000682,21.2448598,0.6280000),(-0.2116443,21.2490238,0.6280000),(-0.2000682,21.2448598,0.6280000),(-0.1961339,21.2438988,0.6280000),(-0.2116443,21.2490238,0.6280000),(-0.1961339,21.2438988,0.6280000),(-0.1921619,21.2431514,0.6280000),(-0.2116443,21.2490238,0.6280000),(-0.1921619,21.2431514,0.6280000),(-0.1881522,21.2426176,0.6280000),(-0.2116443,21.2490238,0.6280000),(-0.1881522,21.2426176,0.6280000),(-0.1841046,21.2422973,0.6280000),(-0.2116443,21.2490238,0.6280000),(-0.1841046,21.2422973,0.6280000),(-0.1800193,21.2421905,0.6280000),(-0.2116443,21.2490238,0.6280000),(-0.1800193,21.2421905,0.6280000),(-0.1746736,21.2423604,0.6280000),(-0.2116443,21.2490238,0.6280000),(-0.1746736,21.2423604,0.6280000),(-0.1694282,21.2428702,0.6280000),(-0.2116443,21.2490238,0.6280000),(-0.1694282,21.2428702,0.6280000),(-0.1642830,21.2437198,0.6280000),(-0.2116443,21.2490238,0.6280000),(-0.1642830,21.2437198,0.6280000),(-0.1592381,21.2449093,0.6280000),(-0.2116443,21.2490238,0.6280000),(-0.1592381,21.2449093,0.6280000),(-0.1542934,21.2464385,0.6280000),(-0.2116443,21.2490238,0.6280000),(-0.1542934,21.2464385,0.6280000),(-0.1494490,21.2483077,0.6280000),(-0.2116443,21.2490238,0.6280000),(-0.1494490,21.2483077,0.6280000),(-0.1447049,21.2505167,0.6280000),(-0.2116443,21.2490238,0.6280000),(-0.1447049,21.2505167,0.6280000),(-0.1400610,21.2530655,0.6280000),(-0.2116443,21.2490238,0.6280000),(-0.1400610,21.2530655,0.6280000),(-0.1355897,21.2559158,0.6280000),(-0.2116443,21.2490238,0.6280000),(-0.1355897,21.2559158,0.6280000),(-0.1313631,21.2590082,0.6280000),(-0.2116443,21.2490238,0.6280000),(-0.1313631,21.2590082,0.6280000),(-0.1273813,21.2623428,0.6280000),(-0.2116443,21.2490238,0.6280000),(-0.1273813,21.2623428,0.6280000),(-0.1236443,21.2659197,0.6280000),(-0.2116443,21.2490238,0.6280000),(-0.1236443,21.2659197,0.6280000),(-0.1201522,21.2697387,0.6280000),(-0.1201522,21.2697387,0.6280000),(-0.1169048,21.2737999,0.6280000),(-0.1139022,21.2781033,0.6280000),(-0.1201522,21.2697387,0.6280000),(-0.1139022,21.2781033,0.6280000),(-0.1111443,21.2826488,0.6280000),(-0.1201522,21.2697387,0.6280000),(-0.1111443,21.2826488,0.6280000),(-0.1086639,21.2873643,0.6280000),(-0.1201522,21.2697387,0.6280000),(-0.1086639,21.2873643,0.6280000),(-0.1065141,21.2921775,0.6280000),(-0.1201522,21.2697387,0.6280000),(-0.1065141,21.2921775,0.6280000),(-0.1046951,21.2970883,0.6280000),(-0.1201522,21.2697387,0.6280000),(-0.1046951,21.2970883,0.6280000),(-0.1032068,21.3020968,0.6280000),(-0.1201522,21.2697387,0.6280000),(-0.1032068,21.3020968,0.6280000),(-0.1020493,21.3072029,0.6280000),(-0.1201522,21.2697387,0.6280000),(-0.1020493,21.3072029,0.6280000),(-0.1012225,21.3124066,0.6280000),(-0.1201522,21.2697387,0.6280000),(-0.1012225,21.3124066,0.6280000),(-0.1007264,21.3177081,0.6280000),(-0.1201522,21.2697387,0.6280000),(-0.1007264,21.3177081,0.6280000),(-0.1005610,21.3231072,0.6280000),(-0.1201522,21.2697387,0.6280000),(-0.1005610,21.3231072,0.6280000),(-0.1007264,21.3282895,0.6280000),(-0.1201522,21.2697387,0.6280000),(-0.1007264,21.3282895,0.6280000),(-0.1012225,21.3334405,0.6280000),(-0.1201522,21.2697387,0.6280000),(-0.1012225,21.3334405,0.6280000),(-0.1020493,21.3385603,0.6280000),(-0.1201522,21.2697387,0.6280000),(-0.1020493,21.3385603,0.6280000),(-0.1032068,21.3436488,0.6280000),(-0.1201522,21.2697387,0.6280000),(-0.1032068,21.3436488,0.6280000),(-0.1046951,21.3487061,0.6280000),(-0.1201522,21.2697387,0.6280000),(-0.1046951,21.3487061,0.6280000),(-0.1065141,21.3537322,0.6280000),(-0.1065141,21.3537322,0.6280000),(-0.1219386,21.3481619,0.6280000),(-0.1204992,21.3443083,0.6280000),(-0.1065141,21.3537322,0.6280000),(-0.1204992,21.3443083,0.6280000),(-0.1193214,21.3403259,0.6280000),(-0.1065141,21.3537322,0.6280000),(-0.1193214,21.3403259,0.6280000),(-0.1184054,21.3362146,0.6280000),(-0.1065141,21.3537322,0.6280000),(-0.1184054,21.3362146,0.6280000),(-0.1177511,21.3319744,0.6280000),(-0.1065141,21.3537322,0.6280000),(-0.1177511,21.3319744,0.6280000),(-0.1173585,21.3276052,0.6280000),(-0.1065141,21.3537322,0.6280000),(-0.1173585,21.3276052,0.6280000),(-0.1172277,21.3231072,0.6280000),(-0.1065141,21.3537322,0.6280000),(-0.1172277,21.3231072,0.6280000),(-0.1173598,21.3187751,0.6280000),(-0.1201522,21.2697387,0.6280000),(-0.1065141,21.3537322,0.6280000),(-0.1173598,21.3187751,0.6280000),(-0.1201522,21.2697387,0.6280000),(-0.1173598,21.3187751,0.6280000),(-0.1177563,21.3145290,0.6280000),(-0.1201522,21.2697387,0.6280000),(-0.1177563,21.3145290,0.6280000),(-0.1184171,21.3103689,0.6280000),(-0.1201522,21.2697387,0.6280000),(-0.1184171,21.3103689,0.6280000),(-0.1193423,21.3062947,0.6280000),(-0.1201522,21.2697387,0.6280000),(-0.1193423,21.3062947,0.6280000),(-0.1205317,21.3023064,0.6280000),(-0.1201522,21.2697387,0.6280000),(-0.1205317,21.3023064,0.6280000),(-0.1219855,21.2984040,0.6280000),(-0.1201522,21.2697387,0.6280000),(-0.1219855,21.2984040,0.6280000),(-0.1237036,21.2945876,0.6280000),(-0.1201522,21.2697387,0.6280000),(-0.1237036,21.2945876,0.6280000),(-0.1256860,21.2908572,0.6280000),(-0.1201522,21.2697387,0.6280000),(-0.1256860,21.2908572,0.6280000),(-0.1278846,21.2872660,0.6280000),(-0.1201522,21.2697387,0.6280000),(-0.1278846,21.2872660,0.6280000),(-0.1302719,21.2838676,0.6280000),(-0.1201522,21.2697387,0.6280000),(-0.1302719,21.2838676,0.6280000),(-0.1328481,21.2806619,0.6280000),(-0.1201522,21.2697387,0.6280000),(-0.1328481,21.2806619,0.6280000),(-0.1356131,21.2776488,0.6280000),(-0.1201522,21.2697387,0.6280000),(-0.1356131,21.2776488,0.6280000),(-0.1385669,21.2748285,0.6280000),(-0.1201522,21.2697387,0.6280000),(-0.1385669,21.2748285,0.6280000),(-0.1417094,21.2722009,0.6280000),(-0.1201522,21.2697387,0.6280000),(-0.1417094,21.2722009,0.6280000),(-0.1450408,21.2697660,0.6280000),(-0.1201522,21.2697387,0.6280000),(-0.1450408,21.2697660,0.6280000),(-0.1485610,21.2675238,0.6280000),(-0.1201522,21.2697387,0.6280000),(-0.1485610,21.2675238,0.6280000),(-0.1522062,21.2655121,0.6280000),(-0.1201522,21.2697387,0.6280000),(-0.1522062,21.2655121,0.6280000),(-0.1559334,21.2637686,0.6280000),(-0.1201522,21.2697387,0.6280000),(-0.1559334,21.2637686,0.6280000),(-0.1597426,21.2622934,0.6280000),(-0.1201522,21.2697387,0.6280000),(-0.1597426,21.2622934,0.6280000),(-0.1636339,21.2610863,0.6280000),(-0.2116443,21.2490238,0.6280000),(-0.1201522,21.2697387,0.6280000),(-0.1636339,21.2610863,0.6280000),(-0.2116443,21.2490238,0.6280000),(-0.1636339,21.2610863,0.6280000),(-0.1676072,21.2601475,0.6280000),(-0.2116443,21.2490238,0.6280000),(-0.1676072,21.2601475,0.6280000),(-0.1716626,21.2594770,0.6280000),(-0.2116443,21.2490238,0.6280000),(-0.1716626,21.2594770,0.6280000),(-0.1757999,21.2590746,0.6280000),(-0.2116443,21.2490238,0.6280000),(-0.1757999,21.2590746,0.6280000),(-0.1800193,21.2589405,0.6280000),(-0.2116443,21.2490238,0.6280000),(-0.1800193,21.2589405,0.6280000),(-0.1860662,21.2592191,0.6280000),(-0.2116443,21.2490238,0.6280000),(-0.1860662,21.2592191,0.6280000),(-0.1919568,21.2600551,0.6280000),(-0.2116443,21.2490238,0.6280000),(-0.1919568,21.2600551,0.6280000),(-0.1976912,21.2614483,0.6280000),(-0.2116443,21.2490238,0.6280000),(-0.1976912,21.2614483,0.6280000),(-0.2032693,21.2633988,0.6280000),(-0.2116443,21.2490238,0.6280000),(-0.2032693,21.2633988,0.6280000),(-0.1403943,21.3729822,0.6280000),(-0.2337277,21.2106488,0.6280000),(-0.2116443,21.2490238,0.6280000),(-0.1403943,21.3729822,0.6280000),(-0.1236398,21.3518865,0.6280000),(-0.1219386,21.3481619,0.6280000),(-0.1065141,21.3537322,0.6280000),(-0.1256027,21.3554822,0.6280000),(-0.1236398,21.3518865,0.6280000),(-0.1065141,21.3537322,0.6280000),(-0.1282772,21.3595759,0.6280000),(-0.1256027,21.3554822,0.6280000),(-0.1065141,21.3537322,0.6280000),(-0.1316339,21.3638572,0.6280000),(-0.1282772,21.3595759,0.6280000),(-0.1065141,21.3537322,0.6280000),(-0.1335682,21.3660681,0.6280000),(-0.1316339,21.3638572,0.6280000),(-0.1065141,21.3537322,0.6280000),(-0.1356730,21.3683259,0.6280000),(-0.1335682,21.3660681,0.6280000),(-0.1065141,21.3537322,0.6280000),(-0.1379484,21.3706306,0.6280000),(-0.1356730,21.3683259,0.6280000),(-0.1065141,21.3537322,0.6280000),(-0.1403943,21.3729822,0.6280000),(-0.1379484,21.3706306,0.6280000),(-0.1065141,21.3537322,0.6280000),(-0.1403943,21.3729822,0.6280000),(-0.1065141,21.3537322,0.6280000),(-0.1086639,21.3587270,0.6280000),(-0.1403943,21.3729822,0.6280000),(-0.1086639,21.3587270,0.6280000),(-0.1111443,21.3636905,0.6280000),(-0.1403943,21.3729822,0.6280000),(-0.1111443,21.3636905,0.6280000),(-0.1131203,21.3671046,0.6280000),(-0.1403943,21.3729822,0.6280000),(-0.1131203,21.3671046,0.6280000),(-0.1152772,21.3703884,0.6280000),(-0.1403943,21.3729822,0.6280000),(-0.1152772,21.3703884,0.6280000),(-0.1176150,21.3735421,0.6280000),(-0.1403943,21.3729822,0.6280000),(-0.1176150,21.3735421,0.6280000),(-0.1201339,21.3765655,0.6280000),(-0.1403943,21.3729822,0.6280000),(-0.1201339,21.3765655,0.6280000),(-0.1228338,21.3794587,0.6280000),(-0.1403943,21.3729822,0.6280000),(-0.1228338,21.3794587,0.6280000),(-0.1257147,21.3822218,0.6280000),(-0.1403943,21.3729822,0.6280000),(-0.1257147,21.3822218,0.6280000),(-0.1287765,21.3848546,0.6280000),(-0.1403943,21.3729822,0.6280000),(-0.1287765,21.3848546,0.6280000),(-0.1320193,21.3873572,0.6280000),(-0.1403943,21.3729822,0.6280000),(-0.1320193,21.3873572,0.6280000),(-0.1106860,21.4248572,0.6280000),(-0.2337277,21.2106488,0.6280000),(-0.1403943,21.3729822,0.6280000),(-0.1106860,21.4248572,0.6280000),(-0.2337277,21.2106488,0.6280000),(-0.1106860,21.4248572,0.6280000),(-0.1095610,21.4289405,0.6280000),(-0.2337277,21.2106488,0.6280000),(-0.1095610,21.4289405,0.6280000),(-0.1098527,21.4313155,0.6280000),(-0.2337277,21.2106488,0.6280000),(-0.1098527,21.4313155,0.6280000),(-0.1113735,21.4342738,0.6280000),(-0.2337277,21.2106488,0.6280000),(-0.1113735,21.4342738,0.6280000),(-0.1139360,21.4363988,0.6280000),(-0.2337277,21.2106488,0.6280000),(-0.1139360,21.4363988,0.6280000),(-0.1179777,21.4376072,0.6280000),(-0.2337277,21.2106488,0.6280000),(-0.1179777,21.4376072,0.6280000),(-0.1203527,21.4373155,0.6280000),(-0.2337277,21.2106488,0.6280000),(-0.1203527,21.4373155,0.6280000),(-0.1233318,21.4357947,0.6280000),(-0.2337277,21.2106488,0.6280000),(-0.1233318,21.4357947,0.6280000),(-0.1255193,21.4332322,0.6280000),(-0.2337277,21.2106488,0.6280000),(-0.1255193,21.4332322,0.6280000),(-0.1466027,21.3966905,0.6280000),(-0.1466027,21.3966905,0.6280000),(-0.1505636,21.3984385,0.6280000),(-0.1546548,21.3999535,0.6280000),(-0.1466027,21.3966905,0.6280000),(-0.1546548,21.3999535,0.6280000),(-0.1588761,21.4012354,0.6280000),(-0.1466027,21.3966905,0.6280000),(-0.1588761,21.4012354,0.6280000),(-0.1632277,21.4022843,0.6280000),(-0.1466027,21.3966905,0.6280000),(-0.1632277,21.4022843,0.6280000),(-0.1677094,21.4031000,0.6280000),(-0.1466027,21.3966905,0.6280000),(-0.1677094,21.4031000,0.6280000),(-0.1723214,21.4036827,0.6280000),(-0.1466027,21.3966905,0.6280000),(-0.1723214,21.4036827,0.6280000),(-0.1770636,21.4040323,0.6280000),(-0.1466027,21.3966905,0.6280000),(-0.1770636,21.4040323,0.6280000),(-0.1819360,21.4041488,0.6280000),(-0.1466027,21.3966905,0.6280000),(-0.1819360,21.4041488,0.6280000),(-0.1868416,21.4039783,0.6280000),(-0.1466027,21.3966905,0.6280000),(-0.1868416,21.4039783,0.6280000),(-0.1917042,21.4034665,0.6280000),(-0.1466027,21.3966905,0.6280000),(-0.1917042,21.4034665,0.6280000),(-0.1965239,21.4026137,0.6280000),(-0.1466027,21.3966905,0.6280000),(-0.1965239,21.4026137,0.6280000),(-0.2013006,21.4014197,0.6280000),(-0.1466027,21.3966905,0.6280000),(-0.2013006,21.4014197,0.6280000),(-0.2060343,21.3998845,0.6280000),(-0.1466027,21.3966905,0.6280000),(-0.2060343,21.3998845,0.6280000),(-0.2107251,21.3980082,0.6280000),(-0.1466027,21.3966905,0.6280000),(-0.2107251,21.3980082,0.6280000),(-0.2153729,21.3957908,0.6280000),(-0.1466027,21.3966905,0.6280000),(-0.2153729,21.3957908,0.6280000),(-0.2199777,21.3932322,0.6280000),(-0.1466027,21.3966905,0.6280000),(-0.2199777,21.3932322,0.6280000),(-0.2244308,21.3903910,0.6280000),(-0.1466027,21.3966905,0.6280000),(-0.2244308,21.3903910,0.6280000),(-0.2286443,21.3873051,0.6280000),(-0.1466027,21.3966905,0.6280000),(-0.2286443,21.3873051,0.6280000),(-0.2326183,21.3839744,0.6280000),(-0.1466027,21.3966905,0.6280000),(-0.2326183,21.3839744,0.6280000),(-0.2363527,21.3803988,0.6280000),(-0.1466027,21.3966905,0.6280000),(-0.2363527,21.3803988,0.6280000),(-0.2398475,21.3765785,0.6280000),(-0.2398475,21.3765785,0.6280000),(-0.2431027,21.3725134,0.6280000),(-0.2461183,21.3682035,0.6280000),(-0.2398475,21.3765785,0.6280000),(-0.2461183,21.3682035,0.6280000),(-0.2488943,21.3636488,0.6280000),(-0.2398475,21.3765785,0.6280000),(-0.2488943,21.3636488,0.6280000),(-0.2513846,21.3589320,0.6280000),(-0.2398475,21.3765785,0.6280000),(-0.2513846,21.3589320,0.6280000),(-0.2535428,21.3541150,0.6280000),(-0.2398475,21.3765785,0.6280000),(-0.2535428,21.3541150,0.6280000),(-0.2553689,21.3491977,0.6280000),(-0.2398475,21.3765785,0.6280000),(-0.2553689,21.3491977,0.6280000),(-0.2568631,21.3441801,0.6280000),(-0.2398475,21.3765785,0.6280000),(-0.2568631,21.3441801,0.6280000),(-0.2580252,21.3390622,0.6280000),(-0.2398475,21.3765785,0.6280000),(-0.2580252,21.3390622,0.6280000),(-0.2588553,21.3338441,0.6280000),(-0.2398475,21.3765785,0.6280000),(-0.2588553,21.3338441,0.6280000),(-0.2593533,21.3285258,0.6280000),(-0.2398475,21.3765785,0.6280000),(-0.2593533,21.3285258,0.6280000),(-0.2595193,21.3231072,0.6280000),(-0.2398475,21.3765785,0.6280000),(-0.2595193,21.3231072,0.6280000),(-0.2593540,21.3176716,0.6280000),(-0.2398475,21.3765785,0.6280000),(-0.2593540,21.3176716,0.6280000),(-0.2588579,21.3123441,0.6280000),(-0.2398475,21.3765785,0.6280000),(-0.2588579,21.3123441,0.6280000),(-0.2580311,21.3071247,0.6280000),(-0.2398475,21.3765785,0.6280000),(-0.2580311,21.3071247,0.6280000),(-0.2568735,21.3020134,0.6280000),(-0.2398475,21.3765785,0.6280000),(-0.2568735,21.3020134,0.6280000),(-0.2553852,21.2970102,0.6280000),(-0.2398475,21.3765785,0.6280000),(-0.2553852,21.2970102,0.6280000),(-0.2535662,21.2921150,0.6280000),(-0.2398475,21.3765785,0.6280000),(-0.2535662,21.2921150,0.6280000),(-0.2514165,21.2873279,0.6280000),(-0.2398475,21.3765785,0.6280000),(-0.2514165,21.2873279,0.6280000),(-0.2489360,21.2826488,0.6280000),(-0.2489360,21.2826488,0.6280000),(-0.2344360,21.2908572,0.6280000),(-0.2363794,21.2945870,0.6280000),(-0.2489360,21.2826488,0.6280000),(-0.2363794,21.2945870,0.6280000),(-0.2380636,21.2984014,0.6280000),(-0.2489360,21.2826488,0.6280000),(-0.2380636,21.2984014,0.6280000),(-0.2394887,21.3023005,0.6280000),(-0.2489360,21.2826488,0.6280000),(-0.2394887,21.3023005,0.6280000),(-0.2406548,21.3062843,0.6280000),(-0.2489360,21.2826488,0.6280000),(-0.2406548,21.3062843,0.6280000),(-0.2415617,21.3103526,0.6280000),(-0.2489360,21.2826488,0.6280000),(-0.2415617,21.3103526,0.6280000),(-0.2422094,21.3145056,0.6280000),(-0.2489360,21.2826488,0.6280000),(-0.2422094,21.3145056,0.6280000),(-0.2425981,21.3187432,0.6280000),(-0.2489360,21.2826488,0.6280000),(-0.2425981,21.3187432,0.6280000),(-0.2427277,21.3230655,0.6280000),(-0.2489360,21.2826488,0.6280000),(-0.2427277,21.3230655,0.6280000),(-0.2425962,21.3273891,0.6280000),(-0.2398475,21.3765785,0.6280000),(-0.2489360,21.2826488,0.6280000),(-0.2425962,21.3273891,0.6280000),(-0.2398475,21.3765785,0.6280000),(-0.2425962,21.3273891,0.6280000),(-0.2422016,21.3316306,0.6280000),(-0.2398475,21.3765785,0.6280000),(-0.2422016,21.3316306,0.6280000),(-0.2415441,21.3357901,0.6280000),(-0.2398475,21.3765785,0.6280000),(-0.2415441,21.3357901,0.6280000),(-0.2406235,21.3398676,0.6280000),(-0.2398475,21.3765785,0.6280000),(-0.2406235,21.3398676,0.6280000),(-0.2394399,21.3438630,0.6280000),(-0.2398475,21.3765785,0.6280000),(-0.2394399,21.3438630,0.6280000),(-0.2379933,21.3477764,0.6280000),(-0.2398475,21.3765785,0.6280000),(-0.2379933,21.3477764,0.6280000),(-0.2362837,21.3516078,0.6280000),(-0.2398475,21.3765785,0.6280000),(-0.2362837,21.3516078,0.6280000),(-0.2343110,21.3553572,0.6280000),(-0.2398475,21.3765785,0.6280000),(-0.2343110,21.3553572,0.6280000),(-0.2321124,21.3589770,0.6280000),(-0.2398475,21.3765785,0.6280000),(-0.2321124,21.3589770,0.6280000),(-0.2297251,21.3623988,0.6280000),(-0.2398475,21.3765785,0.6280000),(-0.2297251,21.3623988,0.6280000),(-0.2271489,21.3656228,0.6280000),(-0.2398475,21.3765785,0.6280000),(-0.2271489,21.3656228,0.6280000),(-0.2243839,21.3686488,0.6280000),(-0.2398475,21.3765785,0.6280000),(-0.2243839,21.3686488,0.6280000),(-0.2214301,21.3714770,0.6280000),(-0.2398475,21.3765785,0.6280000),(-0.2214301,21.3714770,0.6280000),(-0.2182876,21.3741072,0.6280000),(-0.2398475,21.3765785,0.6280000),(-0.2182876,21.3741072,0.6280000),(-0.2149562,21.3765395,0.6280000),(-0.2398475,21.3765785,0.6280000),(-0.2149562,21.3765395,0.6280000),(-0.2114360,21.3787738,0.6280000),(-0.2398475,21.3765785,0.6280000),(-0.2114360,21.3787738,0.6280000),(-0.2078110,21.3807856,0.6280000),(-0.2398475,21.3765785,0.6280000),(-0.2078110,21.3807856,0.6280000),(-0.2041652,21.3825290,0.6280000),(-0.2398475,21.3765785,0.6280000),(-0.2041652,21.3825290,0.6280000),(-0.2004985,21.3840043,0.6280000),(-0.2398475,21.3765785,0.6280000),(-0.2004985,21.3840043,0.6280000),(-0.1968110,21.3852113,0.6280000),(-0.2398475,21.3765785,0.6280000),(-0.1968110,21.3852113,0.6280000),(-0.1931027,21.3861501,0.6280000),(-0.1466027,21.3966905,0.6280000),(-0.2398475,21.3765785,0.6280000),(-0.1931027,21.3861501,0.6280000),(-0.1466027,21.3966905,0.6280000),(-0.1931027,21.3861501,0.6280000),(-0.1893735,21.3868207,0.6280000),(-0.1466027,21.3966905,0.6280000),(-0.1893735,21.3868207,0.6280000),(-0.1856235,21.3872231,0.6280000),(-0.1466027,21.3966905,0.6280000),(-0.1856235,21.3872231,0.6280000),(-0.1818527,21.3873572,0.6280000),(-0.1466027,21.3966905,0.6280000),(-0.1818527,21.3873572,0.6280000),(-0.1816027,21.3873572,0.6280000),(-0.1466027,21.3966905,0.6280000),(-0.1816027,21.3873572,0.6280000),(-0.1779132,21.3872751,0.6280000),(-0.1466027,21.3966905,0.6280000),(-0.1779132,21.3872751,0.6280000),(-0.1743240,21.3870290,0.6280000),(-0.1466027,21.3966905,0.6280000),(-0.1743240,21.3870290,0.6280000),(-0.1708351,21.3866189,0.6280000),(-0.1466027,21.3966905,0.6280000),(-0.1708351,21.3866189,0.6280000),(-0.1674464,21.3860447,0.6280000),(-0.1466027,21.3966905,0.6280000),(-0.1674464,21.3860447,0.6280000),(-0.1641580,21.3853064,0.6280000),(-0.1466027,21.3966905,0.6280000),(-0.1641580,21.3853064,0.6280000),(-0.1609699,21.3844040,0.6280000),(-0.1466027,21.3966905,0.6280000),(-0.1609699,21.3844040,0.6280000),(-0.1578820,21.3833376,0.6280000),(-0.1466027,21.3966905,0.6280000),(-0.1578820,21.3833376,0.6280000),(-0.1548943,21.3821072,0.6280000),(-0.2337277,21.2106488,0.6280000),(-0.1466027,21.3966905,0.6280000),(-0.1548943,21.3821072,0.6280000),(-0.2337277,21.2106488,0.6280000),(-0.1548943,21.3821072,0.6280000),(-0.2180610,21.2720655,0.6280000),(-0.2337277,21.2106488,0.6280000),(-0.2180610,21.2720655,0.6280000),(-0.2228032,21.2761150,0.6280000),(-0.2327674,21.2881300,0.6280000),(-0.2344360,21.2908572,0.6280000),(-0.2489360,21.2826488,0.6280000),(-0.2309907,21.2855108,0.6280000),(-0.2327674,21.2881300,0.6280000),(-0.2489360,21.2826488,0.6280000),(-0.2271131,21.2805968,0.6280000),(-0.2309907,21.2855108,0.6280000),(-0.2489360,21.2826488,0.6280000),(-0.2228032,21.2761150,0.6280000),(-0.2271131,21.2805968,0.6280000),(-0.2489360,21.2826488,0.6280000),(-0.2228032,21.2761150,0.6280000),(-0.2489360,21.2826488,0.6280000),(-0.2466548,21.2789066,0.6280000),(-0.2228032,21.2761150,0.6280000),(-0.2466548,21.2789066,0.6280000),(-0.2442277,21.2753259,0.6280000),(-0.2228032,21.2761150,0.6280000),(-0.2442277,21.2753259,0.6280000),(-0.2416548,21.2719066,0.6280000),(-0.2228032,21.2761150,0.6280000),(-0.2416548,21.2719066,0.6280000),(-0.2389360,21.2686488,0.6280000),(-0.2228032,21.2761150,0.6280000),(-0.2389360,21.2686488,0.6280000),(-0.2360714,21.2655525,0.6280000),(-0.2228032,21.2761150,0.6280000),(-0.2360714,21.2655525,0.6280000),(-0.2330610,21.2626176,0.6280000),(-0.2228032,21.2761150,0.6280000),(-0.2330610,21.2626176,0.6280000),(-0.2299048,21.2598441,0.6280000),(-0.2228032,21.2761150,0.6280000),(-0.2299048,21.2598441,0.6280000),(-0.2266027,21.2572322,0.6280000),(-0.2337277,21.2106488,0.6280000),(-0.2228032,21.2761150,0.6280000),(-0.2266027,21.2572322,0.6280000),(-0.2337277,21.2106488,0.6280000),(-0.2266027,21.2572322,0.6280000),(-0.2484777,21.2190238,0.6280000),(-0.2337277,21.2106488,0.6280000),(-0.2484777,21.2190238,0.6280000),(-0.2495610,21.2150238,0.6280000),(-0.2337277,21.2106488,0.6280000),(-0.2495610,21.2150238,0.6280000),(-0.2493110,21.2126488,0.6280000),(-0.2337277,21.2106488,0.6280000),(-0.2493110,21.2126488,0.6280000),(-0.2477693,21.2096176,0.6280000),(-0.2337277,21.2106488,0.6280000),(-0.2477693,21.2096176,0.6280000),(-0.2453110,21.2074405,0.6280000),(-0.2337277,21.2106488,0.6280000),(-0.2453110,21.2074405,0.6280000),(-0.2411860,21.2063572,0.6280000),(-0.2337277,21.2106488,0.6280000),(-0.2411860,21.2063572,0.6280000),(-0.2388110,21.2066488,0.6280000),(-0.2337277,21.2106488,0.6280000),(-0.2388110,21.2066488,0.6280000),(-0.2359568,21.2080447,0.6280000),(0.0010204,21.2858116,0.6280000),(0.0012307,21.2910238,0.6280000),(0.0012307,21.3575655,0.6280000),(0.0010204,21.2858116,0.6280000),(0.0012307,21.3575655,0.6280000),(0.0010217,21.3627081,0.6280000),(0.0010204,21.2858116,0.6280000),(0.0010217,21.3627081,0.6280000),(0.0003947,21.3676150,0.6280000),(0.0010204,21.2858116,0.6280000),(0.0003947,21.3676150,0.6280000),(-0.0006502,21.3722862,0.6280000),(0.0010204,21.2858116,0.6280000),(-0.0006502,21.3722862,0.6280000),(-0.0021131,21.3767218,0.6280000),(0.0010204,21.2858116,0.6280000),(-0.0021131,21.3767218,0.6280000),(-0.0039939,21.3809216,0.6280000),(0.0010204,21.2858116,0.6280000),(-0.0039939,21.3809216,0.6280000),(-0.0062928,21.3848858,0.6280000),(0.0010204,21.2858116,0.6280000),(-0.0062928,21.3848858,0.6280000),(-0.0090096,21.3886143,0.6280000),(0.0010204,21.2858116,0.6280000),(-0.0090096,21.3886143,0.6280000),(-0.0121443,21.3921072,0.6280000),(0.0010204,21.2858116,0.6280000),(-0.0121443,21.3921072,0.6280000),(-0.0151632,21.3949294,0.6280000),(0.0010204,21.2858116,0.6280000),(-0.0151632,21.3949294,0.6280000),(-0.0183032,21.3973754,0.6280000),(0.0010204,21.2858116,0.6280000),(-0.0183032,21.3973754,0.6280000),(-0.0215643,21.3994451,0.6280000),(-0.0215643,21.3994451,0.6280000),(-0.0249464,21.4011384,0.6280000),(-0.0284497,21.4024555,0.6280000),(-0.0215643,21.3994451,0.6280000),(-0.0284497,21.4024555,0.6280000),(-0.0320740,21.4033962,0.6280000),(-0.0215643,21.3994451,0.6280000),(-0.0320740,21.4033962,0.6280000),(-0.0358195,21.4039607,0.6280000),(-0.0215643,21.3994451,0.6280000),(-0.0358195,21.4039607,0.6280000),(-0.0396860,21.4041488,0.6280000),(-0.0215643,21.3994451,0.6280000),(-0.0396860,21.4041488,0.6280000),(-0.0435083,21.4039607,0.6280000),(-0.0215643,21.3994451,0.6280000),(-0.0435083,21.4039607,0.6280000),(-0.0472251,21.4033962,0.6280000),(-0.0215643,21.3994451,0.6280000),(-0.0472251,21.4033962,0.6280000),(-0.0508364,21.4024555,0.6280000),(-0.0215643,21.3994451,0.6280000),(-0.0508364,21.4024555,0.6280000),(-0.0543423,21.4011384,0.6280000),(-0.0215643,21.3994451,0.6280000),(-0.0543423,21.4011384,0.6280000),(-0.0577426,21.3994451,0.6280000),(-0.0215643,21.3994451,0.6280000),(-0.0577426,21.3994451,0.6280000),(-0.0610376,21.3973754,0.6280000),(-0.0215643,21.3994451,0.6280000),(-0.0610376,21.3973754,0.6280000),(-0.0642270,21.3949294,0.6280000),(-0.0215643,21.3994451,0.6280000),(-0.0642270,21.3949294,0.6280000),(-0.0673110,21.3921072,0.6280000),(-0.0215643,21.3994451,0.6280000),(-0.0673110,21.3921072,0.6280000),(-0.0704458,21.3886827,0.6280000),(-0.0215643,21.3994451,0.6280000),(-0.0704458,21.3886827,0.6280000),(-0.0731626,21.3850134,0.6280000),(-0.0215643,21.3994451,0.6280000),(-0.0731626,21.3850134,0.6280000),(-0.0754614,21.3810994,0.6280000),(-0.0215643,21.3994451,0.6280000),(-0.0754614,21.3810994,0.6280000),(-0.0773423,21.3769405,0.6280000),(-0.0215643,21.3994451,0.6280000),(-0.0773423,21.3769405,0.6280000),(-0.0788051,21.3725369,0.6280000),(-0.0788051,21.3725369,0.6280000),(-0.0798501,21.3678884,0.6280000),(-0.0804770,21.3629952,0.6280000),(-0.0788051,21.3725369,0.6280000),(-0.0804770,21.3629952,0.6280000),(-0.0806860,21.3578572,0.6280000),(-0.0788051,21.3725369,0.6280000),(-0.0806860,21.3578572,0.6280000),(-0.0806860,21.3575655,0.6280000),(-0.0788051,21.3725369,0.6280000),(-0.0806860,21.3575655,0.6280000),(-0.0806860,21.2908572,0.6280000),(-0.0788051,21.3725369,0.6280000),(-0.0806860,21.2908572,0.6280000),(-0.0804770,21.2856872,0.6280000),(-0.0788051,21.3725369,0.6280000),(-0.0804770,21.2856872,0.6280000),(-0.0798501,21.2807608,0.6280000),(-0.0788051,21.3725369,0.6280000),(-0.0798501,21.2807608,0.6280000),(-0.0788051,21.2760779,0.6280000),(-0.0788051,21.3725369,0.6280000),(-0.0788051,21.2760779,0.6280000),(-0.0773423,21.2716384,0.6280000),(-0.0788051,21.3725369,0.6280000),(-0.0773423,21.2716384,0.6280000),(-0.0754614,21.2674425,0.6280000),(-0.0788051,21.3725369,0.6280000),(-0.0754614,21.2674425,0.6280000),(-0.0731626,21.2634900,0.6280000),(-0.0788051,21.3725369,0.6280000),(-0.0731626,21.2634900,0.6280000),(-0.0704458,21.2597810,0.6280000),(-0.0788051,21.3725369,0.6280000),(-0.0704458,21.2597810,0.6280000),(-0.0673110,21.2563155,0.6280000),(-0.0673110,21.2563155,0.6280000),(-0.0553527,21.2679822,0.6280000),(-0.0590532,21.2725629,0.6280000),(-0.0673110,21.2563155,0.6280000),(-0.0590532,21.2725629,0.6280000),(-0.0616964,21.2779301,0.6280000),(-0.0673110,21.2563155,0.6280000),(-0.0616964,21.2779301,0.6280000),(-0.0632824,21.2840837,0.6280000),(-0.0788051,21.3725369,0.6280000),(-0.0673110,21.2563155,0.6280000),(-0.0632824,21.2840837,0.6280000),(-0.0788051,21.3725369,0.6280000),(-0.0632824,21.2840837,0.6280000),(-0.0636788,21.2874555,0.6280000),(-0.0788051,21.3725369,0.6280000),(-0.0636788,21.2874555,0.6280000),(-0.0638110,21.2910238,0.6280000),(-0.0788051,21.3725369,0.6280000),(-0.0638110,21.2910238,0.6280000),(-0.0638110,21.3578572,0.6280000),(-0.0788051,21.3725369,0.6280000),(-0.0638110,21.3578572,0.6280000),(-0.0636801,21.3613337,0.6280000),(-0.0788051,21.3725369,0.6280000),(-0.0636801,21.3613337,0.6280000),(-0.0632876,21.3646176,0.6280000),(-0.0788051,21.3725369,0.6280000),(-0.0632876,21.3646176,0.6280000),(-0.0626333,21.3677087,0.6280000),(-0.0788051,21.3725369,0.6280000),(-0.0626333,21.3677087,0.6280000),(-0.0617173,21.3706072,0.6280000),(-0.0788051,21.3725369,0.6280000),(-0.0617173,21.3706072,0.6280000),(-0.0591001,21.3758259,0.6280000),(-0.0788051,21.3725369,0.6280000),(-0.0591001,21.3758259,0.6280000),(-0.0554360,21.3802738,0.6280000),(-0.0788051,21.3725369,0.6280000),(-0.0554360,21.3802738,0.6280000),(-0.0516860,21.3833728,0.6280000),(-0.0788051,21.3725369,0.6280000),(-0.0516860,21.3833728,0.6280000),(-0.0478110,21.3855863,0.6280000),(-0.0215643,21.3994451,0.6280000),(-0.0788051,21.3725369,0.6280000),(-0.0478110,21.3855863,0.6280000),(-0.0215643,21.3994451,0.6280000),(-0.0478110,21.3855863,0.6280000),(-0.0438110,21.3869145,0.6280000),(-0.0215643,21.3994451,0.6280000),(-0.0438110,21.3869145,0.6280000),(-0.0396860,21.3873572,0.6280000),(-0.0215643,21.3994451,0.6280000),(-0.0396860,21.3873572,0.6280000),(-0.0353917,21.3869145,0.6280000),(-0.0215643,21.3994451,0.6280000),(-0.0353917,21.3869145,0.6280000),(-0.0313423,21.3855863,0.6280000),(-0.0215643,21.3994451,0.6280000),(-0.0313423,21.3855863,0.6280000),(-0.0275376,21.3833728,0.6280000),(-0.0215643,21.3994451,0.6280000),(-0.0275376,21.3833728,0.6280000),(-0.0239777,21.3802738,0.6280000),(-0.0215643,21.3994451,0.6280000),(-0.0239777,21.3802738,0.6280000),(-0.0203136,21.3756046,0.6280000),(-0.0215643,21.3994451,0.6280000),(-0.0203136,21.3756046,0.6280000),(-0.0176964,21.3702634,0.6280000),(-0.0215643,21.3994451,0.6280000),(-0.0176964,21.3702634,0.6280000),(-0.0161261,21.3642504,0.6280000),(0.0010204,21.2858116,0.6280000),(-0.0215643,21.3994451,0.6280000),(-0.0161261,21.3642504,0.6280000),(0.0010204,21.2858116,0.6280000),(-0.0161261,21.3642504,0.6280000),(-0.0157335,21.3609919,0.6280000),(0.0010204,21.2858116,0.6280000),(-0.0157335,21.3609919,0.6280000),(-0.0156027,21.3575655,0.6280000),(0.0010204,21.2858116,0.6280000),(-0.0156027,21.3575655,0.6280000),(-0.0156027,21.2910238,0.6280000),(0.0010204,21.2858116,0.6280000),(-0.0156027,21.2910238,0.6280000),(-0.0157335,21.2874945,0.6280000),(0.0010204,21.2858116,0.6280000),(-0.0157335,21.2874945,0.6280000),(-0.0161261,21.2841566,0.6280000),(0.0010204,21.2858116,0.6280000),(-0.0161261,21.2841566,0.6280000),(-0.0167804,21.2810102,0.6280000),(0.0010204,21.2858116,0.6280000),(-0.0167804,21.2810102,0.6280000),(-0.0176964,21.2780551,0.6280000),(0.0010204,21.2858116,0.6280000),(-0.0176964,21.2780551,0.6280000),(-0.0203136,21.2727191,0.6280000),(0.0010204,21.2858116,0.6280000),(-0.0203136,21.2727191,0.6280000),(-0.0239777,21.2681488,0.6280000),(0.0010204,21.2858116,0.6280000),(-0.0239777,21.2681488,0.6280000),(-0.0275688,21.2650863,0.6280000),(-0.0517485,21.2649926,0.6280000),(-0.0553527,21.2679822,0.6280000),(-0.0673110,21.2563155,0.6280000),(-0.0479360,21.2628572,0.6280000),(-0.0517485,21.2649926,0.6280000),(-0.0673110,21.2563155,0.6280000),(-0.0439152,21.2615759,0.6280000),(-0.0479360,21.2628572,0.6280000),(-0.0673110,21.2563155,0.6280000),(-0.0396860,21.2611488,0.6280000),(-0.0439152,21.2615759,0.6280000),(-0.0673110,21.2563155,0.6280000),(-0.0354230,21.2615863,0.6280000),(-0.0396860,21.2611488,0.6280000),(-0.0673110,21.2563155,0.6280000),(-0.0354230,21.2615863,0.6280000),(-0.0673110,21.2563155,0.6280000),(-0.0642843,21.2535323,0.6280000),(-0.0354230,21.2615863,0.6280000),(-0.0642843,21.2535323,0.6280000),(-0.0611417,21.2511202,0.6280000),(-0.0313839,21.2628988,0.6280000),(-0.0354230,21.2615863,0.6280000),(-0.0611417,21.2511202,0.6280000),(-0.0313839,21.2628988,0.6280000),(-0.0611417,21.2511202,0.6280000),(-0.0578833,21.2490792,0.6280000),(-0.0313839,21.2628988,0.6280000),(-0.0578833,21.2490792,0.6280000),(-0.0545089,21.2474093,0.6280000),(-0.0275688,21.2650863,0.6280000),(-0.0313839,21.2628988,0.6280000),(-0.0545089,21.2474093,0.6280000),(-0.0275688,21.2650863,0.6280000),(-0.0545089,21.2474093,0.6280000),(-0.0510187,21.2461104,0.6280000),(0.0010204,21.2858116,0.6280000),(-0.0275688,21.2650863,0.6280000),(-0.0510187,21.2461104,0.6280000),(0.0010204,21.2858116,0.6280000),(-0.0510187,21.2461104,0.6280000),(-0.0474126,21.2451827,0.6280000),(0.0010204,21.2858116,0.6280000),(-0.0474126,21.2451827,0.6280000),(-0.0436906,21.2446260,0.6280000),(0.0010204,21.2858116,0.6280000),(-0.0436906,21.2446260,0.6280000),(-0.0398527,21.2444405,0.6280000),(0.0010204,21.2858116,0.6280000),(-0.0398527,21.2444405,0.6280000),(-0.0359484,21.2446228,0.6280000),(0.0010204,21.2858116,0.6280000),(-0.0359484,21.2446228,0.6280000),(-0.0321730,21.2451697,0.6280000),(0.0010204,21.2858116,0.6280000),(-0.0321730,21.2451697,0.6280000),(-0.0285265,21.2460811,0.6280000),(0.0010204,21.2858116,0.6280000),(-0.0285265,21.2460811,0.6280000),(-0.0250089,21.2473572,0.6280000),(0.0010204,21.2858116,0.6280000),(-0.0250089,21.2473572,0.6280000),(-0.0216203,21.2489978,0.6280000),(0.0010204,21.2858116,0.6280000),(-0.0216203,21.2489978,0.6280000),(-0.0183605,21.2510030,0.6280000),(0.0010204,21.2858116,0.6280000),(-0.0183605,21.2510030,0.6280000),(-0.0152296,21.2533728,0.6280000),(0.0010204,21.2858116,0.6280000),(-0.0152296,21.2533728,0.6280000),(-0.0122277,21.2561072,0.6280000),(0.0010204,21.2858116,0.6280000),(-0.0122277,21.2561072,0.6280000),(-0.0090734,21.2596241,0.6280000),(0.0010204,21.2858116,0.6280000),(-0.0090734,21.2596241,0.6280000),(-0.0063397,21.2633832,0.6280000),(0.0010204,21.2858116,0.6280000),(-0.0063397,21.2633832,0.6280000),(-0.0040265,21.2673845,0.6280000),(0.0010204,21.2858116,0.6280000),(-0.0040265,21.2673845,0.6280000),(-0.0021339,21.2716280,0.6280000),(0.0010204,21.2858116,0.6280000),(-0.0021339,21.2716280,0.6280000),(-0.0006619,21.2761137,0.6280000),(0.0010204,21.2858116,0.6280000),(-0.0006619,21.2761137,0.6280000),(0.0003895,21.2808415,0.6280000),(0.1688557,21.2806488,0.6280000),(0.1689390,21.2787322,0.6280000),(0.1698811,21.2751065,0.6280000),(0.1688557,21.2806488,0.6280000),(0.1698811,21.2751065,0.6280000),(0.1709781,21.2717087,0.6280000),(0.1688557,21.2806488,0.6280000),(0.1709781,21.2717087,0.6280000),(0.1722300,21.2685388,0.6280000),(0.1688557,21.2806488,0.6280000),(0.1722300,21.2685388,0.6280000),(0.1736369,21.2655968,0.6280000),(0.1688557,21.2806488,0.6280000),(0.1736369,21.2655968,0.6280000),(0.1751988,21.2628826,0.6280000),(0.1688557,21.2806488,0.6280000),(0.1751988,21.2628826,0.6280000),(0.1769156,21.2603962,0.6280000),(0.1688557,21.2806488,0.6280000),(0.1769156,21.2603962,0.6280000),(0.1808140,21.2561072,0.6280000),(0.1688557,21.2806488,0.6280000),(0.1808140,21.2561072,0.6280000),(0.1840021,21.2533728,0.6280000),(0.1688557,21.2806488,0.6280000),(0.1840021,21.2533728,0.6280000),(0.1872749,21.2510030,0.6280000),(0.1688557,21.2806488,0.6280000),(0.1872749,21.2510030,0.6280000),(0.1906324,21.2489978,0.6280000),(0.1688557,21.2806488,0.6280000),(0.1906324,21.2489978,0.6280000),(0.1940744,21.2473572,0.6280000),(0.1688557,21.2806488,0.6280000),(0.1940744,21.2473572,0.6280000),(0.1976011,21.2460811,0.6280000),(0.1688557,21.2806488,0.6280000),(0.1976011,21.2460811,0.6280000),(0.2012124,21.2451697,0.6280000),(0.1688557,21.2806488,0.6280000),(0.2012124,21.2451697,0.6280000),(0.2049084,21.2446228,0.6280000),(0.1688557,21.2806488,0.6280000),(0.2049084,21.2446228,0.6280000),(0.2086890,21.2444405,0.6280000),(0.1688557,21.2806488,0.6280000),(0.2086890,21.2444405,0.6280000),(0.2124390,21.2446260,0.6280000),(0.1688557,21.2806488,0.6280000),(0.2124390,21.2446260,0.6280000),(0.2160848,21.2451827,0.6280000),(0.1688557,21.2806488,0.6280000),(0.2160848,21.2451827,0.6280000),(0.2196265,21.2461104,0.6280000),(0.1688557,21.2806488,0.6280000),(0.2196265,21.2461104,0.6280000),(0.2230640,21.2474093,0.6280000),(0.2230640,21.2474093,0.6280000),(0.2263973,21.2490792,0.6280000),(0.2296265,21.2511202,0.6280000),(0.2230640,21.2474093,0.6280000),(0.2296265,21.2511202,0.6280000),(0.2327515,21.2535323,0.6280000),(0.2230640,21.2474093,0.6280000),(0.2327515,21.2535323,0.6280000),(0.2357723,21.2563155,0.6280000),(0.2230640,21.2474093,0.6280000),(0.2357723,21.2563155,0.6280000),(0.2389266,21.2597895,0.6280000),(0.2230640,21.2474093,0.6280000),(0.2389266,21.2597895,0.6280000),(0.2416603,21.2635238,0.6280000),(0.2230640,21.2474093,0.6280000),(0.2416603,21.2635238,0.6280000),(0.2439735,21.2675186,0.6280000),(0.2230640,21.2474093,0.6280000),(0.2439735,21.2675186,0.6280000),(0.2458661,21.2717738,0.6280000),(0.2230640,21.2474093,0.6280000),(0.2458661,21.2717738,0.6280000),(0.2473381,21.2762895,0.6280000),(0.2230640,21.2474093,0.6280000),(0.2473381,21.2762895,0.6280000),(0.2483895,21.2810655,0.6280000),(0.2230640,21.2474093,0.6280000),(0.2483895,21.2810655,0.6280000),(0.2490204,21.2861020,0.6280000),(0.2230640,21.2474093,0.6280000),(0.2490204,21.2861020,0.6280000),(0.2492307,21.2913988,0.6280000),(0.2230640,21.2474093,0.6280000),(0.2492307,21.2913988,0.6280000),(0.2491799,21.2954651,0.6280000),(0.2230640,21.2474093,0.6280000),(0.2491799,21.2954651,0.6280000),(0.2490275,21.2993721,0.6280000),(0.2230640,21.2474093,0.6280000),(0.2490275,21.2993721,0.6280000),(0.2487736,21.3031200,0.6280000),(0.2230640,21.2474093,0.6280000),(0.2487736,21.3031200,0.6280000),(0.2484182,21.3067087,0.6280000),(0.2230640,21.2474093,0.6280000),(0.2484182,21.3067087,0.6280000),(0.2479611,21.3101383,0.6280000),(0.2230640,21.2474093,0.6280000),(0.2479611,21.3101383,0.6280000),(0.2474025,21.3134086,0.6280000),(0.2230640,21.2474093,0.6280000),(0.2474025,21.3134086,0.6280000),(0.2467424,21.3165198,0.6280000),(0.2230640,21.2474093,0.6280000),(0.2467424,21.3165198,0.6280000),(0.2459807,21.3194718,0.6280000),(0.2230640,21.2474093,0.6280000),(0.2459807,21.3194718,0.6280000),(0.2441525,21.3248982,0.6280000),(0.2441525,21.3248982,0.6280000),(0.2419182,21.3296879,0.6280000),(0.2392775,21.3338409,0.6280000),(0.2441525,21.3248982,0.6280000),(0.2392775,21.3338409,0.6280000),(0.2362307,21.3373572,0.6280000),(0.2441525,21.3248982,0.6280000),(0.2362307,21.3373572,0.6280000),(0.2331011,21.3400915,0.6280000),(0.2441525,21.3248982,0.6280000),(0.2331011,21.3400915,0.6280000),(0.2298791,21.3424613,0.6280000),(0.2441525,21.3248982,0.6280000),(0.2298791,21.3424613,0.6280000),(0.2265646,21.3444665,0.6280000),(0.2441525,21.3248982,0.6280000),(0.2265646,21.3444665,0.6280000),(0.2231577,21.3461072,0.6280000),(0.2441525,21.3248982,0.6280000),(0.2231577,21.3461072,0.6280000),(0.2196584,21.3473832,0.6280000),(0.2441525,21.3248982,0.6280000),(0.2196584,21.3473832,0.6280000),(0.2160666,21.3482947,0.6280000),(0.2441525,21.3248982,0.6280000),(0.2160666,21.3482947,0.6280000),(0.2123824,21.3488415,0.6280000),(0.2441525,21.3248982,0.6280000),(0.2123824,21.3488415,0.6280000),(0.2086057,21.3490238,0.6280000),(0.2441525,21.3248982,0.6280000),(0.2086057,21.3490238,0.6280000),(0.2052469,21.3488956,0.6280000),(0.2441525,21.3248982,0.6280000),(0.2052469,21.3488956,0.6280000),(0.2020041,21.3485108,0.6280000),(0.2441525,21.3248982,0.6280000),(0.2020041,21.3485108,0.6280000),(0.1988771,21.3478695,0.6280000),(0.2441525,21.3248982,0.6280000),(0.1988771,21.3478695,0.6280000),(0.1958661,21.3469718,0.6280000),(0.2441525,21.3248982,0.6280000),(0.1958661,21.3469718,0.6280000),(0.1901916,21.3444066,0.6280000),(0.2441525,21.3248982,0.6280000),(0.1901916,21.3444066,0.6280000),(0.1849807,21.3408155,0.6280000),(0.1866473,21.3871905,0.6280000),(0.2368557,21.3871905,0.6280000),(0.2400640,21.3878155,0.6280000),(0.1866473,21.3871905,0.6280000),(0.2400640,21.3878155,0.6280000),(0.2427723,21.3896905,0.6280000),(0.1866473,21.3871905,0.6280000),(0.2427723,21.3896905,0.6280000),(0.2446161,21.3924197,0.6280000),(0.1866473,21.3871905,0.6280000),(0.2446161,21.3924197,0.6280000),(0.2452307,21.3956072,0.6280000),(0.1866473,21.3871905,0.6280000),(0.2452307,21.3956072,0.6280000),(0.2446161,21.3987843,0.6280000),(0.1866473,21.3871905,0.6280000),(0.2446161,21.3987843,0.6280000),(0.2427723,21.4014822,0.6280000),(0.1866473,21.3871905,0.6280000),(0.2427723,21.4014822,0.6280000),(0.2400640,21.4033572,0.6280000),(0.1866473,21.3871905,0.6280000),(0.2400640,21.4033572,0.6280000),(0.2368557,21.4039822,0.6280000),(0.1866473,21.3871905,0.6280000),(0.2368557,21.4039822,0.6280000),(0.1788973,21.4039822,0.6280000),(0.1849807,21.3408155,0.6280000),(0.1866473,21.3871905,0.6280000),(0.1788973,21.4039822,0.6280000),(0.1849807,21.3408155,0.6280000),(0.1788973,21.4039822,0.6280000),(0.1757307,21.4034301,0.6280000),(0.1849807,21.3408155,0.6280000),(0.1757307,21.4034301,0.6280000),(0.1729807,21.4017738,0.6280000),(0.1849807,21.3408155,0.6280000),(0.1729807,21.4017738,0.6280000),(0.1711057,21.3992113,0.6280000),(0.1849807,21.3408155,0.6280000),(0.1711057,21.3992113,0.6280000),(0.1704807,21.3961072,0.6280000),(0.1849807,21.3408155,0.6280000),(0.1704807,21.3961072,0.6280000),(0.1673140,21.3148155,0.6280000),(0.1849807,21.3408155,0.6280000),(0.1673140,21.3148155,0.6280000),(0.1678348,21.3116905,0.6280000),(0.1849807,21.3408155,0.6280000),(0.1678348,21.3116905,0.6280000),(0.1693973,21.3088988,0.6280000),(0.1849807,21.3408155,0.6280000),(0.1693973,21.3088988,0.6280000),(0.1719598,21.3067738,0.6280000),(0.1849807,21.3408155,0.6280000),(0.1719598,21.3067738,0.6280000),(0.1752307,21.3060655,0.6280000),(0.1849807,21.3408155,0.6280000),(0.1752307,21.3060655,0.6280000),(0.1784286,21.3065968,0.6280000),(0.1849807,21.3408155,0.6280000),(0.1784286,21.3065968,0.6280000),(0.1812723,21.3081905,0.6280000),(0.1849807,21.3408155,0.6280000),(0.1812723,21.3081905,0.6280000),(0.1837307,21.3121905,0.6280000),(0.1849807,21.3408155,0.6280000),(0.1837307,21.3121905,0.6280000),(0.1850692,21.3155421,0.6280000),(0.1849807,21.3408155,0.6280000),(0.1850692,21.3155421,0.6280000),(0.1870015,21.3188468,0.6280000),(0.1849807,21.3408155,0.6280000),(0.1870015,21.3188468,0.6280000),(0.1895275,21.3221046,0.6280000),(0.1849807,21.3408155,0.6280000),(0.1895275,21.3221046,0.6280000),(0.1926473,21.3253155,0.6280000),(0.1849807,21.3408155,0.6280000),(0.1926473,21.3253155,0.6280000),(0.1964103,21.3283780,0.6280000),(0.1849807,21.3408155,0.6280000),(0.1964103,21.3283780,0.6280000),(0.2003244,21.3305655,0.6280000),(0.1849807,21.3408155,0.6280000),(0.2003244,21.3305655,0.6280000),(0.2043895,21.3318780,0.6280000),(0.1849807,21.3408155,0.6280000),(0.2043895,21.3318780,0.6280000),(0.2086057,21.3323155,0.6280000),(0.1849807,21.3408155,0.6280000),(0.2086057,21.3323155,0.6280000),(0.2127984,21.3318780,0.6280000),(0.2441525,21.3248982,0.6280000),(0.1849807,21.3408155,0.6280000),(0.2127984,21.3318780,0.6280000),(0.2441525,21.3248982,0.6280000),(0.2127984,21.3318780,0.6280000),(0.2168348,21.3305655,0.6280000),(0.2441525,21.3248982,0.6280000),(0.2168348,21.3305655,0.6280000),(0.2207150,21.3283780,0.6280000),(0.2441525,21.3248982,0.6280000),(0.2207150,21.3283780,0.6280000),(0.2244390,21.3253155,0.6280000),(0.2441525,21.3248982,0.6280000),(0.2244390,21.3253155,0.6280000),(0.2279937,21.3202530,0.6280000),(0.2441525,21.3248982,0.6280000),(0.2279937,21.3202530,0.6280000),(0.2293902,21.3168624,0.6280000),(0.2441525,21.3248982,0.6280000),(0.2293902,21.3168624,0.6280000),(0.2305327,21.3128988,0.6280000),(0.2441525,21.3248982,0.6280000),(0.2305327,21.3128988,0.6280000),(0.2314214,21.3083624,0.6280000),(0.2441525,21.3248982,0.6280000),(0.2314214,21.3083624,0.6280000),(0.2320562,21.3032530,0.6280000),(0.2441525,21.3248982,0.6280000),(0.2320562,21.3032530,0.6280000),(0.2324370,21.2975707,0.6280000),(0.2441525,21.3248982,0.6280000),(0.2324370,21.2975707,0.6280000),(0.2325640,21.2913155,0.6280000),(0.2441525,21.3248982,0.6280000),(0.2325640,21.2913155,0.6280000),(0.2324286,21.2877152,0.6280000),(0.2441525,21.3248982,0.6280000),(0.2324286,21.2877152,0.6280000),(0.2320223,21.2843103,0.6280000),(0.2441525,21.3248982,0.6280000),(0.2320223,21.2843103,0.6280000),(0.2313452,21.2811007,0.6280000),(0.2230640,21.2474093,0.6280000),(0.2441525,21.3248982,0.6280000),(0.2313452,21.2811007,0.6280000),(0.2230640,21.2474093,0.6280000),(0.2313452,21.2811007,0.6280000),(0.2303973,21.2780863,0.6280000),(0.2230640,21.2474093,0.6280000),(0.2303973,21.2780863,0.6280000),(0.2276890,21.2726436,0.6280000),(0.2230640,21.2474093,0.6280000),(0.2276890,21.2726436,0.6280000),(0.2238973,21.2679822,0.6280000),(0.2230640,21.2474093,0.6280000),(0.2238973,21.2679822,0.6280000),(0.2203036,21.2649926,0.6280000),(0.2230640,21.2474093,0.6280000),(0.2203036,21.2649926,0.6280000),(0.2165223,21.2628572,0.6280000),(0.2230640,21.2474093,0.6280000),(0.2165223,21.2628572,0.6280000),(0.2125536,21.2615759,0.6280000),(0.2230640,21.2474093,0.6280000),(0.2125536,21.2615759,0.6280000),(0.2083973,21.2611488,0.6280000),(0.2230640,21.2474093,0.6280000),(0.2083973,21.2611488,0.6280000),(0.2043583,21.2615915,0.6280000),(0.2230640,21.2474093,0.6280000),(0.2043583,21.2615915,0.6280000),(0.2003244,21.2629197,0.6280000),(0.2230640,21.2474093,0.6280000),(0.2003244,21.2629197,0.6280000),(0.1962958,21.2651332,0.6280000),(0.1688557,21.2806488,0.6280000),(0.2230640,21.2474093,0.6280000),(0.1962958,21.2651332,0.6280000),(0.1688557,21.2806488,0.6280000),(0.1962958,21.2651332,0.6280000),(0.1922723,21.2682322,0.6280000),(0.1688557,21.2806488,0.6280000),(0.1922723,21.2682322,0.6280000),(0.1882515,21.2738572,0.6280000),(0.1688557,21.2806488,0.6280000),(0.1882515,21.2738572,0.6280000),(0.1866942,21.2777947,0.6280000),(0.1688557,21.2806488,0.6280000),(0.1866942,21.2777947,0.6280000),(0.1854390,21.2824822,0.6280000),(0.1688557,21.2806488,0.6280000),(0.1854390,21.2824822,0.6280000),(0.1837046,21.2853441,0.6280000),(0.1688557,21.2806488,0.6280000),(0.1837046,21.2853441,0.6280000),(0.1817932,21.2873884,0.6280000),(0.1688557,21.2806488,0.6280000),(0.1817932,21.2873884,0.6280000),(0.1774390,21.2890238,0.6280000),(0.1688557,21.2806488,0.6280000),(0.1774390,21.2890238,0.6280000),(0.1771473,21.2890238,0.6280000),(0.1688557,21.2806488,0.6280000),(0.1771473,21.2890238,0.6280000),(0.1742385,21.2884066,0.6280000),(0.1688557,21.2806488,0.6280000),(0.1742385,21.2884066,0.6280000),(0.1718869,21.2868051,0.6280000),(0.1236057,21.3871905,0.6280000),(0.0933557,21.2545655,0.6280000),(0.0932723,21.2526488,0.6280000),(0.1236057,21.3871905,0.6280000),(0.0932723,21.2526488,0.6280000),(0.0944390,21.2483572,0.6280000),(0.1236057,21.3871905,0.6280000),(0.0944390,21.2483572,0.6280000),(0.0966577,21.2459093,0.6280000),(0.1236057,21.3871905,0.6280000),(0.0966577,21.2459093,0.6280000),(0.0996473,21.2445655,0.6280000),(0.1236057,21.3871905,0.6280000),(0.0996473,21.2445655,0.6280000),(0.1016473,21.2444405,0.6280000),(0.1236057,21.3871905,0.6280000),(0.1016473,21.2444405,0.6280000),(0.1060223,21.2456488,0.6280000),(0.1236057,21.3871905,0.6280000),(0.1060223,21.2456488,0.6280000),(0.1084390,21.2479093,0.6280000),(0.1236057,21.3871905,0.6280000),(0.1084390,21.2479093,0.6280000),(0.1096890,21.2510238,0.6280000),(0.1236057,21.3871905,0.6280000),(0.1096890,21.2510238,0.6280000),(0.1423140,21.3937738,0.6280000),(0.0691057,21.3871905,0.6280000),(0.1236057,21.3871905,0.6280000),(0.1423140,21.3937738,0.6280000),(0.0691057,21.3871905,0.6280000),(0.1423140,21.3937738,0.6280000),(0.1424807,21.3957738,0.6280000),(0.0691057,21.3871905,0.6280000),(0.1424807,21.3957738,0.6280000),(0.1406890,21.4008572,0.6280000),(0.0691057,21.3871905,0.6280000),(0.1406890,21.4008572,0.6280000),(0.1377515,21.4032009,0.6280000),(0.0691057,21.3871905,0.6280000),(0.1377515,21.4032009,0.6280000),(0.1341057,21.4039822,0.6280000),(0.0691057,21.3871905,0.6280000),(0.1341057,21.4039822,0.6280000),(0.0691057,21.4039822,0.6280000),(0.0691057,21.3871905,0.6280000),(0.0691057,21.4039822,0.6280000),(0.0658973,21.4033572,0.6280000),(0.0691057,21.3871905,0.6280000),(0.0658973,21.4033572,0.6280000),(0.0631890,21.4014822,0.6280000),(0.0691057,21.3871905,0.6280000),(0.0631890,21.4014822,0.6280000),(0.0613452,21.3987843,0.6280000),(0.0691057,21.3871905,0.6280000),(0.0613452,21.3987843,0.6280000),(0.0607307,21.3956072,0.6280000),(0.0691057,21.3871905,0.6280000),(0.0607307,21.3956072,0.6280000),(0.0613452,21.3924197,0.6280000),(0.0691057,21.3871905,0.6280000),(0.0613452,21.3924197,0.6280000),(0.0631890,21.3896905,0.6280000),(0.0691057,21.3871905,0.6280000),(0.0631890,21.3896905,0.6280000),(0.0658973,21.3878155,0.6280000),(0.0192723,21.2456384,0.6280000),(0.0221473,21.2414405,0.6280000),(0.0263452,21.2385655,0.6280000),(0.0192723,21.2456384,0.6280000),(0.0263452,21.2385655,0.6280000),(0.0312723,21.2376072,0.6280000),(0.0192723,21.2456384,0.6280000),(0.0312723,21.2376072,0.6280000),(0.0361890,21.2385655,0.6280000),(0.0192723,21.2456384,0.6280000),(0.0361890,21.2385655,0.6280000),(0.0403557,21.2414405,0.6280000),(0.0192723,21.2456384,0.6280000),(0.0403557,21.2414405,0.6280000),(0.0432307,21.2456384,0.6280000),(0.0192723,21.2456384,0.6280000),(0.0432307,21.2456384,0.6280000),(0.0441890,21.2505655,0.6280000),(0.0192723,21.2456384,0.6280000),(0.0441890,21.2505655,0.6280000),(0.0432307,21.2554926,0.6280000),(0.0192723,21.2456384,0.6280000),(0.0432307,21.2554926,0.6280000),(0.0403557,21.2596905,0.6280000),(0.0192723,21.2456384,0.6280000),(0.0403557,21.2596905,0.6280000),(0.0361890,21.2625655,0.6280000),(0.0192723,21.2456384,0.6280000),(0.0361890,21.2625655,0.6280000),(0.0312723,21.2635238,0.6280000),(0.0192723,21.2456384,0.6280000),(0.0312723,21.2635238,0.6280000),(0.0263452,21.2625655,0.6280000),(0.0192723,21.2456384,0.6280000),(0.0263452,21.2625655,0.6280000),(0.0221473,21.2596905,0.6280000),(0.0192723,21.2456384,0.6280000),(0.0221473,21.2596905,0.6280000),(0.0192723,21.2554926,0.6280000),(0.0192723,21.2456384,0.6280000),(0.0192723,21.2554926,0.6280000),(0.0183140,21.2505655,0.6280000),(0.6048193,21.2867283,0.6280000),(0.6050295,21.2919405,0.6280000),(0.6050295,21.3584822,0.6280000),(0.6048193,21.2867283,0.6280000),(0.6050295,21.3584822,0.6280000),(0.6048206,21.3636247,0.6280000),(0.6048193,21.2867283,0.6280000),(0.6048206,21.3636247,0.6280000),(0.6041936,21.3685316,0.6280000),(0.6048193,21.2867283,0.6280000),(0.6041936,21.3685316,0.6280000),(0.6031487,21.3732029,0.6280000),(0.6048193,21.2867283,0.6280000),(0.6031487,21.3732029,0.6280000),(0.6016858,21.3776384,0.6280000),(0.6048193,21.2867283,0.6280000),(0.6016858,21.3776384,0.6280000),(0.5998049,21.3818383,0.6280000),(0.6048193,21.2867283,0.6280000),(0.5998049,21.3818383,0.6280000),(0.5975061,21.3858025,0.6280000),(0.6048193,21.2867283,0.6280000),(0.5975061,21.3858025,0.6280000),(0.5947893,21.3895310,0.6280000),(0.6048193,21.2867283,0.6280000),(0.5947893,21.3895310,0.6280000),(0.5916545,21.3930238,0.6280000),(0.6048193,21.2867283,0.6280000),(0.5916545,21.3930238,0.6280000),(0.5886357,21.3958461,0.6280000),(0.6048193,21.2867283,0.6280000),(0.5886357,21.3958461,0.6280000),(0.5854957,21.3982921,0.6280000),(0.6048193,21.2867283,0.6280000),(0.5854957,21.3982921,0.6280000),(0.5822346,21.4003617,0.6280000),(0.5822346,21.4003617,0.6280000),(0.5788525,21.4020551,0.6280000),(0.5753492,21.4033721,0.6280000),(0.5822346,21.4003617,0.6280000),(0.5753492,21.4033721,0.6280000),(0.5717249,21.4043129,0.6280000),(0.5822346,21.4003617,0.6280000),(0.5717249,21.4043129,0.6280000),(0.5679794,21.4048774,0.6280000),(0.5822346,21.4003617,0.6280000),(0.5679794,21.4048774,0.6280000),(0.5641129,21.4050655,0.6280000),(0.5822346,21.4003617,0.6280000),(0.5641129,21.4050655,0.6280000),(0.5602906,21.4048774,0.6280000),(0.5822346,21.4003617,0.6280000),(0.5602906,21.4048774,0.6280000),(0.5565738,21.4043129,0.6280000),(0.5822346,21.4003617,0.6280000),(0.5565738,21.4043129,0.6280000),(0.5529625,21.4033721,0.6280000),(0.5822346,21.4003617,0.6280000),(0.5529625,21.4033721,0.6280000),(0.5494566,21.4020551,0.6280000),(0.5822346,21.4003617,0.6280000),(0.5494566,21.4020551,0.6280000),(0.5460562,21.4003617,0.6280000),(0.5822346,21.4003617,0.6280000),(0.5460562,21.4003617,0.6280000),(0.5427613,21.3982921,0.6280000),(0.5822346,21.4003617,0.6280000),(0.5427613,21.3982921,0.6280000),(0.5395719,21.3958461,0.6280000),(0.5822346,21.4003617,0.6280000),(0.5395719,21.3958461,0.6280000),(0.5364879,21.3930238,0.6280000),(0.5822346,21.4003617,0.6280000),(0.5364879,21.3930238,0.6280000),(0.5333531,21.3895994,0.6280000),(0.5822346,21.4003617,0.6280000),(0.5333531,21.3895994,0.6280000),(0.5306363,21.3859301,0.6280000),(0.5822346,21.4003617,0.6280000),(0.5306363,21.3859301,0.6280000),(0.5283375,21.3820160,0.6280000),(0.5822346,21.4003617,0.6280000),(0.5283375,21.3820160,0.6280000),(0.5264566,21.3778572,0.6280000),(0.5822346,21.4003617,0.6280000),(0.5264566,21.3778572,0.6280000),(0.5249937,21.3734535,0.6280000),(0.5249937,21.3734535,0.6280000),(0.5239488,21.3688051,0.6280000),(0.5233219,21.3639119,0.6280000),(0.5249937,21.3734535,0.6280000),(0.5233219,21.3639119,0.6280000),(0.5231129,21.3587738,0.6280000),(0.5249937,21.3734535,0.6280000),(0.5231129,21.3587738,0.6280000),(0.5231129,21.3584822,0.6280000),(0.5249937,21.3734535,0.6280000),(0.5231129,21.3584822,0.6280000),(0.5231129,21.2917738,0.6280000),(0.5249937,21.3734535,0.6280000),(0.5231129,21.2917738,0.6280000),(0.5233219,21.2866039,0.6280000),(0.5249937,21.3734535,0.6280000),(0.5233219,21.2866039,0.6280000),(0.5239488,21.2816775,0.6280000),(0.5249937,21.3734535,0.6280000),(0.5239488,21.2816775,0.6280000),(0.5249937,21.2769945,0.6280000),(0.5249937,21.3734535,0.6280000),(0.5249937,21.2769945,0.6280000),(0.5264566,21.2725551,0.6280000),(0.5249937,21.3734535,0.6280000),(0.5264566,21.2725551,0.6280000),(0.5283375,21.2683591,0.6280000),(0.5249937,21.3734535,0.6280000),(0.5283375,21.2683591,0.6280000),(0.5306363,21.2644066,0.6280000),(0.5249937,21.3734535,0.6280000),(0.5306363,21.2644066,0.6280000),(0.5333531,21.2606977,0.6280000),(0.5249937,21.3734535,0.6280000),(0.5333531,21.2606977,0.6280000),(0.5364879,21.2572322,0.6280000),(0.5364879,21.2572322,0.6280000),(0.5484462,21.2688988,0.6280000),(0.5447457,21.2734796,0.6280000),(0.5364879,21.2572322,0.6280000),(0.5447457,21.2734796,0.6280000),(0.5421025,21.2788468,0.6280000),(0.5364879,21.2572322,0.6280000),(0.5421025,21.2788468,0.6280000),(0.5405165,21.2850004,0.6280000),(0.5249937,21.3734535,0.6280000),(0.5364879,21.2572322,0.6280000),(0.5405165,21.2850004,0.6280000),(0.5249937,21.3734535,0.6280000),(0.5405165,21.2850004,0.6280000),(0.5401200,21.2883721,0.6280000),(0.5249937,21.3734535,0.6280000),(0.5401200,21.2883721,0.6280000),(0.5399879,21.2919405,0.6280000),(0.5249937,21.3734535,0.6280000),(0.5399879,21.2919405,0.6280000),(0.5399879,21.3587738,0.6280000),(0.5249937,21.3734535,0.6280000),(0.5399879,21.3587738,0.6280000),(0.5401187,21.3622504,0.6280000),(0.5249937,21.3734535,0.6280000),(0.5401187,21.3622504,0.6280000),(0.5405113,21.3655343,0.6280000),(0.5249937,21.3734535,0.6280000),(0.5405113,21.3655343,0.6280000),(0.5411656,21.3686254,0.6280000),(0.5249937,21.3734535,0.6280000),(0.5411656,21.3686254,0.6280000),(0.5420816,21.3715238,0.6280000),(0.5249937,21.3734535,0.6280000),(0.5420816,21.3715238,0.6280000),(0.5446988,21.3767426,0.6280000),(0.5249937,21.3734535,0.6280000),(0.5446988,21.3767426,0.6280000),(0.5483629,21.3811905,0.6280000),(0.5249937,21.3734535,0.6280000),(0.5483629,21.3811905,0.6280000),(0.5521129,21.3842895,0.6280000),(0.5249937,21.3734535,0.6280000),(0.5521129,21.3842895,0.6280000),(0.5559879,21.3865030,0.6280000),(0.5822346,21.4003617,0.6280000),(0.5249937,21.3734535,0.6280000),(0.5559879,21.3865030,0.6280000),(0.5822346,21.4003617,0.6280000),(0.5559879,21.3865030,0.6280000),(0.5599879,21.3878311,0.6280000),(0.5822346,21.4003617,0.6280000),(0.5599879,21.3878311,0.6280000),(0.5641129,21.3882738,0.6280000),(0.5822346,21.4003617,0.6280000),(0.5641129,21.3882738,0.6280000),(0.5684071,21.3878311,0.6280000),(0.5822346,21.4003617,0.6280000),(0.5684071,21.3878311,0.6280000),(0.5724566,21.3865030,0.6280000),(0.5822346,21.4003617,0.6280000),(0.5724566,21.3865030,0.6280000),(0.5762613,21.3842895,0.6280000),(0.5822346,21.4003617,0.6280000),(0.5762613,21.3842895,0.6280000),(0.5798212,21.3811905,0.6280000),(0.5822346,21.4003617,0.6280000),(0.5798212,21.3811905,0.6280000),(0.5834853,21.3765212,0.6280000),(0.5822346,21.4003617,0.6280000),(0.5834853,21.3765212,0.6280000),(0.5861025,21.3711801,0.6280000),(0.5822346,21.4003617,0.6280000),(0.5861025,21.3711801,0.6280000),(0.5876728,21.3651671,0.6280000),(0.6048193,21.2867283,0.6280000),(0.5822346,21.4003617,0.6280000),(0.5876728,21.3651671,0.6280000),(0.6048193,21.2867283,0.6280000),(0.5876728,21.3651671,0.6280000),(0.5880654,21.3619086,0.6280000),(0.6048193,21.2867283,0.6280000),(0.5880654,21.3619086,0.6280000),(0.5881962,21.3584822,0.6280000),(0.6048193,21.2867283,0.6280000),(0.5881962,21.3584822,0.6280000),(0.5881962,21.2919405,0.6280000),(0.6048193,21.2867283,0.6280000),(0.5881962,21.2919405,0.6280000),(0.5880654,21.2884112,0.6280000),(0.6048193,21.2867283,0.6280000),(0.5880654,21.2884112,0.6280000),(0.5876728,21.2850733,0.6280000),(0.6048193,21.2867283,0.6280000),(0.5876728,21.2850733,0.6280000),(0.5870185,21.2819268,0.6280000),(0.6048193,21.2867283,0.6280000),(0.5870185,21.2819268,0.6280000),(0.5861025,21.2789718,0.6280000),(0.6048193,21.2867283,0.6280000),(0.5861025,21.2789718,0.6280000),(0.5834853,21.2736358,0.6280000),(0.6048193,21.2867283,0.6280000),(0.5834853,21.2736358,0.6280000),(0.5798212,21.2690655,0.6280000),(0.6048193,21.2867283,0.6280000),(0.5798212,21.2690655,0.6280000),(0.5762301,21.2660030,0.6280000),(0.5520504,21.2659093,0.6280000),(0.5484462,21.2688988,0.6280000),(0.5364879,21.2572322,0.6280000),(0.5558629,21.2637738,0.6280000),(0.5520504,21.2659093,0.6280000),(0.5364879,21.2572322,0.6280000),(0.5598837,21.2624926,0.6280000),(0.5558629,21.2637738,0.6280000),(0.5364879,21.2572322,0.6280000),(0.5641129,21.2620655,0.6280000),(0.5598837,21.2624926,0.6280000),(0.5364879,21.2572322,0.6280000),(0.5683759,21.2625030,0.6280000),(0.5641129,21.2620655,0.6280000),(0.5364879,21.2572322,0.6280000),(0.5683759,21.2625030,0.6280000),(0.5364879,21.2572322,0.6280000),(0.5395146,21.2544490,0.6280000),(0.5683759,21.2625030,0.6280000),(0.5395146,21.2544490,0.6280000),(0.5426571,21.2520369,0.6280000),(0.5724150,21.2638155,0.6280000),(0.5683759,21.2625030,0.6280000),(0.5426571,21.2520369,0.6280000),(0.5724150,21.2638155,0.6280000),(0.5426571,21.2520369,0.6280000),(0.5459156,21.2499958,0.6280000),(0.5724150,21.2638155,0.6280000),(0.5459156,21.2499958,0.6280000),(0.5492900,21.2483259,0.6280000),(0.5762301,21.2660030,0.6280000),(0.5724150,21.2638155,0.6280000),(0.5492900,21.2483259,0.6280000),(0.5762301,21.2660030,0.6280000),(0.5492900,21.2483259,0.6280000),(0.5527802,21.2470271,0.6280000),(0.6048193,21.2867283,0.6280000),(0.5762301,21.2660030,0.6280000),(0.5527802,21.2470271,0.6280000),(0.6048193,21.2867283,0.6280000),(0.5527802,21.2470271,0.6280000),(0.5563863,21.2460994,0.6280000),(0.6048193,21.2867283,0.6280000),(0.5563863,21.2460994,0.6280000),(0.5601083,21.2455427,0.6280000),(0.6048193,21.2867283,0.6280000),(0.5601083,21.2455427,0.6280000),(0.5639462,21.2453572,0.6280000),(0.6048193,21.2867283,0.6280000),(0.5639462,21.2453572,0.6280000),(0.5678505,21.2455395,0.6280000),(0.6048193,21.2867283,0.6280000),(0.5678505,21.2455395,0.6280000),(0.5716259,21.2460863,0.6280000),(0.6048193,21.2867283,0.6280000),(0.5716259,21.2460863,0.6280000),(0.5752724,21.2469978,0.6280000),(0.6048193,21.2867283,0.6280000),(0.5752724,21.2469978,0.6280000),(0.5787900,21.2482738,0.6280000),(0.6048193,21.2867283,0.6280000),(0.5787900,21.2482738,0.6280000),(0.5821786,21.2499145,0.6280000),(0.6048193,21.2867283,0.6280000),(0.5821786,21.2499145,0.6280000),(0.5854384,21.2519197,0.6280000),(0.6048193,21.2867283,0.6280000),(0.5854384,21.2519197,0.6280000),(0.5885693,21.2542895,0.6280000),(0.6048193,21.2867283,0.6280000),(0.5885693,21.2542895,0.6280000),(0.5915712,21.2570238,0.6280000),(0.6048193,21.2867283,0.6280000),(0.5915712,21.2570238,0.6280000),(0.5947255,21.2605408,0.6280000),(0.6048193,21.2867283,0.6280000),(0.5947255,21.2605408,0.6280000),(0.5974592,21.2642999,0.6280000),(0.6048193,21.2867283,0.6280000),(0.5974592,21.2642999,0.6280000),(0.5997724,21.2683012,0.6280000),(0.6048193,21.2867283,0.6280000),(0.5997724,21.2683012,0.6280000),(0.6016650,21.2725447,0.6280000),(0.6048193,21.2867283,0.6280000),(0.6016650,21.2725447,0.6280000),(0.6031370,21.2770303,0.6280000),(0.6048193,21.2867283,0.6280000),(0.6031370,21.2770303,0.6280000),(0.6041884,21.2817582,0.6280000),(0.8528193,21.2870186,0.6280000),(0.8530295,21.2923155,0.6280000),(0.8529788,21.2963817,0.6280000),(0.8528193,21.2870186,0.6280000),(0.8529788,21.2963817,0.6280000),(0.8528264,21.3002888,0.6280000),(0.8528193,21.2870186,0.6280000),(0.8528264,21.3002888,0.6280000),(0.8525725,21.3040367,0.6280000),(0.8528193,21.2870186,0.6280000),(0.8525725,21.3040367,0.6280000),(0.8522170,21.3076254,0.6280000),(0.8528193,21.2870186,0.6280000),(0.8522170,21.3076254,0.6280000),(0.8517600,21.3110549,0.6280000),(0.8528193,21.2870186,0.6280000),(0.8517600,21.3110549,0.6280000),(0.8512014,21.3143253,0.6280000),(0.8528193,21.2870186,0.6280000),(0.8512014,21.3143253,0.6280000),(0.8505413,21.3174364,0.6280000),(0.8528193,21.2870186,0.6280000),(0.8505413,21.3174364,0.6280000),(0.8497795,21.3203884,0.6280000),(0.8528193,21.2870186,0.6280000),(0.8497795,21.3203884,0.6280000),(0.8479514,21.3258149,0.6280000),(0.8528193,21.2870186,0.6280000),(0.8479514,21.3258149,0.6280000),(0.8457170,21.3306046,0.6280000),(0.8528193,21.2870186,0.6280000),(0.8457170,21.3306046,0.6280000),(0.8430764,21.3347576,0.6280000),(0.8528193,21.2870186,0.6280000),(0.8430764,21.3347576,0.6280000),(0.8400295,21.3382738,0.6280000),(0.8528193,21.2870186,0.6280000),(0.8400295,21.3382738,0.6280000),(0.8369000,21.3410082,0.6280000),(0.8528193,21.2870186,0.6280000),(0.8369000,21.3410082,0.6280000),(0.8336780,21.3433780,0.6280000),(0.8528193,21.2870186,0.6280000),(0.8336780,21.3433780,0.6280000),(0.8303635,21.3453832,0.6280000),(0.8528193,21.2870186,0.6280000),(0.8303635,21.3453832,0.6280000),(0.8269566,21.3470238,0.6280000),(0.8528193,21.2870186,0.6280000),(0.8269566,21.3470238,0.6280000),(0.8234573,21.3482999,0.6280000),(0.8528193,21.2870186,0.6280000),(0.8234573,21.3482999,0.6280000),(0.8198655,21.3492113,0.6280000),(0.8528193,21.2870186,0.6280000),(0.8198655,21.3492113,0.6280000),(0.8161812,21.3497582,0.6280000),(0.8161812,21.3497582,0.6280000),(0.8124045,21.3499405,0.6280000),(0.8089150,21.3498005,0.6280000),(0.8161812,21.3497582,0.6280000),(0.8089150,21.3498005,0.6280000),(0.8055504,21.3493806,0.6280000),(0.8161812,21.3497582,0.6280000),(0.8055504,21.3493806,0.6280000),(0.8023108,21.3486807,0.6280000),(0.8161812,21.3497582,0.6280000),(0.8023108,21.3486807,0.6280000),(0.7991962,21.3477009,0.6280000),(0.8161812,21.3497582,0.6280000),(0.7991962,21.3477009,0.6280000),(0.7962066,21.3464412,0.6280000),(0.8161812,21.3497582,0.6280000),(0.7962066,21.3464412,0.6280000),(0.7933420,21.3449014,0.6280000),(0.8161812,21.3497582,0.6280000),(0.7933420,21.3449014,0.6280000),(0.7906025,21.3430818,0.6280000),(0.8161812,21.3497582,0.6280000),(0.7906025,21.3430818,0.6280000),(0.7879879,21.3409822,0.6280000),(0.8317275,21.3764509,0.6280000),(0.8343629,21.3709822,0.6280000),(0.8376337,21.3672322,0.6280000),(0.8317275,21.3764509,0.6280000),(0.8376337,21.3672322,0.6280000),(0.8421962,21.3651488,0.6280000),(0.8279879,21.3811905,0.6280000),(0.8317275,21.3764509,0.6280000),(0.8421962,21.3651488,0.6280000),(0.8279879,21.3811905,0.6280000),(0.8421962,21.3651488,0.6280000),(0.8451884,21.3663910,0.6280000),(0.8279879,21.3811905,0.6280000),(0.8451884,21.3663910,0.6280000),(0.8475816,21.3682009,0.6280000),(0.8243238,21.3842895,0.6280000),(0.8279879,21.3811905,0.6280000),(0.8475816,21.3682009,0.6280000),(0.8243238,21.3842895,0.6280000),(0.8475816,21.3682009,0.6280000),(0.8505712,21.3735238,0.6280000),(0.8204566,21.3865030,0.6280000),(0.8243238,21.3842895,0.6280000),(0.8505712,21.3735238,0.6280000),(0.8204566,21.3865030,0.6280000),(0.8505712,21.3735238,0.6280000),(0.8503212,21.3764405,0.6280000),(0.8204566,21.3865030,0.6280000),(0.8503212,21.3764405,0.6280000),(0.8483889,21.3810395,0.6280000),(0.8163863,21.3878311,0.6280000),(0.8204566,21.3865030,0.6280000),(0.8483889,21.3810395,0.6280000),(0.8163863,21.3878311,0.6280000),(0.8483889,21.3810395,0.6280000),(0.8459670,21.3853363,0.6280000),(0.8121129,21.3882738,0.6280000),(0.8163863,21.3878311,0.6280000),(0.8459670,21.3853363,0.6280000),(0.8121129,21.3882738,0.6280000),(0.8459670,21.3853363,0.6280000),(0.8430556,21.3893311,0.6280000),(0.8121129,21.3882738,0.6280000),(0.8430556,21.3893311,0.6280000),(0.8396545,21.3930238,0.6280000),(0.8083603,21.3878025,0.6280000),(0.8121129,21.3882738,0.6280000),(0.8396545,21.3930238,0.6280000),(0.8083603,21.3878025,0.6280000),(0.8396545,21.3930238,0.6280000),(0.8366357,21.3958461,0.6280000),(0.8083603,21.3878025,0.6280000),(0.8366357,21.3958461,0.6280000),(0.8334957,21.3982921,0.6280000),(0.8043941,21.3863884,0.6280000),(0.8083603,21.3878025,0.6280000),(0.8334957,21.3982921,0.6280000),(0.8043941,21.3863884,0.6280000),(0.8334957,21.3982921,0.6280000),(0.8302346,21.4003617,0.6280000),(0.8043941,21.3863884,0.6280000),(0.8302346,21.4003617,0.6280000),(0.8268525,21.4020551,0.6280000),(0.8002144,21.3840316,0.6280000),(0.8043941,21.3863884,0.6280000),(0.8268525,21.4020551,0.6280000),(0.8002144,21.3840316,0.6280000),(0.8268525,21.4020551,0.6280000),(0.8233492,21.4033721,0.6280000),(0.7958212,21.3807322,0.6280000),(0.8002144,21.3840316,0.6280000),(0.8233492,21.4033721,0.6280000),(0.7958212,21.3807322,0.6280000),(0.8233492,21.4033721,0.6280000),(0.8197249,21.4043129,0.6280000),(0.7958212,21.3807322,0.6280000),(0.8197249,21.4043129,0.6280000),(0.8159794,21.4048774,0.6280000),(0.7923941,21.3769405,0.6280000),(0.7958212,21.3807322,0.6280000),(0.8159794,21.4048774,0.6280000),(0.7923941,21.3769405,0.6280000),(0.8159794,21.4048774,0.6280000),(0.8121129,21.4050655,0.6280000),(0.7923941,21.3769405,0.6280000),(0.8121129,21.4050655,0.6280000),(0.8087613,21.4048845,0.6280000),(0.7923941,21.3769405,0.6280000),(0.8087613,21.4048845,0.6280000),(0.8053941,21.4043415,0.6280000),(0.7899462,21.3719405,0.6280000),(0.7923941,21.3769405,0.6280000),(0.8053941,21.4043415,0.6280000),(0.7899462,21.3719405,0.6280000),(0.8053941,21.4043415,0.6280000),(0.8020113,21.4034366,0.6280000),(0.7899462,21.3719405,0.6280000),(0.8020113,21.4034366,0.6280000),(0.7986129,21.4021697,0.6280000),(0.7890894,21.3689874,0.6280000),(0.7899462,21.3719405,0.6280000),(0.7986129,21.4021697,0.6280000),(0.7890894,21.3689874,0.6280000),(0.7986129,21.4021697,0.6280000),(0.7951988,21.4005408,0.6280000),(0.7890894,21.3689874,0.6280000),(0.7951988,21.4005408,0.6280000),(0.7917691,21.3985499,0.6280000),(0.7884775,21.3657322,0.6280000),(0.7890894,21.3689874,0.6280000),(0.7917691,21.3985499,0.6280000),(0.7881103,21.3621749,0.6280000),(0.7884775,21.3657322,0.6280000),(0.7917691,21.3985499,0.6280000),(0.7881103,21.3621749,0.6280000),(0.7917691,21.3985499,0.6280000),(0.7883238,21.3961970,0.6280000),(0.7879879,21.3583155,0.6280000),(0.7881103,21.3621749,0.6280000),(0.7883238,21.3961970,0.6280000),(0.7879879,21.3583155,0.6280000),(0.7883238,21.3961970,0.6280000),(0.7848629,21.3934822,0.6280000),(0.7879879,21.3409822,0.6280000),(0.7879879,21.3583155,0.6280000),(0.7848629,21.3934822,0.6280000),(0.7879879,21.3409822,0.6280000),(0.7848629,21.3934822,0.6280000),(0.7816402,21.3904698,0.6280000),(0.7879879,21.3409822,0.6280000),(0.7816402,21.3904698,0.6280000),(0.7788473,21.3870785,0.6280000),(0.7879879,21.3409822,0.6280000),(0.7788473,21.3870785,0.6280000),(0.7764840,21.3833083,0.6280000),(0.7879879,21.3409822,0.6280000),(0.7764840,21.3833083,0.6280000),(0.7745504,21.3791593,0.6280000),(0.7879879,21.3409822,0.6280000),(0.7745504,21.3791593,0.6280000),(0.7730465,21.3746313,0.6280000),(0.7879879,21.3409822,0.6280000),(0.7730465,21.3746313,0.6280000),(0.7719723,21.3697244,0.6280000),(0.7879879,21.3409822,0.6280000),(0.7719723,21.3697244,0.6280000),(0.7713277,21.3644385,0.6280000),(0.7879879,21.3409822,0.6280000),(0.7713277,21.3644385,0.6280000),(0.7711129,21.3587738,0.6280000),(0.7879879,21.3409822,0.6280000),(0.7711129,21.3587738,0.6280000),(0.7711129,21.3068155,0.6280000),(0.8161812,21.3497582,0.6280000),(0.7879879,21.3409822,0.6280000),(0.7711129,21.3068155,0.6280000),(0.7711129,21.3068155,0.6280000),(0.7866962,21.3070655,0.6280000),(0.7873056,21.3119978,0.6280000),(0.7711129,21.3068155,0.6280000),(0.7873056,21.3119978,0.6280000),(0.7891337,21.3168363,0.6280000),(0.7711129,21.3068155,0.6280000),(0.7891337,21.3168363,0.6280000),(0.7921806,21.3215811,0.6280000),(0.8161812,21.3497582,0.6280000),(0.7711129,21.3068155,0.6280000),(0.7921806,21.3215811,0.6280000),(0.8161812,21.3497582,0.6280000),(0.7921806,21.3215811,0.6280000),(0.7964462,21.3262322,0.6280000),(0.8161812,21.3497582,0.6280000),(0.7964462,21.3262322,0.6280000),(0.8002092,21.3292947,0.6280000),(0.8161812,21.3497582,0.6280000),(0.8002092,21.3292947,0.6280000),(0.8041233,21.3314822,0.6280000),(0.8161812,21.3497582,0.6280000),(0.8041233,21.3314822,0.6280000),(0.8081884,21.3327947,0.6280000),(0.8161812,21.3497582,0.6280000),(0.8081884,21.3327947,0.6280000),(0.8124045,21.3332322,0.6280000),(0.8161812,21.3497582,0.6280000),(0.8124045,21.3332322,0.6280000),(0.8165660,21.3327947,0.6280000),(0.8161812,21.3497582,0.6280000),(0.8165660,21.3327947,0.6280000),(0.8205920,21.3314822,0.6280000),(0.8161812,21.3497582,0.6280000),(0.8205920,21.3314822,0.6280000),(0.8244827,21.3292947,0.6280000),(0.8161812,21.3497582,0.6280000),(0.8244827,21.3292947,0.6280000),(0.8282379,21.3262322,0.6280000),(0.8161812,21.3497582,0.6280000),(0.8282379,21.3262322,0.6280000),(0.8317196,21.3211697,0.6280000),(0.8528193,21.2870186,0.6280000),(0.8161812,21.3497582,0.6280000),(0.8317196,21.3211697,0.6280000),(0.8528193,21.2870186,0.6280000),(0.8317196,21.3211697,0.6280000),(0.8330875,21.3177790,0.6280000),(0.8528193,21.2870186,0.6280000),(0.8330875,21.3177790,0.6280000),(0.8342066,21.3138155,0.6280000),(0.8528193,21.2870186,0.6280000),(0.8342066,21.3138155,0.6280000),(0.8350771,21.3092790,0.6280000),(0.8528193,21.2870186,0.6280000),(0.8350771,21.3092790,0.6280000),(0.8356988,21.3041697,0.6280000),(0.8528193,21.2870186,0.6280000),(0.8356988,21.3041697,0.6280000),(0.8360719,21.2984874,0.6280000),(0.8528193,21.2870186,0.6280000),(0.8360719,21.2984874,0.6280000),(0.8361962,21.2922322,0.6280000),(0.8528193,21.2870186,0.6280000),(0.8361962,21.2922322,0.6280000),(0.8360634,21.2886319,0.6280000),(0.8528193,21.2870186,0.6280000),(0.8360634,21.2886319,0.6280000),(0.8356650,21.2852270,0.6280000),(0.8528193,21.2870186,0.6280000),(0.8356650,21.2852270,0.6280000),(0.8350009,21.2820173,0.6280000),(0.8528193,21.2870186,0.6280000),(0.8350009,21.2820173,0.6280000),(0.8340712,21.2790030,0.6280000),(0.8528193,21.2870186,0.6280000),(0.8340712,21.2790030,0.6280000),(0.8314150,21.2735603,0.6280000),(0.8528193,21.2870186,0.6280000),(0.8314150,21.2735603,0.6280000),(0.8276962,21.2688988,0.6280000),(0.8528193,21.2870186,0.6280000),(0.8276962,21.2688988,0.6280000),(0.8241025,21.2659093,0.6280000),(0.7867328,21.3035141,0.6280000),(0.7866962,21.3070655,0.6280000),(0.7711129,21.3068155,0.6280000),(0.7868427,21.3001202,0.6280000),(0.7867328,21.3035141,0.6280000),(0.7711129,21.3068155,0.6280000),(0.7872821,21.2938051,0.6280000),(0.7868427,21.3001202,0.6280000),(0.7711129,21.3068155,0.6280000),(0.7880146,21.2881202,0.6280000),(0.7872821,21.2938051,0.6280000),(0.7711129,21.3068155,0.6280000),(0.7890400,21.2830655,0.6280000),(0.7880146,21.2881202,0.6280000),(0.7711129,21.3068155,0.6280000),(0.7903583,21.2786410,0.6280000),(0.7890400,21.2830655,0.6280000),(0.7711129,21.3068155,0.6280000),(0.7919696,21.2748468,0.6280000),(0.7903583,21.2786410,0.6280000),(0.7711129,21.3068155,0.6280000),(0.7938739,21.2716827,0.6280000),(0.7919696,21.2748468,0.6280000),(0.7711129,21.3068155,0.6280000),(0.7938739,21.2716827,0.6280000),(0.7711129,21.3068155,0.6280000),(0.7711656,21.3022607,0.6280000),(0.7938739,21.2716827,0.6280000),(0.7711656,21.3022607,0.6280000),(0.7713238,21.2978982,0.6280000),(0.7938739,21.2716827,0.6280000),(0.7713238,21.2978982,0.6280000),(0.7715875,21.2937281,0.6280000),(0.7960712,21.2691488,0.6280000),(0.7938739,21.2716827,0.6280000),(0.7715875,21.2937281,0.6280000),(0.7960712,21.2691488,0.6280000),(0.7715875,21.2937281,0.6280000),(0.7719566,21.2897504,0.6280000),(0.7960712,21.2691488,0.6280000),(0.7719566,21.2897504,0.6280000),(0.7724312,21.2859651,0.6280000),(0.7998915,21.2660499,0.6280000),(0.7960712,21.2691488,0.6280000),(0.7724312,21.2859651,0.6280000),(0.7998915,21.2660499,0.6280000),(0.7724312,21.2859651,0.6280000),(0.7730113,21.2823721,0.6280000),(0.7998915,21.2660499,0.6280000),(0.7730113,21.2823721,0.6280000),(0.7736969,21.2789716,0.6280000),(0.8038525,21.2638363,0.6280000),(0.7998915,21.2660499,0.6280000),(0.7736969,21.2789716,0.6280000),(0.8038525,21.2638363,0.6280000),(0.7736969,21.2789716,0.6280000),(0.7744879,21.2757634,0.6280000),(0.8038525,21.2638363,0.6280000),(0.7744879,21.2757634,0.6280000),(0.7753844,21.2727476,0.6280000),(0.8079540,21.2625082,0.6280000),(0.8038525,21.2638363,0.6280000),(0.7753844,21.2727476,0.6280000),(0.8079540,21.2625082,0.6280000),(0.7753844,21.2727476,0.6280000),(0.7763863,21.2699242,0.6280000),(0.8079540,21.2625082,0.6280000),(0.7763863,21.2699242,0.6280000),(0.7787066,21.2648546,0.6280000),(0.8121962,21.2620655,0.6280000),(0.8079540,21.2625082,0.6280000),(0.7787066,21.2648546,0.6280000),(0.8121962,21.2620655,0.6280000),(0.7787066,21.2648546,0.6280000),(0.7814488,21.2605544,0.6280000),(0.8121962,21.2620655,0.6280000),(0.7814488,21.2605544,0.6280000),(0.7846129,21.2570238,0.6280000),(0.8163525,21.2624926,0.6280000),(0.8121962,21.2620655,0.6280000),(0.7846129,21.2570238,0.6280000),(0.8163525,21.2624926,0.6280000),(0.7846129,21.2570238,0.6280000),(0.7877372,21.2542895,0.6280000),(0.8163525,21.2624926,0.6280000),(0.7877372,21.2542895,0.6280000),(0.7909644,21.2519197,0.6280000),(0.8203212,21.2637738,0.6280000),(0.8163525,21.2624926,0.6280000),(0.7909644,21.2519197,0.6280000),(0.8203212,21.2637738,0.6280000),(0.7909644,21.2519197,0.6280000),(0.7942945,21.2499145,0.6280000),(0.8203212,21.2637738,0.6280000),(0.7942945,21.2499145,0.6280000),(0.7977275,21.2482738,0.6280000),(0.8241025,21.2659093,0.6280000),(0.8203212,21.2637738,0.6280000),(0.7977275,21.2482738,0.6280000),(0.8241025,21.2659093,0.6280000),(0.7977275,21.2482738,0.6280000),(0.8012633,21.2469978,0.6280000),(0.8528193,21.2870186,0.6280000),(0.8241025,21.2659093,0.6280000),(0.8012633,21.2469978,0.6280000),(0.8528193,21.2870186,0.6280000),(0.8012633,21.2469978,0.6280000),(0.8049019,21.2460863,0.6280000),(0.8528193,21.2870186,0.6280000),(0.8049019,21.2460863,0.6280000),(0.8086435,21.2455395,0.6280000),(0.8528193,21.2870186,0.6280000),(0.8086435,21.2455395,0.6280000),(0.8124879,21.2453572,0.6280000),(0.8528193,21.2870186,0.6280000),(0.8124879,21.2453572,0.6280000),(0.8162379,21.2455427,0.6280000),(0.8528193,21.2870186,0.6280000),(0.8162379,21.2455427,0.6280000),(0.8198837,21.2460994,0.6280000),(0.8528193,21.2870186,0.6280000),(0.8198837,21.2460994,0.6280000),(0.8234254,21.2470271,0.6280000),(0.8528193,21.2870186,0.6280000),(0.8234254,21.2470271,0.6280000),(0.8268629,21.2483259,0.6280000),(0.8528193,21.2870186,0.6280000),(0.8268629,21.2483259,0.6280000),(0.8301962,21.2499958,0.6280000),(0.8528193,21.2870186,0.6280000),(0.8301962,21.2499958,0.6280000),(0.8334254,21.2520369,0.6280000),(0.8528193,21.2870186,0.6280000),(0.8334254,21.2520369,0.6280000),(0.8365504,21.2544490,0.6280000),(0.8528193,21.2870186,0.6280000),(0.8365504,21.2544490,0.6280000),(0.8395712,21.2572322,0.6280000),(0.8528193,21.2870186,0.6280000),(0.8395712,21.2572322,0.6280000),(0.8427255,21.2607061,0.6280000),(0.8528193,21.2870186,0.6280000),(0.8427255,21.2607061,0.6280000),(0.8454592,21.2644405,0.6280000),(0.8528193,21.2870186,0.6280000),(0.8454592,21.2644405,0.6280000),(0.8477724,21.2684353,0.6280000),(0.8528193,21.2870186,0.6280000),(0.8477724,21.2684353,0.6280000),(0.8496650,21.2726905,0.6280000),(0.8528193,21.2870186,0.6280000),(0.8496650,21.2726905,0.6280000),(0.8511370,21.2772061,0.6280000),(0.8528193,21.2870186,0.6280000),(0.8511370,21.2772061,0.6280000),(0.8521884,21.2819822,0.6280000),(0.3961962,21.2483988,0.6280000),(0.4001129,21.2441072,0.6280000),(0.4045712,21.2430238,0.6280000),(0.3961962,21.2483988,0.6280000),(0.4045712,21.2430238,0.6280000),(0.4085504,21.2440238,0.6280000),(0.3961962,21.2483988,0.6280000),(0.4085504,21.2440238,0.6280000),(0.4115712,21.2470238,0.6280000),(0.3961962,21.2483988,0.6280000),(0.4115712,21.2470238,0.6280000),(0.4118629,21.2472738,0.6280000),(0.3961962,21.2483988,0.6280000),(0.4118629,21.2472738,0.6280000),(0.4609045,21.3326072,0.6280000),(0.3961962,21.2483988,0.6280000),(0.4609045,21.3326072,0.6280000),(0.4619879,21.3368155,0.6280000),(0.3961962,21.2483988,0.6280000),(0.4619879,21.3368155,0.6280000),(0.4608941,21.3411176,0.6280000),(0.3961962,21.2483988,0.6280000),(0.4608941,21.3411176,0.6280000),(0.4576129,21.3441905,0.6280000),(0.3961962,21.2483988,0.6280000),(0.4576129,21.3441905,0.6280000),(0.4534045,21.3453572,0.6280000),(0.3961962,21.2483988,0.6280000),(0.4534045,21.3453572,0.6280000),(0.4491233,21.3442634,0.6280000),(0.3961962,21.2483988,0.6280000),(0.4491233,21.3442634,0.6280000),(0.4461129,21.3409822,0.6280000),(0.3961962,21.2483988,0.6280000),(0.4461129,21.3409822,0.6280000),(0.4129462,21.2832738,0.6280000),(0.3961962,21.2483988,0.6280000),(0.4129462,21.2832738,0.6280000),(0.4129462,21.3859405,0.6280000),(0.4129462,21.3859405,0.6280000),(0.4754045,21.3859405,0.6280000),(0.4787483,21.3865655,0.6280000),(0.4129462,21.3859405,0.6280000),(0.4787483,21.3865655,0.6280000),(0.4815295,21.3884405,0.6280000),(0.4129462,21.3859405,0.6280000),(0.4815295,21.3884405,0.6280000),(0.4834045,21.3911801,0.6280000),(0.4129462,21.3859405,0.6280000),(0.4834045,21.3911801,0.6280000),(0.4840295,21.3943988,0.6280000),(0.4129462,21.3859405,0.6280000),(0.4840295,21.3943988,0.6280000),(0.4834045,21.3976280,0.6280000),(0.4129462,21.3859405,0.6280000),(0.4834045,21.3976280,0.6280000),(0.4815295,21.4003988,0.6280000),(0.4129462,21.3859405,0.6280000),(0.4815295,21.4003988,0.6280000),(0.4787483,21.4023363,0.6280000),(0.4129462,21.3859405,0.6280000),(0.4787483,21.4023363,0.6280000),(0.4754045,21.4029822,0.6280000),(0.4129462,21.3859405,0.6280000),(0.4754045,21.4029822,0.6280000),(0.4042795,21.4029822,0.6280000),(0.3961962,21.2483988,0.6280000),(0.4129462,21.3859405,0.6280000),(0.4042795,21.4029822,0.6280000),(0.4042795,21.4029822,0.6280000),(0.3331962,21.4029822,0.6280000),(0.3299358,21.4023363,0.6280000),(0.4042795,21.4029822,0.6280000),(0.3299358,21.4023363,0.6280000),(0.3272379,21.4003988,0.6280000),(0.4042795,21.4029822,0.6280000),(0.3272379,21.4003988,0.6280000),(0.3254254,21.3976280,0.6280000),(0.4042795,21.4029822,0.6280000),(0.3254254,21.3976280,0.6280000),(0.3248212,21.3943988,0.6280000),(0.4042795,21.4029822,0.6280000),(0.3248212,21.3943988,0.6280000),(0.3254254,21.3911801,0.6280000),(0.4042795,21.4029822,0.6280000),(0.3254254,21.3911801,0.6280000),(0.3272379,21.3884405,0.6280000),(0.4042795,21.4029822,0.6280000),(0.3272379,21.3884405,0.6280000),(0.3299358,21.3865655,0.6280000),(0.4042795,21.4029822,0.6280000),(0.3299358,21.3865655,0.6280000),(0.3331962,21.3859405,0.6280000),(0.4042795,21.4029822,0.6280000),(0.3331962,21.3859405,0.6280000),(0.3959045,21.3859405,0.6280000),(0.3961962,21.2483988,0.6280000),(0.4042795,21.4029822,0.6280000),(0.3959045,21.3859405,0.6280000),(0.3961962,21.2483988,0.6280000),(0.3959045,21.3859405,0.6280000),(0.3959045,21.2831072,0.6280000),(0.3961962,21.2483988,0.6280000),(0.3959045,21.2831072,0.6280000),(0.3621962,21.3417322,0.6280000),(0.3961962,21.2483988,0.6280000),(0.3621962,21.3417322,0.6280000),(0.3590608,21.3448572,0.6280000),(0.3961962,21.2483988,0.6280000),(0.3590608,21.3448572,0.6280000),(0.3548212,21.3458988,0.6280000),(0.3961962,21.2483988,0.6280000),(0.3548212,21.3458988,0.6280000),(0.3504462,21.3448155,0.6280000),(0.3961962,21.2483988,0.6280000),(0.3504462,21.3448155,0.6280000),(0.3472275,21.3416801,0.6280000),(0.3961962,21.2483988,0.6280000),(0.3472275,21.3416801,0.6280000),(0.3461545,21.3373572,0.6280000),(0.3961962,21.2483988,0.6280000),(0.3461545,21.3373572,0.6280000),(0.3474045,21.3330655,0.6280000),(0.9433212,21.3108988,0.6280000),(0.9273629,21.3108988,0.6280000),(0.9001962,21.3103572,0.6280000),(0.9528629,21.3108988,0.6280000),(0.9433212,21.3108988,0.6280000),(0.9001962,21.3103572,0.6280000),(0.9273629,21.3634822,0.6280000),(0.9273629,21.3108988,0.6280000),(0.9433212,21.3108988,0.6280000),(0.9273629,21.3634822,0.6280000),(0.9433212,21.3108988,0.6280000),(0.9433212,21.3970238,0.6280000),(0.9001962,21.3103572,0.6280000),(0.9273629,21.3634822,0.6280000),(0.9433212,21.3970238,0.6280000),(0.9001962,21.3103572,0.6280000),(0.9433212,21.3970238,0.6280000),(0.9429358,21.3999718,0.6280000),(0.9001962,21.3103572,0.6280000),(0.9429358,21.3999718,0.6280000),(0.9417795,21.4022322,0.6280000),(0.9001962,21.3103572,0.6280000),(0.9417795,21.4022322,0.6280000),(0.9374879,21.4051488,0.6280000),(0.9001962,21.3103572,0.6280000),(0.9374879,21.4051488,0.6280000),(0.9351129,21.4054405,0.6280000),(0.9001962,21.3103572,0.6280000),(0.9351129,21.4054405,0.6280000),(0.9321129,21.4050655,0.6280000),(0.9001962,21.3103572,0.6280000),(0.9321129,21.4050655,0.6280000),(0.9279045,21.4017738,0.6280000),(0.9001962,21.3103572,0.6280000),(0.9279045,21.4017738,0.6280000),(0.8776129,21.3065238,0.6280000),(0.9528629,21.3108988,0.6280000),(0.9001962,21.3103572,0.6280000),(0.8776129,21.3065238,0.6280000),(0.9528629,21.3108988,0.6280000),(0.8776129,21.3065238,0.6280000),(0.8762379,21.3015238,0.6280000),(0.9528629,21.3108988,0.6280000),(0.8762379,21.3015238,0.6280000),(0.8772379,21.2980655,0.6280000),(0.9528629,21.3108988,0.6280000),(0.8772379,21.2980655,0.6280000),(0.8802691,21.2951280,0.6280000),(0.9528629,21.3108988,0.6280000),(0.8802691,21.2951280,0.6280000),(0.8846129,21.2941488,0.6280000),(0.9528629,21.3108988,0.6280000),(0.8846129,21.2941488,0.6280000),(0.9265295,21.2941488,0.6280000),(0.9265295,21.2941488,0.6280000),(0.9265295,21.2543155,0.6280000),(0.9271441,21.2510343,0.6280000),(0.9265295,21.2941488,0.6280000),(0.9271441,21.2510343,0.6280000),(0.9289879,21.2483572,0.6280000),(0.9265295,21.2941488,0.6280000),(0.9289879,21.2483572,0.6280000),(0.9316962,21.2465447,0.6280000),(0.9265295,21.2941488,0.6280000),(0.9316962,21.2465447,0.6280000),(0.9349045,21.2459405,0.6280000),(0.9265295,21.2941488,0.6280000),(0.9349045,21.2459405,0.6280000),(0.9381441,21.2465447,0.6280000),(0.9265295,21.2941488,0.6280000),(0.9381441,21.2465447,0.6280000),(0.9408629,21.2483572,0.6280000),(0.9265295,21.2941488,0.6280000),(0.9408629,21.2483572,0.6280000),(0.9427066,21.2510343,0.6280000),(0.9265295,21.2941488,0.6280000),(0.9427066,21.2510343,0.6280000),(0.9433212,21.2543155,0.6280000),(0.9265295,21.2941488,0.6280000),(0.9433212,21.2543155,0.6280000),(0.9433212,21.2941488,0.6280000),(0.9528629,21.3108988,0.6280000),(0.9265295,21.2941488,0.6280000),(0.9433212,21.2941488,0.6280000),(0.9528629,21.3108988,0.6280000),(0.9433212,21.2941488,0.6280000),(0.9528629,21.2941488,0.6280000),(0.9528629,21.3108988,0.6280000),(0.9528629,21.2941488,0.6280000),(0.9561545,21.2947634,0.6280000),(0.9528629,21.3108988,0.6280000),(0.9561545,21.2947634,0.6280000),(0.9588629,21.2966072,0.6280000),(0.9528629,21.3108988,0.6280000),(0.9588629,21.2966072,0.6280000),(0.9606754,21.2993155,0.6280000),(0.9528629,21.3108988,0.6280000),(0.9606754,21.2993155,0.6280000),(0.9612795,21.3025238,0.6280000),(0.9528629,21.3108988,0.6280000),(0.9612795,21.3025238,0.6280000),(0.9606754,21.3057322,0.6280000),(0.9528629,21.3108988,0.6280000),(0.9606754,21.3057322,0.6280000),(0.9588629,21.3084405,0.6280000),(0.9528629,21.3108988,0.6280000),(0.9588629,21.3084405,0.6280000),(0.9561545,21.3102843,0.6280000),(0.7170295,21.4051488,0.6280000),(0.7124045,21.4033155,0.6280000),(0.6884879,21.3835655,0.6280000),(0.7170295,21.4051488,0.6280000),(0.6884879,21.3835655,0.6280000),(0.6862170,21.3808988,0.6280000),(0.7170295,21.4051488,0.6280000),(0.6862170,21.3808988,0.6280000),(0.6852379,21.3780655,0.6280000),(0.7170295,21.4051488,0.6280000),(0.6852379,21.3780655,0.6280000),(0.6852379,21.3767322,0.6280000),(0.7170295,21.4051488,0.6280000),(0.6852379,21.3767322,0.6280000),(0.6865712,21.3716905,0.6280000),(0.7170295,21.4051488,0.6280000),(0.6865712,21.3716905,0.6280000),(0.6889045,21.3694509,0.6280000),(0.7170295,21.4051488,0.6280000),(0.6889045,21.3694509,0.6280000),(0.6920712,21.3683155,0.6280000),(0.7170295,21.4051488,0.6280000),(0.6920712,21.3683155,0.6280000),(0.6936962,21.3682322,0.6280000),(0.7170295,21.4051488,0.6280000),(0.6936962,21.3682322,0.6280000),(0.6982379,21.3696905,0.6280000),(0.7170295,21.4051488,0.6280000),(0.6982379,21.3696905,0.6280000),(0.7089045,21.3791072,0.6280000),(0.7170295,21.4051488,0.6280000),(0.7089045,21.3791072,0.6280000),(0.7089045,21.2536905,0.6280000),(0.7170295,21.4051488,0.6280000),(0.7089045,21.2536905,0.6280000),(0.7095087,21.2504613,0.6280000),(0.7170295,21.4051488,0.6280000),(0.7095087,21.2504613,0.6280000),(0.7113212,21.2477738,0.6280000),(0.7170295,21.4051488,0.6280000),(0.7113212,21.2477738,0.6280000),(0.7140087,21.2459613,0.6280000),(0.7170295,21.4051488,0.6280000),(0.7140087,21.2459613,0.6280000),(0.7172379,21.2453572,0.6280000),(0.7170295,21.4051488,0.6280000),(0.7172379,21.2453572,0.6280000),(0.7204983,21.2459613,0.6280000),(0.7170295,21.4051488,0.6280000),(0.7204983,21.2459613,0.6280000),(0.7231962,21.2477738,0.6280000),(0.7170295,21.4051488,0.6280000),(0.7231962,21.2477738,0.6280000),(0.7250087,21.2504613,0.6280000),(0.7170295,21.4051488,0.6280000),(0.7250087,21.2504613,0.6280000),(0.7256129,21.2536905,0.6280000),(0.7170295,21.4051488,0.6280000),(0.7256129,21.2536905,0.6280000),(0.7256129,21.3964822,0.6280000),(0.7170295,21.4051488,0.6280000),(0.7256129,21.3964822,0.6280000),(0.7244983,21.4009405,0.6280000),(0.7170295,21.4051488,0.6280000),(0.7244983,21.4009405,0.6280000),(0.7211545,21.4038988,0.6280000),(0.6230712,21.2465551,0.6280000),(0.6259462,21.2423572,0.6280000),(0.6301441,21.2394822,0.6280000),(0.6230712,21.2465551,0.6280000),(0.6301441,21.2394822,0.6280000),(0.6350712,21.2385238,0.6280000),(0.6230712,21.2465551,0.6280000),(0.6350712,21.2385238,0.6280000),(0.6399879,21.2394822,0.6280000),(0.6230712,21.2465551,0.6280000),(0.6399879,21.2394822,0.6280000),(0.6441545,21.2423572,0.6280000),(0.6230712,21.2465551,0.6280000),(0.6441545,21.2423572,0.6280000),(0.6470295,21.2465551,0.6280000),(0.6230712,21.2465551,0.6280000),(0.6470295,21.2465551,0.6280000),(0.6479879,21.2514822,0.6280000),(0.6230712,21.2465551,0.6280000),(0.6479879,21.2514822,0.6280000),(0.6470295,21.2564093,0.6280000),(0.6230712,21.2465551,0.6280000),(0.6470295,21.2564093,0.6280000),(0.6441545,21.2606072,0.6280000),(0.6230712,21.2465551,0.6280000),(0.6441545,21.2606072,0.6280000),(0.6399879,21.2634822,0.6280000),(0.6230712,21.2465551,0.6280000),(0.6399879,21.2634822,0.6280000),(0.6350712,21.2644405,0.6280000),(0.6230712,21.2465551,0.6280000),(0.6350712,21.2644405,0.6280000),(0.6301441,21.2634822,0.6280000),(0.6230712,21.2465551,0.6280000),(0.6301441,21.2634822,0.6280000),(0.6259462,21.2606072,0.6280000),(0.6230712,21.2465551,0.6280000),(0.6259462,21.2606072,0.6280000),(0.6230712,21.2564093,0.6280000),(0.6230712,21.2465551,0.6280000),(0.6230712,21.2564093,0.6280000),(0.6221129,21.2514822,0.6280000),(-0.3166443,21.5117699,0.6280000),(-0.3128234,21.5101683,0.6280000),(-0.3089647,21.5087803,0.6280000),(-0.3166443,21.5117699,0.6280000),(-0.3089647,21.5087803,0.6280000),(-0.3050682,21.5076058,0.6280000),(-0.3166443,21.5117699,0.6280000),(-0.3050682,21.5076058,0.6280000),(-0.3011339,21.5066449,0.6280000),(-0.3166443,21.5117699,0.6280000),(-0.3011339,21.5066449,0.6280000),(-0.2971619,21.5058975,0.6280000),(-0.3166443,21.5117699,0.6280000),(-0.2971619,21.5058975,0.6280000),(-0.2931522,21.5053636,0.6280000),(-0.3166443,21.5117699,0.6280000),(-0.2931522,21.5053636,0.6280000),(-0.2891046,21.5050433,0.6280000),(-0.3166443,21.5117699,0.6280000),(-0.2891046,21.5050433,0.6280000),(-0.2850193,21.5049366,0.6280000),(-0.3166443,21.5117699,0.6280000),(-0.2850193,21.5049366,0.6280000),(-0.2796736,21.5051065,0.6280000),(-0.3166443,21.5117699,0.6280000),(-0.2796736,21.5051065,0.6280000),(-0.2744282,21.5056163,0.6280000),(-0.3166443,21.5117699,0.6280000),(-0.2744282,21.5056163,0.6280000),(-0.2692830,21.5064659,0.6280000),(-0.3166443,21.5117699,0.6280000),(-0.2692830,21.5064659,0.6280000),(-0.2642381,21.5076553,0.6280000),(-0.3166443,21.5117699,0.6280000),(-0.2642381,21.5076553,0.6280000),(-0.2592934,21.5091846,0.6280000),(-0.3166443,21.5117699,0.6280000),(-0.2592934,21.5091846,0.6280000),(-0.2544490,21.5110538,0.6280000),(-0.3166443,21.5117699,0.6280000),(-0.2544490,21.5110538,0.6280000),(-0.2497049,21.5132627,0.6280000),(-0.3166443,21.5117699,0.6280000),(-0.2497049,21.5132627,0.6280000),(-0.2450610,21.5158116,0.6280000),(-0.3166443,21.5117699,0.6280000),(-0.2450610,21.5158116,0.6280000),(-0.2405897,21.5186618,0.6280000),(-0.3166443,21.5117699,0.6280000),(-0.2405897,21.5186618,0.6280000),(-0.2363631,21.5217543,0.6280000),(-0.3166443,21.5117699,0.6280000),(-0.2363631,21.5217543,0.6280000),(-0.2323813,21.5250889,0.6280000),(-0.3166443,21.5117699,0.6280000),(-0.2323813,21.5250889,0.6280000),(-0.2286443,21.5286657,0.6280000),(-0.3166443,21.5117699,0.6280000),(-0.2286443,21.5286657,0.6280000),(-0.2251522,21.5324847,0.6280000),(-0.2251522,21.5324847,0.6280000),(-0.2219048,21.5365459,0.6280000),(-0.2189022,21.5408493,0.6280000),(-0.2251522,21.5324847,0.6280000),(-0.2189022,21.5408493,0.6280000),(-0.2161443,21.5453949,0.6280000),(-0.2251522,21.5324847,0.6280000),(-0.2161443,21.5453949,0.6280000),(-0.2136639,21.5501104,0.6280000),(-0.2251522,21.5324847,0.6280000),(-0.2136639,21.5501104,0.6280000),(-0.2115141,21.5549235,0.6280000),(-0.2251522,21.5324847,0.6280000),(-0.2115141,21.5549235,0.6280000),(-0.2096951,21.5598344,0.6280000),(-0.2251522,21.5324847,0.6280000),(-0.2096951,21.5598344,0.6280000),(-0.2082068,21.5648428,0.6280000),(-0.2251522,21.5324847,0.6280000),(-0.2082068,21.5648428,0.6280000),(-0.2070493,21.5699489,0.6280000),(-0.2251522,21.5324847,0.6280000),(-0.2070493,21.5699489,0.6280000),(-0.2062225,21.5751527,0.6280000),(-0.2251522,21.5324847,0.6280000),(-0.2062225,21.5751527,0.6280000),(-0.2057264,21.5804541,0.6280000),(-0.2251522,21.5324847,0.6280000),(-0.2057264,21.5804541,0.6280000),(-0.2055610,21.5858532,0.6280000),(-0.2251522,21.5324847,0.6280000),(-0.2055610,21.5858532,0.6280000),(-0.2057264,21.5910355,0.6280000),(-0.2251522,21.5324847,0.6280000),(-0.2057264,21.5910355,0.6280000),(-0.2062225,21.5961866,0.6280000),(-0.2251522,21.5324847,0.6280000),(-0.2062225,21.5961866,0.6280000),(-0.2070493,21.6013064,0.6280000),(-0.2251522,21.5324847,0.6280000),(-0.2070493,21.6013064,0.6280000),(-0.2082068,21.6063949,0.6280000),(-0.2251522,21.5324847,0.6280000),(-0.2082068,21.6063949,0.6280000),(-0.2096951,21.6114522,0.6280000),(-0.2251522,21.5324847,0.6280000),(-0.2096951,21.6114522,0.6280000),(-0.2115141,21.6164782,0.6280000),(-0.2115141,21.6164782,0.6280000),(-0.2269386,21.6109079,0.6280000),(-0.2254992,21.6070544,0.6280000),(-0.2115141,21.6164782,0.6280000),(-0.2254992,21.6070544,0.6280000),(-0.2243214,21.6030720,0.6280000),(-0.2115141,21.6164782,0.6280000),(-0.2243214,21.6030720,0.6280000),(-0.2234054,21.5989607,0.6280000),(-0.2115141,21.6164782,0.6280000),(-0.2234054,21.5989607,0.6280000),(-0.2227511,21.5947204,0.6280000),(-0.2115141,21.6164782,0.6280000),(-0.2227511,21.5947204,0.6280000),(-0.2223585,21.5903513,0.6280000),(-0.2115141,21.6164782,0.6280000),(-0.2223585,21.5903513,0.6280000),(-0.2222277,21.5858532,0.6280000),(-0.2115141,21.6164782,0.6280000),(-0.2222277,21.5858532,0.6280000),(-0.2223598,21.5815212,0.6280000),(-0.2251522,21.5324847,0.6280000),(-0.2115141,21.6164782,0.6280000),(-0.2223598,21.5815212,0.6280000),(-0.2251522,21.5324847,0.6280000),(-0.2223598,21.5815212,0.6280000),(-0.2227563,21.5772751,0.6280000),(-0.2251522,21.5324847,0.6280000),(-0.2227563,21.5772751,0.6280000),(-0.2234171,21.5731150,0.6280000),(-0.2251522,21.5324847,0.6280000),(-0.2234171,21.5731150,0.6280000),(-0.2243423,21.5690407,0.6280000),(-0.2251522,21.5324847,0.6280000),(-0.2243423,21.5690407,0.6280000),(-0.2255317,21.5650525,0.6280000),(-0.2251522,21.5324847,0.6280000),(-0.2255317,21.5650525,0.6280000),(-0.2269855,21.5611501,0.6280000),(-0.2251522,21.5324847,0.6280000),(-0.2269855,21.5611501,0.6280000),(-0.2287036,21.5573337,0.6280000),(-0.2251522,21.5324847,0.6280000),(-0.2287036,21.5573337,0.6280000),(-0.2306860,21.5536032,0.6280000),(-0.2251522,21.5324847,0.6280000),(-0.2306860,21.5536032,0.6280000),(-0.2328846,21.5500121,0.6280000),(-0.2251522,21.5324847,0.6280000),(-0.2328846,21.5500121,0.6280000),(-0.2352719,21.5466136,0.6280000),(-0.2251522,21.5324847,0.6280000),(-0.2352719,21.5466136,0.6280000),(-0.2378481,21.5434079,0.6280000),(-0.2251522,21.5324847,0.6280000),(-0.2378481,21.5434079,0.6280000),(-0.2406131,21.5403949,0.6280000),(-0.2251522,21.5324847,0.6280000),(-0.2406131,21.5403949,0.6280000),(-0.2435669,21.5375746,0.6280000),(-0.2251522,21.5324847,0.6280000),(-0.2435669,21.5375746,0.6280000),(-0.2467094,21.5349470,0.6280000),(-0.2251522,21.5324847,0.6280000),(-0.2467094,21.5349470,0.6280000),(-0.2500408,21.5325121,0.6280000),(-0.2251522,21.5324847,0.6280000),(-0.2500408,21.5325121,0.6280000),(-0.2535610,21.5302699,0.6280000),(-0.2251522,21.5324847,0.6280000),(-0.2535610,21.5302699,0.6280000),(-0.2572062,21.5282582,0.6280000),(-0.2251522,21.5324847,0.6280000),(-0.2572062,21.5282582,0.6280000),(-0.2609334,21.5265147,0.6280000),(-0.2251522,21.5324847,0.6280000),(-0.2609334,21.5265147,0.6280000),(-0.2647426,21.5250394,0.6280000),(-0.2251522,21.5324847,0.6280000),(-0.2647426,21.5250394,0.6280000),(-0.2686339,21.5238324,0.6280000),(-0.3166443,21.5117699,0.6280000),(-0.2251522,21.5324847,0.6280000),(-0.2686339,21.5238324,0.6280000),(-0.3166443,21.5117699,0.6280000),(-0.2686339,21.5238324,0.6280000),(-0.2726072,21.5228936,0.6280000),(-0.3166443,21.5117699,0.6280000),(-0.2726072,21.5228936,0.6280000),(-0.2766626,21.5222230,0.6280000),(-0.3166443,21.5117699,0.6280000),(-0.2766626,21.5222230,0.6280000),(-0.2807999,21.5218207,0.6280000),(-0.3166443,21.5117699,0.6280000),(-0.2807999,21.5218207,0.6280000),(-0.2850193,21.5216866,0.6280000),(-0.3166443,21.5117699,0.6280000),(-0.2850193,21.5216866,0.6280000),(-0.2910662,21.5219652,0.6280000),(-0.3166443,21.5117699,0.6280000),(-0.2910662,21.5219652,0.6280000),(-0.2969568,21.5228011,0.6280000),(-0.3166443,21.5117699,0.6280000),(-0.2969568,21.5228011,0.6280000),(-0.3026912,21.5241944,0.6280000),(-0.3166443,21.5117699,0.6280000),(-0.3026912,21.5241944,0.6280000),(-0.3082693,21.5261449,0.6280000),(-0.3166443,21.5117699,0.6280000),(-0.3082693,21.5261449,0.6280000),(-0.2453943,21.6357282,0.6280000),(-0.3387277,21.4733949,0.6280000),(-0.3166443,21.5117699,0.6280000),(-0.2453943,21.6357282,0.6280000),(-0.2286398,21.6146325,0.6280000),(-0.2269386,21.6109079,0.6280000),(-0.2115141,21.6164782,0.6280000),(-0.2306027,21.6182282,0.6280000),(-0.2286398,21.6146325,0.6280000),(-0.2115141,21.6164782,0.6280000),(-0.2332772,21.6223220,0.6280000),(-0.2306027,21.6182282,0.6280000),(-0.2115141,21.6164782,0.6280000),(-0.2366339,21.6266032,0.6280000),(-0.2332772,21.6223220,0.6280000),(-0.2115141,21.6164782,0.6280000),(-0.2385682,21.6288142,0.6280000),(-0.2366339,21.6266032,0.6280000),(-0.2115141,21.6164782,0.6280000),(-0.2406730,21.6310720,0.6280000),(-0.2385682,21.6288142,0.6280000),(-0.2115141,21.6164782,0.6280000),(-0.2429484,21.6333767,0.6280000),(-0.2406730,21.6310720,0.6280000),(-0.2115141,21.6164782,0.6280000),(-0.2453943,21.6357282,0.6280000),(-0.2429484,21.6333767,0.6280000),(-0.2115141,21.6164782,0.6280000),(-0.2453943,21.6357282,0.6280000),(-0.2115141,21.6164782,0.6280000),(-0.2136639,21.6214730,0.6280000),(-0.2453943,21.6357282,0.6280000),(-0.2136639,21.6214730,0.6280000),(-0.2161443,21.6264366,0.6280000),(-0.2453943,21.6357282,0.6280000),(-0.2161443,21.6264366,0.6280000),(-0.2181203,21.6298506,0.6280000),(-0.2453943,21.6357282,0.6280000),(-0.2181203,21.6298506,0.6280000),(-0.2202772,21.6331345,0.6280000),(-0.2453943,21.6357282,0.6280000),(-0.2202772,21.6331345,0.6280000),(-0.2226150,21.6362881,0.6280000),(-0.2453943,21.6357282,0.6280000),(-0.2226150,21.6362881,0.6280000),(-0.2251339,21.6393116,0.6280000),(-0.2453943,21.6357282,0.6280000),(-0.2251339,21.6393116,0.6280000),(-0.2278338,21.6422048,0.6280000),(-0.2453943,21.6357282,0.6280000),(-0.2278338,21.6422048,0.6280000),(-0.2307147,21.6449678,0.6280000),(-0.2453943,21.6357282,0.6280000),(-0.2307147,21.6449678,0.6280000),(-0.2337765,21.6476006,0.6280000),(-0.2453943,21.6357282,0.6280000),(-0.2337765,21.6476006,0.6280000),(-0.2370193,21.6501032,0.6280000),(-0.2453943,21.6357282,0.6280000),(-0.2370193,21.6501032,0.6280000),(-0.2156860,21.6876032,0.6280000),(-0.3387277,21.4733949,0.6280000),(-0.2453943,21.6357282,0.6280000),(-0.2156860,21.6876032,0.6280000),(-0.3387277,21.4733949,0.6280000),(-0.2156860,21.6876032,0.6280000),(-0.2145610,21.6916866,0.6280000),(-0.3387277,21.4733949,0.6280000),(-0.2145610,21.6916866,0.6280000),(-0.2148527,21.6940616,0.6280000),(-0.3387277,21.4733949,0.6280000),(-0.2148527,21.6940616,0.6280000),(-0.2163735,21.6970199,0.6280000),(-0.3387277,21.4733949,0.6280000),(-0.2163735,21.6970199,0.6280000),(-0.2189360,21.6991449,0.6280000),(-0.3387277,21.4733949,0.6280000),(-0.2189360,21.6991449,0.6280000),(-0.2229777,21.7003532,0.6280000),(-0.3387277,21.4733949,0.6280000),(-0.2229777,21.7003532,0.6280000),(-0.2253527,21.7000616,0.6280000),(-0.3387277,21.4733949,0.6280000),(-0.2253527,21.7000616,0.6280000),(-0.2283318,21.6985407,0.6280000),(-0.3387277,21.4733949,0.6280000),(-0.2283318,21.6985407,0.6280000),(-0.2305193,21.6959782,0.6280000),(-0.3387277,21.4733949,0.6280000),(-0.2305193,21.6959782,0.6280000),(-0.2516027,21.6594366,0.6280000),(-0.2516027,21.6594366,0.6280000),(-0.2555636,21.6611846,0.6280000),(-0.2596548,21.6626996,0.6280000),(-0.2516027,21.6594366,0.6280000),(-0.2596548,21.6626996,0.6280000),(-0.2638761,21.6639815,0.6280000),(-0.2516027,21.6594366,0.6280000),(-0.2638761,21.6639815,0.6280000),(-0.2682277,21.6650303,0.6280000),(-0.2516027,21.6594366,0.6280000),(-0.2682277,21.6650303,0.6280000),(-0.2727094,21.6658461,0.6280000),(-0.2516027,21.6594366,0.6280000),(-0.2727094,21.6658461,0.6280000),(-0.2773214,21.6664288,0.6280000),(-0.2516027,21.6594366,0.6280000),(-0.2773214,21.6664288,0.6280000),(-0.2820636,21.6667784,0.6280000),(-0.2516027,21.6594366,0.6280000),(-0.2820636,21.6667784,0.6280000),(-0.2869360,21.6668949,0.6280000),(-0.2516027,21.6594366,0.6280000),(-0.2869360,21.6668949,0.6280000),(-0.2918416,21.6667243,0.6280000),(-0.2516027,21.6594366,0.6280000),(-0.2918416,21.6667243,0.6280000),(-0.2967042,21.6662126,0.6280000),(-0.2516027,21.6594366,0.6280000),(-0.2967042,21.6662126,0.6280000),(-0.3015239,21.6653597,0.6280000),(-0.2516027,21.6594366,0.6280000),(-0.3015239,21.6653597,0.6280000),(-0.3063006,21.6641657,0.6280000),(-0.2516027,21.6594366,0.6280000),(-0.3063006,21.6641657,0.6280000),(-0.3110343,21.6626306,0.6280000),(-0.2516027,21.6594366,0.6280000),(-0.3110343,21.6626306,0.6280000),(-0.3157251,21.6607543,0.6280000),(-0.2516027,21.6594366,0.6280000),(-0.3157251,21.6607543,0.6280000),(-0.3203729,21.6585368,0.6280000),(-0.2516027,21.6594366,0.6280000),(-0.3203729,21.6585368,0.6280000),(-0.3249777,21.6559782,0.6280000),(-0.2516027,21.6594366,0.6280000),(-0.3249777,21.6559782,0.6280000),(-0.3294308,21.6531371,0.6280000),(-0.2516027,21.6594366,0.6280000),(-0.3294308,21.6531371,0.6280000),(-0.3336443,21.6500511,0.6280000),(-0.2516027,21.6594366,0.6280000),(-0.3336443,21.6500511,0.6280000),(-0.3376183,21.6467204,0.6280000),(-0.2516027,21.6594366,0.6280000),(-0.3376183,21.6467204,0.6280000),(-0.3413527,21.6431449,0.6280000),(-0.2516027,21.6594366,0.6280000),(-0.3413527,21.6431449,0.6280000),(-0.3448475,21.6393246,0.6280000),(-0.3448475,21.6393246,0.6280000),(-0.3481027,21.6352595,0.6280000),(-0.3511183,21.6309496,0.6280000),(-0.3448475,21.6393246,0.6280000),(-0.3511183,21.6309496,0.6280000),(-0.3538943,21.6263949,0.6280000),(-0.3448475,21.6393246,0.6280000),(-0.3538943,21.6263949,0.6280000),(-0.3563846,21.6216781,0.6280000),(-0.3448475,21.6393246,0.6280000),(-0.3563846,21.6216781,0.6280000),(-0.3585428,21.6168610,0.6280000),(-0.3448475,21.6393246,0.6280000),(-0.3585428,21.6168610,0.6280000),(-0.3603689,21.6119437,0.6280000),(-0.3448475,21.6393246,0.6280000),(-0.3603689,21.6119437,0.6280000),(-0.3618631,21.6069261,0.6280000),(-0.3448475,21.6393246,0.6280000),(-0.3618631,21.6069261,0.6280000),(-0.3630252,21.6018083,0.6280000),(-0.3448475,21.6393246,0.6280000),(-0.3630252,21.6018083,0.6280000),(-0.3638553,21.5965902,0.6280000),(-0.3448475,21.6393246,0.6280000),(-0.3638553,21.5965902,0.6280000),(-0.3643533,21.5912719,0.6280000),(-0.3448475,21.6393246,0.6280000),(-0.3643533,21.5912719,0.6280000),(-0.3645193,21.5858532,0.6280000),(-0.3448475,21.6393246,0.6280000),(-0.3645193,21.5858532,0.6280000),(-0.3643540,21.5804177,0.6280000),(-0.3448475,21.6393246,0.6280000),(-0.3643540,21.5804177,0.6280000),(-0.3638579,21.5750902,0.6280000),(-0.3448475,21.6393246,0.6280000),(-0.3638579,21.5750902,0.6280000),(-0.3630311,21.5698708,0.6280000),(-0.3448475,21.6393246,0.6280000),(-0.3630311,21.5698708,0.6280000),(-0.3618735,21.5647595,0.6280000),(-0.3448475,21.6393246,0.6280000),(-0.3618735,21.5647595,0.6280000),(-0.3603852,21.5597562,0.6280000),(-0.3448475,21.6393246,0.6280000),(-0.3603852,21.5597562,0.6280000),(-0.3585662,21.5548610,0.6280000),(-0.3448475,21.6393246,0.6280000),(-0.3585662,21.5548610,0.6280000),(-0.3564165,21.5500739,0.6280000),(-0.3448475,21.6393246,0.6280000),(-0.3564165,21.5500739,0.6280000),(-0.3539360,21.5453949,0.6280000),(-0.3539360,21.5453949,0.6280000),(-0.3394360,21.5536032,0.6280000),(-0.3413794,21.5573330,0.6280000),(-0.3539360,21.5453949,0.6280000),(-0.3413794,21.5573330,0.6280000),(-0.3430636,21.5611475,0.6280000),(-0.3539360,21.5453949,0.6280000),(-0.3430636,21.5611475,0.6280000),(-0.3444887,21.5650466,0.6280000),(-0.3539360,21.5453949,0.6280000),(-0.3444887,21.5650466,0.6280000),(-0.3456548,21.5690303,0.6280000),(-0.3539360,21.5453949,0.6280000),(-0.3456548,21.5690303,0.6280000),(-0.3465617,21.5730987,0.6280000),(-0.3539360,21.5453949,0.6280000),(-0.3465617,21.5730987,0.6280000),(-0.3472094,21.5772517,0.6280000),(-0.3539360,21.5453949,0.6280000),(-0.3472094,21.5772517,0.6280000),(-0.3475981,21.5814893,0.6280000),(-0.3539360,21.5453949,0.6280000),(-0.3475981,21.5814893,0.6280000),(-0.3477277,21.5858116,0.6280000),(-0.3539360,21.5453949,0.6280000),(-0.3477277,21.5858116,0.6280000),(-0.3475962,21.5901351,0.6280000),(-0.3448475,21.6393246,0.6280000),(-0.3539360,21.5453949,0.6280000),(-0.3475962,21.5901351,0.6280000),(-0.3448475,21.6393246,0.6280000),(-0.3475962,21.5901351,0.6280000),(-0.3472016,21.5943767,0.6280000),(-0.3448475,21.6393246,0.6280000),(-0.3472016,21.5943767,0.6280000),(-0.3465441,21.5985362,0.6280000),(-0.3448475,21.6393246,0.6280000),(-0.3465441,21.5985362,0.6280000),(-0.3456235,21.6026136,0.6280000),(-0.3448475,21.6393246,0.6280000),(-0.3456235,21.6026136,0.6280000),(-0.3444399,21.6066091,0.6280000),(-0.3448475,21.6393246,0.6280000),(-0.3444399,21.6066091,0.6280000),(-0.3429933,21.6105225,0.6280000),(-0.3448475,21.6393246,0.6280000),(-0.3429933,21.6105225,0.6280000),(-0.3412837,21.6143539,0.6280000),(-0.3448475,21.6393246,0.6280000),(-0.3412837,21.6143539,0.6280000),(-0.3393110,21.6181032,0.6280000),(-0.3448475,21.6393246,0.6280000),(-0.3393110,21.6181032,0.6280000),(-0.3371124,21.6217230,0.6280000),(-0.3448475,21.6393246,0.6280000),(-0.3371124,21.6217230,0.6280000),(-0.3347251,21.6251449,0.6280000),(-0.3448475,21.6393246,0.6280000),(-0.3347251,21.6251449,0.6280000),(-0.3321489,21.6283689,0.6280000),(-0.3448475,21.6393246,0.6280000),(-0.3321489,21.6283689,0.6280000),(-0.3293839,21.6313949,0.6280000),(-0.3448475,21.6393246,0.6280000),(-0.3293839,21.6313949,0.6280000),(-0.3264301,21.6342230,0.6280000),(-0.3448475,21.6393246,0.6280000),(-0.3264301,21.6342230,0.6280000),(-0.3232876,21.6368532,0.6280000),(-0.3448475,21.6393246,0.6280000),(-0.3232876,21.6368532,0.6280000),(-0.3199562,21.6392855,0.6280000),(-0.3448475,21.6393246,0.6280000),(-0.3199562,21.6392855,0.6280000),(-0.3164360,21.6415199,0.6280000),(-0.3448475,21.6393246,0.6280000),(-0.3164360,21.6415199,0.6280000),(-0.3128110,21.6435316,0.6280000),(-0.3448475,21.6393246,0.6280000),(-0.3128110,21.6435316,0.6280000),(-0.3091652,21.6452751,0.6280000),(-0.3448475,21.6393246,0.6280000),(-0.3091652,21.6452751,0.6280000),(-0.3054985,21.6467504,0.6280000),(-0.3448475,21.6393246,0.6280000),(-0.3054985,21.6467504,0.6280000),(-0.3018110,21.6479574,0.6280000),(-0.3448475,21.6393246,0.6280000),(-0.3018110,21.6479574,0.6280000),(-0.2981027,21.6488962,0.6280000),(-0.2516027,21.6594366,0.6280000),(-0.3448475,21.6393246,0.6280000),(-0.2981027,21.6488962,0.6280000),(-0.2516027,21.6594366,0.6280000),(-0.2981027,21.6488962,0.6280000),(-0.2943735,21.6495668,0.6280000),(-0.2516027,21.6594366,0.6280000),(-0.2943735,21.6495668,0.6280000),(-0.2906235,21.6499691,0.6280000),(-0.2516027,21.6594366,0.6280000),(-0.2906235,21.6499691,0.6280000),(-0.2868527,21.6501032,0.6280000),(-0.2516027,21.6594366,0.6280000),(-0.2868527,21.6501032,0.6280000),(-0.2866027,21.6501032,0.6280000),(-0.2516027,21.6594366,0.6280000),(-0.2866027,21.6501032,0.6280000),(-0.2829132,21.6500212,0.6280000),(-0.2516027,21.6594366,0.6280000),(-0.2829132,21.6500212,0.6280000),(-0.2793240,21.6497751,0.6280000),(-0.2516027,21.6594366,0.6280000),(-0.2793240,21.6497751,0.6280000),(-0.2758351,21.6493650,0.6280000),(-0.2516027,21.6594366,0.6280000),(-0.2758351,21.6493650,0.6280000),(-0.2724464,21.6487907,0.6280000),(-0.2516027,21.6594366,0.6280000),(-0.2724464,21.6487907,0.6280000),(-0.2691580,21.6480525,0.6280000),(-0.2516027,21.6594366,0.6280000),(-0.2691580,21.6480525,0.6280000),(-0.2659699,21.6471501,0.6280000),(-0.2516027,21.6594366,0.6280000),(-0.2659699,21.6471501,0.6280000),(-0.2628820,21.6460837,0.6280000),(-0.2516027,21.6594366,0.6280000),(-0.2628820,21.6460837,0.6280000),(-0.2598943,21.6448532,0.6280000),(-0.3387277,21.4733949,0.6280000),(-0.2516027,21.6594366,0.6280000),(-0.2598943,21.6448532,0.6280000),(-0.3387277,21.4733949,0.6280000),(-0.2598943,21.6448532,0.6280000),(-0.3230610,21.5348116,0.6280000),(-0.3387277,21.4733949,0.6280000),(-0.3230610,21.5348116,0.6280000),(-0.3278032,21.5388610,0.6280000),(-0.3377674,21.5508760,0.6280000),(-0.3394360,21.5536032,0.6280000),(-0.3539360,21.5453949,0.6280000),(-0.3359907,21.5482569,0.6280000),(-0.3377674,21.5508760,0.6280000),(-0.3539360,21.5453949,0.6280000),(-0.3321131,21.5433428,0.6280000),(-0.3359907,21.5482569,0.6280000),(-0.3539360,21.5453949,0.6280000),(-0.3278032,21.5388610,0.6280000),(-0.3321131,21.5433428,0.6280000),(-0.3539360,21.5453949,0.6280000),(-0.3278032,21.5388610,0.6280000),(-0.3539360,21.5453949,0.6280000),(-0.3516548,21.5416527,0.6280000),(-0.3278032,21.5388610,0.6280000),(-0.3516548,21.5416527,0.6280000),(-0.3492277,21.5380720,0.6280000),(-0.3278032,21.5388610,0.6280000),(-0.3492277,21.5380720,0.6280000),(-0.3466548,21.5346527,0.6280000),(-0.3278032,21.5388610,0.6280000),(-0.3466548,21.5346527,0.6280000),(-0.3439360,21.5313949,0.6280000),(-0.3278032,21.5388610,0.6280000),(-0.3439360,21.5313949,0.6280000),(-0.3410714,21.5282985,0.6280000),(-0.3278032,21.5388610,0.6280000),(-0.3410714,21.5282985,0.6280000),(-0.3380610,21.5253636,0.6280000),(-0.3278032,21.5388610,0.6280000),(-0.3380610,21.5253636,0.6280000),(-0.3349048,21.5225902,0.6280000),(-0.3278032,21.5388610,0.6280000),(-0.3349048,21.5225902,0.6280000),(-0.3316027,21.5199782,0.6280000),(-0.3387277,21.4733949,0.6280000),(-0.3278032,21.5388610,0.6280000),(-0.3316027,21.5199782,0.6280000),(-0.3387277,21.4733949,0.6280000),(-0.3316027,21.5199782,0.6280000),(-0.3534777,21.4817699,0.6280000),(-0.3387277,21.4733949,0.6280000),(-0.3534777,21.4817699,0.6280000),(-0.3545610,21.4777699,0.6280000),(-0.3387277,21.4733949,0.6280000),(-0.3545610,21.4777699,0.6280000),(-0.3543110,21.4753949,0.6280000),(-0.3387277,21.4733949,0.6280000),(-0.3543110,21.4753949,0.6280000),(-0.3527693,21.4723636,0.6280000),(-0.3387277,21.4733949,0.6280000),(-0.3527693,21.4723636,0.6280000),(-0.3503110,21.4701866,0.6280000),(-0.3387277,21.4733949,0.6280000),(-0.3503110,21.4701866,0.6280000),(-0.3461860,21.4691032,0.6280000),(-0.3387277,21.4733949,0.6280000),(-0.3461860,21.4691032,0.6280000),(-0.3438110,21.4693949,0.6280000),(-0.3387277,21.4733949,0.6280000),(-0.3438110,21.4693949,0.6280000),(-0.3409568,21.4707907,0.6280000),(-0.1039796,21.5485577,0.6280000),(-0.1037693,21.5537699,0.6280000),(-0.1037693,21.6203116,0.6280000),(-0.1039796,21.5485577,0.6280000),(-0.1037693,21.6203116,0.6280000),(-0.1039783,21.6254541,0.6280000),(-0.1039796,21.5485577,0.6280000),(-0.1039783,21.6254541,0.6280000),(-0.1046053,21.6303610,0.6280000),(-0.1039796,21.5485577,0.6280000),(-0.1046053,21.6303610,0.6280000),(-0.1056502,21.6350323,0.6280000),(-0.1039796,21.5485577,0.6280000),(-0.1056502,21.6350323,0.6280000),(-0.1071131,21.6394678,0.6280000),(-0.1039796,21.5485577,0.6280000),(-0.1071131,21.6394678,0.6280000),(-0.1089939,21.6436677,0.6280000),(-0.1039796,21.5485577,0.6280000),(-0.1089939,21.6436677,0.6280000),(-0.1112928,21.6476319,0.6280000),(-0.1039796,21.5485577,0.6280000),(-0.1112928,21.6476319,0.6280000),(-0.1140096,21.6513604,0.6280000),(-0.1039796,21.5485577,0.6280000),(-0.1140096,21.6513604,0.6280000),(-0.1171443,21.6548532,0.6280000),(-0.1039796,21.5485577,0.6280000),(-0.1171443,21.6548532,0.6280000),(-0.1201632,21.6576755,0.6280000),(-0.1039796,21.5485577,0.6280000),(-0.1201632,21.6576755,0.6280000),(-0.1233032,21.6601215,0.6280000),(-0.1039796,21.5485577,0.6280000),(-0.1233032,21.6601215,0.6280000),(-0.1265643,21.6621911,0.6280000),(-0.1265643,21.6621911,0.6280000),(-0.1299464,21.6638845,0.6280000),(-0.1334497,21.6652015,0.6280000),(-0.1265643,21.6621911,0.6280000),(-0.1334497,21.6652015,0.6280000),(-0.1370740,21.6661423,0.6280000),(-0.1265643,21.6621911,0.6280000),(-0.1370740,21.6661423,0.6280000),(-0.1408195,21.6667067,0.6280000),(-0.1265643,21.6621911,0.6280000),(-0.1408195,21.6667067,0.6280000),(-0.1446860,21.6668949,0.6280000),(-0.1265643,21.6621911,0.6280000),(-0.1446860,21.6668949,0.6280000),(-0.1485083,21.6667067,0.6280000),(-0.1265643,21.6621911,0.6280000),(-0.1485083,21.6667067,0.6280000),(-0.1522251,21.6661423,0.6280000),(-0.1265643,21.6621911,0.6280000),(-0.1522251,21.6661423,0.6280000),(-0.1558364,21.6652015,0.6280000),(-0.1265643,21.6621911,0.6280000),(-0.1558364,21.6652015,0.6280000),(-0.1593423,21.6638845,0.6280000),(-0.1265643,21.6621911,0.6280000),(-0.1593423,21.6638845,0.6280000),(-0.1627426,21.6621911,0.6280000),(-0.1265643,21.6621911,0.6280000),(-0.1627426,21.6621911,0.6280000),(-0.1660376,21.6601215,0.6280000),(-0.1265643,21.6621911,0.6280000),(-0.1660376,21.6601215,0.6280000),(-0.1692270,21.6576755,0.6280000),(-0.1265643,21.6621911,0.6280000),(-0.1692270,21.6576755,0.6280000),(-0.1723110,21.6548532,0.6280000),(-0.1265643,21.6621911,0.6280000),(-0.1723110,21.6548532,0.6280000),(-0.1754458,21.6514288,0.6280000),(-0.1265643,21.6621911,0.6280000),(-0.1754458,21.6514288,0.6280000),(-0.1781626,21.6477595,0.6280000),(-0.1265643,21.6621911,0.6280000),(-0.1781626,21.6477595,0.6280000),(-0.1804614,21.6438454,0.6280000),(-0.1265643,21.6621911,0.6280000),(-0.1804614,21.6438454,0.6280000),(-0.1823423,21.6396866,0.6280000),(-0.1265643,21.6621911,0.6280000),(-0.1823423,21.6396866,0.6280000),(-0.1838051,21.6352829,0.6280000),(-0.1838051,21.6352829,0.6280000),(-0.1848501,21.6306345,0.6280000),(-0.1854770,21.6257413,0.6280000),(-0.1838051,21.6352829,0.6280000),(-0.1854770,21.6257413,0.6280000),(-0.1856860,21.6206032,0.6280000),(-0.1838051,21.6352829,0.6280000),(-0.1856860,21.6206032,0.6280000),(-0.1856860,21.6203116,0.6280000),(-0.1838051,21.6352829,0.6280000),(-0.1856860,21.6203116,0.6280000),(-0.1856860,21.5536032,0.6280000),(-0.1838051,21.6352829,0.6280000),(-0.1856860,21.5536032,0.6280000),(-0.1854770,21.5484333,0.6280000),(-0.1838051,21.6352829,0.6280000),(-0.1854770,21.5484333,0.6280000),(-0.1848501,21.5435069,0.6280000),(-0.1838051,21.6352829,0.6280000),(-0.1848501,21.5435069,0.6280000),(-0.1838051,21.5388239,0.6280000),(-0.1838051,21.6352829,0.6280000),(-0.1838051,21.5388239,0.6280000),(-0.1823423,21.5343845,0.6280000),(-0.1838051,21.6352829,0.6280000),(-0.1823423,21.5343845,0.6280000),(-0.1804614,21.5301885,0.6280000),(-0.1838051,21.6352829,0.6280000),(-0.1804614,21.5301885,0.6280000),(-0.1781626,21.5262360,0.6280000),(-0.1838051,21.6352829,0.6280000),(-0.1781626,21.5262360,0.6280000),(-0.1754458,21.5225271,0.6280000),(-0.1838051,21.6352829,0.6280000),(-0.1754458,21.5225271,0.6280000),(-0.1723110,21.5190616,0.6280000),(-0.1723110,21.5190616,0.6280000),(-0.1603527,21.5307282,0.6280000),(-0.1640532,21.5353090,0.6280000),(-0.1723110,21.5190616,0.6280000),(-0.1640532,21.5353090,0.6280000),(-0.1666964,21.5406761,0.6280000),(-0.1723110,21.5190616,0.6280000),(-0.1666964,21.5406761,0.6280000),(-0.1682824,21.5468298,0.6280000),(-0.1838051,21.6352829,0.6280000),(-0.1723110,21.5190616,0.6280000),(-0.1682824,21.5468298,0.6280000),(-0.1838051,21.6352829,0.6280000),(-0.1682824,21.5468298,0.6280000),(-0.1686788,21.5502015,0.6280000),(-0.1838051,21.6352829,0.6280000),(-0.1686788,21.5502015,0.6280000),(-0.1688110,21.5537699,0.6280000),(-0.1838051,21.6352829,0.6280000),(-0.1688110,21.5537699,0.6280000),(-0.1688110,21.6206032,0.6280000),(-0.1838051,21.6352829,0.6280000),(-0.1688110,21.6206032,0.6280000),(-0.1686801,21.6240798,0.6280000),(-0.1838051,21.6352829,0.6280000),(-0.1686801,21.6240798,0.6280000),(-0.1682876,21.6273636,0.6280000),(-0.1838051,21.6352829,0.6280000),(-0.1682876,21.6273636,0.6280000),(-0.1676333,21.6304548,0.6280000),(-0.1838051,21.6352829,0.6280000),(-0.1676333,21.6304548,0.6280000),(-0.1667173,21.6333532,0.6280000),(-0.1838051,21.6352829,0.6280000),(-0.1667173,21.6333532,0.6280000),(-0.1641001,21.6385720,0.6280000),(-0.1838051,21.6352829,0.6280000),(-0.1641001,21.6385720,0.6280000),(-0.1604360,21.6430199,0.6280000),(-0.1838051,21.6352829,0.6280000),(-0.1604360,21.6430199,0.6280000),(-0.1566860,21.6461189,0.6280000),(-0.1838051,21.6352829,0.6280000),(-0.1566860,21.6461189,0.6280000),(-0.1528110,21.6483324,0.6280000),(-0.1265643,21.6621911,0.6280000),(-0.1838051,21.6352829,0.6280000),(-0.1528110,21.6483324,0.6280000),(-0.1265643,21.6621911,0.6280000),(-0.1528110,21.6483324,0.6280000),(-0.1488110,21.6496605,0.6280000),(-0.1265643,21.6621911,0.6280000),(-0.1488110,21.6496605,0.6280000),(-0.1446860,21.6501032,0.6280000),(-0.1265643,21.6621911,0.6280000),(-0.1446860,21.6501032,0.6280000),(-0.1403917,21.6496605,0.6280000),(-0.1265643,21.6621911,0.6280000),(-0.1403917,21.6496605,0.6280000),(-0.1363423,21.6483324,0.6280000),(-0.1265643,21.6621911,0.6280000),(-0.1363423,21.6483324,0.6280000),(-0.1325376,21.6461189,0.6280000),(-0.1265643,21.6621911,0.6280000),(-0.1325376,21.6461189,0.6280000),(-0.1289777,21.6430199,0.6280000),(-0.1265643,21.6621911,0.6280000),(-0.1289777,21.6430199,0.6280000),(-0.1253136,21.6383506,0.6280000),(-0.1265643,21.6621911,0.6280000),(-0.1253136,21.6383506,0.6280000),(-0.1226964,21.6330095,0.6280000),(-0.1265643,21.6621911,0.6280000),(-0.1226964,21.6330095,0.6280000),(-0.1211261,21.6269965,0.6280000),(-0.1039796,21.5485577,0.6280000),(-0.1265643,21.6621911,0.6280000),(-0.1211261,21.6269965,0.6280000),(-0.1039796,21.5485577,0.6280000),(-0.1211261,21.6269965,0.6280000),(-0.1207335,21.6237380,0.6280000),(-0.1039796,21.5485577,0.6280000),(-0.1207335,21.6237380,0.6280000),(-0.1206027,21.6203116,0.6280000),(-0.1039796,21.5485577,0.6280000),(-0.1206027,21.6203116,0.6280000),(-0.1206027,21.5537699,0.6280000),(-0.1039796,21.5485577,0.6280000),(-0.1206027,21.5537699,0.6280000),(-0.1207335,21.5502406,0.6280000),(-0.1039796,21.5485577,0.6280000),(-0.1207335,21.5502406,0.6280000),(-0.1211261,21.5469027,0.6280000),(-0.1039796,21.5485577,0.6280000),(-0.1211261,21.5469027,0.6280000),(-0.1217804,21.5437562,0.6280000),(-0.1039796,21.5485577,0.6280000),(-0.1217804,21.5437562,0.6280000),(-0.1226964,21.5408011,0.6280000),(-0.1039796,21.5485577,0.6280000),(-0.1226964,21.5408011,0.6280000),(-0.1253136,21.5354652,0.6280000),(-0.1039796,21.5485577,0.6280000),(-0.1253136,21.5354652,0.6280000),(-0.1289777,21.5308949,0.6280000),(-0.1039796,21.5485577,0.6280000),(-0.1289777,21.5308949,0.6280000),(-0.1325688,21.5278324,0.6280000),(-0.1567485,21.5277386,0.6280000),(-0.1603527,21.5307282,0.6280000),(-0.1723110,21.5190616,0.6280000),(-0.1529360,21.5256032,0.6280000),(-0.1567485,21.5277386,0.6280000),(-0.1723110,21.5190616,0.6280000),(-0.1489152,21.5243220,0.6280000),(-0.1529360,21.5256032,0.6280000),(-0.1723110,21.5190616,0.6280000),(-0.1446860,21.5238949,0.6280000),(-0.1489152,21.5243220,0.6280000),(-0.1723110,21.5190616,0.6280000),(-0.1404230,21.5243324,0.6280000),(-0.1446860,21.5238949,0.6280000),(-0.1723110,21.5190616,0.6280000),(-0.1404230,21.5243324,0.6280000),(-0.1723110,21.5190616,0.6280000),(-0.1692843,21.5162784,0.6280000),(-0.1404230,21.5243324,0.6280000),(-0.1692843,21.5162784,0.6280000),(-0.1661417,21.5138663,0.6280000),(-0.1363839,21.5256449,0.6280000),(-0.1404230,21.5243324,0.6280000),(-0.1661417,21.5138663,0.6280000),(-0.1363839,21.5256449,0.6280000),(-0.1661417,21.5138663,0.6280000),(-0.1628833,21.5118252,0.6280000),(-0.1363839,21.5256449,0.6280000),(-0.1628833,21.5118252,0.6280000),(-0.1595089,21.5101553,0.6280000),(-0.1325688,21.5278324,0.6280000),(-0.1363839,21.5256449,0.6280000),(-0.1595089,21.5101553,0.6280000),(-0.1325688,21.5278324,0.6280000),(-0.1595089,21.5101553,0.6280000),(-0.1560187,21.5088565,0.6280000),(-0.1039796,21.5485577,0.6280000),(-0.1325688,21.5278324,0.6280000),(-0.1560187,21.5088565,0.6280000),(-0.1039796,21.5485577,0.6280000),(-0.1560187,21.5088565,0.6280000),(-0.1524126,21.5079288,0.6280000),(-0.1039796,21.5485577,0.6280000),(-0.1524126,21.5079288,0.6280000),(-0.1486906,21.5073721,0.6280000),(-0.1039796,21.5485577,0.6280000),(-0.1486906,21.5073721,0.6280000),(-0.1448527,21.5071866,0.6280000),(-0.1039796,21.5485577,0.6280000),(-0.1448527,21.5071866,0.6280000),(-0.1409484,21.5073689,0.6280000),(-0.1039796,21.5485577,0.6280000),(-0.1409484,21.5073689,0.6280000),(-0.1371730,21.5079157,0.6280000),(-0.1039796,21.5485577,0.6280000),(-0.1371730,21.5079157,0.6280000),(-0.1335265,21.5088272,0.6280000),(-0.1039796,21.5485577,0.6280000),(-0.1335265,21.5088272,0.6280000),(-0.1300089,21.5101032,0.6280000),(-0.1039796,21.5485577,0.6280000),(-0.1300089,21.5101032,0.6280000),(-0.1266203,21.5117439,0.6280000),(-0.1039796,21.5485577,0.6280000),(-0.1266203,21.5117439,0.6280000),(-0.1233605,21.5137491,0.6280000),(-0.1039796,21.5485577,0.6280000),(-0.1233605,21.5137491,0.6280000),(-0.1202296,21.5161189,0.6280000),(-0.1039796,21.5485577,0.6280000),(-0.1202296,21.5161189,0.6280000),(-0.1172277,21.5188532,0.6280000),(-0.1039796,21.5485577,0.6280000),(-0.1172277,21.5188532,0.6280000),(-0.1140734,21.5223702,0.6280000),(-0.1039796,21.5485577,0.6280000),(-0.1140734,21.5223702,0.6280000),(-0.1113397,21.5261293,0.6280000),(-0.1039796,21.5485577,0.6280000),(-0.1113397,21.5261293,0.6280000),(-0.1090265,21.5301306,0.6280000),(-0.1039796,21.5485577,0.6280000),(-0.1090265,21.5301306,0.6280000),(-0.1071339,21.5343741,0.6280000),(-0.1039796,21.5485577,0.6280000),(-0.1071339,21.5343741,0.6280000),(-0.1056619,21.5388597,0.6280000),(-0.1039796,21.5485577,0.6280000),(-0.1056619,21.5388597,0.6280000),(-0.1046105,21.5435876,0.6280000),(0.1252723,21.6499366,0.6280000),(0.0950223,21.5173116,0.6280000),(0.0949390,21.5153949,0.6280000),(0.1252723,21.6499366,0.6280000),(0.0949390,21.5153949,0.6280000),(0.0961057,21.5111032,0.6280000),(0.1252723,21.6499366,0.6280000),(0.0961057,21.5111032,0.6280000),(0.0983244,21.5086553,0.6280000),(0.1252723,21.6499366,0.6280000),(0.0983244,21.5086553,0.6280000),(0.1013140,21.5073116,0.6280000),(0.1252723,21.6499366,0.6280000),(0.1013140,21.5073116,0.6280000),(0.1033140,21.5071866,0.6280000),(0.1252723,21.6499366,0.6280000),(0.1033140,21.5071866,0.6280000),(0.1076890,21.5083949,0.6280000),(0.1252723,21.6499366,0.6280000),(0.1076890,21.5083949,0.6280000),(0.1101057,21.5106553,0.6280000),(0.1252723,21.6499366,0.6280000),(0.1101057,21.5106553,0.6280000),(0.1113557,21.5137699,0.6280000),(0.1252723,21.6499366,0.6280000),(0.1113557,21.5137699,0.6280000),(0.1439807,21.6565199,0.6280000),(0.0707723,21.6499366,0.6280000),(0.1252723,21.6499366,0.6280000),(0.1439807,21.6565199,0.6280000),(0.0707723,21.6499366,0.6280000),(0.1439807,21.6565199,0.6280000),(0.1441473,21.6585199,0.6280000),(0.0707723,21.6499366,0.6280000),(0.1441473,21.6585199,0.6280000),(0.1423557,21.6636032,0.6280000),(0.0707723,21.6499366,0.6280000),(0.1423557,21.6636032,0.6280000),(0.1394182,21.6659470,0.6280000),(0.0707723,21.6499366,0.6280000),(0.1394182,21.6659470,0.6280000),(0.1357723,21.6667282,0.6280000),(0.0707723,21.6499366,0.6280000),(0.1357723,21.6667282,0.6280000),(0.0707723,21.6667282,0.6280000),(0.0707723,21.6499366,0.6280000),(0.0707723,21.6667282,0.6280000),(0.0675640,21.6661032,0.6280000),(0.0707723,21.6499366,0.6280000),(0.0675640,21.6661032,0.6280000),(0.0648557,21.6642282,0.6280000),(0.0707723,21.6499366,0.6280000),(0.0648557,21.6642282,0.6280000),(0.0630119,21.6615303,0.6280000),(0.0707723,21.6499366,0.6280000),(0.0630119,21.6615303,0.6280000),(0.0623973,21.6583532,0.6280000),(0.0707723,21.6499366,0.6280000),(0.0623973,21.6583532,0.6280000),(0.0630119,21.6551657,0.6280000),(0.0707723,21.6499366,0.6280000),(0.0630119,21.6551657,0.6280000),(0.0648557,21.6524366,0.6280000),(0.0707723,21.6499366,0.6280000),(0.0648557,21.6524366,0.6280000),(0.0675640,21.6505616,0.6280000),(0.0082307,21.6669782,0.6280000),(0.0036057,21.6651449,0.6280000),(-0.0203110,21.6453949,0.6280000),(0.0082307,21.6669782,0.6280000),(-0.0203110,21.6453949,0.6280000),(-0.0225818,21.6427282,0.6280000),(0.0082307,21.6669782,0.6280000),(-0.0225818,21.6427282,0.6280000),(-0.0235610,21.6398949,0.6280000),(0.0082307,21.6669782,0.6280000),(-0.0235610,21.6398949,0.6280000),(-0.0235610,21.6385616,0.6280000),(0.0082307,21.6669782,0.6280000),(-0.0235610,21.6385616,0.6280000),(-0.0222277,21.6335199,0.6280000),(0.0082307,21.6669782,0.6280000),(-0.0222277,21.6335199,0.6280000),(-0.0198943,21.6312803,0.6280000),(0.0082307,21.6669782,0.6280000),(-0.0198943,21.6312803,0.6280000),(-0.0167277,21.6301449,0.6280000),(0.0082307,21.6669782,0.6280000),(-0.0167277,21.6301449,0.6280000),(-0.0151027,21.6300616,0.6280000),(0.0082307,21.6669782,0.6280000),(-0.0151027,21.6300616,0.6280000),(-0.0105610,21.6315199,0.6280000),(0.0082307,21.6669782,0.6280000),(-0.0105610,21.6315199,0.6280000),(0.0001057,21.6409366,0.6280000),(0.0082307,21.6669782,0.6280000),(0.0001057,21.6409366,0.6280000),(0.0001057,21.5155199,0.6280000),(0.0082307,21.6669782,0.6280000),(0.0001057,21.5155199,0.6280000),(0.0007098,21.5122907,0.6280000),(0.0082307,21.6669782,0.6280000),(0.0007098,21.5122907,0.6280000),(0.0025223,21.5096032,0.6280000),(0.0082307,21.6669782,0.6280000),(0.0025223,21.5096032,0.6280000),(0.0052098,21.5077907,0.6280000),(0.0082307,21.6669782,0.6280000),(0.0052098,21.5077907,0.6280000),(0.0084390,21.5071866,0.6280000),(0.0082307,21.6669782,0.6280000),(0.0084390,21.5071866,0.6280000),(0.0116994,21.5077907,0.6280000),(0.0082307,21.6669782,0.6280000),(0.0116994,21.5077907,0.6280000),(0.0143973,21.5096032,0.6280000),(0.0082307,21.6669782,0.6280000),(0.0143973,21.5096032,0.6280000),(0.0162098,21.5122907,0.6280000),(0.0082307,21.6669782,0.6280000),(0.0162098,21.5122907,0.6280000),(0.0168140,21.5155199,0.6280000),(0.0082307,21.6669782,0.6280000),(0.0168140,21.5155199,0.6280000),(0.0168140,21.6583116,0.6280000),(0.0082307,21.6669782,0.6280000),(0.0168140,21.6583116,0.6280000),(0.0156994,21.6627699,0.6280000),(0.0082307,21.6669782,0.6280000),(0.0156994,21.6627699,0.6280000),(0.0123557,21.6657282,0.6280000),(-0.0857277,21.5083845,0.6280000),(-0.0828527,21.5041866,0.6280000),(-0.0786548,21.5013116,0.6280000),(-0.0857277,21.5083845,0.6280000),(-0.0786548,21.5013116,0.6280000),(-0.0737277,21.5003532,0.6280000),(-0.0857277,21.5083845,0.6280000),(-0.0737277,21.5003532,0.6280000),(-0.0688110,21.5013116,0.6280000),(-0.0857277,21.5083845,0.6280000),(-0.0688110,21.5013116,0.6280000),(-0.0646443,21.5041866,0.6280000),(-0.0857277,21.5083845,0.6280000),(-0.0646443,21.5041866,0.6280000),(-0.0617693,21.5083845,0.6280000),(-0.0857277,21.5083845,0.6280000),(-0.0617693,21.5083845,0.6280000),(-0.0608110,21.5133116,0.6280000),(-0.0857277,21.5083845,0.6280000),(-0.0608110,21.5133116,0.6280000),(-0.0617693,21.5182386,0.6280000),(-0.0857277,21.5083845,0.6280000),(-0.0617693,21.5182386,0.6280000),(-0.0646443,21.5224366,0.6280000),(-0.0857277,21.5083845,0.6280000),(-0.0646443,21.5224366,0.6280000),(-0.0688110,21.5253116,0.6280000),(-0.0857277,21.5083845,0.6280000),(-0.0688110,21.5253116,0.6280000),(-0.0737277,21.5262699,0.6280000),(-0.0857277,21.5083845,0.6280000),(-0.0737277,21.5262699,0.6280000),(-0.0786548,21.5253116,0.6280000),(-0.0857277,21.5083845,0.6280000),(-0.0786548,21.5253116,0.6280000),(-0.0828527,21.5224366,0.6280000),(-0.0857277,21.5083845,0.6280000),(-0.0828527,21.5224366,0.6280000),(-0.0857277,21.5182386,0.6280000),(-0.0857277,21.5083845,0.6280000),(-0.0857277,21.5182386,0.6280000),(-0.0866860,21.5133116,0.6280000),(0.5531129,21.5773741,0.6280000),(0.6075295,21.5069157,0.6280000),(0.6103733,21.5044782,0.6280000),(0.5531129,21.5773741,0.6280000),(0.6103733,21.5044782,0.6280000),(0.6139879,21.5036657,0.6280000),(0.5531129,21.5773741,0.6280000),(0.6139879,21.5036657,0.6280000),(0.6191962,21.5054574,0.6280000),(0.5531129,21.5773741,0.6280000),(0.6191962,21.5054574,0.6280000),(0.6217275,21.5083532,0.6280000),(0.5531129,21.5773741,0.6280000),(0.6217275,21.5083532,0.6280000),(0.6225712,21.5121241,0.6280000),(0.5531129,21.5773741,0.6280000),(0.6225712,21.5121241,0.6280000),(0.6208212,21.5173324,0.6280000),(0.5531129,21.5773741,0.6280000),(0.6208212,21.5173324,0.6280000),(0.5745295,21.5773741,0.6280000),(0.5745295,21.5773741,0.6280000),(0.5779045,21.5773741,0.6280000),(0.5825992,21.5775752,0.6280000),(0.5531129,21.5773741,0.6280000),(0.5745295,21.5773741,0.6280000),(0.5825992,21.5775752,0.6280000),(0.5191129,21.5773741,0.6280000),(0.5531129,21.5773741,0.6280000),(0.5825992,21.5775752,0.6280000),(0.5191129,21.5773741,0.6280000),(0.5825992,21.5775752,0.6280000),(0.5870790,21.5781788,0.6280000),(0.5191129,21.5773741,0.6280000),(0.5870790,21.5781788,0.6280000),(0.5913440,21.5791846,0.6280000),(0.5191129,21.5773741,0.6280000),(0.5913440,21.5791846,0.6280000),(0.5953941,21.5805928,0.6280000),(0.5191129,21.5773741,0.6280000),(0.5953941,21.5805928,0.6280000),(0.5992294,21.5824034,0.6280000),(0.5191129,21.5773741,0.6280000),(0.5992294,21.5824034,0.6280000),(0.6028499,21.5846163,0.6280000),(0.5191129,21.5773741,0.6280000),(0.6028499,21.5846163,0.6280000),(0.6062555,21.5872315,0.6280000),(0.5191129,21.5773741,0.6280000),(0.6062555,21.5872315,0.6280000),(0.6094462,21.5902491,0.6280000),(0.5191129,21.5773741,0.6280000),(0.6094462,21.5902491,0.6280000),(0.6124540,21.5937816,0.6280000),(0.5191129,21.5773741,0.6280000),(0.6124540,21.5937816,0.6280000),(0.6150608,21.5974209,0.6280000),(0.5191129,21.5773741,0.6280000),(0.6150608,21.5974209,0.6280000),(0.6172665,21.6011670,0.6280000),(0.6172665,21.6011670,0.6280000),(0.6190712,21.6050199,0.6280000),(0.6034983,21.6108949,0.6280000),(0.6172665,21.6011670,0.6280000),(0.6034983,21.6108949,0.6280000),(0.6009592,21.6062647,0.6280000),(0.6172665,21.6011670,0.6280000),(0.6009592,21.6062647,0.6280000),(0.5974045,21.6020824,0.6280000),(0.6172665,21.6011670,0.6280000),(0.5974045,21.6020824,0.6280000),(0.5930764,21.5986189,0.6280000),(0.6172665,21.6011670,0.6280000),(0.5930764,21.5986189,0.6280000),(0.5883837,21.5961449,0.6280000),(0.6172665,21.6011670,0.6280000),(0.5883837,21.5961449,0.6280000),(0.5833264,21.5946605,0.6280000),(0.5191129,21.5773741,0.6280000),(0.6172665,21.6011670,0.6280000),(0.5833264,21.5946605,0.6280000),(0.5191129,21.5773741,0.6280000),(0.5833264,21.5946605,0.6280000),(0.5779045,21.5941657,0.6280000),(0.5191129,21.5773741,0.6280000),(0.5779045,21.5941657,0.6280000),(0.5191129,21.5941657,0.6280000),(0.6050217,21.6159730,0.6280000),(0.6034983,21.6108949,0.6280000),(0.6190712,21.6050199,0.6280000),(0.6055295,21.6214991,0.6280000),(0.6050217,21.6159730,0.6280000),(0.6190712,21.6050199,0.6280000),(0.6050217,21.6269730,0.6280000),(0.6055295,21.6214991,0.6280000),(0.6190712,21.6050199,0.6280000),(0.6034983,21.6320199,0.6280000),(0.6050217,21.6269730,0.6280000),(0.6190712,21.6050199,0.6280000),(0.6009592,21.6366397,0.6280000),(0.6034983,21.6320199,0.6280000),(0.6190712,21.6050199,0.6280000),(0.6009592,21.6366397,0.6280000),(0.6190712,21.6050199,0.6280000),(0.6204749,21.6089795,0.6280000),(0.6009592,21.6366397,0.6280000),(0.6204749,21.6089795,0.6280000),(0.6214775,21.6130459,0.6280000),(0.5974045,21.6408324,0.6280000),(0.6009592,21.6366397,0.6280000),(0.6214775,21.6130459,0.6280000),(0.5974045,21.6408324,0.6280000),(0.6214775,21.6130459,0.6280000),(0.6220790,21.6172191,0.6280000),(0.5974045,21.6408324,0.6280000),(0.6220790,21.6172191,0.6280000),(0.6222795,21.6214991,0.6280000),(0.5931858,21.6442959,0.6280000),(0.5974045,21.6408324,0.6280000),(0.6222795,21.6214991,0.6280000),(0.5931858,21.6442959,0.6280000),(0.6222795,21.6214991,0.6280000),(0.6220790,21.6259327,0.6280000),(0.5931858,21.6442959,0.6280000),(0.6220790,21.6259327,0.6280000),(0.6214775,21.6302126,0.6280000),(0.5885712,21.6467699,0.6280000),(0.5931858,21.6442959,0.6280000),(0.6214775,21.6302126,0.6280000),(0.5885712,21.6467699,0.6280000),(0.6214775,21.6302126,0.6280000),(0.6204749,21.6343389,0.6280000),(0.5885712,21.6467699,0.6280000),(0.6204749,21.6343389,0.6280000),(0.6190712,21.6383116,0.6280000),(0.5835608,21.6482543,0.6280000),(0.5885712,21.6467699,0.6280000),(0.6190712,21.6383116,0.6280000),(0.5835608,21.6482543,0.6280000),(0.6190712,21.6383116,0.6280000),(0.6172665,21.6421306,0.6280000),(0.5835608,21.6482543,0.6280000),(0.6172665,21.6421306,0.6280000),(0.6150608,21.6457959,0.6280000),(0.5781545,21.6487491,0.6280000),(0.5835608,21.6482543,0.6280000),(0.6150608,21.6457959,0.6280000),(0.5781545,21.6487491,0.6280000),(0.6150608,21.6457959,0.6280000),(0.6124540,21.6493077,0.6280000),(0.5191129,21.6487491,0.6280000),(0.5781545,21.6487491,0.6280000),(0.6124540,21.6493077,0.6280000),(0.5191129,21.6487491,0.6280000),(0.6124540,21.6493077,0.6280000),(0.6094462,21.6526657,0.6280000),(0.5191129,21.6487491,0.6280000),(0.6094462,21.6526657,0.6280000),(0.6060185,21.6557419,0.6280000),(0.5191129,21.6487491,0.6280000),(0.6060185,21.6557419,0.6280000),(0.6024436,21.6584079,0.6280000),(0.5191129,21.6487491,0.6280000),(0.6024436,21.6584079,0.6280000),(0.5987216,21.6606638,0.6280000),(0.5191129,21.6487491,0.6280000),(0.5987216,21.6606638,0.6280000),(0.5948525,21.6625095,0.6280000),(0.5191129,21.6487491,0.6280000),(0.5948525,21.6625095,0.6280000),(0.5908362,21.6639450,0.6280000),(0.5191129,21.6487491,0.6280000),(0.5908362,21.6639450,0.6280000),(0.5866728,21.6649704,0.6280000),(0.5191129,21.6487491,0.6280000),(0.5866728,21.6649704,0.6280000),(0.5823622,21.6655857,0.6280000),(0.5191129,21.6487491,0.6280000),(0.5823622,21.6655857,0.6280000),(0.5779045,21.6657907,0.6280000),(0.5191129,21.6487491,0.6280000),(0.5779045,21.6657907,0.6280000),(0.5107379,21.6657907,0.6280000),(0.5191129,21.5941657,0.6280000),(0.5191129,21.6487491,0.6280000),(0.5107379,21.6657907,0.6280000),(0.5191129,21.5773741,0.6280000),(0.5191129,21.5941657,0.6280000),(0.5107379,21.6657907,0.6280000),(0.5191129,21.5773741,0.6280000),(0.5107379,21.6657907,0.6280000),(0.5073525,21.6651345,0.6280000),(0.5191129,21.5773741,0.6280000),(0.5073525,21.6651345,0.6280000),(0.5045295,21.6631657,0.6280000),(0.5191129,21.5773741,0.6280000),(0.5045295,21.6631657,0.6280000),(0.5028733,21.6602386,0.6280000),(0.5191129,21.5773741,0.6280000),(0.5028733,21.6602386,0.6280000),(0.5023212,21.6571241,0.6280000),(0.5191129,21.5773741,0.6280000),(0.5023212,21.6571241,0.6280000),(0.5023212,21.5143324,0.6280000),(0.5191129,21.5773741,0.6280000),(0.5023212,21.5143324,0.6280000),(0.5032223,21.5110511,0.6280000),(0.5191129,21.5773741,0.6280000),(0.5032223,21.5110511,0.6280000),(0.5049254,21.5087074,0.6280000),(0.5191129,21.5773741,0.6280000),(0.5049254,21.5087074,0.6280000),(0.5107379,21.5068324,0.6280000),(0.5191129,21.5773741,0.6280000),(0.5107379,21.5068324,0.6280000),(0.5136519,21.5073011,0.6280000),(0.5191129,21.5773741,0.6280000),(0.5136519,21.5073011,0.6280000),(0.5160191,21.5087074,0.6280000),(0.5191129,21.5773741,0.6280000),(0.5160191,21.5087074,0.6280000),(0.5191129,21.5143324,0.6280000),(0.4644462,21.5775824,0.6280000),(0.4643629,21.5143324,0.6280000),(0.4649983,21.5111032,0.6280000),(0.4644462,21.5775824,0.6280000),(0.4649983,21.5111032,0.6280000),(0.4669045,21.5084157,0.6280000),(0.4644462,21.5775824,0.6280000),(0.4669045,21.5084157,0.6280000),(0.4696129,21.5066032,0.6280000),(0.4644462,21.5775824,0.6280000),(0.4696129,21.5066032,0.6280000),(0.4726545,21.5059991,0.6280000),(0.4644462,21.5775824,0.6280000),(0.4726545,21.5059991,0.6280000),(0.4759150,21.5066032,0.6280000),(0.4644462,21.5775824,0.6280000),(0.4759150,21.5066032,0.6280000),(0.4786129,21.5084157,0.6280000),(0.4644462,21.5775824,0.6280000),(0.4786129,21.5084157,0.6280000),(0.4804254,21.5111032,0.6280000),(0.4644462,21.5775824,0.6280000),(0.4804254,21.5111032,0.6280000),(0.4810295,21.5143324,0.6280000),(0.4644462,21.5775824,0.6280000),(0.4810295,21.5143324,0.6280000),(0.4810295,21.6571241,0.6280000),(0.4644462,21.5775824,0.6280000),(0.4810295,21.6571241,0.6280000),(0.4804254,21.6603324,0.6280000),(0.4644462,21.5775824,0.6280000),(0.4804254,21.6603324,0.6280000),(0.4786129,21.6630407,0.6280000),(0.4644462,21.5775824,0.6280000),(0.4786129,21.6630407,0.6280000),(0.4759566,21.6649157,0.6280000),(0.4644462,21.5775824,0.6280000),(0.4759566,21.6649157,0.6280000),(0.4728212,21.6655407,0.6280000),(0.4644462,21.5775824,0.6280000),(0.4728212,21.6655407,0.6280000),(0.4695920,21.6648949,0.6280000),(0.4644462,21.5775824,0.6280000),(0.4695920,21.6648949,0.6280000),(0.4668212,21.6629574,0.6280000),(0.4644462,21.5775824,0.6280000),(0.4668212,21.6629574,0.6280000),(0.4649775,21.6604157,0.6280000),(0.4644462,21.5775824,0.6280000),(0.4649775,21.6604157,0.6280000),(0.4643629,21.6571241,0.6280000),(0.4644462,21.5775824,0.6280000),(0.4643629,21.6571241,0.6280000),(0.4643629,21.5941657,0.6280000),(0.3777795,21.5775824,0.6280000),(0.4644462,21.5775824,0.6280000),(0.4643629,21.5941657,0.6280000),(0.3777795,21.5775824,0.6280000),(0.4643629,21.5941657,0.6280000),(0.3780295,21.5941657,0.6280000),(0.3777795,21.5775824,0.6280000),(0.3780295,21.5941657,0.6280000),(0.3780295,21.6571241,0.6280000),(0.3777795,21.5775824,0.6280000),(0.3780295,21.6571241,0.6280000),(0.3773837,21.6603324,0.6280000),(0.3777795,21.5775824,0.6280000),(0.3773837,21.6603324,0.6280000),(0.3754462,21.6630407,0.6280000),(0.3777795,21.5775824,0.6280000),(0.3754462,21.6630407,0.6280000),(0.3727066,21.6649157,0.6280000),(0.3777795,21.5775824,0.6280000),(0.3727066,21.6649157,0.6280000),(0.3696545,21.6655407,0.6280000),(0.3777795,21.5775824,0.6280000),(0.3696545,21.6655407,0.6280000),(0.3664150,21.6649157,0.6280000),(0.3777795,21.5775824,0.6280000),(0.3664150,21.6649157,0.6280000),(0.3636129,21.6630407,0.6280000),(0.3777795,21.5775824,0.6280000),(0.3636129,21.6630407,0.6280000),(0.3617066,21.6603324,0.6280000),(0.3777795,21.5775824,0.6280000),(0.3617066,21.6603324,0.6280000),(0.3610712,21.6571241,0.6280000),(0.3777795,21.5775824,0.6280000),(0.3610712,21.6571241,0.6280000),(0.3610712,21.5143324,0.6280000),(0.3777795,21.5775824,0.6280000),(0.3610712,21.5143324,0.6280000),(0.3616858,21.5111032,0.6280000),(0.3777795,21.5775824,0.6280000),(0.3616858,21.5111032,0.6280000),(0.3635295,21.5084157,0.6280000),(0.3777795,21.5775824,0.6280000),(0.3635295,21.5084157,0.6280000),(0.3662691,21.5066032,0.6280000),(0.3777795,21.5775824,0.6280000),(0.3662691,21.5066032,0.6280000),(0.3694879,21.5059991,0.6280000),(0.3777795,21.5775824,0.6280000),(0.3694879,21.5059991,0.6280000),(0.3725504,21.5065928,0.6280000),(0.3777795,21.5775824,0.6280000),(0.3725504,21.5065928,0.6280000),(0.3754045,21.5083741,0.6280000),(0.3777795,21.5775824,0.6280000),(0.3754045,21.5083741,0.6280000),(0.3771858,21.5109261,0.6280000),(0.3777795,21.5775824,0.6280000),(0.3771858,21.5109261,0.6280000),(0.3777795,21.5143324,0.6280000),(0.6605295,21.5662491,0.6280000),(0.6605295,21.6571241,0.6280000),(0.6599254,21.6603324,0.6280000),(0.6605295,21.5662491,0.6280000),(0.6599254,21.6603324,0.6280000),(0.6581129,21.6630407,0.6280000),(0.6605295,21.5662491,0.6280000),(0.6581129,21.6630407,0.6280000),(0.6554566,21.6649157,0.6280000),(0.6607255,21.5618213,0.6280000),(0.6605295,21.5662491,0.6280000),(0.6554566,21.6649157,0.6280000),(0.6607255,21.5618213,0.6280000),(0.6554566,21.6649157,0.6280000),(0.6523212,21.6655407,0.6280000),(0.6607255,21.5618213,0.6280000),(0.6523212,21.6655407,0.6280000),(0.6490400,21.6648949,0.6280000),(0.6607255,21.5618213,0.6280000),(0.6490400,21.6648949,0.6280000),(0.6461129,21.6629574,0.6280000),(0.6607255,21.5618213,0.6280000),(0.6461129,21.6629574,0.6280000),(0.6443316,21.6604157,0.6280000),(0.6607255,21.5618213,0.6280000),(0.6443316,21.6604157,0.6280000),(0.6437379,21.6571241,0.6280000),(0.6607255,21.5618213,0.6280000),(0.6437379,21.6571241,0.6280000),(0.6437379,21.5662491,0.6280000),(0.6607255,21.5618213,0.6280000),(0.6437379,21.5662491,0.6280000),(0.6440113,21.5601429,0.6280000),(0.6607255,21.5618213,0.6280000),(0.6440113,21.5601429,0.6280000),(0.6448316,21.5542621,0.6280000),(0.6607255,21.5618213,0.6280000),(0.6448316,21.5542621,0.6280000),(0.6461988,21.5486065,0.6280000),(0.6607255,21.5618213,0.6280000),(0.6461988,21.5486065,0.6280000),(0.6481129,21.5431761,0.6280000),(0.6607255,21.5618213,0.6280000),(0.6481129,21.5431761,0.6280000),(0.6505738,21.5379711,0.6280000),(0.6607255,21.5618213,0.6280000),(0.6505738,21.5379711,0.6280000),(0.6535816,21.5329913,0.6280000),(0.6607255,21.5618213,0.6280000),(0.6535816,21.5329913,0.6280000),(0.6571363,21.5282367,0.6280000),(0.6607255,21.5618213,0.6280000),(0.6571363,21.5282367,0.6280000),(0.6612379,21.5237074,0.6280000),(0.6607255,21.5618213,0.6280000),(0.6612379,21.5237074,0.6280000),(0.6656702,21.5195570,0.6280000),(0.6656702,21.5195570,0.6280000),(0.6703420,21.5159600,0.6280000),(0.6752535,21.5129164,0.6280000),(0.6656702,21.5195570,0.6280000),(0.6752535,21.5129164,0.6280000),(0.6804045,21.5104261,0.6280000),(0.6656702,21.5195570,0.6280000),(0.6804045,21.5104261,0.6280000),(0.6857952,21.5084893,0.6280000),(0.6656702,21.5195570,0.6280000),(0.6857952,21.5084893,0.6280000),(0.6914254,21.5071058,0.6280000),(0.6656702,21.5195570,0.6280000),(0.6914254,21.5071058,0.6280000),(0.6972952,21.5062758,0.6280000),(0.6656702,21.5195570,0.6280000),(0.6972952,21.5062758,0.6280000),(0.7034045,21.5059991,0.6280000),(0.6656702,21.5195570,0.6280000),(0.7034045,21.5059991,0.6280000),(0.7095224,21.5062758,0.6280000),(0.6656702,21.5195570,0.6280000),(0.7095224,21.5062758,0.6280000),(0.7154176,21.5071058,0.6280000),(0.6656702,21.5195570,0.6280000),(0.7154176,21.5071058,0.6280000),(0.7210901,21.5084893,0.6280000),(0.6656702,21.5195570,0.6280000),(0.7210901,21.5084893,0.6280000),(0.7265400,21.5104261,0.6280000),(0.6656702,21.5195570,0.6280000),(0.7265400,21.5104261,0.6280000),(0.7317672,21.5129164,0.6280000),(0.6656702,21.5195570,0.6280000),(0.7317672,21.5129164,0.6280000),(0.7367717,21.5159600,0.6280000),(0.6656702,21.5195570,0.6280000),(0.7367717,21.5159600,0.6280000),(0.7415536,21.5195570,0.6280000),(0.6656702,21.5195570,0.6280000),(0.7415536,21.5195570,0.6280000),(0.7461129,21.5237074,0.6280000),(0.7461129,21.5237074,0.6280000),(0.7502340,21.5281840,0.6280000),(0.7538056,21.5329053,0.6280000),(0.7461129,21.5237074,0.6280000),(0.7538056,21.5329053,0.6280000),(0.7568277,21.5378715,0.6280000),(0.7461129,21.5237074,0.6280000),(0.7568277,21.5378715,0.6280000),(0.7593004,21.5430824,0.6280000),(0.7461129,21.5237074,0.6280000),(0.7593004,21.5430824,0.6280000),(0.7612236,21.5485381,0.6280000),(0.7461129,21.5237074,0.6280000),(0.7612236,21.5485381,0.6280000),(0.7625973,21.5542386,0.6280000),(0.7461129,21.5237074,0.6280000),(0.7625973,21.5542386,0.6280000),(0.7634215,21.5601840,0.6280000),(0.7461129,21.5237074,0.6280000),(0.7634215,21.5601840,0.6280000),(0.7636962,21.5663741,0.6280000),(0.7461129,21.5237074,0.6280000),(0.7636962,21.5663741,0.6280000),(0.7636962,21.6571241,0.6280000),(0.7461129,21.5237074,0.6280000),(0.7636962,21.6571241,0.6280000),(0.7630920,21.6603324,0.6280000),(0.7461129,21.5237074,0.6280000),(0.7630920,21.6603324,0.6280000),(0.7612795,21.6630407,0.6280000),(0.7461129,21.5237074,0.6280000),(0.7612795,21.6630407,0.6280000),(0.7585920,21.6649157,0.6280000),(0.7461129,21.5237074,0.6280000),(0.7585920,21.6649157,0.6280000),(0.7553629,21.6655407,0.6280000),(0.7461129,21.5237074,0.6280000),(0.7553629,21.6655407,0.6280000),(0.7521337,21.6649157,0.6280000),(0.7461129,21.5237074,0.6280000),(0.7521337,21.6649157,0.6280000),(0.7494462,21.6630407,0.6280000),(0.7494462,21.6630407,0.6280000),(0.7476337,21.6603324,0.6280000),(0.7470295,21.6571241,0.6280000),(0.7494462,21.6630407,0.6280000),(0.7470295,21.6571241,0.6280000),(0.7470295,21.5663741,0.6280000),(0.7461129,21.5237074,0.6280000),(0.7494462,21.6630407,0.6280000),(0.7470295,21.5663741,0.6280000),(0.7461129,21.5237074,0.6280000),(0.7470295,21.5663741,0.6280000),(0.7468284,21.5619639,0.6280000),(0.7461129,21.5237074,0.6280000),(0.7468284,21.5619639,0.6280000),(0.7462249,21.5577126,0.6280000),(0.7461129,21.5237074,0.6280000),(0.7462249,21.5577126,0.6280000),(0.7452190,21.5536202,0.6280000),(0.7461129,21.5237074,0.6280000),(0.7452190,21.5536202,0.6280000),(0.7438108,21.5496866,0.6280000),(0.7461129,21.5237074,0.6280000),(0.7438108,21.5496866,0.6280000),(0.7420002,21.5459118,0.6280000),(0.7461129,21.5237074,0.6280000),(0.7420002,21.5459118,0.6280000),(0.7397874,21.5422959,0.6280000),(0.7461129,21.5237074,0.6280000),(0.7397874,21.5422959,0.6280000),(0.7371721,21.5388389,0.6280000),(0.7461129,21.5237074,0.6280000),(0.7371721,21.5388389,0.6280000),(0.7341545,21.5355407,0.6280000),(0.7461129,21.5237074,0.6280000),(0.7341545,21.5355407,0.6280000),(0.7309312,21.5325329,0.6280000),(0.7461129,21.5237074,0.6280000),(0.7309312,21.5325329,0.6280000),(0.7275321,21.5299261,0.6280000),(0.7461129,21.5237074,0.6280000),(0.7275321,21.5299261,0.6280000),(0.7239573,21.5277204,0.6280000),(0.7461129,21.5237074,0.6280000),(0.7239573,21.5277204,0.6280000),(0.7202066,21.5259157,0.6280000),(0.7461129,21.5237074,0.6280000),(0.7202066,21.5259157,0.6280000),(0.7162802,21.5245121,0.6280000),(0.7461129,21.5237074,0.6280000),(0.7162802,21.5245121,0.6280000),(0.7121780,21.5235095,0.6280000),(0.7461129,21.5237074,0.6280000),(0.7121780,21.5235095,0.6280000),(0.7079000,21.5229079,0.6280000),(0.6656702,21.5195570,0.6280000),(0.7461129,21.5237074,0.6280000),(0.7079000,21.5229079,0.6280000),(0.6656702,21.5195570,0.6280000),(0.7079000,21.5229079,0.6280000),(0.7034462,21.5227074,0.6280000),(0.6656702,21.5195570,0.6280000),(0.7034462,21.5227074,0.6280000),(0.6990706,21.5229066,0.6280000),(0.6656702,21.5195570,0.6280000),(0.6990706,21.5229066,0.6280000),(0.6948603,21.5235043,0.6280000),(0.6656702,21.5195570,0.6280000),(0.6948603,21.5235043,0.6280000),(0.6908154,21.5245004,0.6280000),(0.6656702,21.5195570,0.6280000),(0.6908154,21.5245004,0.6280000),(0.6869358,21.5258949,0.6280000),(0.6656702,21.5195570,0.6280000),(0.6869358,21.5258949,0.6280000),(0.6832216,21.5276879,0.6280000),(0.6656702,21.5195570,0.6280000),(0.6832216,21.5276879,0.6280000),(0.6796728,21.5298793,0.6280000),(0.6656702,21.5195570,0.6280000),(0.6796728,21.5298793,0.6280000),(0.6762893,21.5324691,0.6280000),(0.6656702,21.5195570,0.6280000),(0.6762893,21.5324691,0.6280000),(0.6730712,21.5354574,0.6280000),(0.6656702,21.5195570,0.6280000),(0.6730712,21.5354574,0.6280000),(0.6701318,21.5387276,0.6280000),(0.6656702,21.5195570,0.6280000),(0.6701318,21.5387276,0.6280000),(0.6675842,21.5421631,0.6280000),(0.6656702,21.5195570,0.6280000),(0.6675842,21.5421631,0.6280000),(0.6654286,21.5457640,0.6280000),(0.6656702,21.5195570,0.6280000),(0.6654286,21.5457640,0.6280000),(0.6636650,21.5495303,0.6280000),(0.6656702,21.5195570,0.6280000),(0.6636650,21.5495303,0.6280000),(0.6622932,21.5534620,0.6280000),(0.6656702,21.5195570,0.6280000),(0.6622932,21.5534620,0.6280000),(0.6613134,21.5575590,0.6280000),(0.6607255,21.5618213,0.6280000),(0.6656702,21.5195570,0.6280000),(0.6613134,21.5575590,0.6280000),(0.3376025,21.6508428,0.6280000),(0.3396962,21.6571241,0.6280000),(0.3391025,21.6602699,0.6280000),(0.3376025,21.6508428,0.6280000),(0.3391025,21.6602699,0.6280000),(0.3373212,21.6629574,0.6280000),(0.3376025,21.6508428,0.6280000),(0.3373212,21.6629574,0.6280000),(0.3346337,21.6648949,0.6280000),(0.3376025,21.6508428,0.6280000),(0.3346337,21.6648949,0.6280000),(0.3313212,21.6655407,0.6280000),(0.3376025,21.6508428,0.6280000),(0.3313212,21.6655407,0.6280000),(0.2281545,21.6655407,0.6280000),(0.3376025,21.6508428,0.6280000),(0.2281545,21.6655407,0.6280000),(0.2244879,21.6647386,0.6280000),(0.3376025,21.6508428,0.6280000),(0.2244879,21.6647386,0.6280000),(0.2215712,21.6623324,0.6280000),(0.3376025,21.6508428,0.6280000),(0.2215712,21.6623324,0.6280000),(0.2197379,21.6571241,0.6280000),(0.3376025,21.6508428,0.6280000),(0.2197379,21.6571241,0.6280000),(0.2197379,21.6564991,0.6280000),(0.3376025,21.6508428,0.6280000),(0.2197379,21.6564991,0.6280000),(0.2221129,21.6514157,0.6280000),(0.3376025,21.6508428,0.6280000),(0.2221129,21.6514157,0.6280000),(0.2249150,21.6494157,0.6280000),(0.3376025,21.6508428,0.6280000),(0.2249150,21.6494157,0.6280000),(0.2281545,21.6487491,0.6280000),(0.3376025,21.6508428,0.6280000),(0.2281545,21.6487491,0.6280000),(0.2714462,21.6487491,0.6280000),(0.2714462,21.6487491,0.6280000),(0.2714462,21.5143324,0.6280000),(0.2720504,21.5111032,0.6280000),(0.2714462,21.6487491,0.6280000),(0.2720504,21.5111032,0.6280000),(0.2738629,21.5084157,0.6280000),(0.2714462,21.6487491,0.6280000),(0.2738629,21.5084157,0.6280000),(0.2765504,21.5066032,0.6280000),(0.2714462,21.6487491,0.6280000),(0.2765504,21.5066032,0.6280000),(0.2797795,21.5059991,0.6280000),(0.2714462,21.6487491,0.6280000),(0.2797795,21.5059991,0.6280000),(0.2830087,21.5066032,0.6280000),(0.2714462,21.6487491,0.6280000),(0.2830087,21.5066032,0.6280000),(0.2856962,21.5084157,0.6280000),(0.2714462,21.6487491,0.6280000),(0.2856962,21.5084157,0.6280000),(0.2875087,21.5111032,0.6280000),(0.2714462,21.6487491,0.6280000),(0.2875087,21.5111032,0.6280000),(0.2881129,21.5143324,0.6280000),(0.2714462,21.6487491,0.6280000),(0.2881129,21.5143324,0.6280000),(0.2881129,21.6487491,0.6280000),(0.3376025,21.6508428,0.6280000),(0.2714462,21.6487491,0.6280000),(0.2881129,21.6487491,0.6280000),(0.3376025,21.6508428,0.6280000),(0.2881129,21.6487491,0.6280000),(0.3313212,21.6487491,0.6280000),(0.3376025,21.6508428,0.6280000),(0.3313212,21.6487491,0.6280000),(0.3349853,21.6492725,0.6280000)));
#3884=COMPLEX_TRIANGULATED_SURFACE_SET('surface set',#3883,4419,(),(),(),((1,2,3),(4,5,6),(7,8,9),(10,11,12),(13,14,15),(16,17,18),(19,20,21),(22,23,24),(25,26,27),(28,29,30),(31,32,33),(34,35,36),(37,38,39),(40,41,42),(43,44,45),(46,47,48),(49,50,51),(52,53,54),(55,56,57),(58,59,60),(61,62,63),(64,65,66),(67,68,69),(70,71,72),(73,74,75),(76,77,78),(79,80,81),(82,83,84),(85,86,87),(88,89,90),(91,92,93),(94,95,96),(97,98,99),(100,101,102),(103,104,105),(106,107,108),(109,110,111),(112,113,114),(115,116,117),(118,119,120),(121,122,123),(124,125,126),(127,128,129),(130,131,132),(133,134,135),(136,137,138),(139,140,141),(142,143,144),(145,146,147),(148,149,150),(151,152,153),(154,155,156),(157,158,159),(160,161,162),(163,164,165),(166,167,168),(169,170,171),(172,173,174),(175,176,177),(178,179,180),(181,182,183),(184,185,186),(187,188,189),(190,191,192),(193,194,195),(196,197,198),(199,200,201),(202,203,204),(205,206,207),(208,209,210),(211,212,213),(214,215,216),(217,218,219),(220,221,222),(223,224,225),(226,227,228),(229,230,231),(232,233,234),(235,236,237),(238,239,240),(241,242,243),(244,245,246),(247,248,249),(250,251,252),(253,254,255),(256,257,258),(259,260,261),(262,263,264),(265,266,267),(268,269,270),(271,272,273),(274,275,276),(277,278,279),(280,281,282),(283,284,285),(286,287,288),(289,290,291),(292,293,294),(295,296,297),(298,299,300),(301,302,303),(304,305,306),(307,308,309),(310,311,312),(313,314,315),(316,317,318),(319,320,321),(322,323,324),(325,326,327),(328,329,330),(331,332,333),(334,335,336),(337,338,339),(340,341,342),(343,344,345),(346,347,348),(349,350,351),(352,353,354),(355,356,357),(358,359,360),(361,362,363),(364,365,366),(367,368,369),(370,371,372),(373,374,375),(376,377,378),(379,380,381),(382,383,384),(385,386,387),(388,389,390),(391,392,393),(394,395,396),(397,398,399),(400,401,402),(403,404,405),(406,407,408),(409,410,411),(412,413,414),(415,416,417),(418,419,420),(421,422,423),(424,425,426),(427,428,429),(430,431,432),(433,434,435),(436,437,438),(439,440,441),(442,443,444),(445,446,447),(448,449,450),(451,452,453),(454,455,456),(457,458,459),(460,461,462),(463,464,465),(466,467,468),(469,470,471),(472,473,474),(475,476,477),(478,479,480),(481,482,483),(484,485,486),(487,488,489),(490,491,492),(493,494,495),(496,497,498),(499,500,501),(502,503,504),(505,506,507),(508,509,510),(511,512,513),(514,515,516),(517,518,519),(520,521,522),(523,524,525),(526,527,528),(529,530,531),(532,533,534),(535,536,537),(538,539,540),(541,542,543),(544,545,546),(547,548,549),(550,551,552),(553,554,555),(556,557,558),(559,560,561),(562,563,564),(565,566,567),(568,569,570),(571,572,573),(574,575,576),(577,578,579),(580,581,582),(583,584,585),(586,587,588),(589,590,591),(592,593,594),(595,596,597),(598,599,600),(601,602,603),(604,605,606),(607,608,609),(610,611,612),(613,614,615),(616,617,618),(619,620,621),(622,623,624),(625,626,627),(628,629,630),(631,632,633),(634,635,636),(637,638,639),(640,641,642),(643,644,645),(646,647,648),(649,650,651),(652,653,654),(655,656,657),(658,659,660),(661,662,663),(664,665,666),(667,668,669),(670,671,672),(673,674,675),(676,677,678),(679,680,681),(682,683,684),(685,686,687),(688,689,690),(691,692,693),(694,695,696),(697,698,699),(700,701,702),(703,704,705),(706,707,708),(709,710,711),(712,713,714),(715,716,717),(718,719,720),(721,722,723),(724,725,726),(727,728,729),(730,731,732),(733,734,735),(736,737,738),(739,740,741),(742,743,744),(745,746,747),(748,749,750),(751,752,753),(754,755,756),(757,758,759),(760,761,762),(763,764,765),(766,767,768),(769,770,771),(772,773,774),(775,776,777),(778,779,780),(781,782,783),(784,785,786),(787,788,789),(790,791,792),(793,794,795),(796,797,798),(799,800,801),(802,803,804),(805,806,807),(808,809,810),(811,812,813),(814,815,816),(817,818,819),(820,821,822),(823,824,825),(826,827,828),(829,830,831),(832,833,834),(835,836,837),(838,839,840),(841,842,843),(844,845,846),(847,848,849),(850,851,852),(853,854,855),(856,857,858),(859,860,861),(862,863,864),(865,866,867),(868,869,870),(871,872,873),(874,875,876),(877,878,879),(880,881,882),(883,884,885),(886,887,888),(889,890,891),(892,893,894),(895,896,897),(898,899,900),(901,902,903),(904,905,906),(907,908,909),(910,911,912),(913,914,915),(916,917,918),(919,920,921),(922,923,924),(925,926,927),(928,929,930),(931,932,933),(934,935,936),(937,938,939),(940,941,942),(943,944,945),(946,947,948),(949,950,951),(952,953,954),(955,956,957),(958,959,960),(961,962,963),(964,965,966),(967,968,969),(970,971,972),(973,974,975),(976,977,978),(979,980,981),(982,983,984),(985,986,987),(988,989,990),(991,992,993),(994,995,996),(997,998,999),(1000,1001,1002),(1003,1004,1005),(1006,1007,1008),(1009,1010,1011),(1012,1013,1014),(1015,1016,1017),(1018,1019,1020),(1021,1022,1023),(1024,1025,1026),(1027,1028,1029),(1030,1031,1032),(1033,1034,1035),(1036,1037,1038),(1039,1040,1041),(1042,1043,1044),(1045,1046,1047),(1048,1049,1050),(1051,1052,1053),(1054,1055,1056),(1057,1058,1059),(1060,1061,1062),(1063,1064,1065),(1066,1067,1068),(1069,1070,1071),(1072,1073,1074),(1075,1076,1077),(1078,1079,1080),(1081,1082,1083),(1084,1085,1086),(1087,1088,1089),(1090,1091,1092),(1093,1094,1095),(1096,1097,1098),(1099,1100,1101),(1102,1103,1104),(1105,1106,1107),(1108,1109,1110),(1111,1112,1113),(1114,1115,1116),(1117,1118,1119),(1120,1121,1122),(1123,1124,1125),(1126,1127,1128),(1129,1130,1131),(1132,1133,1134),(1135,1136,1137),(1138,1139,1140),(1141,1142,1143),(1144,1145,1146),(1147,1148,1149),(1150,1151,1152),(1153,1154,1155),(1156,1157,1158),(1159,1160,1161),(1162,1163,1164),(1165,1166,1167),(1168,1169,1170),(1171,1172,1173),(1174,1175,1176),(1177,1178,1179),(1180,1181,1182),(1183,1184,1185),(1186,1187,1188),(1189,1190,1191),(1192,1193,1194),(1195,1196,1197),(1198,1199,1200),(1201,1202,1203),(1204,1205,1206),(1207,1208,1209),(1210,1211,1212),(1213,1214,1215),(1216,1217,1218),(1219,1220,1221),(1222,1223,1224),(1225,1226,1227),(1228,1229,1230),(1231,1232,1233),(1234,1235,1236),(1237,1238,1239),(1240,1241,1242),(1243,1244,1245),(1246,1247,1248),(1249,1250,1251),(1252,1253,1254),(1255,1256,1257),(1258,1259,1260),(1261,1262,1263),(1264,1265,1266),(1267,1268,1269),(1270,1271,1272),(1273,1274,1275),(1276,1277,1278),(1279,1280,1281),(1282,1283,1284),(1285,1286,1287),(1288,1289,1290),(1291,1292,1293),(1294,1295,1296),(1297,1298,1299),(1300,1301,1302),(1303,1304,1305),(1306,1307,1308),(1309,1310,1311),(1312,1313,1314),(1315,1316,1317),(1318,1319,1320),(1321,1322,1323),(1324,1325,1326),(1327,1328,1329),(1330,1331,1332),(1333,1334,1335),(1336,1337,1338),(1339,1340,1341),(1342,1343,1344),(1345,1346,1347),(1348,1349,1350),(1351,1352,1353),(1354,1355,1356),(1357,1358,1359),(1360,1361,1362),(1363,1364,1365),(1366,1367,1368),(1369,1370,1371),(1372,1373,1374),(1375,1376,1377),(1378,1379,1380),(1381,1382,1383),(1384,1385,1386),(1387,1388,1389),(1390,1391,1392),(1393,1394,1395),(1396,1397,1398),(1399,1400,1401),(1402,1403,1404),(1405,1406,1407),(1408,1409,1410),(1411,1412,1413),(1414,1415,1416),(1417,1418,1419),(1420,1421,1422),(1423,1424,1425),(1426,1427,1428),(1429,1430,1431),(1432,1433,1434),(1435,1436,1437),(1438,1439,1440),(1441,1442,1443),(1444,1445,1446),(1447,1448,1449),(1450,1451,1452),(1453,1454,1455),(1456,1457,1458),(1459,1460,1461),(1462,1463,1464),(1465,1466,1467),(1468,1469,1470),(1471,1472,1473),(1474,1475,1476),(1477,1478,1479),(1480,1481,1482),(1483,1484,1485),(1486,1487,1488),(1489,1490,1491),(1492,1493,1494),(1495,1496,1497),(1498,1499,1500),(1501,1502,1503),(1504,1505,1506),(1507,1508,1509),(1510,1511,1512),(1513,1514,1515),(1516,1517,1518),(1519,1520,1521),(1522,1523,1524),(1525,1526,1527),(1528,1529,1530),(1531,1532,1533),(1534,1535,1536),(1537,1538,1539),(1540,1541,1542),(1543,1544,1545),(1546,1547,1548),(1549,1550,1551),(1552,1553,1554),(1555,1556,1557),(1558,1559,1560),(1561,1562,1563),(1564,1565,1566),(1567,1568,1569),(1570,1571,1572),(1573,1574,1575),(1576,1577,1578),(1579,1580,1581),(1582,1583,1584),(1585,1586,1587),(1588,1589,1590),(1591,1592,1593),(1594,1595,1596),(1597,1598,1599),(1600,1601,1602),(1603,1604,1605),(1606,1607,1608),(1609,1610,1611),(1612,1613,1614),(1615,1616,1617),(1618,1619,1620),(1621,1622,1623),(1624,1625,1626),(1627,1628,1629),(1630,1631,1632),(1633,1634,1635),(1636,1637,1638),(1639,1640,1641),(1642,1643,1644),(1645,1646,1647),(1648,1649,1650),(1651,1652,1653),(1654,1655,1656),(1657,1658,1659),(1660,1661,1662),(1663,1664,1665),(1666,1667,1668),(1669,1670,1671),(1672,1673,1674),(1675,1676,1677),(1678,1679,1680),(1681,1682,1683),(1684,1685,1686),(1687,1688,1689),(1690,1691,1692),(1693,1694,1695),(1696,1697,1698),(1699,1700,1701),(1702,1703,1704),(1705,1706,1707),(1708,1709,1710),(1711,1712,1713),(1714,1715,1716),(1717,1718,1719),(1720,1721,1722),(1723,1724,1725),(1726,1727,1728),(1729,1730,1731),(1732,1733,1734),(1735,1736,1737),(1738,1739,1740),(1741,1742,1743),(1744,1745,1746),(1747,1748,1749),(1750,1751,1752),(1753,1754,1755),(1756,1757,1758),(1759,1760,1761),(1762,1763,1764),(1765,1766,1767),(1768,1769,1770),(1771,1772,1773),(1774,1775,1776),(1777,1778,1779),(1780,1781,1782),(1783,1784,1785),(1786,1787,1788),(1789,1790,1791),(1792,1793,1794),(1795,1796,1797),(1798,1799,1800),(1801,1802,1803),(1804,1805,1806),(1807,1808,1809),(1810,1811,1812),(1813,1814,1815),(1816,1817,1818),(1819,1820,1821),(1822,1823,1824),(1825,1826,1827),(1828,1829,1830),(1831,1832,1833),(1834,1835,1836),(1837,1838,1839),(1840,1841,1842),(1843,1844,1845),(1846,1847,1848),(1849,1850,1851),(1852,1853,1854),(1855,1856,1857),(1858,1859,1860),(1861,1862,1863),(1864,1865,1866),(1867,1868,1869),(1870,1871,1872),(1873,1874,1875),(1876,1877,1878),(1879,1880,1881),(1882,1883,1884),(1885,1886,1887),(1888,1889,1890),(1891,1892,1893),(1894,1895,1896),(1897,1898,1899),(1900,1901,1902),(1903,1904,1905),(1906,1907,1908),(1909,1910,1911),(1912,1913,1914),(1915,1916,1917),(1918,1919,1920),(1921,1922,1923),(1924,1925,1926),(1927,1928,1929),(1930,1931,1932),(1933,1934,1935),(1936,1937,1938),(1939,1940,1941),(1942,1943,1944),(1945,1946,1947),(1948,1949,1950),(1951,1952,1953),(1954,1955,1956),(1957,1958,1959),(1960,1961,1962),(1963,1964,1965),(1966,1967,1968),(1969,1970,1971),(1972,1973,1974),(1975,1976,1977),(1978,1979,1980),(1981,1982,1983),(1984,1985,1986),(1987,1988,1989),(1990,1991,1992),(1993,1994,1995),(1996,1997,1998),(1999,2000,2001),(2002,2003,2004),(2005,2006,2007),(2008,2009,2010),(2011,2012,2013),(2014,2015,2016),(2017,2018,2019),(2020,2021,2022),(2023,2024,2025),(2026,2027,2028),(2029,2030,2031),(2032,2033,2034),(2035,2036,2037),(2038,2039,2040),(2041,2042,2043),(2044,2045,2046),(2047,2048,2049),(2050,2051,2052),(2053,2054,2055),(2056,2057,2058),(2059,2060,2061),(2062,2063,2064),(2065,2066,2067),(2068,2069,2070),(2071,2072,2073),(2074,2075,2076),(2077,2078,2079),(2080,2081,2082),(2083,2084,2085),(2086,2087,2088),(2089,2090,2091),(2092,2093,2094),(2095,2096,2097),(2098,2099,2100),(2101,2102,2103),(2104,2105,2106),(2107,2108,2109),(2110,2111,2112),(2113,2114,2115),(2116,2117,2118),(2119,2120,2121),(2122,2123,2124),(2125,2126,2127),(2128,2129,2130),(2131,2132,2133),(2134,2135,2136),(2137,2138,2139),(2140,2141,2142),(2143,2144,2145),(2146,2147,2148),(2149,2150,2151),(2152,2153,2154),(2155,2156,2157),(2158,2159,2160),(2161,2162,2163),(2164,2165,2166),(2167,2168,2169),(2170,2171,2172),(2173,2174,2175),(2176,2177,2178),(2179,2180,2181),(2182,2183,2184),(2185,2186,2187),(2188,2189,2190),(2191,2192,2193),(2194,2195,2196),(2197,2198,2199),(2200,2201,2202),(2203,2204,2205),(2206,2207,2208),(2209,2210,2211),(2212,2213,2214),(2215,2216,2217),(2218,2219,2220),(2221,2222,2223),(2224,2225,2226),(2227,2228,2229),(2230,2231,2232),(2233,2234,2235),(2236,2237,2238),(2239,2240,2241),(2242,2243,2244),(2245,2246,2247),(2248,2249,2250),(2251,2252,2253),(2254,2255,2256),(2257,2258,2259),(2260,2261,2262),(2263,2264,2265),(2266,2267,2268),(2269,2270,2271),(2272,2273,2274),(2275,2276,2277),(2278,2279,2280),(2281,2282,2283),(2284,2285,2286),(2287,2288,2289),(2290,2291,2292),(2293,2294,2295),(2296,2297,2298),(2299,2300,2301),(2302,2303,2304),(2305,2306,2307),(2308,2309,2310),(2311,2312,2313),(2314,2315,2316),(2317,2318,2319),(2320,2321,2322),(2323,2324,2325),(2326,2327,2328),(2329,2330,2331),(2332,2333,2334),(2335,2336,2337),(2338,2339,2340),(2341,2342,2343),(2344,2345,2346),(2347,2348,2349),(2350,2351,2352),(2353,2354,2355),(2356,2357,2358),(2359,2360,2361),(2362,2363,2364),(2365,2366,2367),(2368,2369,2370),(2371,2372,2373),(2374,2375,2376),(2377,2378,2379),(2380,2381,2382),(2383,2384,2385),(2386,2387,2388),(2389,2390,2391),(2392,2393,2394),(2395,2396,2397),(2398,2399,2400),(2401,2402,2403),(2404,2405,2406),(2407,2408,2409),(2410,2411,2412),(2413,2414,2415),(2416,2417,2418),(2419,2420,2421),(2422,2423,2424),(2425,2426,2427),(2428,2429,2430),(2431,2432,2433),(2434,2435,2436),(2437,2438,2439),(2440,2441,2442),(2443,2444,2445),(2446,2447,2448),(2449,2450,2451),(2452,2453,2454),(2455,2456,2457),(2458,2459,2460),(2461,2462,2463),(2464,2465,2466),(2467,2468,2469),(2470,2471,2472),(2473,2474,2475),(2476,2477,2478),(2479,2480,2481),(2482,2483,2484),(2485,2486,2487),(2488,2489,2490),(2491,2492,2493),(2494,2495,2496),(2497,2498,2499),(2500,2501,2502),(2503,2504,2505),(2506,2507,2508),(2509,2510,2511),(2512,2513,2514),(2515,2516,2517),(2518,2519,2520),(2521,2522,2523),(2524,2525,2526),(2527,2528,2529),(2530,2531,2532),(2533,2534,2535),(2536,2537,2538),(2539,2540,2541),(2542,2543,2544),(2545,2546,2547),(2548,2549,2550),(2551,2552,2553),(2554,2555,2556),(2557,2558,2559),(2560,2561,2562),(2563,2564,2565),(2566,2567,2568),(2569,2570,2571),(2572,2573,2574),(2575,2576,2577),(2578,2579,2580),(2581,2582,2583),(2584,2585,2586),(2587,2588,2589),(2590,2591,2592),(2593,2594,2595),(2596,2597,2598),(2599,2600,2601),(2602,2603,2604),(2605,2606,2607),(2608,2609,2610),(2611,2612,2613),(2614,2615,2616),(2617,2618,2619),(2620,2621,2622),(2623,2624,2625),(2626,2627,2628),(2629,2630,2631),(2632,2633,2634),(2635,2636,2637),(2638,2639,2640),(2641,2642,2643),(2644,2645,2646),(2647,2648,2649),(2650,2651,2652),(2653,2654,2655),(2656,2657,2658),(2659,2660,2661),(2662,2663,2664),(2665,2666,2667),(2668,2669,2670),(2671,2672,2673),(2674,2675,2676),(2677,2678,2679),(2680,2681,2682),(2683,2684,2685),(2686,2687,2688),(2689,2690,2691),(2692,2693,2694),(2695,2696,2697),(2698,2699,2700),(2701,2702,2703),(2704,2705,2706),(2707,2708,2709),(2710,2711,2712),(2713,2714,2715),(2716,2717,2718),(2719,2720,2721),(2722,2723,2724),(2725,2726,2727),(2728,2729,2730),(2731,2732,2733),(2734,2735,2736),(2737,2738,2739),(2740,2741,2742),(2743,2744,2745),(2746,2747,2748),(2749,2750,2751),(2752,2753,2754),(2755,2756,2757),(2758,2759,2760),(2761,2762,2763),(2764,2765,2766),(2767,2768,2769),(2770,2771,2772),(2773,2774,2775),(2776,2777,2778),(2779,2780,2781),(2782,2783,2784),(2785,2786,2787),(2788,2789,2790),(2791,2792,2793),(2794,2795,2796),(2797,2798,2799),(2800,2801,2802),(2803,2804,2805),(2806,2807,2808),(2809,2810,2811),(2812,2813,2814),(2815,2816,2817),(2818,2819,2820),(2821,2822,2823),(2824,2825,2826),(2827,2828,2829),(2830,2831,2832),(2833,2834,2835),(2836,2837,2838),(2839,2840,2841),(2842,2843,2844),(2845,2846,2847),(2848,2849,2850),(2851,2852,2853),(2854,2855,2856),(2857,2858,2859),(2860,2861,2862),(2863,2864,2865),(2866,2867,2868),(2869,2870,2871),(2872,2873,2874),(2875,2876,2877),(2878,2879,2880),(2881,2882,2883),(2884,2885,2886),(2887,2888,2889),(2890,2891,2892),(2893,2894,2895),(2896,2897,2898),(2899,2900,2901),(2902,2903,2904),(2905,2906,2907),(2908,2909,2910),(2911,2912,2913),(2914,2915,2916),(2917,2918,2919),(2920,2921,2922),(2923,2924,2925),(2926,2927,2928),(2929,2930,2931),(2932,2933,2934),(2935,2936,2937),(2938,2939,2940),(2941,2942,2943),(2944,2945,2946),(2947,2948,2949),(2950,2951,2952),(2953,2954,2955),(2956,2957,2958),(2959,2960,2961),(2962,2963,2964),(2965,2966,2967),(2968,2969,2970),(2971,2972,2973),(2974,2975,2976),(2977,2978,2979),(2980,2981,2982),(2983,2984,2985),(2986,2987,2988),(2989,2990,2991),(2992,2993,2994),(2995,2996,2997),(2998,2999,3000),(3001,3002,3003),(3004,3005,3006),(3007,3008,3009),(3010,3011,3012),(3013,3014,3015),(3016,3017,3018),(3019,3020,3021),(3022,3023,3024),(3025,3026,3027),(3028,3029,3030),(3031,3032,3033),(3034,3035,3036),(3037,3038,3039),(3040,3041,3042),(3043,3044,3045),(3046,3047,3048),(3049,3050,3051),(3052,3053,3054),(3055,3056,3057),(3058,3059,3060),(3061,3062,3063),(3064,3065,3066),(3067,3068,3069),(3070,3071,3072),(3073,3074,3075),(3076,3077,3078),(3079,3080,3081),(3082,3083,3084),(3085,3086,3087),(3088,3089,3090),(3091,3092,3093),(3094,3095,3096),(3097,3098,3099),(3100,3101,3102),(3103,3104,3105),(3106,3107,3108),(3109,3110,3111),(3112,3113,3114),(3115,3116,3117),(3118,3119,3120),(3121,3122,3123),(3124,3125,3126),(3127,3128,3129),(3130,3131,3132),(3133,3134,3135),(3136,3137,3138),(3139,3140,3141),(3142,3143,3144),(3145,3146,3147),(3148,3149,3150),(3151,3152,3153),(3154,3155,3156),(3157,3158,3159),(3160,3161,3162),(3163,3164,3165),(3166,3167,3168),(3169,3170,3171),(3172,3173,3174),(3175,3176,3177),(3178,3179,3180),(3181,3182,3183),(3184,3185,3186),(3187,3188,3189),(3190,3191,3192),(3193,3194,3195),(3196,3197,3198),(3199,3200,3201),(3202,3203,3204),(3205,3206,3207),(3208,3209,3210),(3211,3212,3213),(3214,3215,3216),(3217,3218,3219),(3220,3221,3222),(3223,3224,3225),(3226,3227,3228),(3229,3230,3231),(3232,3233,3234),(3235,3236,3237),(3238,3239,3240),(3241,3242,3243),(3244,3245,3246),(3247,3248,3249),(3250,3251,3252),(3253,3254,3255),(3256,3257,3258),(3259,3260,3261),(3262,3263,3264),(3265,3266,3267),(3268,3269,3270),(3271,3272,3273),(3274,3275,3276),(3277,3278,3279),(3280,3281,3282),(3283,3284,3285),(3286,3287,3288),(3289,3290,3291),(3292,3293,3294),(3295,3296,3297),(3298,3299,3300),(3301,3302,3303),(3304,3305,3306),(3307,3308,3309),(3310,3311,3312),(3313,3314,3315),(3316,3317,3318),(3319,3320,3321),(3322,3323,3324),(3325,3326,3327),(3328,3329,3330),(3331,3332,3333),(3334,3335,3336),(3337,3338,3339),(3340,3341,3342),(3343,3344,3345),(3346,3347,3348),(3349,3350,3351),(3352,3353,3354),(3355,3356,3357),(3358,3359,3360),(3361,3362,3363),(3364,3365,3366),(3367,3368,3369),(3370,3371,3372),(3373,3374,3375),(3376,3377,3378),(3379,3380,3381),(3382,3383,3384),(3385,3386,3387),(3388,3389,3390),(3391,3392,3393),(3394,3395,3396),(3397,3398,3399),(3400,3401,3402),(3403,3404,3405),(3406,3407,3408),(3409,3410,3411),(3412,3413,3414),(3415,3416,3417),(3418,3419,3420),(3421,3422,3423),(3424,3425,3426),(3427,3428,3429),(3430,3431,3432),(3433,3434,3435),(3436,3437,3438),(3439,3440,3441),(3442,3443,3444),(3445,3446,3447),(3448,3449,3450),(3451,3452,3453),(3454,3455,3456),(3457,3458,3459),(3460,3461,3462),(3463,3464,3465),(3466,3467,3468),(3469,3470,3471),(3472,3473,3474),(3475,3476,3477),(3478,3479,3480),(3481,3482,3483),(3484,3485,3486),(3487,3488,3489),(3490,3491,3492),(3493,3494,3495),(3496,3497,3498),(3499,3500,3501),(3502,3503,3504),(3505,3506,3507),(3508,3509,3510),(3511,3512,3513),(3514,3515,3516),(3517,3518,3519),(3520,3521,3522),(3523,3524,3525),(3526,3527,3528),(3529,3530,3531),(3532,3533,3534),(3535,3536,3537),(3538,3539,3540),(3541,3542,3543),(3544,3545,3546),(3547,3548,3549),(3550,3551,3552),(3553,3554,3555),(3556,3557,3558),(3559,3560,3561),(3562,3563,3564),(3565,3566,3567),(3568,3569,3570),(3571,3572,3573),(3574,3575,3576),(3577,3578,3579),(3580,3581,3582),(3583,3584,3585),(3586,3587,3588),(3589,3590,3591),(3592,3593,3594),(3595,3596,3597),(3598,3599,3600),(3601,3602,3603),(3604,3605,3606),(3607,3608,3609),(3610,3611,3612),(3613,3614,3615),(3616,3617,3618),(3619,3620,3621),(3622,3623,3624),(3625,3626,3627),(3628,3629,3630),(3631,3632,3633),(3634,3635,3636),(3637,3638,3639),(3640,3641,3642),(3643,3644,3645),(3646,3647,3648),(3649,3650,3651),(3652,3653,3654),(3655,3656,3657),(3658,3659,3660),(3661,3662,3663),(3664,3665,3666),(3667,3668,3669),(3670,3671,3672),(3673,3674,3675),(3676,3677,3678),(3679,3680,3681),(3682,3683,3684),(3685,3686,3687),(3688,3689,3690),(3691,3692,3693),(3694,3695,3696),(3697,3698,3699),(3700,3701,3702),(3703,3704,3705),(3706,3707,3708),(3709,3710,3711),(3712,3713,3714),(3715,3716,3717),(3718,3719,3720),(3721,3722,3723),(3724,3725,3726),(3727,3728,3729),(3730,3731,3732),(3733,3734,3735),(3736,3737,3738),(3739,3740,3741),(3742,3743,3744),(3745,3746,3747),(3748,3749,3750),(3751,3752,3753),(3754,3755,3756),(3757,3758,3759),(3760,3761,3762),(3763,3764,3765),(3766,3767,3768),(3769,3770,3771),(3772,3773,3774),(3775,3776,3777),(3778,3779,3780),(3781,3782,3783),(3784,3785,3786),(3787,3788,3789),(3790,3791,3792),(3793,3794,3795),(3796,3797,3798),(3799,3800,3801),(3802,3803,3804),(3805,3806,3807),(3808,3809,3810),(3811,3812,3813),(3814,3815,3816),(3817,3818,3819),(3820,3821,3822),(3823,3824,3825),(3826,3827,3828),(3829,3830,3831),(3832,3833,3834),(3835,3836,3837),(3838,3839,3840),(3841,3842,3843),(3844,3845,3846),(3847,3848,3849),(3850,3851,3852),(3853,3854,3855),(3856,3857,3858),(3859,3860,3861),(3862,3863,3864),(3865,3866,3867),(3868,3869,3870),(3871,3872,3873),(3874,3875,3876),(3877,3878,3879),(3880,3881,3882),(3883,3884,3885),(3886,3887,3888),(3889,3890,3891),(3892,3893,3894),(3895,3896,3897),(3898,3899,3900),(3901,3902,3903),(3904,3905,3906),(3907,3908,3909),(3910,3911,3912),(3913,3914,3915),(3916,3917,3918),(3919,3920,3921),(3922,3923,3924),(3925,3926,3927),(3928,3929,3930),(3931,3932,3933),(3934,3935,3936),(3937,3938,3939),(3940,3941,3942),(3943,3944,3945),(3946,3947,3948),(3949,3950,3951),(3952,3953,3954),(3955,3956,3957),(3958,3959,3960),(3961,3962,3963),(3964,3965,3966),(3967,3968,3969),(3970,3971,3972),(3973,3974,3975),(3976,3977,3978),(3979,3980,3981),(3982,3983,3984),(3985,3986,3987),(3988,3989,3990),(3991,3992,3993),(3994,3995,3996),(3997,3998,3999),(4000,4001,4002),(4003,4004,4005),(4006,4007,4008),(4009,4010,4011),(4012,4013,4014),(4015,4016,4017),(4018,4019,4020),(4021,4022,4023),(4024,4025,4026),(4027,4028,4029),(4030,4031,4032),(4033,4034,4035),(4036,4037,4038),(4039,4040,4041),(4042,4043,4044),(4045,4046,4047),(4048,4049,4050),(4051,4052,4053),(4054,4055,4056),(4057,4058,4059),(4060,4061,4062),(4063,4064,4065),(4066,4067,4068),(4069,4070,4071),(4072,4073,4074),(4075,4076,4077),(4078,4079,4080),(4081,4082,4083),(4084,4085,4086),(4087,4088,4089),(4090,4091,4092),(4093,4094,4095),(4096,4097,4098),(4099,4100,4101),(4102,4103,4104),(4105,4106,4107),(4108,4109,4110),(4111,4112,4113),(4114,4115,4116),(4117,4118,4119),(4120,4121,4122),(4123,4124,4125),(4126,4127,4128),(4129,4130,4131),(4132,4133,4134),(4135,4136,4137),(4138,4139,4140),(4141,4142,4143),(4144,4145,4146),(4147,4148,4149),(4150,4151,4152),(4153,4154,4155),(4156,4157,4158),(4159,4160,4161),(4162,4163,4164),(4165,4166,4167),(4168,4169,4170),(4171,4172,4173),(4174,4175,4176),(4177,4178,4179),(4180,4181,4182),(4183,4184,4185),(4186,4187,4188),(4189,4190,4191),(4192,4193,4194),(4195,4196,4197),(4198,4199,4200),(4201,4202,4203),(4204,4205,4206),(4207,4208,4209),(4210,4211,4212),(4213,4214,4215),(4216,4217,4218),(4219,4220,4221),(4222,4223,4224),(4225,4226,4227),(4228,4229,4230),(4231,4232,4233),(4234,4235,4236),(4237,4238,4239),(4240,4241,4242),(4243,4244,4245),(4246,4247,4248),(4249,4250,4251),(4252,4253,4254),(4255,4256,4257),(4258,4259,4260),(4261,4262,4263),(4264,4265,4266),(4267,4268,4269),(4270,4271,4272),(4273,4274,4275),(4276,4277,4278),(4279,4280,4281),(4282,4283,4284),(4285,4286,4287),(4288,4289,4290),(4291,4292,4293),(4294,4295,4296),(4297,4298,4299),(4300,4301,4302),(4303,4304,4305),(4306,4307,4308),(4309,4310,4311),(4312,4313,4314),(4315,4316,4317),(4318,4319,4320),(4321,4322,4323),(4324,4325,4326),(4327,4328,4329),(4330,4331,4332),(4333,4334,4335),(4336,4337,4338),(4339,4340,4341),(4342,4343,4344),(4345,4346,4347),(4348,4349,4350),(4351,4352,4353),(4354,4355,4356),(4357,4358,4359),(4360,4361,4362),(4363,4364,4365),(4366,4367,4368),(4369,4370,4371),(4372,4373,4374),(4375,4376,4377),(4378,4379,4380),(4381,4382,4383),(4384,4385,4386),(4387,4388,4389),(4390,4391,4392),(4393,4394,4395),(4396,4397,4398),(4399,4400,4401),(4402,4403,4404),(4405,4406,4407),(4408,4409,4410),(4411,4412,4413),(4414,4415,4416),(4417,4418,4419)));
#3885=TESSELLATED_GEOMETRIC_SET('hole callout',(#3884));
#3886=COORDINATES_LIST('coordinates',5,((-0.5872995,21.1433650,0.6280000),(0.9864764,21.1433650,0.6280000),(-1.9091499,20.0183650,0.6280000),(-0.7841499,21.1433650,0.6280000),(-0.5872995,21.1433650,0.6280000)));
#3887=TESSELLATED_CURVE_SET('curve set',#3886,((1,2),(3,4,5)));
#3888=TESSELLATED_GEOMETRIC_SET('hole callout',(#3887));
#3889=TESSELLATED_ANNOTATION_OCCURRENCE('hole callout',(#3882),#3885);
#3890=TESSELLATED_ANNOTATION_OCCURRENCE('hole callout',(#3882),#3888);
#3891=DRAUGHTING_CALLOUT('hole callout',(#3889,#3890));
#3892=DRAUGHTING_MODEL_ITEM_ASSOCIATION('','',#3828,#3739,#3891);
#3893=DRAUGHTING_MODEL_ITEM_ASSOCIATION('','',#3838,#3739,#3891);
#3894=DRAUGHTING_MODEL_ITEM_ASSOCIATION('','',#3848,#3739,#3891);
#3895=DRAUGHTING_MODEL_ITEM_ASSOCIATION('','',#3755,#3739,#3891);
#3896=COMPOSITE_SHAPE_ASPECT('hole_callout.FtwqGKGcPdmdsOK_7.RAID.3',$,#3683,$);
#3897=SHAPE_ASPECT('hole_callout.FtwqGKGcPdmdsOK_7.RAID.3',$,#3683,.T.);
#3898=GEOMETRIC_ITEM_SPECIFIC_USAGE('','',#3897,#11,#2073);
#3899=SHAPE_ASPECT_RELATIONSHIP('','',#3896,#3897);
#3900=SHAPE_ASPECT('hole_callout.FtwqGKGcPdmdsOK_7.RAID.3',$,#3683,.T.);
#3901=GEOMETRIC_ITEM_SPECIFIC_USAGE('','',#3900,#11,#2056);
#3902=SHAPE_ASPECT_RELATIONSHIP('','',#3896,#3900);
#3903=SHAPE_ASPECT('hole_callout.FtwqGKGcPdmdsOK_7.RAID.3',$,#3683,.T.);
#3904=GEOMETRIC_ITEM_SPECIFIC_USAGE('','',#3903,#11,#2072);
#3905=SHAPE_ASPECT_RELATIONSHIP('','',#3896,#3903);
#3906=SHAPE_ASPECT('hole_callout.FtwqGKGcPdmdsOK_7.RAID.3',$,#3683,.T.);
#3907=GEOMETRIC_ITEM_SPECIFIC_USAGE('','',#3906,#11,#2055);
#3908=SHAPE_ASPECT_RELATIONSHIP('','',#3896,#3906);
#3909=SHAPE_ASPECT('hole_callout.FtwqGKGcPdmdsOK_7.RAID.3',$,#3683,.T.);
#3910=GEOMETRIC_ITEM_SPECIFIC_USAGE('','',#3909,#11,#2057);
#3911=SHAPE_ASPECT_RELATIONSHIP('','',#3896,#3909);
#3912=SHAPE_ASPECT('hole_callout.FtwqGKGcPdmdsOK_7.RAID.3',$,#3683,.T.);
#3913=GEOMETRIC_ITEM_SPECIFIC_USAGE('','',#3912,#11,#2076);
#3914=SHAPE_ASPECT_RELATIONSHIP('','',#3896,#3912);
#3915=SHAPE_ASPECT('hole_callout.FtwqGKGcPdmdsOK_7.RAID.3',$,#3683,.T.);
#3916=GEOMETRIC_ITEM_SPECIFIC_USAGE('','',#3915,#11,#2075);
#3917=SHAPE_ASPECT_RELATIONSHIP('','',#3896,#3915);
#3918=SHAPE_ASPECT('hole_callout.FtwqGKGcPdmdsOK_7.RAID.3',$,#3683,.T.);
#3919=GEOMETRIC_ITEM_SPECIFIC_USAGE('','',#3918,#11,#2059);
#3920=SHAPE_ASPECT_RELATIONSHIP('','',#3896,#3918);
#3921=SHAPE_ASPECT('hole_callout.FtwqGKGcPdmdsOK_7.RAID.3',$,#3683,.T.);
#3922=GEOMETRIC_ITEM_SPECIFIC_USAGE('','',#3921,#11,#2062);
#3923=SHAPE_ASPECT_RELATIONSHIP('','',#3896,#3921);
#3924=SHAPE_ASPECT('hole_callout.FtwqGKGcPdmdsOK_7.RAID.3',$,#3683,.T.);
#3925=GEOMETRIC_ITEM_SPECIFIC_USAGE('','',#3924,#11,#2061);
#3926=SHAPE_ASPECT_RELATIONSHIP('','',#3896,#3924);
#3927=DIMENSIONAL_SIZE(#3896,'diameter');
#3929=(
LENGTH_UNIT()
NAMED_UNIT(*)
SI_UNIT($,.METRE.)
);
#3930=LENGTH_MEASURE_WITH_UNIT(LENGTH_MEASURE(39.3700787401575),#3929);
#3928=(
CONVERSION_BASED_UNIT('INCH',#3930)
LENGTH_UNIT()
NAMED_UNIT($)
);
#3932=PRECISION_QUALIFIER(3);
#3931=(
LENGTH_MEASURE_WITH_UNIT()
MEASURE_REPRESENTATION_ITEM()
MEASURE_WITH_UNIT(POSITIVE_LENGTH_MEASURE(0.136),#3928)
QUALIFIED_REPRESENTATION_ITEM((#3932))
REPRESENTATION_ITEM('nominal value')
);
#3933=COMPOUND_REPRESENTATION_ITEM('modifiers',SET_REPRESENTATION_ITEM((#3934)));
#3934=DESCRIPTIVE_REPRESENTATION_ITEM('dimensional note','diameter');
#3935=SHAPE_DIMENSION_REPRESENTATION('',(#3931,#3933),#3675);
#3936=DIMENSIONAL_CHARACTERISTIC_REPRESENTATION(#3927,#3935);
#3937=PRESENTATION_STYLE_ASSIGNMENT((NULL_STYLE(.NULL.)));
#3938=CARTESIAN_POINT('',(0.00558800000000001,0.06985,0.0159512));
#3939=DIRECTION('',(0.,-6.12323399573677E-17,1.));
#3940=DIRECTION('',(1.,0.,0.));
#3941=AXIS2_PLACEMENT_3D('',#3938,#3939,#3940);
#3942=PLANE('',#3941);
#3943=ANNOTATION_PLANE('',(#3937),#3942,(#3969));
#3944=CARTESIAN_POINT('',(0.,0.,0.));
#3945=DIRECTION('',(0.,0.,1.));
#3946=DIRECTION('',(1.,0.,0.));
#3947=AXIS2_PLACEMENT_3D('',#3944,#3945,#3946);
#3948=CARTESIAN_POINT('',(0.,0.,0.));
#3949=DIRECTION('',(0.,0.,1.));
#3950=DIRECTION('',(1.,0.,0.));
#3951=AXIS2_PLACEMENT_3D('',#3948,#3949,#3950);
#3952=SHAPE_REPRESENTATION('',(#3951,#2181),#3675);
#3953=REPRESENTATION_MAP(#3947,#3952);
#3954=MAPPED_ITEM('',#3953,#3947);
#3955=PRESENTATION_STYLE_ASSIGNMENT((NULL_STYLE(.NULL.)));
#3956=STYLED_ITEM('',(#3955),#3954);
#3957=DRAUGHTING_PRE_DEFINED_CURVE_FONT('continuous');
#3958=COLOUR_RGB('',0.,0.,0.);
#3959=CURVE_STYLE('',#3957,POSITIVE_LENGTH_MEASURE(0.02),#3958);
#3960=PRESENTATION_STYLE_ASSIGNMENT((#3959));
#3961=COORDINATES_LIST('coordinates',4926,((0.2680833,2.7980833,0.6280000),(0.3237610,2.9094387,0.6280000),(0.3794387,2.8537610,0.6280000),(0.8772041,3.2183814,0.6280000),(0.8747555,3.2157837,0.6280000),(0.8725485,3.2129243,0.6280000),(0.8772041,3.2183814,0.6280000),(0.8725485,3.2129243,0.6280000),(0.8706357,3.2098879,0.6280000),(0.8772041,3.2183814,0.6280000),(0.8706357,3.2098879,0.6280000),(0.8690172,3.2066743,0.6280000),(0.8772041,3.2183814,0.6280000),(0.8690172,3.2066743,0.6280000),(0.8676930,3.2032837,0.6280000),(0.8772041,3.2183814,0.6280000),(0.8676930,3.2032837,0.6280000),(0.8666631,3.1997160,0.6280000),(0.8772041,3.2183814,0.6280000),(0.8666631,3.1997160,0.6280000),(0.8659274,3.1959712,0.6280000),(0.8772041,3.2183814,0.6280000),(0.8659274,3.1959712,0.6280000),(0.8654860,3.1920493,0.6280000),(0.8772041,3.2183814,0.6280000),(0.8654860,3.1920493,0.6280000),(0.8653388,3.1879504,0.6280000),(0.8772041,3.2183814,0.6280000),(0.8653388,3.1879504,0.6280000),(0.8654853,3.1838482,0.6280000),(0.8772041,3.2183814,0.6280000),(0.8654853,3.1838482,0.6280000),(0.8659248,3.1798957,0.6280000),(0.8772041,3.2183814,0.6280000),(0.8659248,3.1798957,0.6280000),(0.8666572,3.1760930,0.6280000),(0.8772041,3.2183814,0.6280000),(0.8666572,3.1760930,0.6280000),(0.8676826,3.1724400,0.6280000),(0.8772041,3.2183814,0.6280000),(0.8676826,3.1724400,0.6280000),(0.8690009,3.1689367,0.6280000),(0.8772041,3.2183814,0.6280000),(0.8690009,3.1689367,0.6280000),(0.8706123,3.1655832,0.6280000),(0.8706123,3.1655832,0.6280000),(0.8848076,3.1743254,0.6280000),(0.8832972,3.1783671,0.6280000),(0.8706123,3.1655832,0.6280000),(0.8832972,3.1783671,0.6280000),(0.8823909,3.1829087,0.6280000),(0.8772041,3.2183814,0.6280000),(0.8706123,3.1655832,0.6280000),(0.8823909,3.1829087,0.6280000),(0.8772041,3.2183814,0.6280000),(0.8823909,3.1829087,0.6280000),(0.8820888,3.1879504,0.6280000),(0.8772041,3.2183814,0.6280000),(0.8820888,3.1879504,0.6280000),(0.8823935,3.1928905,0.6280000),(0.8772041,3.2183814,0.6280000),(0.8823935,3.1928905,0.6280000),(0.8833076,3.1972525,0.6280000),(0.8772041,3.2183814,0.6280000),(0.8833076,3.1972525,0.6280000),(0.8848310,3.2010363,0.6280000),(0.8772041,3.2183814,0.6280000),(0.8848310,3.2010363,0.6280000),(0.8869638,3.2042421,0.6280000),(0.8772041,3.2183814,0.6280000),(0.8869638,3.2042421,0.6280000),(0.8895836,3.2067941,0.6280000),(0.8772041,3.2183814,0.6280000),(0.8895836,3.2067941,0.6280000),(0.8925680,3.2086171,0.6280000),(0.8772041,3.2183814,0.6280000),(0.8925680,3.2086171,0.6280000),(0.8959170,3.2097108,0.6280000),(0.8772041,3.2183814,0.6280000),(0.8959170,3.2097108,0.6280000),(0.8996305,3.2100754,0.6280000),(0.8772041,3.2183814,0.6280000),(0.8996305,3.2100754,0.6280000),(0.9033440,3.2097108,0.6280000),(0.8772041,3.2183814,0.6280000),(0.9033440,3.2097108,0.6280000),(0.9066930,3.2086171,0.6280000),(0.8869222,3.1707837,0.6280000),(0.8848076,3.1743254,0.6280000),(0.8706123,3.1655832,0.6280000),(0.8893909,3.1682316,0.6280000),(0.8869222,3.1707837,0.6280000),(0.8706123,3.1655832,0.6280000),(0.8921305,3.1664087,0.6280000),(0.8893909,3.1682316,0.6280000),(0.8706123,3.1655832,0.6280000),(0.8951409,3.1653150,0.6280000),(0.8921305,3.1664087,0.6280000),(0.8706123,3.1655832,0.6280000),(0.8984222,3.1649504,0.6280000),(0.8951409,3.1653150,0.6280000),(0.8706123,3.1655832,0.6280000),(0.8984222,3.1649504,0.6280000),(0.8706123,3.1655832,0.6280000),(0.8725166,3.1623794,0.6280000),(0.9008805,3.1649504,0.6280000),(0.8984222,3.1649504,0.6280000),(0.8725166,3.1623794,0.6280000),(0.9008805,3.1649504,0.6280000),(0.8725166,3.1623794,0.6280000),(0.8747138,3.1593254,0.6280000),(0.9042217,3.1653150,0.6280000),(0.9008805,3.1649504,0.6280000),(0.8747138,3.1593254,0.6280000),(0.9042217,3.1653150,0.6280000),(0.8747138,3.1593254,0.6280000),(0.8766305,3.1574087,0.6280000),(0.9042217,3.1653150,0.6280000),(0.8766305,3.1574087,0.6280000),(0.8732763,3.1544087,0.6280000),(0.9042217,3.1653150,0.6280000),(0.8732763,3.1544087,0.6280000),(0.8699638,3.1507421,0.6280000),(0.9072451,3.1664087,0.6280000),(0.9042217,3.1653150,0.6280000),(0.8699638,3.1507421,0.6280000),(0.9072451,3.1664087,0.6280000),(0.8699638,3.1507421,0.6280000),(0.8673174,3.1471066,0.6280000),(0.9072451,3.1664087,0.6280000),(0.8673174,3.1471066,0.6280000),(0.8650237,3.1432629,0.6280000),(0.9072451,3.1664087,0.6280000),(0.8650237,3.1432629,0.6280000),(0.8630830,3.1392108,0.6280000),(0.9072451,3.1664087,0.6280000),(0.8630830,3.1392108,0.6280000),(0.8614951,3.1349504,0.6280000),(0.9099508,3.1682316,0.6280000),(0.9072451,3.1664087,0.6280000),(0.8614951,3.1349504,0.6280000),(0.9099508,3.1682316,0.6280000),(0.8614951,3.1349504,0.6280000),(0.8602601,3.1304816,0.6280000),(0.9099508,3.1682316,0.6280000),(0.8602601,3.1304816,0.6280000),(0.8593779,3.1258046,0.6280000),(0.9099508,3.1682316,0.6280000),(0.8593779,3.1258046,0.6280000),(0.8588486,3.1209191,0.6280000),(0.9099508,3.1682316,0.6280000),(0.8588486,3.1209191,0.6280000),(0.8586722,3.1158254,0.6280000),(0.8586722,3.1158254,0.6280000),(0.8588499,3.1107831,0.6280000),(0.8593831,3.1059478,0.6280000),(0.8586722,3.1158254,0.6280000),(0.8593831,3.1059478,0.6280000),(0.8602718,3.1013195,0.6280000),(0.8586722,3.1158254,0.6280000),(0.8602718,3.1013195,0.6280000),(0.8615159,3.0968983,0.6280000),(0.8586722,3.1158254,0.6280000),(0.8615159,3.0968983,0.6280000),(0.8631155,3.0926841,0.6280000),(0.8586722,3.1158254,0.6280000),(0.8631155,3.0926841,0.6280000),(0.8650706,3.0886769,0.6280000),(0.8586722,3.1158254,0.6280000),(0.8650706,3.0886769,0.6280000),(0.8673812,3.0848768,0.6280000),(0.8586722,3.1158254,0.6280000),(0.8673812,3.0848768,0.6280000),(0.8700472,3.0812837,0.6280000),(0.8586722,3.1158254,0.6280000),(0.8700472,3.0812837,0.6280000),(0.8729886,3.0780415,0.6280000),(0.8586722,3.1158254,0.6280000),(0.8729886,3.0780415,0.6280000),(0.8761461,3.0752316,0.6280000),(0.8586722,3.1158254,0.6280000),(0.8761461,3.0752316,0.6280000),(0.8795198,3.0728540,0.6280000),(0.8586722,3.1158254,0.6280000),(0.8795198,3.0728540,0.6280000),(0.8831097,3.0709087,0.6280000),(0.8586722,3.1158254,0.6280000),(0.8831097,3.0709087,0.6280000),(0.8869157,3.0693957,0.6280000),(0.8586722,3.1158254,0.6280000),(0.8869157,3.0693957,0.6280000),(0.8909378,3.0683150,0.6280000),(0.8586722,3.1158254,0.6280000),(0.8909378,3.0683150,0.6280000),(0.8951761,3.0676665,0.6280000),(0.8586722,3.1158254,0.6280000),(0.8951761,3.0676665,0.6280000),(0.8996305,3.0674504,0.6280000),(0.8586722,3.1158254,0.6280000),(0.8996305,3.0674504,0.6280000),(0.9040940,3.0676665,0.6280000),(0.9040940,3.0676665,0.6280000),(0.9083388,3.0683150,0.6280000),(0.9123649,3.0693957,0.6280000),(0.9040940,3.0676665,0.6280000),(0.9123649,3.0693957,0.6280000),(0.9161722,3.0709087,0.6280000),(0.9040940,3.0676665,0.6280000),(0.9161722,3.0709087,0.6280000),(0.9197607,3.0728540,0.6280000),(0.9040940,3.0676665,0.6280000),(0.9197607,3.0728540,0.6280000),(0.9231305,3.0752316,0.6280000),(0.9040940,3.0676665,0.6280000),(0.9231305,3.0752316,0.6280000),(0.9262815,3.0780415,0.6280000),(0.9040940,3.0676665,0.6280000),(0.9262815,3.0780415,0.6280000),(0.9292138,3.0812837,0.6280000),(0.9040940,3.0676665,0.6280000),(0.9292138,3.0812837,0.6280000),(0.9318799,3.0848768,0.6280000),(0.9040940,3.0676665,0.6280000),(0.9318799,3.0848768,0.6280000),(0.9341904,3.0886769,0.6280000),(0.9040940,3.0676665,0.6280000),(0.9341904,3.0886769,0.6280000),(0.9361455,3.0926841,0.6280000),(0.9040940,3.0676665,0.6280000),(0.9361455,3.0926841,0.6280000),(0.9377451,3.0968983,0.6280000),(0.9040940,3.0676665,0.6280000),(0.9377451,3.0968983,0.6280000),(0.9389892,3.1013195,0.6280000),(0.9040940,3.0676665,0.6280000),(0.9389892,3.1013195,0.6280000),(0.9398779,3.1059478,0.6280000),(0.9040940,3.0676665,0.6280000),(0.9398779,3.1059478,0.6280000),(0.9404111,3.1107831,0.6280000),(0.9040940,3.0676665,0.6280000),(0.9404111,3.1107831,0.6280000),(0.9405888,3.1158254,0.6280000),(0.9040940,3.0676665,0.6280000),(0.9405888,3.1158254,0.6280000),(0.9404124,3.1209191,0.6280000),(0.9040940,3.0676665,0.6280000),(0.9404124,3.1209191,0.6280000),(0.9398831,3.1258046,0.6280000),(0.9040940,3.0676665,0.6280000),(0.9398831,3.1258046,0.6280000),(0.9390009,3.1304816,0.6280000),(0.9390009,3.1304816,0.6280000),(0.9377659,3.1349504,0.6280000),(0.9361780,3.1392108,0.6280000),(0.9390009,3.1304816,0.6280000),(0.9361780,3.1392108,0.6280000),(0.9342373,3.1432629,0.6280000),(0.9390009,3.1304816,0.6280000),(0.9342373,3.1432629,0.6280000),(0.9199118,3.1346144,0.6280000),(0.9390009,3.1304816,0.6280000),(0.9199118,3.1346144,0.6280000),(0.9220472,3.1290650,0.6280000),(0.9390009,3.1304816,0.6280000),(0.9220472,3.1290650,0.6280000),(0.9233284,3.1228019,0.6280000),(0.9390009,3.1304816,0.6280000),(0.9233284,3.1228019,0.6280000),(0.9236487,3.1194029,0.6280000),(0.9390009,3.1304816,0.6280000),(0.9236487,3.1194029,0.6280000),(0.9237555,3.1158254,0.6280000),(0.9390009,3.1304816,0.6280000),(0.9237555,3.1158254,0.6280000),(0.9236461,3.1122551,0.6280000),(0.9390009,3.1304816,0.6280000),(0.9236461,3.1122551,0.6280000),(0.9233180,3.1088775,0.6280000),(0.9390009,3.1304816,0.6280000),(0.9233180,3.1088775,0.6280000),(0.9227711,3.1056926,0.6280000),(0.9390009,3.1304816,0.6280000),(0.9227711,3.1056926,0.6280000),(0.9220055,3.1027004,0.6280000),(0.9390009,3.1304816,0.6280000),(0.9220055,3.1027004,0.6280000),(0.9198180,3.0972941,0.6280000),(0.9040940,3.0676665,0.6280000),(0.9390009,3.1304816,0.6280000),(0.9198180,3.0972941,0.6280000),(0.9040940,3.0676665,0.6280000),(0.9198180,3.0972941,0.6280000),(0.9167555,3.0926587,0.6280000),(0.9040940,3.0676665,0.6280000),(0.9167555,3.0926587,0.6280000),(0.9130758,3.0889582,0.6280000),(0.9040940,3.0676665,0.6280000),(0.9130758,3.0889582,0.6280000),(0.9089951,3.0863150,0.6280000),(0.9040940,3.0676665,0.6280000),(0.9089951,3.0863150,0.6280000),(0.9045133,3.0847290,0.6280000),(0.9040940,3.0676665,0.6280000),(0.9045133,3.0847290,0.6280000),(0.8996305,3.0842004,0.6280000),(0.9040940,3.0676665,0.6280000),(0.8996305,3.0842004,0.6280000),(0.8947477,3.0847290,0.6280000),(0.9040940,3.0676665,0.6280000),(0.8947477,3.0847290,0.6280000),(0.8902659,3.0863150,0.6280000),(0.9040940,3.0676665,0.6280000),(0.8902659,3.0863150,0.6280000),(0.8861852,3.0889582,0.6280000),(0.8586722,3.1158254,0.6280000),(0.9040940,3.0676665,0.6280000),(0.8861852,3.0889582,0.6280000),(0.8586722,3.1158254,0.6280000),(0.8861852,3.0889582,0.6280000),(0.8825055,3.0926587,0.6280000),(0.8586722,3.1158254,0.6280000),(0.8825055,3.0926587,0.6280000),(0.8794612,3.0972941,0.6280000),(0.8586722,3.1158254,0.6280000),(0.8794612,3.0972941,0.6280000),(0.8772868,3.1027004,0.6280000),(0.8586722,3.1158254,0.6280000),(0.8772868,3.1027004,0.6280000),(0.8759821,3.1088775,0.6280000),(0.8586722,3.1158254,0.6280000),(0.8759821,3.1088775,0.6280000),(0.8756559,3.1122551,0.6280000),(0.8586722,3.1158254,0.6280000),(0.8756559,3.1122551,0.6280000),(0.8755472,3.1158254,0.6280000),(0.8586722,3.1158254,0.6280000),(0.8755472,3.1158254,0.6280000),(0.8756539,3.1194029,0.6280000),(0.8586722,3.1158254,0.6280000),(0.8756539,3.1194029,0.6280000),(0.8759743,3.1228019,0.6280000),(0.8586722,3.1158254,0.6280000),(0.8759743,3.1228019,0.6280000),(0.8765081,3.1260227,0.6280000),(0.8586722,3.1158254,0.6280000),(0.8765081,3.1260227,0.6280000),(0.8772555,3.1290650,0.6280000),(0.8586722,3.1158254,0.6280000),(0.8772555,3.1290650,0.6280000),(0.8793909,3.1346144,0.6280000),(0.8586722,3.1158254,0.6280000),(0.8793909,3.1346144,0.6280000),(0.8823805,3.1394504,0.6280000),(0.8586722,3.1158254,0.6280000),(0.8823805,3.1394504,0.6280000),(0.8860211,3.1432785,0.6280000),(0.9099508,3.1682316,0.6280000),(0.8586722,3.1158254,0.6280000),(0.8860211,3.1432785,0.6280000),(0.9099508,3.1682316,0.6280000),(0.8860211,3.1432785,0.6280000),(0.8901097,3.1460129,0.6280000),(0.9123388,3.1707837,0.6280000),(0.9099508,3.1682316,0.6280000),(0.8901097,3.1460129,0.6280000),(0.9123388,3.1707837,0.6280000),(0.8901097,3.1460129,0.6280000),(0.8946461,3.1476535,0.6280000),(0.9123388,3.1707837,0.6280000),(0.8946461,3.1476535,0.6280000),(0.8996305,3.1482004,0.6280000),(0.9144534,3.1743254,0.6280000),(0.9123388,3.1707837,0.6280000),(0.8996305,3.1482004,0.6280000),(0.9144534,3.1743254,0.6280000),(0.8996305,3.1482004,0.6280000),(0.9046331,3.1476535,0.6280000),(0.9159638,3.1783671,0.6280000),(0.9144534,3.1743254,0.6280000),(0.9046331,3.1476535,0.6280000),(0.9159638,3.1783671,0.6280000),(0.9046331,3.1476535,0.6280000),(0.9091826,3.1460129,0.6280000),(0.9159638,3.1783671,0.6280000),(0.9091826,3.1460129,0.6280000),(0.9132789,3.1432785,0.6280000),(0.9168701,3.1829087,0.6280000),(0.9159638,3.1783671,0.6280000),(0.9132789,3.1432785,0.6280000),(0.9168701,3.1829087,0.6280000),(0.9132789,3.1432785,0.6280000),(0.9169222,3.1394504,0.6280000),(0.9171722,3.1879504,0.6280000),(0.9168701,3.1829087,0.6280000),(0.9169222,3.1394504,0.6280000),(0.9171722,3.1879504,0.6280000),(0.9169222,3.1394504,0.6280000),(0.9199118,3.1346144,0.6280000),(0.9199118,3.1346144,0.6280000),(0.9342373,3.1432629,0.6280000),(0.9319437,3.1471066,0.6280000),(0.9199118,3.1346144,0.6280000),(0.9319437,3.1471066,0.6280000),(0.9292972,3.1507421,0.6280000),(0.9199118,3.1346144,0.6280000),(0.9292972,3.1507421,0.6280000),(0.9259951,3.1544087,0.6280000),(0.9199118,3.1346144,0.6280000),(0.9259951,3.1544087,0.6280000),(0.9226722,3.1574087,0.6280000),(0.9171722,3.1879504,0.6280000),(0.9199118,3.1346144,0.6280000),(0.9226722,3.1574087,0.6280000),(0.9168675,3.1928905,0.6280000),(0.9171722,3.1879504,0.6280000),(0.9226722,3.1574087,0.6280000),(0.9168675,3.1928905,0.6280000),(0.9226722,3.1574087,0.6280000),(0.9245472,3.1593254,0.6280000),(0.9159534,3.1972525,0.6280000),(0.9168675,3.1928905,0.6280000),(0.9245472,3.1593254,0.6280000),(0.9159534,3.1972525,0.6280000),(0.9245472,3.1593254,0.6280000),(0.9267542,3.1623794,0.6280000),(0.9159534,3.1972525,0.6280000),(0.9267542,3.1623794,0.6280000),(0.9286670,3.1655832,0.6280000),(0.9159534,3.1972525,0.6280000),(0.9286670,3.1655832,0.6280000),(0.9302855,3.1689367,0.6280000),(0.9144300,3.2010363,0.6280000),(0.9159534,3.1972525,0.6280000),(0.9302855,3.1689367,0.6280000),(0.9144300,3.2010363,0.6280000),(0.9302855,3.1689367,0.6280000),(0.9316097,3.1724400,0.6280000),(0.9144300,3.2010363,0.6280000),(0.9316097,3.1724400,0.6280000),(0.9326396,3.1760930,0.6280000),(0.9122972,3.2042421,0.6280000),(0.9144300,3.2010363,0.6280000),(0.9326396,3.1760930,0.6280000),(0.9122972,3.2042421,0.6280000),(0.9326396,3.1760930,0.6280000),(0.9333753,3.1798957,0.6280000),(0.9122972,3.2042421,0.6280000),(0.9333753,3.1798957,0.6280000),(0.9338167,3.1838482,0.6280000),(0.9096774,3.2067941,0.6280000),(0.9122972,3.2042421,0.6280000),(0.9338167,3.1838482,0.6280000),(0.9096774,3.2067941,0.6280000),(0.9338167,3.1838482,0.6280000),(0.9339638,3.1879504,0.6280000),(0.9096774,3.2067941,0.6280000),(0.9339638,3.1879504,0.6280000),(0.9338161,3.1920493,0.6280000),(0.9096774,3.2067941,0.6280000),(0.9338161,3.1920493,0.6280000),(0.9333727,3.1959712,0.6280000),(0.9066930,3.2086171,0.6280000),(0.9096774,3.2067941,0.6280000),(0.9333727,3.1959712,0.6280000),(0.9066930,3.2086171,0.6280000),(0.9333727,3.1959712,0.6280000),(0.9326338,3.1997160,0.6280000),(0.9066930,3.2086171,0.6280000),(0.9326338,3.1997160,0.6280000),(0.9315993,3.2032837,0.6280000),(0.8772041,3.2183814,0.6280000),(0.9066930,3.2086171,0.6280000),(0.9315993,3.2032837,0.6280000),(0.8772041,3.2183814,0.6280000),(0.9315993,3.2032837,0.6280000),(0.9302692,3.2066743,0.6280000),(0.8772041,3.2183814,0.6280000),(0.9302692,3.2066743,0.6280000),(0.9286435,3.2098879,0.6280000),(0.8772041,3.2183814,0.6280000),(0.9286435,3.2098879,0.6280000),(0.9267223,3.2129243,0.6280000),(0.8772041,3.2183814,0.6280000),(0.9267223,3.2129243,0.6280000),(0.9245055,3.2157837,0.6280000),(0.8772041,3.2183814,0.6280000),(0.9245055,3.2157837,0.6280000),(0.9220569,3.2183814,0.6280000),(0.8772041,3.2183814,0.6280000),(0.9220569,3.2183814,0.6280000),(0.9194196,3.2206327,0.6280000),(0.8772041,3.2183814,0.6280000),(0.9194196,3.2206327,0.6280000),(0.9165934,3.2225376,0.6280000),(0.8772041,3.2183814,0.6280000),(0.9165934,3.2225376,0.6280000),(0.9135784,3.2240962,0.6280000),(0.8772041,3.2183814,0.6280000),(0.9135784,3.2240962,0.6280000),(0.9103746,3.2253085,0.6280000),(0.8772041,3.2183814,0.6280000),(0.9103746,3.2253085,0.6280000),(0.9069821,3.2261743,0.6280000),(0.8772041,3.2183814,0.6280000),(0.9069821,3.2261743,0.6280000),(0.9034007,3.2266939,0.6280000),(0.8772041,3.2183814,0.6280000),(0.9034007,3.2266939,0.6280000),(0.8996305,3.2268671,0.6280000),(0.8772041,3.2183814,0.6280000),(0.8996305,3.2268671,0.6280000),(0.8958603,3.2266939,0.6280000),(0.8772041,3.2183814,0.6280000),(0.8958603,3.2266939,0.6280000),(0.8922789,3.2261743,0.6280000),(0.8772041,3.2183814,0.6280000),(0.8922789,3.2261743,0.6280000),(0.8888864,3.2253085,0.6280000),(0.8772041,3.2183814,0.6280000),(0.8888864,3.2253085,0.6280000),(0.8856826,3.2240962,0.6280000),(0.8772041,3.2183814,0.6280000),(0.8856826,3.2240962,0.6280000),(0.8826676,3.2225376,0.6280000),(0.8772041,3.2183814,0.6280000),(0.8826676,3.2225376,0.6280000),(0.8798414,3.2206327,0.6280000),(0.7780888,3.0702421,0.6280000),(0.7787138,3.0734504,0.6280000),(0.7787138,3.1048254,0.6280000),(0.8094222,3.1048254,0.6280000),(0.8094222,3.0734504,0.6280000),(0.8100368,3.0702421,0.6280000),(0.8094222,3.1048254,0.6280000),(0.8100368,3.0702421,0.6280000),(0.8118805,3.0675337,0.6280000),(0.8094222,3.1048254,0.6280000),(0.8118805,3.0675337,0.6280000),(0.8145784,3.0656900,0.6280000),(0.8094222,3.1048254,0.6280000),(0.8145784,3.0656900,0.6280000),(0.8177555,3.0650754,0.6280000),(0.8094222,3.1048254,0.6280000),(0.8177555,3.0650754,0.6280000),(0.8209430,3.0656900,0.6280000),(0.8094222,3.1048254,0.6280000),(0.8209430,3.0656900,0.6280000),(0.8236722,3.0675337,0.6280000),(0.8094222,3.1048254,0.6280000),(0.8236722,3.0675337,0.6280000),(0.8255784,3.0702421,0.6280000),(0.8094222,3.1048254,0.6280000),(0.8255784,3.0702421,0.6280000),(0.8262138,3.0734504,0.6280000),(0.8094222,3.1048254,0.6280000),(0.8262138,3.0734504,0.6280000),(0.8262138,3.1048254,0.6280000),(0.8262138,3.1048254,0.6280000),(0.8345055,3.1048254,0.6280000),(0.8376618,3.1054400,0.6280000),(0.8094222,3.1048254,0.6280000),(0.8262138,3.1048254,0.6280000),(0.8376618,3.1054400,0.6280000),(0.7787138,3.1048254,0.6280000),(0.8094222,3.1048254,0.6280000),(0.8376618,3.1054400,0.6280000),(0.7787138,3.1048254,0.6280000),(0.8376618,3.1054400,0.6280000),(0.8403805,3.1072837,0.6280000),(0.7787138,3.1048254,0.6280000),(0.8403805,3.1072837,0.6280000),(0.8422555,3.1099921,0.6280000),(0.7787138,3.1048254,0.6280000),(0.8422555,3.1099921,0.6280000),(0.8428805,3.1132004,0.6280000),(0.7787138,3.1048254,0.6280000),(0.8428805,3.1132004,0.6280000),(0.8422555,3.1164087,0.6280000),(0.7787138,3.1048254,0.6280000),(0.8422555,3.1164087,0.6280000),(0.8403805,3.1191171,0.6280000),(0.7787138,3.1048254,0.6280000),(0.8403805,3.1191171,0.6280000),(0.8376618,3.1209608,0.6280000),(0.7787138,3.1048254,0.6280000),(0.8376618,3.1209608,0.6280000),(0.8345055,3.1215754,0.6280000),(0.7787138,3.1048254,0.6280000),(0.8345055,3.1215754,0.6280000),(0.8262138,3.1215754,0.6280000),(0.8262138,3.1766171,0.6280000),(0.8345055,3.1766171,0.6280000),(0.8376618,3.1772316,0.6280000),(0.8262138,3.1766171,0.6280000),(0.8376618,3.1772316,0.6280000),(0.8403805,3.1790754,0.6280000),(0.8262138,3.1766171,0.6280000),(0.8403805,3.1790754,0.6280000),(0.8422555,3.1817837,0.6280000),(0.8262138,3.1766171,0.6280000),(0.8422555,3.1817837,0.6280000),(0.8428805,3.1849921,0.6280000),(0.8262138,3.1766171,0.6280000),(0.8428805,3.1849921,0.6280000),(0.8422555,3.1882316,0.6280000),(0.8262138,3.1766171,0.6280000),(0.8422555,3.1882316,0.6280000),(0.8403805,3.1909504,0.6280000),(0.8262138,3.1766171,0.6280000),(0.8403805,3.1909504,0.6280000),(0.8376618,3.1927941,0.6280000),(0.8262138,3.1766171,0.6280000),(0.8376618,3.1927941,0.6280000),(0.8345055,3.1934087,0.6280000),(0.8262138,3.1766171,0.6280000),(0.8345055,3.1934087,0.6280000),(0.8262138,3.1934087,0.6280000),(0.8262138,3.1934087,0.6280000),(0.8262138,3.2247421,0.6280000),(0.8255784,3.2279504,0.6280000),(0.8262138,3.1766171,0.6280000),(0.8262138,3.1934087,0.6280000),(0.8255784,3.2279504,0.6280000),(0.8262138,3.1215754,0.6280000),(0.8262138,3.1766171,0.6280000),(0.8255784,3.2279504,0.6280000),(0.8262138,3.1215754,0.6280000),(0.8255784,3.2279504,0.6280000),(0.8236722,3.2306587,0.6280000),(0.8262138,3.1215754,0.6280000),(0.8236722,3.2306587,0.6280000),(0.8209222,3.2325337,0.6280000),(0.8262138,3.1215754,0.6280000),(0.8209222,3.2325337,0.6280000),(0.8176722,3.2331587,0.6280000),(0.8262138,3.1215754,0.6280000),(0.8176722,3.2331587,0.6280000),(0.8144534,3.2325337,0.6280000),(0.8262138,3.1215754,0.6280000),(0.8144534,3.2325337,0.6280000),(0.8117972,3.2306587,0.6280000),(0.8262138,3.1215754,0.6280000),(0.8117972,3.2306587,0.6280000),(0.8100159,3.2279504,0.6280000),(0.8262138,3.1215754,0.6280000),(0.8100159,3.2279504,0.6280000),(0.8094222,3.2247421,0.6280000),(0.8262138,3.1215754,0.6280000),(0.8094222,3.2247421,0.6280000),(0.8094222,3.1934087,0.6280000),(0.7787138,3.1934087,0.6280000),(0.7787138,3.2247421,0.6280000),(0.7780888,3.2279504,0.6280000),(0.7787138,3.1934087,0.6280000),(0.7780888,3.2279504,0.6280000),(0.7762138,3.2306587,0.6280000),(0.7787138,3.1934087,0.6280000),(0.7762138,3.2306587,0.6280000),(0.7734638,3.2325337,0.6280000),(0.7787138,3.1934087,0.6280000),(0.7734638,3.2325337,0.6280000),(0.7702138,3.2331587,0.6280000),(0.7787138,3.1934087,0.6280000),(0.7702138,3.2331587,0.6280000),(0.7670263,3.2325337,0.6280000),(0.7787138,3.1934087,0.6280000),(0.7670263,3.2325337,0.6280000),(0.7643805,3.2306587,0.6280000),(0.7787138,3.1934087,0.6280000),(0.7643805,3.2306587,0.6280000),(0.7626305,3.2279504,0.6280000),(0.7787138,3.1934087,0.6280000),(0.7626305,3.2279504,0.6280000),(0.7620472,3.2247421,0.6280000),(0.7787138,3.1934087,0.6280000),(0.7620472,3.2247421,0.6280000),(0.7620472,3.1934087,0.6280000),(0.7620472,3.1934087,0.6280000),(0.7514638,3.1934087,0.6280000),(0.7483076,3.1927941,0.6280000),(0.7787138,3.1934087,0.6280000),(0.7620472,3.1934087,0.6280000),(0.7483076,3.1927941,0.6280000),(0.8094222,3.1934087,0.6280000),(0.7787138,3.1934087,0.6280000),(0.7483076,3.1927941,0.6280000),(0.8094222,3.1934087,0.6280000),(0.7483076,3.1927941,0.6280000),(0.7455888,3.1909504,0.6280000),(0.8094222,3.1934087,0.6280000),(0.7455888,3.1909504,0.6280000),(0.7437138,3.1882316,0.6280000),(0.8094222,3.1934087,0.6280000),(0.7437138,3.1882316,0.6280000),(0.7430888,3.1849921,0.6280000),(0.8094222,3.1934087,0.6280000),(0.7430888,3.1849921,0.6280000),(0.7437138,3.1817837,0.6280000),(0.8094222,3.1934087,0.6280000),(0.7437138,3.1817837,0.6280000),(0.7455888,3.1790754,0.6280000),(0.8094222,3.1934087,0.6280000),(0.7455888,3.1790754,0.6280000),(0.7483076,3.1772316,0.6280000),(0.8094222,3.1934087,0.6280000),(0.7483076,3.1772316,0.6280000),(0.7514638,3.1766171,0.6280000),(0.8094222,3.1934087,0.6280000),(0.7514638,3.1766171,0.6280000),(0.7620472,3.1766171,0.6280000),(0.8094222,3.1934087,0.6280000),(0.7620472,3.1766171,0.6280000),(0.7787138,3.1766171,0.6280000),(0.8094222,3.1934087,0.6280000),(0.7787138,3.1766171,0.6280000),(0.8094222,3.1766171,0.6280000),(0.8262138,3.1215754,0.6280000),(0.8094222,3.1934087,0.6280000),(0.8094222,3.1766171,0.6280000),(0.8262138,3.1215754,0.6280000),(0.8094222,3.1766171,0.6280000),(0.8094222,3.1215754,0.6280000),(0.7787138,3.1048254,0.6280000),(0.8262138,3.1215754,0.6280000),(0.8094222,3.1215754,0.6280000),(0.7787138,3.1048254,0.6280000),(0.8094222,3.1215754,0.6280000),(0.7787138,3.1215754,0.6280000),(0.7780888,3.0702421,0.6280000),(0.7787138,3.1048254,0.6280000),(0.7787138,3.1215754,0.6280000),(0.7780888,3.0702421,0.6280000),(0.7787138,3.1215754,0.6280000),(0.7787138,3.1766171,0.6280000),(0.7780888,3.0702421,0.6280000),(0.7787138,3.1766171,0.6280000),(0.7620472,3.1766171,0.6280000),(0.7780888,3.0702421,0.6280000),(0.7620472,3.1766171,0.6280000),(0.7620472,3.1215754,0.6280000),(0.7620472,3.1215754,0.6280000),(0.7514638,3.1215754,0.6280000),(0.7483076,3.1209608,0.6280000),(0.7620472,3.1215754,0.6280000),(0.7483076,3.1209608,0.6280000),(0.7455888,3.1191171,0.6280000),(0.7620472,3.1215754,0.6280000),(0.7455888,3.1191171,0.6280000),(0.7437138,3.1164087,0.6280000),(0.7620472,3.1215754,0.6280000),(0.7437138,3.1164087,0.6280000),(0.7430888,3.1132004,0.6280000),(0.7620472,3.1215754,0.6280000),(0.7430888,3.1132004,0.6280000),(0.7437138,3.1099921,0.6280000),(0.7620472,3.1215754,0.6280000),(0.7437138,3.1099921,0.6280000),(0.7455888,3.1072837,0.6280000),(0.7620472,3.1215754,0.6280000),(0.7455888,3.1072837,0.6280000),(0.7483076,3.1054400,0.6280000),(0.7620472,3.1215754,0.6280000),(0.7483076,3.1054400,0.6280000),(0.7514638,3.1048254,0.6280000),(0.7620472,3.1215754,0.6280000),(0.7514638,3.1048254,0.6280000),(0.7620472,3.1048254,0.6280000),(0.7780888,3.0702421,0.6280000),(0.7620472,3.1215754,0.6280000),(0.7620472,3.1048254,0.6280000),(0.7780888,3.0702421,0.6280000),(0.7620472,3.1048254,0.6280000),(0.7620472,3.0734504,0.6280000),(0.7780888,3.0702421,0.6280000),(0.7620472,3.0734504,0.6280000),(0.7626409,3.0702421,0.6280000),(0.7780888,3.0702421,0.6280000),(0.7626409,3.0702421,0.6280000),(0.7644222,3.0675337,0.6280000),(0.7780888,3.0702421,0.6280000),(0.7644222,3.0675337,0.6280000),(0.7670888,3.0656900,0.6280000),(0.7780888,3.0702421,0.6280000),(0.7670888,3.0656900,0.6280000),(0.7702555,3.0650754,0.6280000),(0.7780888,3.0702421,0.6280000),(0.7702555,3.0650754,0.6280000),(0.7734743,3.0656900,0.6280000),(0.7780888,3.0702421,0.6280000),(0.7734743,3.0656900,0.6280000),(0.7762138,3.0675337,0.6280000),(1.1360055,3.1574087,0.6280000),(1.1378805,3.1593254,0.6280000),(1.1400875,3.1623794,0.6280000),(1.1360055,3.1574087,0.6280000),(1.1400875,3.1623794,0.6280000),(1.1420003,3.1655832,0.6280000),(1.1360055,3.1574087,0.6280000),(1.1420003,3.1655832,0.6280000),(1.1436188,3.1689367,0.6280000),(1.1360055,3.1574087,0.6280000),(1.1436188,3.1689367,0.6280000),(1.1449430,3.1724400,0.6280000),(1.1360055,3.1574087,0.6280000),(1.1449430,3.1724400,0.6280000),(1.1459730,3.1760930,0.6280000),(1.1360055,3.1574087,0.6280000),(1.1459730,3.1760930,0.6280000),(1.1467086,3.1798957,0.6280000),(1.1360055,3.1574087,0.6280000),(1.1467086,3.1798957,0.6280000),(1.1471500,3.1838482,0.6280000),(1.1360055,3.1574087,0.6280000),(1.1471500,3.1838482,0.6280000),(1.1472972,3.1879504,0.6280000),(1.1360055,3.1574087,0.6280000),(1.1472972,3.1879504,0.6280000),(1.1471507,3.1920493,0.6280000),(1.1360055,3.1574087,0.6280000),(1.1471507,3.1920493,0.6280000),(1.1467112,3.1959712,0.6280000),(1.1360055,3.1574087,0.6280000),(1.1467112,3.1959712,0.6280000),(1.1459788,3.1997160,0.6280000),(1.1360055,3.1574087,0.6280000),(1.1459788,3.1997160,0.6280000),(1.1449534,3.2032837,0.6280000),(1.1360055,3.1574087,0.6280000),(1.1449534,3.2032837,0.6280000),(1.1436351,3.2066743,0.6280000),(1.1360055,3.1574087,0.6280000),(1.1436351,3.2066743,0.6280000),(1.1420237,3.2098879,0.6280000),(1.1360055,3.1574087,0.6280000),(1.1420237,3.2098879,0.6280000),(1.1401194,3.2129243,0.6280000),(1.1360055,3.1574087,0.6280000),(1.1401194,3.2129243,0.6280000),(1.1379222,3.2157837,0.6280000),(1.1360055,3.1574087,0.6280000),(1.1379222,3.2157837,0.6280000),(1.1354912,3.2183814,0.6280000),(1.1360055,3.1574087,0.6280000),(1.1354912,3.2183814,0.6280000),(1.1328649,3.2206327,0.6280000),(1.1360055,3.1574087,0.6280000),(1.1328649,3.2206327,0.6280000),(1.1300433,3.2225376,0.6280000),(1.1360055,3.1574087,0.6280000),(1.1300433,3.2225376,0.6280000),(1.1270263,3.2240962,0.6280000),(1.1270263,3.2240962,0.6280000),(1.1238141,3.2253085,0.6280000),(1.1204065,3.2261743,0.6280000),(1.1270263,3.2240962,0.6280000),(1.1204065,3.2261743,0.6280000),(1.1168037,3.2266939,0.6280000),(1.1270263,3.2240962,0.6280000),(1.1168037,3.2266939,0.6280000),(1.1130055,3.2268671,0.6280000),(1.1270263,3.2240962,0.6280000),(1.1130055,3.2268671,0.6280000),(1.1092451,3.2266945,0.6280000),(1.1270263,3.2240962,0.6280000),(1.1092451,3.2266945,0.6280000),(1.1056513,3.2261769,0.6280000),(1.1270263,3.2240962,0.6280000),(1.1056513,3.2261769,0.6280000),(1.1022243,3.2253143,0.6280000),(1.1270263,3.2240962,0.6280000),(1.1022243,3.2253143,0.6280000),(1.0989638,3.2241066,0.6280000),(1.1270263,3.2240962,0.6280000),(1.0989638,3.2241066,0.6280000),(1.0958701,3.2225539,0.6280000),(1.1270263,3.2240962,0.6280000),(1.0958701,3.2225539,0.6280000),(1.0929430,3.2206561,0.6280000),(1.1270263,3.2240962,0.6280000),(1.0929430,3.2206561,0.6280000),(1.0901826,3.2184133,0.6280000),(1.1270263,3.2240962,0.6280000),(1.0901826,3.2184133,0.6280000),(1.0875888,3.2158254,0.6280000),(1.1270263,3.2240962,0.6280000),(1.0875888,3.2158254,0.6280000),(1.0852353,3.2129745,0.6280000),(1.1270263,3.2240962,0.6280000),(1.0852353,3.2129745,0.6280000),(1.0831956,3.2099426,0.6280000),(1.1270263,3.2240962,0.6280000),(1.0831956,3.2099426,0.6280000),(1.0814697,3.2067297,0.6280000),(1.1270263,3.2240962,0.6280000),(1.0814697,3.2067297,0.6280000),(1.0800576,3.2033358,0.6280000),(1.1270263,3.2240962,0.6280000),(1.0800576,3.2033358,0.6280000),(1.0789593,3.1997609,0.6280000),(1.1270263,3.2240962,0.6280000),(1.0789593,3.1997609,0.6280000),(1.0781748,3.1960051,0.6280000),(1.1270263,3.2240962,0.6280000),(1.0781748,3.1960051,0.6280000),(1.0777041,3.1920682,0.6280000),(1.0777041,3.1920682,0.6280000),(1.0775472,3.1879504,0.6280000),(1.0781513,3.1847108,0.6280000),(1.0777041,3.1920682,0.6280000),(1.0781513,3.1847108,0.6280000),(1.0799638,3.1819921,0.6280000),(1.0777041,3.1920682,0.6280000),(1.0799638,3.1819921,0.6280000),(1.0826513,3.1801483,0.6280000),(1.0777041,3.1920682,0.6280000),(1.0826513,3.1801483,0.6280000),(1.0858805,3.1795337,0.6280000),(1.0777041,3.1920682,0.6280000),(1.0858805,3.1795337,0.6280000),(1.0891409,3.1801483,0.6280000),(1.0777041,3.1920682,0.6280000),(1.0891409,3.1801483,0.6280000),(1.0918388,3.1819921,0.6280000),(1.0777041,3.1920682,0.6280000),(1.0918388,3.1819921,0.6280000),(1.0936513,3.1847108,0.6280000),(1.0777041,3.1920682,0.6280000),(1.0936513,3.1847108,0.6280000),(1.0942555,3.1879504,0.6280000),(1.0777041,3.1920682,0.6280000),(1.0942555,3.1879504,0.6280000),(1.0945967,3.1929217,0.6280000),(1.0777041,3.1920682,0.6280000),(1.0945967,3.1929217,0.6280000),(1.0956201,3.1972941,0.6280000),(1.0777041,3.1920682,0.6280000),(1.0956201,3.1972941,0.6280000),(1.0973258,3.2010676,0.6280000),(1.0777041,3.1920682,0.6280000),(1.0973258,3.2010676,0.6280000),(1.0997138,3.2042421,0.6280000),(1.0777041,3.1920682,0.6280000),(1.0997138,3.2042421,0.6280000),(1.1025289,3.2067941,0.6280000),(1.1270263,3.2240962,0.6280000),(1.0777041,3.1920682,0.6280000),(1.1025289,3.2067941,0.6280000),(1.1270263,3.2240962,0.6280000),(1.1025289,3.2067941,0.6280000),(1.1056826,3.2086171,0.6280000),(1.1270263,3.2240962,0.6280000),(1.1056826,3.2086171,0.6280000),(1.1091748,3.2097108,0.6280000),(1.1270263,3.2240962,0.6280000),(1.1091748,3.2097108,0.6280000),(1.1130055,3.2100754,0.6280000),(1.1270263,3.2240962,0.6280000),(1.1130055,3.2100754,0.6280000),(1.1167008,3.2097134,0.6280000),(1.1270263,3.2240962,0.6280000),(1.1167008,3.2097134,0.6280000),(1.1200368,3.2086275,0.6280000),(1.1270263,3.2240962,0.6280000),(1.1200368,3.2086275,0.6280000),(1.1230133,3.2068176,0.6280000),(1.1270263,3.2240962,0.6280000),(1.1230133,3.2068176,0.6280000),(1.1256305,3.2042837,0.6280000),(1.1270263,3.2240962,0.6280000),(1.1256305,3.2042837,0.6280000),(1.1277633,3.2010910,0.6280000),(1.1270263,3.2240962,0.6280000),(1.1277633,3.2010910,0.6280000),(1.1292868,3.1973046,0.6280000),(1.1270263,3.2240962,0.6280000),(1.1292868,3.1973046,0.6280000),(1.1302008,3.1929243,0.6280000),(1.1360055,3.1574087,0.6280000),(1.1270263,3.2240962,0.6280000),(1.1302008,3.1929243,0.6280000),(1.1360055,3.1574087,0.6280000),(1.1302008,3.1929243,0.6280000),(1.1305055,3.1879504,0.6280000),(1.1360055,3.1574087,0.6280000),(1.1305055,3.1879504,0.6280000),(1.1302034,3.1829087,0.6280000),(1.1360055,3.1574087,0.6280000),(1.1302034,3.1829087,0.6280000),(1.1292972,3.1783671,0.6280000),(1.1360055,3.1574087,0.6280000),(1.1292972,3.1783671,0.6280000),(1.1277868,3.1743254,0.6280000),(1.1360055,3.1574087,0.6280000),(1.1277868,3.1743254,0.6280000),(1.1256722,3.1707837,0.6280000),(1.1360055,3.1574087,0.6280000),(1.1256722,3.1707837,0.6280000),(1.1232217,3.1682316,0.6280000),(1.1393284,3.1544087,0.6280000),(1.1360055,3.1574087,0.6280000),(1.1232217,3.1682316,0.6280000),(1.1393284,3.1544087,0.6280000),(1.1232217,3.1682316,0.6280000),(1.1204951,3.1664087,0.6280000),(1.1393284,3.1544087,0.6280000),(1.1204951,3.1664087,0.6280000),(1.1174925,3.1653150,0.6280000),(1.1393284,3.1544087,0.6280000),(1.1174925,3.1653150,0.6280000),(1.1142138,3.1649504,0.6280000),(1.1393284,3.1544087,0.6280000),(1.1142138,3.1649504,0.6280000),(1.1125472,3.1649504,0.6280000),(1.1393284,3.1544087,0.6280000),(1.1125472,3.1649504,0.6280000),(1.1099222,3.1649504,0.6280000),(1.1393284,3.1544087,0.6280000),(1.1099222,3.1649504,0.6280000),(1.1067138,3.1643358,0.6280000),(1.1393284,3.1544087,0.6280000),(1.1067138,3.1643358,0.6280000),(1.1040055,3.1624921,0.6280000),(1.1393284,3.1544087,0.6280000),(1.1040055,3.1624921,0.6280000),(1.1021618,3.1597941,0.6280000),(1.1393284,3.1544087,0.6280000),(1.1021618,3.1597941,0.6280000),(1.1015472,3.1566171,0.6280000),(1.1393284,3.1544087,0.6280000),(1.1015472,3.1566171,0.6280000),(1.1021618,3.1534296,0.6280000),(1.1393284,3.1544087,0.6280000),(1.1021618,3.1534296,0.6280000),(1.1040055,3.1507004,0.6280000),(1.1393284,3.1544087,0.6280000),(1.1040055,3.1507004,0.6280000),(1.1067138,3.1488254,0.6280000),(1.1393284,3.1544087,0.6280000),(1.1067138,3.1488254,0.6280000),(1.1099222,3.1482004,0.6280000),(1.1393284,3.1544087,0.6280000),(1.1099222,3.1482004,0.6280000),(1.1125472,3.1482004,0.6280000),(1.1393284,3.1544087,0.6280000),(1.1125472,3.1482004,0.6280000),(1.1176800,3.1476509,0.6280000),(1.1393284,3.1544087,0.6280000),(1.1176800,3.1476509,0.6280000),(1.1223284,3.1460025,0.6280000),(1.1393284,3.1544087,0.6280000),(1.1223284,3.1460025,0.6280000),(1.1264925,3.1432551,0.6280000),(1.1393284,3.1544087,0.6280000),(1.1264925,3.1432551,0.6280000),(1.1301722,3.1394087,0.6280000),(1.1393284,3.1544087,0.6280000),(1.1301722,3.1394087,0.6280000),(1.1331982,3.1346379,0.6280000),(1.1393284,3.1544087,0.6280000),(1.1331982,3.1346379,0.6280000),(1.1353597,3.1291171,0.6280000),(1.1393284,3.1544087,0.6280000),(1.1353597,3.1291171,0.6280000),(1.1366565,3.1228462,0.6280000),(1.1393284,3.1544087,0.6280000),(1.1366565,3.1228462,0.6280000),(1.1369808,3.1194296,0.6280000),(1.1393284,3.1544087,0.6280000),(1.1369808,3.1194296,0.6280000),(1.1370888,3.1158254,0.6280000),(1.1393284,3.1544087,0.6280000),(1.1370888,3.1158254,0.6280000),(1.1369795,3.1122551,0.6280000),(1.0889873,3.1144276,0.6280000),(1.0888805,3.1183671,0.6280000),(1.0882555,3.1215962,0.6280000),(1.0893076,3.1107134,0.6280000),(1.0889873,3.1144276,0.6280000),(1.0882555,3.1215962,0.6280000),(1.0893076,3.1107134,0.6280000),(1.0882555,3.1215962,0.6280000),(1.0863805,3.1242837,0.6280000),(1.0898414,3.1072245,0.6280000),(1.0893076,3.1107134,0.6280000),(1.0863805,3.1242837,0.6280000),(1.0898414,3.1072245,0.6280000),(1.0863805,3.1242837,0.6280000),(1.0836513,3.1260962,0.6280000),(1.0905888,3.1039608,0.6280000),(1.0898414,3.1072245,0.6280000),(1.0836513,3.1260962,0.6280000),(1.0905888,3.1039608,0.6280000),(1.0836513,3.1260962,0.6280000),(1.0803805,3.1267004,0.6280000),(1.0927243,3.0981092,0.6280000),(1.0905888,3.1039608,0.6280000),(1.0803805,3.1267004,0.6280000),(1.0927243,3.0981092,0.6280000),(1.0803805,3.1267004,0.6280000),(1.0771201,3.1260962,0.6280000),(1.0927243,3.0981092,0.6280000),(1.0771201,3.1260962,0.6280000),(1.0744222,3.1242837,0.6280000),(1.0957138,3.0931587,0.6280000),(1.0927243,3.0981092,0.6280000),(1.0744222,3.1242837,0.6280000),(1.0957138,3.0931587,0.6280000),(1.0744222,3.1242837,0.6280000),(1.0726097,3.1215962,0.6280000),(1.0957138,3.0931587,0.6280000),(1.0726097,3.1215962,0.6280000),(1.0720055,3.1183671,0.6280000),(1.0992789,3.0892394,0.6280000),(1.0957138,3.0931587,0.6280000),(1.0720055,3.1183671,0.6280000),(1.0992789,3.0892394,0.6280000),(1.0720055,3.1183671,0.6280000),(1.0721793,3.1129745,0.6280000),(1.0992789,3.0892394,0.6280000),(1.0721793,3.1129745,0.6280000),(1.0727008,3.1078176,0.6280000),(1.0992789,3.0892394,0.6280000),(1.0727008,3.1078176,0.6280000),(1.0735700,3.1028964,0.6280000),(1.1033493,3.0864400,0.6280000),(1.0992789,3.0892394,0.6280000),(1.0735700,3.1028964,0.6280000),(1.1033493,3.0864400,0.6280000),(1.0735700,3.1028964,0.6280000),(1.0747868,3.0982108,0.6280000),(1.1033493,3.0864400,0.6280000),(1.0747868,3.0982108,0.6280000),(1.0763512,3.0937609,0.6280000),(1.1079248,3.0847603,0.6280000),(1.1033493,3.0864400,0.6280000),(1.0763512,3.0937609,0.6280000),(1.1079248,3.0847603,0.6280000),(1.0763512,3.0937609,0.6280000),(1.0782633,3.0895467,0.6280000),(1.1079248,3.0847603,0.6280000),(1.0782633,3.0895467,0.6280000),(1.0805231,3.0855682,0.6280000),(1.1130055,3.0842004,0.6280000),(1.1079248,3.0847603,0.6280000),(1.0805231,3.0855682,0.6280000),(1.1130055,3.0842004,0.6280000),(1.0805231,3.0855682,0.6280000),(1.0831305,3.0818254,0.6280000),(1.1130055,3.0842004,0.6280000),(1.0831305,3.0818254,0.6280000),(1.0859671,3.0784562,0.6280000),(1.1178701,3.0847290,0.6280000),(1.1130055,3.0842004,0.6280000),(1.0859671,3.0784562,0.6280000),(1.1178701,3.0847290,0.6280000),(1.0859671,3.0784562,0.6280000),(1.0890602,3.0755363,0.6280000),(1.1178701,3.0847290,0.6280000),(1.0890602,3.0755363,0.6280000),(1.0924098,3.0730656,0.6280000),(1.1223388,3.0863150,0.6280000),(1.1178701,3.0847290,0.6280000),(1.0924098,3.0730656,0.6280000),(1.1223388,3.0863150,0.6280000),(1.0924098,3.0730656,0.6280000),(1.0960159,3.0710441,0.6280000),(1.1223388,3.0863150,0.6280000),(1.0960159,3.0710441,0.6280000),(1.0998786,3.0694719,0.6280000),(1.1264118,3.0889582,0.6280000),(1.1223388,3.0863150,0.6280000),(1.0998786,3.0694719,0.6280000),(1.1264118,3.0889582,0.6280000),(1.0998786,3.0694719,0.6280000),(1.1039977,3.0683488,0.6280000),(1.1264118,3.0889582,0.6280000),(1.1039977,3.0683488,0.6280000),(1.1083733,3.0676750,0.6280000),(1.1300888,3.0926587,0.6280000),(1.1264118,3.0889582,0.6280000),(1.1083733,3.0676750,0.6280000),(1.1300888,3.0926587,0.6280000),(1.1083733,3.0676750,0.6280000),(1.1130055,3.0674504,0.6280000),(1.1300888,3.0926587,0.6280000),(1.1130055,3.0674504,0.6280000),(1.1174593,3.0676665,0.6280000),(1.1331513,3.0972941,0.6280000),(1.1300888,3.0926587,0.6280000),(1.1174593,3.0676665,0.6280000),(1.1331513,3.0972941,0.6280000),(1.1174593,3.0676665,0.6280000),(1.1216956,3.0683150,0.6280000),(1.1353388,3.1027004,0.6280000),(1.1331513,3.0972941,0.6280000),(1.1216956,3.0683150,0.6280000),(1.1353388,3.1027004,0.6280000),(1.1216956,3.0683150,0.6280000),(1.1257145,3.0693957,0.6280000),(1.1353388,3.1027004,0.6280000),(1.1257145,3.0693957,0.6280000),(1.1295159,3.0709087,0.6280000),(1.1361045,3.1056926,0.6280000),(1.1353388,3.1027004,0.6280000),(1.1295159,3.0709087,0.6280000),(1.1361045,3.1056926,0.6280000),(1.1295159,3.0709087,0.6280000),(1.1330999,3.0728540,0.6280000),(1.1366513,3.1088775,0.6280000),(1.1361045,3.1056926,0.6280000),(1.1330999,3.0728540,0.6280000),(1.1366513,3.1088775,0.6280000),(1.1330999,3.0728540,0.6280000),(1.1364664,3.0752316,0.6280000),(1.1369795,3.1122551,0.6280000),(1.1366513,3.1088775,0.6280000),(1.1364664,3.0752316,0.6280000),(1.1393284,3.1544087,0.6280000),(1.1369795,3.1122551,0.6280000),(1.1364664,3.0752316,0.6280000),(1.1393284,3.1544087,0.6280000),(1.1364664,3.0752316,0.6280000),(1.1396155,3.0780415,0.6280000),(1.1393284,3.1544087,0.6280000),(1.1396155,3.0780415,0.6280000),(1.1425472,3.0812837,0.6280000),(1.1393284,3.1544087,0.6280000),(1.1425472,3.0812837,0.6280000),(1.1452132,3.0848768,0.6280000),(1.1393284,3.1544087,0.6280000),(1.1452132,3.0848768,0.6280000),(1.1475237,3.0886769,0.6280000),(1.1393284,3.1544087,0.6280000),(1.1475237,3.0886769,0.6280000),(1.1494788,3.0926841,0.6280000),(1.1393284,3.1544087,0.6280000),(1.1494788,3.0926841,0.6280000),(1.1510784,3.0968983,0.6280000),(1.1393284,3.1544087,0.6280000),(1.1510784,3.0968983,0.6280000),(1.1523226,3.1013195,0.6280000),(1.1393284,3.1544087,0.6280000),(1.1523226,3.1013195,0.6280000),(1.1532112,3.1059478,0.6280000),(1.1393284,3.1544087,0.6280000),(1.1532112,3.1059478,0.6280000),(1.1537444,3.1107831,0.6280000),(1.1393284,3.1544087,0.6280000),(1.1537444,3.1107831,0.6280000),(1.1539222,3.1158254,0.6280000),(1.1393284,3.1544087,0.6280000),(1.1539222,3.1158254,0.6280000),(1.1537457,3.1209191,0.6280000),(1.1393284,3.1544087,0.6280000),(1.1537457,3.1209191,0.6280000),(1.1532164,3.1258046,0.6280000),(1.1393284,3.1544087,0.6280000),(1.1532164,3.1258046,0.6280000),(1.1523343,3.1304816,0.6280000),(1.1393284,3.1544087,0.6280000),(1.1523343,3.1304816,0.6280000),(1.1510993,3.1349504,0.6280000),(1.1393284,3.1544087,0.6280000),(1.1510993,3.1349504,0.6280000),(1.1495114,3.1392108,0.6280000),(1.1393284,3.1544087,0.6280000),(1.1495114,3.1392108,0.6280000),(1.1475706,3.1432629,0.6280000),(1.1393284,3.1544087,0.6280000),(1.1475706,3.1432629,0.6280000),(1.1452770,3.1471066,0.6280000),(1.1393284,3.1544087,0.6280000),(1.1452770,3.1471066,0.6280000),(1.1426305,3.1507421,0.6280000),(1.2036305,3.0840337,0.6280000),(1.2497555,3.1466587,0.6280000),(1.2522946,3.1503495,0.6280000),(1.2036305,3.0840337,0.6280000),(1.2522946,3.1503495,0.6280000),(1.2544951,3.1541926,0.6280000),(1.2036305,3.0840337,0.6280000),(1.2544951,3.1541926,0.6280000),(1.2563571,3.1581880,0.6280000),(1.2036305,3.0840337,0.6280000),(1.2563571,3.1581880,0.6280000),(1.2578805,3.1623358,0.6280000),(1.2036305,3.0840337,0.6280000),(1.2578805,3.1623358,0.6280000),(1.2590654,3.1666359,0.6280000),(1.2036305,3.0840337,0.6280000),(1.2590654,3.1666359,0.6280000),(1.2599118,3.1710884,0.6280000),(1.2036305,3.0840337,0.6280000),(1.2599118,3.1710884,0.6280000),(1.2604196,3.1756932,0.6280000),(1.2036305,3.0840337,0.6280000),(1.2604196,3.1756932,0.6280000),(1.2605888,3.1804504,0.6280000),(1.2036305,3.0840337,0.6280000),(1.2605888,3.1804504,0.6280000),(1.2603870,3.1853703,0.6280000),(1.2036305,3.0840337,0.6280000),(1.2603870,3.1853703,0.6280000),(1.2597815,3.1901092,0.6280000),(1.2036305,3.0840337,0.6280000),(1.2597815,3.1901092,0.6280000),(1.2587724,3.1946672,0.6280000),(1.2036305,3.0840337,0.6280000),(1.2587724,3.1946672,0.6280000),(1.2573597,3.1990441,0.6280000),(1.2573597,3.1990441,0.6280000),(1.2555433,3.2032401,0.6280000),(1.2533232,3.2072551,0.6280000),(1.2573597,3.1990441,0.6280000),(1.2533232,3.2072551,0.6280000),(1.2506995,3.2110891,0.6280000),(1.2573597,3.1990441,0.6280000),(1.2506995,3.2110891,0.6280000),(1.2476722,3.2147421,0.6280000),(1.2573597,3.1990441,0.6280000),(1.2476722,3.2147421,0.6280000),(1.2448024,3.2176229,0.6280000),(1.2573597,3.1990441,0.6280000),(1.2448024,3.2176229,0.6280000),(1.2417555,3.2201197,0.6280000),(1.2573597,3.1990441,0.6280000),(1.2417555,3.2201197,0.6280000),(1.2385315,3.2222323,0.6280000),(1.2573597,3.1990441,0.6280000),(1.2385315,3.2222323,0.6280000),(1.2351305,3.2239608,0.6280000),(1.2573597,3.1990441,0.6280000),(1.2351305,3.2239608,0.6280000),(1.2315524,3.2253052,0.6280000),(1.2573597,3.1990441,0.6280000),(1.2315524,3.2253052,0.6280000),(1.2277972,3.2262655,0.6280000),(1.2573597,3.1990441,0.6280000),(1.2277972,3.2262655,0.6280000),(1.2238649,3.2268417,0.6280000),(1.2573597,3.1990441,0.6280000),(1.2238649,3.2268417,0.6280000),(1.2197555,3.2270337,0.6280000),(1.2573597,3.1990441,0.6280000),(1.2197555,3.2270337,0.6280000),(1.2158773,3.2268456,0.6280000),(1.2573597,3.1990441,0.6280000),(1.2158773,3.2268456,0.6280000),(1.2121175,3.2262811,0.6280000),(1.2573597,3.1990441,0.6280000),(1.2121175,3.2262811,0.6280000),(1.2084762,3.2253404,0.6280000),(1.2573597,3.1990441,0.6280000),(1.2084762,3.2253404,0.6280000),(1.2049534,3.2240233,0.6280000),(1.2573597,3.1990441,0.6280000),(1.2049534,3.2240233,0.6280000),(1.2015491,3.2223299,0.6280000),(1.2573597,3.1990441,0.6280000),(1.2015491,3.2223299,0.6280000),(1.1982633,3.2202603,0.6280000),(1.1982633,3.2202603,0.6280000),(1.1950960,3.2178143,0.6280000),(1.1920472,3.2149921,0.6280000),(1.1982633,3.2202603,0.6280000),(1.1920472,3.2149921,0.6280000),(1.1889319,3.2115858,0.6280000),(1.1982633,3.2202603,0.6280000),(1.1889319,3.2115858,0.6280000),(1.1862321,3.2079296,0.6280000),(1.1982633,3.2202603,0.6280000),(1.1862321,3.2079296,0.6280000),(1.1839476,3.2040233,0.6280000),(1.1982633,3.2202603,0.6280000),(1.1839476,3.2040233,0.6280000),(1.1820784,3.1998671,0.6280000),(1.1982633,3.2202603,0.6280000),(1.1820784,3.1998671,0.6280000),(1.1806246,3.1954608,0.6280000),(1.1982633,3.2202603,0.6280000),(1.1806246,3.1954608,0.6280000),(1.1795862,3.1908046,0.6280000),(1.1982633,3.2202603,0.6280000),(1.1795862,3.1908046,0.6280000),(1.1789632,3.1858983,0.6280000),(1.1982633,3.2202603,0.6280000),(1.1789632,3.1858983,0.6280000),(1.1787555,3.1807421,0.6280000),(1.1982633,3.2202603,0.6280000),(1.1787555,3.1807421,0.6280000),(1.1787555,3.1805337,0.6280000),(1.1982633,3.2202603,0.6280000),(1.1787555,3.1805337,0.6280000),(1.1793701,3.1773254,0.6280000),(1.1982633,3.2202603,0.6280000),(1.1793701,3.1773254,0.6280000),(1.1812138,3.1746171,0.6280000),(1.1982633,3.2202603,0.6280000),(1.1812138,3.1746171,0.6280000),(1.1839222,3.1727733,0.6280000),(1.1982633,3.2202603,0.6280000),(1.1839222,3.1727733,0.6280000),(1.1871305,3.1721587,0.6280000),(1.1982633,3.2202603,0.6280000),(1.1871305,3.1721587,0.6280000),(1.1903388,3.1727733,0.6280000),(1.1982633,3.2202603,0.6280000),(1.1903388,3.1727733,0.6280000),(1.1930472,3.1746171,0.6280000),(1.1982633,3.2202603,0.6280000),(1.1930472,3.1746171,0.6280000),(1.1949222,3.1773254,0.6280000),(1.1949222,3.1773254,0.6280000),(1.1955472,3.1805337,0.6280000),(1.1955472,3.1807421,0.6280000),(1.1949222,3.1773254,0.6280000),(1.1955472,3.1807421,0.6280000),(1.1956780,3.1841639,0.6280000),(1.1982633,3.2202603,0.6280000),(1.1949222,3.1773254,0.6280000),(1.1956780,3.1841639,0.6280000),(1.1982633,3.2202603,0.6280000),(1.1956780,3.1841639,0.6280000),(1.1960706,3.1874087,0.6280000),(1.1982633,3.2202603,0.6280000),(1.1960706,3.1874087,0.6280000),(1.1967249,3.1904764,0.6280000),(1.1982633,3.2202603,0.6280000),(1.1967249,3.1904764,0.6280000),(1.1976409,3.1933671,0.6280000),(1.1982633,3.2202603,0.6280000),(1.1976409,3.1933671,0.6280000),(1.2002581,3.1986171,0.6280000),(1.1982633,3.2202603,0.6280000),(1.2002581,3.1986171,0.6280000),(1.2039222,3.2031587,0.6280000),(1.1982633,3.2202603,0.6280000),(1.2039222,3.2031587,0.6280000),(1.2075003,3.2062577,0.6280000),(1.1982633,3.2202603,0.6280000),(1.2075003,3.2062577,0.6280000),(1.2113180,3.2084712,0.6280000),(1.1982633,3.2202603,0.6280000),(1.2113180,3.2084712,0.6280000),(1.2153753,3.2097993,0.6280000),(1.1982633,3.2202603,0.6280000),(1.2153753,3.2097993,0.6280000),(1.2196722,3.2102421,0.6280000),(1.1982633,3.2202603,0.6280000),(1.2196722,3.2102421,0.6280000),(1.2241305,3.2098150,0.6280000),(1.1982633,3.2202603,0.6280000),(1.2241305,3.2098150,0.6280000),(1.2282138,3.2085337,0.6280000),(1.2573597,3.1990441,0.6280000),(1.1982633,3.2202603,0.6280000),(1.2282138,3.2085337,0.6280000),(1.2573597,3.1990441,0.6280000),(1.2282138,3.2085337,0.6280000),(1.2319222,3.2063983,0.6280000),(1.2573597,3.1990441,0.6280000),(1.2319222,3.2063983,0.6280000),(1.2352555,3.2034087,0.6280000),(1.2573597,3.1990441,0.6280000),(1.2352555,3.2034087,0.6280000),(1.2372868,3.2010005,0.6280000),(1.2573597,3.1990441,0.6280000),(1.2372868,3.2010005,0.6280000),(1.2390472,3.1984634,0.6280000),(1.2573597,3.1990441,0.6280000),(1.2390472,3.1984634,0.6280000),(1.2417555,3.1930025,0.6280000),(1.2573597,3.1990441,0.6280000),(1.2417555,3.1930025,0.6280000),(1.2433805,3.1870259,0.6280000),(1.2573597,3.1990441,0.6280000),(1.2433805,3.1870259,0.6280000),(1.2437868,3.1838443,0.6280000),(1.2573597,3.1990441,0.6280000),(1.2437868,3.1838443,0.6280000),(1.2439222,3.1805337,0.6280000),(1.2573597,3.1990441,0.6280000),(1.2439222,3.1805337,0.6280000),(1.2438069,3.1771197,0.6280000),(1.2573597,3.1990441,0.6280000),(1.2438069,3.1771197,0.6280000),(1.2434612,3.1738358,0.6280000),(1.2573597,3.1990441,0.6280000),(1.2434612,3.1738358,0.6280000),(1.2428851,3.1706822,0.6280000),(1.2573597,3.1990441,0.6280000),(1.2428851,3.1706822,0.6280000),(1.2420784,3.1676587,0.6280000),(1.2573597,3.1990441,0.6280000),(1.2420784,3.1676587,0.6280000),(1.2397737,3.1620025,0.6280000),(1.2036305,3.0840337,0.6280000),(1.2573597,3.1990441,0.6280000),(1.2397737,3.1620025,0.6280000),(1.2036305,3.0840337,0.6280000),(1.2397737,3.1620025,0.6280000),(1.2365472,3.1568671,0.6280000),(1.2036305,3.0840337,0.6280000),(1.2365472,3.1568671,0.6280000),(1.1805055,3.0807421,0.6280000),(1.2522972,3.0840337,0.6280000),(1.2036305,3.0840337,0.6280000),(1.1805055,3.0807421,0.6280000),(1.2522972,3.0840337,0.6280000),(1.1805055,3.0807421,0.6280000),(1.1786722,3.0758254,0.6280000),(1.2522972,3.0840337,0.6280000),(1.1786722,3.0758254,0.6280000),(1.1787555,3.0744504,0.6280000),(1.2522972,3.0840337,0.6280000),(1.1787555,3.0744504,0.6280000),(1.1797972,3.0713566,0.6280000),(1.2522972,3.0840337,0.6280000),(1.1797972,3.0713566,0.6280000),(1.1818388,3.0691587,0.6280000),(1.2522972,3.0840337,0.6280000),(1.1818388,3.0691587,0.6280000),(1.1845368,3.0677837,0.6280000),(1.2522972,3.0840337,0.6280000),(1.1845368,3.0677837,0.6280000),(1.1871305,3.0673254,0.6280000),(1.2522972,3.0840337,0.6280000),(1.1871305,3.0673254,0.6280000),(1.2522972,3.0673254,0.6280000),(1.2522972,3.0840337,0.6280000),(1.2522972,3.0673254,0.6280000),(1.2555784,3.0679191,0.6280000),(1.2522972,3.0840337,0.6280000),(1.2555784,3.0679191,0.6280000),(1.2582555,3.0697004,0.6280000),(1.2522972,3.0840337,0.6280000),(1.2582555,3.0697004,0.6280000),(1.2600055,3.0723775,0.6280000),(1.2522972,3.0840337,0.6280000),(1.2600055,3.0723775,0.6280000),(1.2605888,3.0756587,0.6280000),(1.2522972,3.0840337,0.6280000),(1.2605888,3.0756587,0.6280000),(1.2600055,3.0789712,0.6280000),(1.2522972,3.0840337,0.6280000),(1.2600055,3.0789712,0.6280000),(1.2582555,3.0816587,0.6280000),(1.2522972,3.0840337,0.6280000),(1.2582555,3.0816587,0.6280000),(1.2556618,3.0834400,0.6280000),(1.0420680,3.1526066,0.6280000),(1.0389638,3.1532004,0.6280000),(0.9737138,3.1532004,0.6280000),(1.0420680,3.1526066,0.6280000),(0.9737138,3.1532004,0.6280000),(0.9705472,3.1526066,0.6280000),(1.0420680,3.1526066,0.6280000),(0.9705472,3.1526066,0.6280000),(0.9677972,3.1508254,0.6280000),(1.0420680,3.1526066,0.6280000),(0.9677972,3.1508254,0.6280000),(0.9659534,3.1482421,0.6280000),(1.0420680,3.1526066,0.6280000),(0.9659534,3.1482421,0.6280000),(0.9653388,3.1448254,0.6280000),(1.0420680,3.1526066,0.6280000),(0.9653388,3.1448254,0.6280000),(0.9659534,3.1416171,0.6280000),(1.0420680,3.1526066,0.6280000),(0.9659534,3.1416171,0.6280000),(0.9677972,3.1389087,0.6280000),(1.0420680,3.1526066,0.6280000),(0.9677972,3.1389087,0.6280000),(0.9704222,3.1371275,0.6280000),(1.0420680,3.1526066,0.6280000),(0.9704222,3.1371275,0.6280000),(0.9737138,3.1365337,0.6280000),(1.0420680,3.1526066,0.6280000),(0.9737138,3.1365337,0.6280000),(1.0389638,3.1365337,0.6280000),(1.0420680,3.1526066,0.6280000),(1.0389638,3.1365337,0.6280000),(1.0420680,3.1371275,0.6280000),(1.0420680,3.1526066,0.6280000),(1.0420680,3.1371275,0.6280000),(1.0447972,3.1389087,0.6280000),(1.0420680,3.1526066,0.6280000),(1.0447972,3.1389087,0.6280000),(1.0466409,3.1416275,0.6280000),(1.0420680,3.1526066,0.6280000),(1.0466409,3.1416275,0.6280000),(1.0472555,3.1448671,0.6280000),(1.0420680,3.1526066,0.6280000),(1.0472555,3.1448671,0.6280000),(1.0466409,3.1481066,0.6280000),(1.0420680,3.1526066,0.6280000),(1.0466409,3.1481066,0.6280000),(1.0447972,3.1508254,0.6280000),(1.6191607,3.1417629,0.6280000),(1.6735774,3.0713046,0.6280000),(1.6764211,3.0688671,0.6280000),(1.6191607,3.1417629,0.6280000),(1.6764211,3.0688671,0.6280000),(1.6800357,3.0680546,0.6280000),(1.6191607,3.1417629,0.6280000),(1.6800357,3.0680546,0.6280000),(1.6852440,3.0698462,0.6280000),(1.6191607,3.1417629,0.6280000),(1.6852440,3.0698462,0.6280000),(1.6877753,3.0727421,0.6280000),(1.6191607,3.1417629,0.6280000),(1.6877753,3.0727421,0.6280000),(1.6886190,3.0765129,0.6280000),(1.6191607,3.1417629,0.6280000),(1.6886190,3.0765129,0.6280000),(1.6868690,3.0817212,0.6280000),(1.6191607,3.1417629,0.6280000),(1.6868690,3.0817212,0.6280000),(1.6405774,3.1417629,0.6280000),(1.6405774,3.1417629,0.6280000),(1.6439524,3.1417629,0.6280000),(1.6486470,3.1419641,0.6280000),(1.6191607,3.1417629,0.6280000),(1.6405774,3.1417629,0.6280000),(1.6486470,3.1419641,0.6280000),(1.5851607,3.1417629,0.6280000),(1.6191607,3.1417629,0.6280000),(1.6486470,3.1419641,0.6280000),(1.5851607,3.1417629,0.6280000),(1.6486470,3.1419641,0.6280000),(1.6531268,3.1425676,0.6280000),(1.5851607,3.1417629,0.6280000),(1.6531268,3.1425676,0.6280000),(1.6573918,3.1435734,0.6280000),(1.5851607,3.1417629,0.6280000),(1.6573918,3.1435734,0.6280000),(1.6614419,3.1449816,0.6280000),(1.5851607,3.1417629,0.6280000),(1.6614419,3.1449816,0.6280000),(1.6652772,3.1467922,0.6280000),(1.5851607,3.1417629,0.6280000),(1.6652772,3.1467922,0.6280000),(1.6688977,3.1490051,0.6280000),(1.5851607,3.1417629,0.6280000),(1.6688977,3.1490051,0.6280000),(1.6723033,3.1516203,0.6280000),(1.5851607,3.1417629,0.6280000),(1.6723033,3.1516203,0.6280000),(1.6754940,3.1546379,0.6280000),(1.5851607,3.1417629,0.6280000),(1.6754940,3.1546379,0.6280000),(1.6785018,3.1581704,0.6280000),(1.5851607,3.1417629,0.6280000),(1.6785018,3.1581704,0.6280000),(1.6811086,3.1618098,0.6280000),(1.5851607,3.1417629,0.6280000),(1.6811086,3.1618098,0.6280000),(1.6833143,3.1655559,0.6280000),(1.6833143,3.1655559,0.6280000),(1.6851190,3.1694087,0.6280000),(1.6695461,3.1752837,0.6280000),(1.6833143,3.1655559,0.6280000),(1.6695461,3.1752837,0.6280000),(1.6670070,3.1706535,0.6280000),(1.6833143,3.1655559,0.6280000),(1.6670070,3.1706535,0.6280000),(1.6634524,3.1664712,0.6280000),(1.6833143,3.1655559,0.6280000),(1.6634524,3.1664712,0.6280000),(1.6591242,3.1630077,0.6280000),(1.6833143,3.1655559,0.6280000),(1.6591242,3.1630077,0.6280000),(1.6544315,3.1605337,0.6280000),(1.6833143,3.1655559,0.6280000),(1.6544315,3.1605337,0.6280000),(1.6493742,3.1590493,0.6280000),(1.5851607,3.1417629,0.6280000),(1.6833143,3.1655559,0.6280000),(1.6493742,3.1590493,0.6280000),(1.5851607,3.1417629,0.6280000),(1.6493742,3.1590493,0.6280000),(1.6439524,3.1585546,0.6280000),(1.5851607,3.1417629,0.6280000),(1.6439524,3.1585546,0.6280000),(1.5851607,3.1585546,0.6280000),(1.6710695,3.1803618,0.6280000),(1.6695461,3.1752837,0.6280000),(1.6851190,3.1694087,0.6280000),(1.6715774,3.1858879,0.6280000),(1.6710695,3.1803618,0.6280000),(1.6851190,3.1694087,0.6280000),(1.6710695,3.1913618,0.6280000),(1.6715774,3.1858879,0.6280000),(1.6851190,3.1694087,0.6280000),(1.6695461,3.1964087,0.6280000),(1.6710695,3.1913618,0.6280000),(1.6851190,3.1694087,0.6280000),(1.6670070,3.2010285,0.6280000),(1.6695461,3.1964087,0.6280000),(1.6851190,3.1694087,0.6280000),(1.6670070,3.2010285,0.6280000),(1.6851190,3.1694087,0.6280000),(1.6865227,3.1733684,0.6280000),(1.6670070,3.2010285,0.6280000),(1.6865227,3.1733684,0.6280000),(1.6875253,3.1774348,0.6280000),(1.6634524,3.2052212,0.6280000),(1.6670070,3.2010285,0.6280000),(1.6875253,3.1774348,0.6280000),(1.6634524,3.2052212,0.6280000),(1.6875253,3.1774348,0.6280000),(1.6881268,3.1816079,0.6280000),(1.6634524,3.2052212,0.6280000),(1.6881268,3.1816079,0.6280000),(1.6883274,3.1858879,0.6280000),(1.6592336,3.2086848,0.6280000),(1.6634524,3.2052212,0.6280000),(1.6883274,3.1858879,0.6280000),(1.6592336,3.2086848,0.6280000),(1.6883274,3.1858879,0.6280000),(1.6881268,3.1903215,0.6280000),(1.6592336,3.2086848,0.6280000),(1.6881268,3.1903215,0.6280000),(1.6875253,3.1946014,0.6280000),(1.6546190,3.2111587,0.6280000),(1.6592336,3.2086848,0.6280000),(1.6875253,3.1946014,0.6280000),(1.6546190,3.2111587,0.6280000),(1.6875253,3.1946014,0.6280000),(1.6865227,3.1987277,0.6280000),(1.6546190,3.2111587,0.6280000),(1.6865227,3.1987277,0.6280000),(1.6851190,3.2027004,0.6280000),(1.6496086,3.2126431,0.6280000),(1.6546190,3.2111587,0.6280000),(1.6851190,3.2027004,0.6280000),(1.6496086,3.2126431,0.6280000),(1.6851190,3.2027004,0.6280000),(1.6833143,3.2065194,0.6280000),(1.6496086,3.2126431,0.6280000),(1.6833143,3.2065194,0.6280000),(1.6811086,3.2101848,0.6280000),(1.6442024,3.2131379,0.6280000),(1.6496086,3.2126431,0.6280000),(1.6811086,3.2101848,0.6280000),(1.6442024,3.2131379,0.6280000),(1.6811086,3.2101848,0.6280000),(1.6785018,3.2136965,0.6280000),(1.5851607,3.2131379,0.6280000),(1.6442024,3.2131379,0.6280000),(1.6785018,3.2136965,0.6280000),(1.5851607,3.2131379,0.6280000),(1.6785018,3.2136965,0.6280000),(1.6754940,3.2170546,0.6280000),(1.5851607,3.2131379,0.6280000),(1.6754940,3.2170546,0.6280000),(1.6720663,3.2201307,0.6280000),(1.5851607,3.2131379,0.6280000),(1.6720663,3.2201307,0.6280000),(1.6684914,3.2227967,0.6280000),(1.5851607,3.2131379,0.6280000),(1.6684914,3.2227967,0.6280000),(1.6647694,3.2250526,0.6280000),(1.5851607,3.2131379,0.6280000),(1.6647694,3.2250526,0.6280000),(1.6609003,3.2268983,0.6280000),(1.5851607,3.2131379,0.6280000),(1.6609003,3.2268983,0.6280000),(1.6568840,3.2283339,0.6280000),(1.5851607,3.2131379,0.6280000),(1.6568840,3.2283339,0.6280000),(1.6527206,3.2293592,0.6280000),(1.5851607,3.2131379,0.6280000),(1.6527206,3.2293592,0.6280000),(1.6484100,3.2299745,0.6280000),(1.5851607,3.2131379,0.6280000),(1.6484100,3.2299745,0.6280000),(1.6439524,3.2301796,0.6280000),(1.5851607,3.2131379,0.6280000),(1.6439524,3.2301796,0.6280000),(1.5767857,3.2301796,0.6280000),(1.5851607,3.1585546,0.6280000),(1.5851607,3.2131379,0.6280000),(1.5767857,3.2301796,0.6280000),(1.5851607,3.1417629,0.6280000),(1.5851607,3.1585546,0.6280000),(1.5767857,3.2301796,0.6280000),(1.5851607,3.1417629,0.6280000),(1.5767857,3.2301796,0.6280000),(1.5734003,3.2295233,0.6280000),(1.5851607,3.1417629,0.6280000),(1.5734003,3.2295233,0.6280000),(1.5705774,3.2275546,0.6280000),(1.5851607,3.1417629,0.6280000),(1.5705774,3.2275546,0.6280000),(1.5689211,3.2246275,0.6280000),(1.5851607,3.1417629,0.6280000),(1.5689211,3.2246275,0.6280000),(1.5683690,3.2215129,0.6280000),(1.5851607,3.1417629,0.6280000),(1.5683690,3.2215129,0.6280000),(1.5683690,3.0787212,0.6280000),(1.5851607,3.1417629,0.6280000),(1.5683690,3.0787212,0.6280000),(1.5692701,3.0754400,0.6280000),(1.5851607,3.1417629,0.6280000),(1.5692701,3.0754400,0.6280000),(1.5709732,3.0730962,0.6280000),(1.5851607,3.1417629,0.6280000),(1.5709732,3.0730962,0.6280000),(1.5767857,3.0712212,0.6280000),(1.5851607,3.1417629,0.6280000),(1.5767857,3.0712212,0.6280000),(1.5796998,3.0716900,0.6280000),(1.5851607,3.1417629,0.6280000),(1.5796998,3.0716900,0.6280000),(1.5820669,3.0730962,0.6280000),(1.5851607,3.1417629,0.6280000),(1.5820669,3.0730962,0.6280000),(1.5851607,3.0787212,0.6280000),(1.5304940,3.1419712,0.6280000),(1.5304107,3.0787212,0.6280000),(1.5310461,3.0754921,0.6280000),(1.5304940,3.1419712,0.6280000),(1.5310461,3.0754921,0.6280000),(1.5329524,3.0728046,0.6280000),(1.5304940,3.1419712,0.6280000),(1.5329524,3.0728046,0.6280000),(1.5356607,3.0709921,0.6280000),(1.5304940,3.1419712,0.6280000),(1.5356607,3.0709921,0.6280000),(1.5387024,3.0703879,0.6280000),(1.5304940,3.1419712,0.6280000),(1.5387024,3.0703879,0.6280000),(1.5419628,3.0709921,0.6280000),(1.5304940,3.1419712,0.6280000),(1.5419628,3.0709921,0.6280000),(1.5446607,3.0728046,0.6280000),(1.5304940,3.1419712,0.6280000),(1.5446607,3.0728046,0.6280000),(1.5464732,3.0754921,0.6280000),(1.5304940,3.1419712,0.6280000),(1.5464732,3.0754921,0.6280000),(1.5470774,3.0787212,0.6280000),(1.5304940,3.1419712,0.6280000),(1.5470774,3.0787212,0.6280000),(1.5470774,3.2215129,0.6280000),(1.5304940,3.1419712,0.6280000),(1.5470774,3.2215129,0.6280000),(1.5464732,3.2247212,0.6280000),(1.5304940,3.1419712,0.6280000),(1.5464732,3.2247212,0.6280000),(1.5446607,3.2274296,0.6280000),(1.5304940,3.1419712,0.6280000),(1.5446607,3.2274296,0.6280000),(1.5420044,3.2293046,0.6280000),(1.5304940,3.1419712,0.6280000),(1.5420044,3.2293046,0.6280000),(1.5388690,3.2299296,0.6280000),(1.5304940,3.1419712,0.6280000),(1.5388690,3.2299296,0.6280000),(1.5356399,3.2292837,0.6280000),(1.5304940,3.1419712,0.6280000),(1.5356399,3.2292837,0.6280000),(1.5328690,3.2273462,0.6280000),(1.5304940,3.1419712,0.6280000),(1.5328690,3.2273462,0.6280000),(1.5310253,3.2248046,0.6280000),(1.5304940,3.1419712,0.6280000),(1.5310253,3.2248046,0.6280000),(1.5304107,3.2215129,0.6280000),(1.5304940,3.1419712,0.6280000),(1.5304107,3.2215129,0.6280000),(1.5304107,3.1585546,0.6280000),(1.4438274,3.1419712,0.6280000),(1.5304940,3.1419712,0.6280000),(1.5304107,3.1585546,0.6280000),(1.4438274,3.1419712,0.6280000),(1.5304107,3.1585546,0.6280000),(1.4440774,3.1585546,0.6280000),(1.4438274,3.1419712,0.6280000),(1.4440774,3.1585546,0.6280000),(1.4440774,3.2215129,0.6280000),(1.4438274,3.1419712,0.6280000),(1.4440774,3.2215129,0.6280000),(1.4434315,3.2247212,0.6280000),(1.4438274,3.1419712,0.6280000),(1.4434315,3.2247212,0.6280000),(1.4414940,3.2274296,0.6280000),(1.4438274,3.1419712,0.6280000),(1.4414940,3.2274296,0.6280000),(1.4387544,3.2293046,0.6280000),(1.4438274,3.1419712,0.6280000),(1.4387544,3.2293046,0.6280000),(1.4357024,3.2299296,0.6280000),(1.4438274,3.1419712,0.6280000),(1.4357024,3.2299296,0.6280000),(1.4324628,3.2293046,0.6280000),(1.4438274,3.1419712,0.6280000),(1.4324628,3.2293046,0.6280000),(1.4296607,3.2274296,0.6280000),(1.4438274,3.1419712,0.6280000),(1.4296607,3.2274296,0.6280000),(1.4277544,3.2247212,0.6280000),(1.4438274,3.1419712,0.6280000),(1.4277544,3.2247212,0.6280000),(1.4271190,3.2215129,0.6280000),(1.4438274,3.1419712,0.6280000),(1.4271190,3.2215129,0.6280000),(1.4271190,3.0787212,0.6280000),(1.4438274,3.1419712,0.6280000),(1.4271190,3.0787212,0.6280000),(1.4277336,3.0754921,0.6280000),(1.4438274,3.1419712,0.6280000),(1.4277336,3.0754921,0.6280000),(1.4295774,3.0728046,0.6280000),(1.4438274,3.1419712,0.6280000),(1.4295774,3.0728046,0.6280000),(1.4323169,3.0709921,0.6280000),(1.4438274,3.1419712,0.6280000),(1.4323169,3.0709921,0.6280000),(1.4355357,3.0703879,0.6280000),(1.4438274,3.1419712,0.6280000),(1.4355357,3.0703879,0.6280000),(1.4385982,3.0709816,0.6280000),(1.4438274,3.1419712,0.6280000),(1.4385982,3.0709816,0.6280000),(1.4414524,3.0727629,0.6280000),(1.4438274,3.1419712,0.6280000),(1.4414524,3.0727629,0.6280000),(1.4432336,3.0753150,0.6280000),(1.4438274,3.1419712,0.6280000),(1.4432336,3.0753150,0.6280000),(1.4438274,3.0787212,0.6280000),(1.7265774,3.1306379,0.6280000),(1.7265774,3.2215129,0.6280000),(1.7259732,3.2247212,0.6280000),(1.7265774,3.1306379,0.6280000),(1.7259732,3.2247212,0.6280000),(1.7241607,3.2274296,0.6280000),(1.7265774,3.1306379,0.6280000),(1.7241607,3.2274296,0.6280000),(1.7215044,3.2293046,0.6280000),(1.7267733,3.1262102,0.6280000),(1.7265774,3.1306379,0.6280000),(1.7215044,3.2293046,0.6280000),(1.7267733,3.1262102,0.6280000),(1.7215044,3.2293046,0.6280000),(1.7183690,3.2299296,0.6280000),(1.7267733,3.1262102,0.6280000),(1.7183690,3.2299296,0.6280000),(1.7150878,3.2292837,0.6280000),(1.7267733,3.1262102,0.6280000),(1.7150878,3.2292837,0.6280000),(1.7121607,3.2273462,0.6280000),(1.7267733,3.1262102,0.6280000),(1.7121607,3.2273462,0.6280000),(1.7103794,3.2248046,0.6280000),(1.7267733,3.1262102,0.6280000),(1.7103794,3.2248046,0.6280000),(1.7097857,3.2215129,0.6280000),(1.7267733,3.1262102,0.6280000),(1.7097857,3.2215129,0.6280000),(1.7097857,3.1306379,0.6280000),(1.7267733,3.1262102,0.6280000),(1.7097857,3.1306379,0.6280000),(1.7100591,3.1245318,0.6280000),(1.7267733,3.1262102,0.6280000),(1.7100591,3.1245318,0.6280000),(1.7108794,3.1186509,0.6280000),(1.7267733,3.1262102,0.6280000),(1.7108794,3.1186509,0.6280000),(1.7122466,3.1129953,0.6280000),(1.7267733,3.1262102,0.6280000),(1.7122466,3.1129953,0.6280000),(1.7141607,3.1075650,0.6280000),(1.7267733,3.1262102,0.6280000),(1.7141607,3.1075650,0.6280000),(1.7166216,3.1023599,0.6280000),(1.7267733,3.1262102,0.6280000),(1.7166216,3.1023599,0.6280000),(1.7196294,3.0973801,0.6280000),(1.7267733,3.1262102,0.6280000),(1.7196294,3.0973801,0.6280000),(1.7231841,3.0926255,0.6280000),(1.7267733,3.1262102,0.6280000),(1.7231841,3.0926255,0.6280000),(1.7272857,3.0880962,0.6280000),(1.7267733,3.1262102,0.6280000),(1.7272857,3.0880962,0.6280000),(1.7317180,3.0839458,0.6280000),(1.7317180,3.0839458,0.6280000),(1.7363899,3.0803488,0.6280000),(1.7413013,3.0773052,0.6280000),(1.7317180,3.0839458,0.6280000),(1.7413013,3.0773052,0.6280000),(1.7464524,3.0748150,0.6280000),(1.7317180,3.0839458,0.6280000),(1.7464524,3.0748150,0.6280000),(1.7518430,3.0728781,0.6280000),(1.7317180,3.0839458,0.6280000),(1.7518430,3.0728781,0.6280000),(1.7574732,3.0714947,0.6280000),(1.7317180,3.0839458,0.6280000),(1.7574732,3.0714947,0.6280000),(1.7633430,3.0706646,0.6280000),(1.7317180,3.0839458,0.6280000),(1.7633430,3.0706646,0.6280000),(1.7694524,3.0703879,0.6280000),(1.7317180,3.0839458,0.6280000),(1.7694524,3.0703879,0.6280000),(1.7755702,3.0706646,0.6280000),(1.7317180,3.0839458,0.6280000),(1.7755702,3.0706646,0.6280000),(1.7814654,3.0714947,0.6280000),(1.7317180,3.0839458,0.6280000),(1.7814654,3.0714947,0.6280000),(1.7871379,3.0728781,0.6280000),(1.7317180,3.0839458,0.6280000),(1.7871379,3.0728781,0.6280000),(1.7925878,3.0748150,0.6280000),(1.7317180,3.0839458,0.6280000),(1.7925878,3.0748150,0.6280000),(1.7978150,3.0773052,0.6280000),(1.7317180,3.0839458,0.6280000),(1.7978150,3.0773052,0.6280000),(1.8028195,3.0803488,0.6280000),(1.7317180,3.0839458,0.6280000),(1.8028195,3.0803488,0.6280000),(1.8076014,3.0839458,0.6280000),(1.7317180,3.0839458,0.6280000),(1.8076014,3.0839458,0.6280000),(1.8121607,3.0880962,0.6280000),(1.8121607,3.0880962,0.6280000),(1.8162818,3.0925728,0.6280000),(1.8198534,3.0972941,0.6280000),(1.8121607,3.0880962,0.6280000),(1.8198534,3.0972941,0.6280000),(1.8228755,3.1022603,0.6280000),(1.8121607,3.0880962,0.6280000),(1.8228755,3.1022603,0.6280000),(1.8253482,3.1074712,0.6280000),(1.8121607,3.0880962,0.6280000),(1.8253482,3.1074712,0.6280000),(1.8272714,3.1129269,0.6280000),(1.8121607,3.0880962,0.6280000),(1.8272714,3.1129269,0.6280000),(1.8286451,3.1186275,0.6280000),(1.8121607,3.0880962,0.6280000),(1.8286451,3.1186275,0.6280000),(1.8294693,3.1245728,0.6280000),(1.8121607,3.0880962,0.6280000),(1.8294693,3.1245728,0.6280000),(1.8297440,3.1307629,0.6280000),(1.8121607,3.0880962,0.6280000),(1.8297440,3.1307629,0.6280000),(1.8297440,3.2215129,0.6280000),(1.8121607,3.0880962,0.6280000),(1.8297440,3.2215129,0.6280000),(1.8291399,3.2247212,0.6280000),(1.8121607,3.0880962,0.6280000),(1.8291399,3.2247212,0.6280000),(1.8273274,3.2274296,0.6280000),(1.8121607,3.0880962,0.6280000),(1.8273274,3.2274296,0.6280000),(1.8246399,3.2293046,0.6280000),(1.8121607,3.0880962,0.6280000),(1.8246399,3.2293046,0.6280000),(1.8214107,3.2299296,0.6280000),(1.8121607,3.0880962,0.6280000),(1.8214107,3.2299296,0.6280000),(1.8181815,3.2293046,0.6280000),(1.8121607,3.0880962,0.6280000),(1.8181815,3.2293046,0.6280000),(1.8154940,3.2274296,0.6280000),(1.8154940,3.2274296,0.6280000),(1.8136815,3.2247212,0.6280000),(1.8130774,3.2215129,0.6280000),(1.8154940,3.2274296,0.6280000),(1.8130774,3.2215129,0.6280000),(1.8130774,3.1307629,0.6280000),(1.8121607,3.0880962,0.6280000),(1.8154940,3.2274296,0.6280000),(1.8130774,3.1307629,0.6280000),(1.8121607,3.0880962,0.6280000),(1.8130774,3.1307629,0.6280000),(1.8128762,3.1263527,0.6280000),(1.8121607,3.0880962,0.6280000),(1.8128762,3.1263527,0.6280000),(1.8122727,3.1221014,0.6280000),(1.8121607,3.0880962,0.6280000),(1.8122727,3.1221014,0.6280000),(1.8112668,3.1180090,0.6280000),(1.8121607,3.0880962,0.6280000),(1.8112668,3.1180090,0.6280000),(1.8098586,3.1140754,0.6280000),(1.8121607,3.0880962,0.6280000),(1.8098586,3.1140754,0.6280000),(1.8080481,3.1103006,0.6280000),(1.8121607,3.0880962,0.6280000),(1.8080481,3.1103006,0.6280000),(1.8058352,3.1066848,0.6280000),(1.8121607,3.0880962,0.6280000),(1.8058352,3.1066848,0.6280000),(1.8032199,3.1032277,0.6280000),(1.8121607,3.0880962,0.6280000),(1.8032199,3.1032277,0.6280000),(1.8002024,3.0999296,0.6280000),(1.8121607,3.0880962,0.6280000),(1.8002024,3.0999296,0.6280000),(1.7969790,3.0969217,0.6280000),(1.8121607,3.0880962,0.6280000),(1.7969790,3.0969217,0.6280000),(1.7935800,3.0943150,0.6280000),(1.8121607,3.0880962,0.6280000),(1.7935800,3.0943150,0.6280000),(1.7900051,3.0921092,0.6280000),(1.8121607,3.0880962,0.6280000),(1.7900051,3.0921092,0.6280000),(1.7862544,3.0903046,0.6280000),(1.8121607,3.0880962,0.6280000),(1.7862544,3.0903046,0.6280000),(1.7823280,3.0889009,0.6280000),(1.8121607,3.0880962,0.6280000),(1.7823280,3.0889009,0.6280000),(1.7782258,3.0878983,0.6280000),(1.8121607,3.0880962,0.6280000),(1.7782258,3.0878983,0.6280000),(1.7739478,3.0872967,0.6280000),(1.7317180,3.0839458,0.6280000),(1.8121607,3.0880962,0.6280000),(1.7739478,3.0872967,0.6280000),(1.7317180,3.0839458,0.6280000),(1.7739478,3.0872967,0.6280000),(1.7694940,3.0870962,0.6280000),(1.7317180,3.0839458,0.6280000),(1.7694940,3.0870962,0.6280000),(1.7651184,3.0872954,0.6280000),(1.7317180,3.0839458,0.6280000),(1.7651184,3.0872954,0.6280000),(1.7609081,3.0878931,0.6280000),(1.7317180,3.0839458,0.6280000),(1.7609081,3.0878931,0.6280000),(1.7568632,3.0888892,0.6280000),(1.7317180,3.0839458,0.6280000),(1.7568632,3.0888892,0.6280000),(1.7529836,3.0902837,0.6280000),(1.7317180,3.0839458,0.6280000),(1.7529836,3.0902837,0.6280000),(1.7492694,3.0920767,0.6280000),(1.7317180,3.0839458,0.6280000),(1.7492694,3.0920767,0.6280000),(1.7457206,3.0942681,0.6280000),(1.7317180,3.0839458,0.6280000),(1.7457206,3.0942681,0.6280000),(1.7423371,3.0968579,0.6280000),(1.7317180,3.0839458,0.6280000),(1.7423371,3.0968579,0.6280000),(1.7391190,3.0998462,0.6280000),(1.7317180,3.0839458,0.6280000),(1.7391190,3.0998462,0.6280000),(1.7361796,3.1031164,0.6280000),(1.7317180,3.0839458,0.6280000),(1.7361796,3.1031164,0.6280000),(1.7336320,3.1065519,0.6280000),(1.7317180,3.0839458,0.6280000),(1.7336320,3.1065519,0.6280000),(1.7314764,3.1101529,0.6280000),(1.7317180,3.0839458,0.6280000),(1.7314764,3.1101529,0.6280000),(1.7297128,3.1139191,0.6280000),(1.7317180,3.0839458,0.6280000),(1.7297128,3.1139191,0.6280000),(1.7283410,3.1178508,0.6280000),(1.7317180,3.0839458,0.6280000),(1.7283410,3.1178508,0.6280000),(1.7273612,3.1219478,0.6280000),(1.7267733,3.1262102,0.6280000),(1.7317180,3.0839458,0.6280000),(1.7273612,3.1219478,0.6280000),(1.4036503,3.2152316,0.6280000),(1.4057440,3.2215129,0.6280000),(1.4051503,3.2246587,0.6280000),(1.4036503,3.2152316,0.6280000),(1.4051503,3.2246587,0.6280000),(1.4033690,3.2273462,0.6280000),(1.4036503,3.2152316,0.6280000),(1.4033690,3.2273462,0.6280000),(1.4006815,3.2292837,0.6280000),(1.4036503,3.2152316,0.6280000),(1.4006815,3.2292837,0.6280000),(1.3973690,3.2299296,0.6280000),(1.4036503,3.2152316,0.6280000),(1.3973690,3.2299296,0.6280000),(1.2942024,3.2299296,0.6280000),(1.4036503,3.2152316,0.6280000),(1.2942024,3.2299296,0.6280000),(1.2905357,3.2291275,0.6280000),(1.4036503,3.2152316,0.6280000),(1.2905357,3.2291275,0.6280000),(1.2876190,3.2267212,0.6280000),(1.4036503,3.2152316,0.6280000),(1.2876190,3.2267212,0.6280000),(1.2857857,3.2215129,0.6280000),(1.4036503,3.2152316,0.6280000),(1.2857857,3.2215129,0.6280000),(1.2857857,3.2208879,0.6280000),(1.4036503,3.2152316,0.6280000),(1.2857857,3.2208879,0.6280000),(1.2881607,3.2158046,0.6280000),(1.4036503,3.2152316,0.6280000),(1.2881607,3.2158046,0.6280000),(1.2909628,3.2138046,0.6280000),(1.4036503,3.2152316,0.6280000),(1.2909628,3.2138046,0.6280000),(1.2942024,3.2131379,0.6280000),(1.4036503,3.2152316,0.6280000),(1.2942024,3.2131379,0.6280000),(1.3374940,3.2131379,0.6280000),(1.3374940,3.2131379,0.6280000),(1.3374940,3.0787212,0.6280000),(1.3380982,3.0754921,0.6280000),(1.3374940,3.2131379,0.6280000),(1.3380982,3.0754921,0.6280000),(1.3399107,3.0728046,0.6280000),(1.3374940,3.2131379,0.6280000),(1.3399107,3.0728046,0.6280000),(1.3425982,3.0709921,0.6280000),(1.3374940,3.2131379,0.6280000),(1.3425982,3.0709921,0.6280000),(1.3458274,3.0703879,0.6280000),(1.3374940,3.2131379,0.6280000),(1.3458274,3.0703879,0.6280000),(1.3490565,3.0709921,0.6280000),(1.3374940,3.2131379,0.6280000),(1.3490565,3.0709921,0.6280000),(1.3517440,3.0728046,0.6280000),(1.3374940,3.2131379,0.6280000),(1.3517440,3.0728046,0.6280000),(1.3535565,3.0754921,0.6280000),(1.3374940,3.2131379,0.6280000),(1.3535565,3.0754921,0.6280000),(1.3541607,3.0787212,0.6280000),(1.3374940,3.2131379,0.6280000),(1.3541607,3.0787212,0.6280000),(1.3541607,3.2131379,0.6280000),(1.4036503,3.2152316,0.6280000),(1.3374940,3.2131379,0.6280000),(1.3541607,3.2131379,0.6280000),(1.4036503,3.2152316,0.6280000),(1.3541607,3.2131379,0.6280000),(1.3973690,3.2131379,0.6280000),(1.4036503,3.2152316,0.6280000),(1.3973690,3.2131379,0.6280000),(1.4010331,3.2136613,0.6280000),(0.7168087,3.3073215,0.6280000),(0.7206296,3.3057199,0.6280000),(0.7244883,3.3043319,0.6280000),(0.7168087,3.3073215,0.6280000),(0.7244883,3.3043319,0.6280000),(0.7283848,3.3031574,0.6280000),(0.7168087,3.3073215,0.6280000),(0.7283848,3.3031574,0.6280000),(0.7323191,3.3021965,0.6280000),(0.7168087,3.3073215,0.6280000),(0.7323191,3.3021965,0.6280000),(0.7362911,3.3014491,0.6280000),(0.7168087,3.3073215,0.6280000),(0.7362911,3.3014491,0.6280000),(0.7403008,3.3009152,0.6280000),(0.7168087,3.3073215,0.6280000),(0.7403008,3.3009152,0.6280000),(0.7443484,3.3005949,0.6280000),(0.7168087,3.3073215,0.6280000),(0.7443484,3.3005949,0.6280000),(0.7484337,3.3004881,0.6280000),(0.7168087,3.3073215,0.6280000),(0.7484337,3.3004881,0.6280000),(0.7537794,3.3006580,0.6280000),(0.7168087,3.3073215,0.6280000),(0.7537794,3.3006580,0.6280000),(0.7590248,3.3011678,0.6280000),(0.7168087,3.3073215,0.6280000),(0.7590248,3.3011678,0.6280000),(0.7641700,3.3020174,0.6280000),(0.7168087,3.3073215,0.6280000),(0.7641700,3.3020174,0.6280000),(0.7692149,3.3032069,0.6280000),(0.7168087,3.3073215,0.6280000),(0.7692149,3.3032069,0.6280000),(0.7741596,3.3047362,0.6280000),(0.7168087,3.3073215,0.6280000),(0.7741596,3.3047362,0.6280000),(0.7790040,3.3066053,0.6280000),(0.7168087,3.3073215,0.6280000),(0.7790040,3.3066053,0.6280000),(0.7837481,3.3088143,0.6280000),(0.7168087,3.3073215,0.6280000),(0.7837481,3.3088143,0.6280000),(0.7883920,3.3113631,0.6280000),(0.7168087,3.3073215,0.6280000),(0.7883920,3.3113631,0.6280000),(0.7928633,3.3142134,0.6280000),(0.7168087,3.3073215,0.6280000),(0.7928633,3.3142134,0.6280000),(0.7970899,3.3173058,0.6280000),(0.7168087,3.3073215,0.6280000),(0.7970899,3.3173058,0.6280000),(0.8010717,3.3206405,0.6280000),(0.7168087,3.3073215,0.6280000),(0.8010717,3.3206405,0.6280000),(0.8048087,3.3242173,0.6280000),(0.7168087,3.3073215,0.6280000),(0.8048087,3.3242173,0.6280000),(0.8083008,3.3280363,0.6280000),(0.8083008,3.3280363,0.6280000),(0.8115482,3.3320975,0.6280000),(0.8145508,3.3364009,0.6280000),(0.8083008,3.3280363,0.6280000),(0.8145508,3.3364009,0.6280000),(0.8173087,3.3409465,0.6280000),(0.8083008,3.3280363,0.6280000),(0.8173087,3.3409465,0.6280000),(0.8197891,3.3456619,0.6280000),(0.8083008,3.3280363,0.6280000),(0.8197891,3.3456619,0.6280000),(0.8219389,3.3504751,0.6280000),(0.8083008,3.3280363,0.6280000),(0.8219389,3.3504751,0.6280000),(0.8237579,3.3553859,0.6280000),(0.8083008,3.3280363,0.6280000),(0.8237579,3.3553859,0.6280000),(0.8252462,3.3603944,0.6280000),(0.8083008,3.3280363,0.6280000),(0.8252462,3.3603944,0.6280000),(0.8264037,3.3655005,0.6280000),(0.8083008,3.3280363,0.6280000),(0.8264037,3.3655005,0.6280000),(0.8272305,3.3707043,0.6280000),(0.8083008,3.3280363,0.6280000),(0.8272305,3.3707043,0.6280000),(0.8277266,3.3760057,0.6280000),(0.8083008,3.3280363,0.6280000),(0.8277266,3.3760057,0.6280000),(0.8278920,3.3814048,0.6280000),(0.8083008,3.3280363,0.6280000),(0.8278920,3.3814048,0.6280000),(0.8277266,3.3865871,0.6280000),(0.8083008,3.3280363,0.6280000),(0.8277266,3.3865871,0.6280000),(0.8272305,3.3917381,0.6280000),(0.8083008,3.3280363,0.6280000),(0.8272305,3.3917381,0.6280000),(0.8264037,3.3968579,0.6280000),(0.8083008,3.3280363,0.6280000),(0.8264037,3.3968579,0.6280000),(0.8252462,3.4019465,0.6280000),(0.8083008,3.3280363,0.6280000),(0.8252462,3.4019465,0.6280000),(0.8237579,3.4070037,0.6280000),(0.8083008,3.3280363,0.6280000),(0.8237579,3.4070037,0.6280000),(0.8219389,3.4120298,0.6280000),(0.8219389,3.4120298,0.6280000),(0.8065144,3.4064595,0.6280000),(0.8079538,3.4026060,0.6280000),(0.8219389,3.4120298,0.6280000),(0.8079538,3.4026060,0.6280000),(0.8091316,3.3986235,0.6280000),(0.8219389,3.4120298,0.6280000),(0.8091316,3.3986235,0.6280000),(0.8100476,3.3945122,0.6280000),(0.8219389,3.4120298,0.6280000),(0.8100476,3.3945122,0.6280000),(0.8107019,3.3902720,0.6280000),(0.8219389,3.4120298,0.6280000),(0.8107019,3.3902720,0.6280000),(0.8110945,3.3859028,0.6280000),(0.8219389,3.4120298,0.6280000),(0.8110945,3.3859028,0.6280000),(0.8112253,3.3814048,0.6280000),(0.8219389,3.4120298,0.6280000),(0.8112253,3.3814048,0.6280000),(0.8110932,3.3770728,0.6280000),(0.8083008,3.3280363,0.6280000),(0.8219389,3.4120298,0.6280000),(0.8110932,3.3770728,0.6280000),(0.8083008,3.3280363,0.6280000),(0.8110932,3.3770728,0.6280000),(0.8106967,3.3728267,0.6280000),(0.8083008,3.3280363,0.6280000),(0.8106967,3.3728267,0.6280000),(0.8100359,3.3686665,0.6280000),(0.8083008,3.3280363,0.6280000),(0.8100359,3.3686665,0.6280000),(0.8091107,3.3645923,0.6280000),(0.8083008,3.3280363,0.6280000),(0.8091107,3.3645923,0.6280000),(0.8079213,3.3606040,0.6280000),(0.8083008,3.3280363,0.6280000),(0.8079213,3.3606040,0.6280000),(0.8064675,3.3567017,0.6280000),(0.8083008,3.3280363,0.6280000),(0.8064675,3.3567017,0.6280000),(0.8047494,3.3528853,0.6280000),(0.8083008,3.3280363,0.6280000),(0.8047494,3.3528853,0.6280000),(0.8027670,3.3491548,0.6280000),(0.8083008,3.3280363,0.6280000),(0.8027670,3.3491548,0.6280000),(0.8005684,3.3455636,0.6280000),(0.8083008,3.3280363,0.6280000),(0.8005684,3.3455636,0.6280000),(0.7981811,3.3421652,0.6280000),(0.8083008,3.3280363,0.6280000),(0.7981811,3.3421652,0.6280000),(0.7956049,3.3389595,0.6280000),(0.8083008,3.3280363,0.6280000),(0.7956049,3.3389595,0.6280000),(0.7928399,3.3359465,0.6280000),(0.8083008,3.3280363,0.6280000),(0.7928399,3.3359465,0.6280000),(0.7898861,3.3331261,0.6280000),(0.8083008,3.3280363,0.6280000),(0.7898861,3.3331261,0.6280000),(0.7867436,3.3304985,0.6280000),(0.8083008,3.3280363,0.6280000),(0.7867436,3.3304985,0.6280000),(0.7834122,3.3280636,0.6280000),(0.8083008,3.3280363,0.6280000),(0.7834122,3.3280636,0.6280000),(0.7798920,3.3258215,0.6280000),(0.8083008,3.3280363,0.6280000),(0.7798920,3.3258215,0.6280000),(0.7762468,3.3238097,0.6280000),(0.8083008,3.3280363,0.6280000),(0.7762468,3.3238097,0.6280000),(0.7725196,3.3220662,0.6280000),(0.8083008,3.3280363,0.6280000),(0.7725196,3.3220662,0.6280000),(0.7687103,3.3205910,0.6280000),(0.8083008,3.3280363,0.6280000),(0.7687103,3.3205910,0.6280000),(0.7648191,3.3193840,0.6280000),(0.7168087,3.3073215,0.6280000),(0.8083008,3.3280363,0.6280000),(0.7648191,3.3193840,0.6280000),(0.7168087,3.3073215,0.6280000),(0.7648191,3.3193840,0.6280000),(0.7608458,3.3184451,0.6280000),(0.7168087,3.3073215,0.6280000),(0.7608458,3.3184451,0.6280000),(0.7567904,3.3177746,0.6280000),(0.7168087,3.3073215,0.6280000),(0.7567904,3.3177746,0.6280000),(0.7526531,3.3173722,0.6280000),(0.7168087,3.3073215,0.6280000),(0.7526531,3.3173722,0.6280000),(0.7484337,3.3172381,0.6280000),(0.7168087,3.3073215,0.6280000),(0.7484337,3.3172381,0.6280000),(0.7423868,3.3175168,0.6280000),(0.7168087,3.3073215,0.6280000),(0.7423868,3.3175168,0.6280000),(0.7364962,3.3183527,0.6280000),(0.7168087,3.3073215,0.6280000),(0.7364962,3.3183527,0.6280000),(0.7307618,3.3197459,0.6280000),(0.7168087,3.3073215,0.6280000),(0.7307618,3.3197459,0.6280000),(0.7251837,3.3216965,0.6280000),(0.7168087,3.3073215,0.6280000),(0.7251837,3.3216965,0.6280000),(0.7880587,3.4312798,0.6280000),(0.6947253,3.2689465,0.6280000),(0.7168087,3.3073215,0.6280000),(0.7880587,3.4312798,0.6280000),(0.8048132,3.4101841,0.6280000),(0.8065144,3.4064595,0.6280000),(0.8219389,3.4120298,0.6280000),(0.8028503,3.4137798,0.6280000),(0.8048132,3.4101841,0.6280000),(0.8219389,3.4120298,0.6280000),(0.8001758,3.4178735,0.6280000),(0.8028503,3.4137798,0.6280000),(0.8219389,3.4120298,0.6280000),(0.7968191,3.4221548,0.6280000),(0.8001758,3.4178735,0.6280000),(0.8219389,3.4120298,0.6280000),(0.7948848,3.4243657,0.6280000),(0.7968191,3.4221548,0.6280000),(0.8219389,3.4120298,0.6280000),(0.7927800,3.4266235,0.6280000),(0.7948848,3.4243657,0.6280000),(0.8219389,3.4120298,0.6280000),(0.7905046,3.4289282,0.6280000),(0.7927800,3.4266235,0.6280000),(0.8219389,3.4120298,0.6280000),(0.7880587,3.4312798,0.6280000),(0.7905046,3.4289282,0.6280000),(0.8219389,3.4120298,0.6280000),(0.7880587,3.4312798,0.6280000),(0.8219389,3.4120298,0.6280000),(0.8197891,3.4170246,0.6280000),(0.7880587,3.4312798,0.6280000),(0.8197891,3.4170246,0.6280000),(0.8173087,3.4219881,0.6280000),(0.7880587,3.4312798,0.6280000),(0.8173087,3.4219881,0.6280000),(0.8153327,3.4254022,0.6280000),(0.7880587,3.4312798,0.6280000),(0.8153327,3.4254022,0.6280000),(0.8131758,3.4286860,0.6280000),(0.7880587,3.4312798,0.6280000),(0.8131758,3.4286860,0.6280000),(0.8108380,3.4318397,0.6280000),(0.7880587,3.4312798,0.6280000),(0.8108380,3.4318397,0.6280000),(0.8083191,3.4348631,0.6280000),(0.7880587,3.4312798,0.6280000),(0.8083191,3.4348631,0.6280000),(0.8056192,3.4377563,0.6280000),(0.7880587,3.4312798,0.6280000),(0.8056192,3.4377563,0.6280000),(0.8027383,3.4405194,0.6280000),(0.7880587,3.4312798,0.6280000),(0.8027383,3.4405194,0.6280000),(0.7996765,3.4431522,0.6280000),(0.7880587,3.4312798,0.6280000),(0.7996765,3.4431522,0.6280000),(0.7964337,3.4456548,0.6280000),(0.7880587,3.4312798,0.6280000),(0.7964337,3.4456548,0.6280000),(0.8177670,3.4831548,0.6280000),(0.6947253,3.2689465,0.6280000),(0.7880587,3.4312798,0.6280000),(0.8177670,3.4831548,0.6280000),(0.6947253,3.2689465,0.6280000),(0.8177670,3.4831548,0.6280000),(0.8188920,3.4872381,0.6280000),(0.6947253,3.2689465,0.6280000),(0.8188920,3.4872381,0.6280000),(0.8186003,3.4896131,0.6280000),(0.6947253,3.2689465,0.6280000),(0.8186003,3.4896131,0.6280000),(0.8170795,3.4925715,0.6280000),(0.6947253,3.2689465,0.6280000),(0.8170795,3.4925715,0.6280000),(0.8145170,3.4946965,0.6280000),(0.6947253,3.2689465,0.6280000),(0.8145170,3.4946965,0.6280000),(0.8104753,3.4959048,0.6280000),(0.6947253,3.2689465,0.6280000),(0.8104753,3.4959048,0.6280000),(0.8081003,3.4956131,0.6280000),(0.6947253,3.2689465,0.6280000),(0.8081003,3.4956131,0.6280000),(0.8051212,3.4940923,0.6280000),(0.6947253,3.2689465,0.6280000),(0.8051212,3.4940923,0.6280000),(0.8029337,3.4915298,0.6280000),(0.6947253,3.2689465,0.6280000),(0.8029337,3.4915298,0.6280000),(0.7818503,3.4549881,0.6280000),(0.7818503,3.4549881,0.6280000),(0.7778894,3.4567362,0.6280000),(0.7737982,3.4582511,0.6280000),(0.7818503,3.4549881,0.6280000),(0.7737982,3.4582511,0.6280000),(0.7695769,3.4595330,0.6280000),(0.7818503,3.4549881,0.6280000),(0.7695769,3.4595330,0.6280000),(0.7652253,3.4605819,0.6280000),(0.7818503,3.4549881,0.6280000),(0.7652253,3.4605819,0.6280000),(0.7607436,3.4613976,0.6280000),(0.7818503,3.4549881,0.6280000),(0.7607436,3.4613976,0.6280000),(0.7561316,3.4619803,0.6280000),(0.7818503,3.4549881,0.6280000),(0.7561316,3.4619803,0.6280000),(0.7513894,3.4623299,0.6280000),(0.7818503,3.4549881,0.6280000),(0.7513894,3.4623299,0.6280000),(0.7465170,3.4624465,0.6280000),(0.7818503,3.4549881,0.6280000),(0.7465170,3.4624465,0.6280000),(0.7416114,3.4622759,0.6280000),(0.7818503,3.4549881,0.6280000),(0.7416114,3.4622759,0.6280000),(0.7367488,3.4617642,0.6280000),(0.7818503,3.4549881,0.6280000),(0.7367488,3.4617642,0.6280000),(0.7319291,3.4609113,0.6280000),(0.7818503,3.4549881,0.6280000),(0.7319291,3.4609113,0.6280000),(0.7271524,3.4597173,0.6280000),(0.7818503,3.4549881,0.6280000),(0.7271524,3.4597173,0.6280000),(0.7224187,3.4581821,0.6280000),(0.7818503,3.4549881,0.6280000),(0.7224187,3.4581821,0.6280000),(0.7177279,3.4563058,0.6280000),(0.7818503,3.4549881,0.6280000),(0.7177279,3.4563058,0.6280000),(0.7130801,3.4540884,0.6280000),(0.7818503,3.4549881,0.6280000),(0.7130801,3.4540884,0.6280000),(0.7084753,3.4515298,0.6280000),(0.7818503,3.4549881,0.6280000),(0.7084753,3.4515298,0.6280000),(0.7040222,3.4486886,0.6280000),(0.7818503,3.4549881,0.6280000),(0.7040222,3.4486886,0.6280000),(0.6998087,3.4456027,0.6280000),(0.7818503,3.4549881,0.6280000),(0.6998087,3.4456027,0.6280000),(0.6958347,3.4422720,0.6280000),(0.7818503,3.4549881,0.6280000),(0.6958347,3.4422720,0.6280000),(0.6921003,3.4386965,0.6280000),(0.7818503,3.4549881,0.6280000),(0.6921003,3.4386965,0.6280000),(0.6886055,3.4348761,0.6280000),(0.6886055,3.4348761,0.6280000),(0.6853503,3.4308110,0.6280000),(0.6823347,3.4265011,0.6280000),(0.6886055,3.4348761,0.6280000),(0.6823347,3.4265011,0.6280000),(0.6795587,3.4219465,0.6280000),(0.6886055,3.4348761,0.6280000),(0.6795587,3.4219465,0.6280000),(0.6770684,3.4172297,0.6280000),(0.6886055,3.4348761,0.6280000),(0.6770684,3.4172297,0.6280000),(0.6749102,3.4124126,0.6280000),(0.6886055,3.4348761,0.6280000),(0.6749102,3.4124126,0.6280000),(0.6730840,3.4074953,0.6280000),(0.6886055,3.4348761,0.6280000),(0.6730840,3.4074953,0.6280000),(0.6715899,3.4024777,0.6280000),(0.6886055,3.4348761,0.6280000),(0.6715899,3.4024777,0.6280000),(0.6704278,3.3973599,0.6280000),(0.6886055,3.4348761,0.6280000),(0.6704278,3.3973599,0.6280000),(0.6695977,3.3921418,0.6280000),(0.6886055,3.4348761,0.6280000),(0.6695977,3.3921418,0.6280000),(0.6690997,3.3868234,0.6280000),(0.6886055,3.4348761,0.6280000),(0.6690997,3.3868234,0.6280000),(0.6689337,3.3814048,0.6280000),(0.6886055,3.4348761,0.6280000),(0.6689337,3.3814048,0.6280000),(0.6690990,3.3759692,0.6280000),(0.6886055,3.4348761,0.6280000),(0.6690990,3.3759692,0.6280000),(0.6695951,3.3706418,0.6280000),(0.6886055,3.4348761,0.6280000),(0.6695951,3.3706418,0.6280000),(0.6704219,3.3654224,0.6280000),(0.6886055,3.4348761,0.6280000),(0.6704219,3.3654224,0.6280000),(0.6715795,3.3603110,0.6280000),(0.6886055,3.4348761,0.6280000),(0.6715795,3.3603110,0.6280000),(0.6730678,3.3553078,0.6280000),(0.6886055,3.4348761,0.6280000),(0.6730678,3.3553078,0.6280000),(0.6748868,3.3504126,0.6280000),(0.6886055,3.4348761,0.6280000),(0.6748868,3.3504126,0.6280000),(0.6770365,3.3456255,0.6280000),(0.6886055,3.4348761,0.6280000),(0.6770365,3.3456255,0.6280000),(0.6795170,3.3409465,0.6280000),(0.6795170,3.3409465,0.6280000),(0.6940170,3.3491548,0.6280000),(0.6920736,3.3528846,0.6280000),(0.6795170,3.3409465,0.6280000),(0.6920736,3.3528846,0.6280000),(0.6903894,3.3566991,0.6280000),(0.6795170,3.3409465,0.6280000),(0.6903894,3.3566991,0.6280000),(0.6889643,3.3605981,0.6280000),(0.6795170,3.3409465,0.6280000),(0.6889643,3.3605981,0.6280000),(0.6877982,3.3645819,0.6280000),(0.6795170,3.3409465,0.6280000),(0.6877982,3.3645819,0.6280000),(0.6868913,3.3686502,0.6280000),(0.6795170,3.3409465,0.6280000),(0.6868913,3.3686502,0.6280000),(0.6862436,3.3728032,0.6280000),(0.6795170,3.3409465,0.6280000),(0.6862436,3.3728032,0.6280000),(0.6858549,3.3770409,0.6280000),(0.6795170,3.3409465,0.6280000),(0.6858549,3.3770409,0.6280000),(0.6857253,3.3813631,0.6280000),(0.6795170,3.3409465,0.6280000),(0.6857253,3.3813631,0.6280000),(0.6858568,3.3856867,0.6280000),(0.6886055,3.4348761,0.6280000),(0.6795170,3.3409465,0.6280000),(0.6858568,3.3856867,0.6280000),(0.6886055,3.4348761,0.6280000),(0.6858568,3.3856867,0.6280000),(0.6862514,3.3899282,0.6280000),(0.6886055,3.4348761,0.6280000),(0.6862514,3.3899282,0.6280000),(0.6869089,3.3940877,0.6280000),(0.6886055,3.4348761,0.6280000),(0.6869089,3.3940877,0.6280000),(0.6878295,3.3981652,0.6280000),(0.6886055,3.4348761,0.6280000),(0.6878295,3.3981652,0.6280000),(0.6890131,3.4021606,0.6280000),(0.6886055,3.4348761,0.6280000),(0.6890131,3.4021606,0.6280000),(0.6904597,3.4060741,0.6280000),(0.6886055,3.4348761,0.6280000),(0.6904597,3.4060741,0.6280000),(0.6921693,3.4099054,0.6280000),(0.6886055,3.4348761,0.6280000),(0.6921693,3.4099054,0.6280000),(0.6941420,3.4136548,0.6280000),(0.6886055,3.4348761,0.6280000),(0.6941420,3.4136548,0.6280000),(0.6963406,3.4172746,0.6280000),(0.6886055,3.4348761,0.6280000),(0.6963406,3.4172746,0.6280000),(0.6987279,3.4206965,0.6280000),(0.6886055,3.4348761,0.6280000),(0.6987279,3.4206965,0.6280000),(0.7013041,3.4239204,0.6280000),(0.6886055,3.4348761,0.6280000),(0.7013041,3.4239204,0.6280000),(0.7040691,3.4269465,0.6280000),(0.6886055,3.4348761,0.6280000),(0.7040691,3.4269465,0.6280000),(0.7070228,3.4297746,0.6280000),(0.6886055,3.4348761,0.6280000),(0.7070228,3.4297746,0.6280000),(0.7101654,3.4324048,0.6280000),(0.6886055,3.4348761,0.6280000),(0.7101654,3.4324048,0.6280000),(0.7134968,3.4348371,0.6280000),(0.6886055,3.4348761,0.6280000),(0.7134968,3.4348371,0.6280000),(0.7170170,3.4370715,0.6280000),(0.6886055,3.4348761,0.6280000),(0.7170170,3.4370715,0.6280000),(0.7206420,3.4390832,0.6280000),(0.6886055,3.4348761,0.6280000),(0.7206420,3.4390832,0.6280000),(0.7242878,3.4408267,0.6280000),(0.6886055,3.4348761,0.6280000),(0.7242878,3.4408267,0.6280000),(0.7279545,3.4423019,0.6280000),(0.6886055,3.4348761,0.6280000),(0.7279545,3.4423019,0.6280000),(0.7316420,3.4435090,0.6280000),(0.6886055,3.4348761,0.6280000),(0.7316420,3.4435090,0.6280000),(0.7353503,3.4444478,0.6280000),(0.7818503,3.4549881,0.6280000),(0.6886055,3.4348761,0.6280000),(0.7353503,3.4444478,0.6280000),(0.7818503,3.4549881,0.6280000),(0.7353503,3.4444478,0.6280000),(0.7390795,3.4451183,0.6280000),(0.7818503,3.4549881,0.6280000),(0.7390795,3.4451183,0.6280000),(0.7428295,3.4455207,0.6280000),(0.7818503,3.4549881,0.6280000),(0.7428295,3.4455207,0.6280000),(0.7466003,3.4456548,0.6280000),(0.7818503,3.4549881,0.6280000),(0.7466003,3.4456548,0.6280000),(0.7468503,3.4456548,0.6280000),(0.7818503,3.4549881,0.6280000),(0.7468503,3.4456548,0.6280000),(0.7505398,3.4455728,0.6280000),(0.7818503,3.4549881,0.6280000),(0.7505398,3.4455728,0.6280000),(0.7541290,3.4453267,0.6280000),(0.7818503,3.4549881,0.6280000),(0.7541290,3.4453267,0.6280000),(0.7576179,3.4449165,0.6280000),(0.7818503,3.4549881,0.6280000),(0.7576179,3.4449165,0.6280000),(0.7610066,3.4443423,0.6280000),(0.7818503,3.4549881,0.6280000),(0.7610066,3.4443423,0.6280000),(0.7642950,3.4436040,0.6280000),(0.7818503,3.4549881,0.6280000),(0.7642950,3.4436040,0.6280000),(0.7674831,3.4427017,0.6280000),(0.7818503,3.4549881,0.6280000),(0.7674831,3.4427017,0.6280000),(0.7705710,3.4416353,0.6280000),(0.7818503,3.4549881,0.6280000),(0.7705710,3.4416353,0.6280000),(0.7735587,3.4404048,0.6280000),(0.6947253,3.2689465,0.6280000),(0.7818503,3.4549881,0.6280000),(0.7735587,3.4404048,0.6280000),(0.6947253,3.2689465,0.6280000),(0.7735587,3.4404048,0.6280000),(0.7103920,3.3303631,0.6280000),(0.6947253,3.2689465,0.6280000),(0.7103920,3.3303631,0.6280000),(0.7056498,3.3344126,0.6280000),(0.6956856,3.3464276,0.6280000),(0.6940170,3.3491548,0.6280000),(0.6795170,3.3409465,0.6280000),(0.6974623,3.3438084,0.6280000),(0.6956856,3.3464276,0.6280000),(0.6795170,3.3409465,0.6280000),(0.7013399,3.3388944,0.6280000),(0.6974623,3.3438084,0.6280000),(0.6795170,3.3409465,0.6280000),(0.7056498,3.3344126,0.6280000),(0.7013399,3.3388944,0.6280000),(0.6795170,3.3409465,0.6280000),(0.7056498,3.3344126,0.6280000),(0.6795170,3.3409465,0.6280000),(0.6817982,3.3372043,0.6280000),(0.7056498,3.3344126,0.6280000),(0.6817982,3.3372043,0.6280000),(0.6842253,3.3336235,0.6280000),(0.7056498,3.3344126,0.6280000),(0.6842253,3.3336235,0.6280000),(0.6867982,3.3302043,0.6280000),(0.7056498,3.3344126,0.6280000),(0.6867982,3.3302043,0.6280000),(0.6895170,3.3269465,0.6280000),(0.7056498,3.3344126,0.6280000),(0.6895170,3.3269465,0.6280000),(0.6923816,3.3238501,0.6280000),(0.7056498,3.3344126,0.6280000),(0.6923816,3.3238501,0.6280000),(0.6953920,3.3209152,0.6280000),(0.7056498,3.3344126,0.6280000),(0.6953920,3.3209152,0.6280000),(0.6985482,3.3181418,0.6280000),(0.7056498,3.3344126,0.6280000),(0.6985482,3.3181418,0.6280000),(0.7018503,3.3155298,0.6280000),(0.6947253,3.2689465,0.6280000),(0.7056498,3.3344126,0.6280000),(0.7018503,3.3155298,0.6280000),(0.6947253,3.2689465,0.6280000),(0.7018503,3.3155298,0.6280000),(0.6799753,3.2773215,0.6280000),(0.6947253,3.2689465,0.6280000),(0.6799753,3.2773215,0.6280000),(0.6788920,3.2733215,0.6280000),(0.6947253,3.2689465,0.6280000),(0.6788920,3.2733215,0.6280000),(0.6791420,3.2709465,0.6280000),(0.6947253,3.2689465,0.6280000),(0.6791420,3.2709465,0.6280000),(0.6806837,3.2679152,0.6280000),(0.6947253,3.2689465,0.6280000),(0.6806837,3.2679152,0.6280000),(0.6831420,3.2657381,0.6280000),(0.6947253,3.2689465,0.6280000),(0.6831420,3.2657381,0.6280000),(0.6872670,3.2646548,0.6280000),(0.6947253,3.2689465,0.6280000),(0.6872670,3.2646548,0.6280000),(0.6896420,3.2649465,0.6280000),(0.6947253,3.2689465,0.6280000),(0.6896420,3.2649465,0.6280000),(0.6924962,3.2663423,0.6280000),(0.9294734,3.3441092,0.6280000),(0.9296837,3.3493215,0.6280000),(0.9296837,3.4158631,0.6280000),(0.9294734,3.3441092,0.6280000),(0.9296837,3.4158631,0.6280000),(0.9294747,3.4210057,0.6280000),(0.9294734,3.3441092,0.6280000),(0.9294747,3.4210057,0.6280000),(0.9288477,3.4259126,0.6280000),(0.9294734,3.3441092,0.6280000),(0.9288477,3.4259126,0.6280000),(0.9278028,3.4305838,0.6280000),(0.9294734,3.3441092,0.6280000),(0.9278028,3.4305838,0.6280000),(0.9263399,3.4350194,0.6280000),(0.9294734,3.3441092,0.6280000),(0.9263399,3.4350194,0.6280000),(0.9244590,3.4392192,0.6280000),(0.9294734,3.3441092,0.6280000),(0.9244590,3.4392192,0.6280000),(0.9221602,3.4431834,0.6280000),(0.9294734,3.3441092,0.6280000),(0.9221602,3.4431834,0.6280000),(0.9194434,3.4469119,0.6280000),(0.9294734,3.3441092,0.6280000),(0.9194434,3.4469119,0.6280000),(0.9163087,3.4504048,0.6280000),(0.9294734,3.3441092,0.6280000),(0.9163087,3.4504048,0.6280000),(0.9132898,3.4532270,0.6280000),(0.9294734,3.3441092,0.6280000),(0.9132898,3.4532270,0.6280000),(0.9101498,3.4556730,0.6280000),(0.9294734,3.3441092,0.6280000),(0.9101498,3.4556730,0.6280000),(0.9068887,3.4577427,0.6280000),(0.9068887,3.4577427,0.6280000),(0.9035066,3.4594360,0.6280000),(0.9000033,3.4607531,0.6280000),(0.9068887,3.4577427,0.6280000),(0.9000033,3.4607531,0.6280000),(0.8963790,3.4616938,0.6280000),(0.9068887,3.4577427,0.6280000),(0.8963790,3.4616938,0.6280000),(0.8926335,3.4622583,0.6280000),(0.9068887,3.4577427,0.6280000),(0.8926335,3.4622583,0.6280000),(0.8887670,3.4624465,0.6280000),(0.9068887,3.4577427,0.6280000),(0.8887670,3.4624465,0.6280000),(0.8849447,3.4622583,0.6280000),(0.9068887,3.4577427,0.6280000),(0.8849447,3.4622583,0.6280000),(0.8812279,3.4616938,0.6280000),(0.9068887,3.4577427,0.6280000),(0.8812279,3.4616938,0.6280000),(0.8776166,3.4607531,0.6280000),(0.9068887,3.4577427,0.6280000),(0.8776166,3.4607531,0.6280000),(0.8741107,3.4594360,0.6280000),(0.9068887,3.4577427,0.6280000),(0.8741107,3.4594360,0.6280000),(0.8707103,3.4577427,0.6280000),(0.9068887,3.4577427,0.6280000),(0.8707103,3.4577427,0.6280000),(0.8674154,3.4556730,0.6280000),(0.9068887,3.4577427,0.6280000),(0.8674154,3.4556730,0.6280000),(0.8642260,3.4532270,0.6280000),(0.9068887,3.4577427,0.6280000),(0.8642260,3.4532270,0.6280000),(0.8611420,3.4504048,0.6280000),(0.9068887,3.4577427,0.6280000),(0.8611420,3.4504048,0.6280000),(0.8580072,3.4469803,0.6280000),(0.9068887,3.4577427,0.6280000),(0.8580072,3.4469803,0.6280000),(0.8552904,3.4433110,0.6280000),(0.9068887,3.4577427,0.6280000),(0.8552904,3.4433110,0.6280000),(0.8529916,3.4393970,0.6280000),(0.9068887,3.4577427,0.6280000),(0.8529916,3.4393970,0.6280000),(0.8511107,3.4352381,0.6280000),(0.9068887,3.4577427,0.6280000),(0.8511107,3.4352381,0.6280000),(0.8496478,3.4308345,0.6280000),(0.8496478,3.4308345,0.6280000),(0.8486029,3.4261860,0.6280000),(0.8479760,3.4212928,0.6280000),(0.8496478,3.4308345,0.6280000),(0.8479760,3.4212928,0.6280000),(0.8477670,3.4161548,0.6280000),(0.8496478,3.4308345,0.6280000),(0.8477670,3.4161548,0.6280000),(0.8477670,3.4158631,0.6280000),(0.8496478,3.4308345,0.6280000),(0.8477670,3.4158631,0.6280000),(0.8477670,3.3491548,0.6280000),(0.8496478,3.4308345,0.6280000),(0.8477670,3.3491548,0.6280000),(0.8479760,3.3439849,0.6280000),(0.8496478,3.4308345,0.6280000),(0.8479760,3.3439849,0.6280000),(0.8486029,3.3390584,0.6280000),(0.8496478,3.4308345,0.6280000),(0.8486029,3.3390584,0.6280000),(0.8496478,3.3343755,0.6280000),(0.8496478,3.4308345,0.6280000),(0.8496478,3.3343755,0.6280000),(0.8511107,3.3299360,0.6280000),(0.8496478,3.4308345,0.6280000),(0.8511107,3.3299360,0.6280000),(0.8529916,3.3257401,0.6280000),(0.8496478,3.4308345,0.6280000),(0.8529916,3.3257401,0.6280000),(0.8552904,3.3217876,0.6280000),(0.8496478,3.4308345,0.6280000),(0.8552904,3.3217876,0.6280000),(0.8580072,3.3180786,0.6280000),(0.8496478,3.4308345,0.6280000),(0.8580072,3.3180786,0.6280000),(0.8611420,3.3146131,0.6280000),(0.8611420,3.3146131,0.6280000),(0.8731003,3.3262798,0.6280000),(0.8693998,3.3308605,0.6280000),(0.8611420,3.3146131,0.6280000),(0.8693998,3.3308605,0.6280000),(0.8667566,3.3362277,0.6280000),(0.8611420,3.3146131,0.6280000),(0.8667566,3.3362277,0.6280000),(0.8651706,3.3423813,0.6280000),(0.8496478,3.4308345,0.6280000),(0.8611420,3.3146131,0.6280000),(0.8651706,3.3423813,0.6280000),(0.8496478,3.4308345,0.6280000),(0.8651706,3.3423813,0.6280000),(0.8647741,3.3457531,0.6280000),(0.8496478,3.4308345,0.6280000),(0.8647741,3.3457531,0.6280000),(0.8646420,3.3493215,0.6280000),(0.8496478,3.4308345,0.6280000),(0.8646420,3.3493215,0.6280000),(0.8646420,3.4161548,0.6280000),(0.8496478,3.4308345,0.6280000),(0.8646420,3.4161548,0.6280000),(0.8647728,3.4196313,0.6280000),(0.8496478,3.4308345,0.6280000),(0.8647728,3.4196313,0.6280000),(0.8651654,3.4229152,0.6280000),(0.8496478,3.4308345,0.6280000),(0.8651654,3.4229152,0.6280000),(0.8658197,3.4260063,0.6280000),(0.8496478,3.4308345,0.6280000),(0.8658197,3.4260063,0.6280000),(0.8667357,3.4289048,0.6280000),(0.8496478,3.4308345,0.6280000),(0.8667357,3.4289048,0.6280000),(0.8693529,3.4341235,0.6280000),(0.8496478,3.4308345,0.6280000),(0.8693529,3.4341235,0.6280000),(0.8730170,3.4385715,0.6280000),(0.8496478,3.4308345,0.6280000),(0.8730170,3.4385715,0.6280000),(0.8767670,3.4416704,0.6280000),(0.8496478,3.4308345,0.6280000),(0.8767670,3.4416704,0.6280000),(0.8806420,3.4438840,0.6280000),(0.9068887,3.4577427,0.6280000),(0.8496478,3.4308345,0.6280000),(0.8806420,3.4438840,0.6280000),(0.9068887,3.4577427,0.6280000),(0.8806420,3.4438840,0.6280000),(0.8846420,3.4452121,0.6280000),(0.9068887,3.4577427,0.6280000),(0.8846420,3.4452121,0.6280000),(0.8887670,3.4456548,0.6280000),(0.9068887,3.4577427,0.6280000),(0.8887670,3.4456548,0.6280000),(0.8930613,3.4452121,0.6280000),(0.9068887,3.4577427,0.6280000),(0.8930613,3.4452121,0.6280000),(0.8971107,3.4438840,0.6280000),(0.9068887,3.4577427,0.6280000),(0.8971107,3.4438840,0.6280000),(0.9009154,3.4416704,0.6280000),(0.9068887,3.4577427,0.6280000),(0.9009154,3.4416704,0.6280000),(0.9044753,3.4385715,0.6280000),(0.9068887,3.4577427,0.6280000),(0.9044753,3.4385715,0.6280000),(0.9081394,3.4339022,0.6280000),(0.9068887,3.4577427,0.6280000),(0.9081394,3.4339022,0.6280000),(0.9107566,3.4285610,0.6280000),(0.9068887,3.4577427,0.6280000),(0.9107566,3.4285610,0.6280000),(0.9123269,3.4225480,0.6280000),(0.9294734,3.3441092,0.6280000),(0.9068887,3.4577427,0.6280000),(0.9123269,3.4225480,0.6280000),(0.9294734,3.3441092,0.6280000),(0.9123269,3.4225480,0.6280000),(0.9127195,3.4192895,0.6280000),(0.9294734,3.3441092,0.6280000),(0.9127195,3.4192895,0.6280000),(0.9128503,3.4158631,0.6280000),(0.9294734,3.3441092,0.6280000),(0.9128503,3.4158631,0.6280000),(0.9128503,3.3493215,0.6280000),(0.9294734,3.3441092,0.6280000),(0.9128503,3.3493215,0.6280000),(0.9127195,3.3457922,0.6280000),(0.9294734,3.3441092,0.6280000),(0.9127195,3.3457922,0.6280000),(0.9123269,3.3424543,0.6280000),(0.9294734,3.3441092,0.6280000),(0.9123269,3.3424543,0.6280000),(0.9116726,3.3393078,0.6280000),(0.9294734,3.3441092,0.6280000),(0.9116726,3.3393078,0.6280000),(0.9107566,3.3363527,0.6280000),(0.9294734,3.3441092,0.6280000),(0.9107566,3.3363527,0.6280000),(0.9081394,3.3310168,0.6280000),(0.9294734,3.3441092,0.6280000),(0.9081394,3.3310168,0.6280000),(0.9044753,3.3264465,0.6280000),(0.9294734,3.3441092,0.6280000),(0.9044753,3.3264465,0.6280000),(0.9008842,3.3233840,0.6280000),(0.8767045,3.3232902,0.6280000),(0.8731003,3.3262798,0.6280000),(0.8611420,3.3146131,0.6280000),(0.8805170,3.3211548,0.6280000),(0.8767045,3.3232902,0.6280000),(0.8611420,3.3146131,0.6280000),(0.8845378,3.3198735,0.6280000),(0.8805170,3.3211548,0.6280000),(0.8611420,3.3146131,0.6280000),(0.8887670,3.3194465,0.6280000),(0.8845378,3.3198735,0.6280000),(0.8611420,3.3146131,0.6280000),(0.8930300,3.3198840,0.6280000),(0.8887670,3.3194465,0.6280000),(0.8611420,3.3146131,0.6280000),(0.8930300,3.3198840,0.6280000),(0.8611420,3.3146131,0.6280000),(0.8641687,3.3118299,0.6280000),(0.8930300,3.3198840,0.6280000),(0.8641687,3.3118299,0.6280000),(0.8673113,3.3094178,0.6280000),(0.8970691,3.3211965,0.6280000),(0.8930300,3.3198840,0.6280000),(0.8673113,3.3094178,0.6280000),(0.8970691,3.3211965,0.6280000),(0.8673113,3.3094178,0.6280000),(0.8705697,3.3073768,0.6280000),(0.8970691,3.3211965,0.6280000),(0.8705697,3.3073768,0.6280000),(0.8739441,3.3057069,0.6280000),(0.9008842,3.3233840,0.6280000),(0.8970691,3.3211965,0.6280000),(0.8739441,3.3057069,0.6280000),(0.9008842,3.3233840,0.6280000),(0.8739441,3.3057069,0.6280000),(0.8774343,3.3044080,0.6280000),(0.9294734,3.3441092,0.6280000),(0.9008842,3.3233840,0.6280000),(0.8774343,3.3044080,0.6280000),(0.9294734,3.3441092,0.6280000),(0.8774343,3.3044080,0.6280000),(0.8810404,3.3034803,0.6280000),(0.9294734,3.3441092,0.6280000),(0.8810404,3.3034803,0.6280000),(0.8847624,3.3029237,0.6280000),(0.9294734,3.3441092,0.6280000),(0.8847624,3.3029237,0.6280000),(0.8886003,3.3027381,0.6280000),(0.9294734,3.3441092,0.6280000),(0.8886003,3.3027381,0.6280000),(0.8925046,3.3029204,0.6280000),(0.9294734,3.3441092,0.6280000),(0.8925046,3.3029204,0.6280000),(0.8962800,3.3034673,0.6280000),(0.9294734,3.3441092,0.6280000),(0.8962800,3.3034673,0.6280000),(0.8999265,3.3043787,0.6280000),(0.9294734,3.3441092,0.6280000),(0.8999265,3.3043787,0.6280000),(0.9034441,3.3056548,0.6280000),(0.9294734,3.3441092,0.6280000),(0.9034441,3.3056548,0.6280000),(0.9068327,3.3072954,0.6280000),(0.9294734,3.3441092,0.6280000),(0.9068327,3.3072954,0.6280000),(0.9100925,3.3093006,0.6280000),(0.9294734,3.3441092,0.6280000),(0.9100925,3.3093006,0.6280000),(0.9132234,3.3116704,0.6280000),(0.9294734,3.3441092,0.6280000),(0.9132234,3.3116704,0.6280000),(0.9162253,3.3144048,0.6280000),(0.9294734,3.3441092,0.6280000),(0.9162253,3.3144048,0.6280000),(0.9193796,3.3179217,0.6280000),(0.9294734,3.3441092,0.6280000),(0.9193796,3.3179217,0.6280000),(0.9221133,3.3216808,0.6280000),(0.9294734,3.3441092,0.6280000),(0.9221133,3.3216808,0.6280000),(0.9244265,3.3256821,0.6280000),(0.9294734,3.3441092,0.6280000),(0.9244265,3.3256821,0.6280000),(0.9263191,3.3299256,0.6280000),(0.9294734,3.3441092,0.6280000),(0.9263191,3.3299256,0.6280000),(0.9277911,3.3344113,0.6280000),(0.9294734,3.3441092,0.6280000),(0.9277911,3.3344113,0.6280000),(0.9288425,3.3391392,0.6280000),(1.2841400,3.3443996,0.6280000),(1.2843503,3.3496965,0.6280000),(1.2842995,3.3537627,0.6280000),(1.2841400,3.3443996,0.6280000),(1.2842995,3.3537627,0.6280000),(1.2841472,3.3576698,0.6280000),(1.2841400,3.3443996,0.6280000),(1.2841472,3.3576698,0.6280000),(1.2838933,3.3614176,0.6280000),(1.2841400,3.3443996,0.6280000),(1.2838933,3.3614176,0.6280000),(1.2835378,3.3650063,0.6280000),(1.2841400,3.3443996,0.6280000),(1.2835378,3.3650063,0.6280000),(1.2830808,3.3684359,0.6280000),(1.2841400,3.3443996,0.6280000),(1.2830808,3.3684359,0.6280000),(1.2825222,3.3717062,0.6280000),(1.2841400,3.3443996,0.6280000),(1.2825222,3.3717062,0.6280000),(1.2818620,3.3748174,0.6280000),(1.2841400,3.3443996,0.6280000),(1.2818620,3.3748174,0.6280000),(1.2811003,3.3777694,0.6280000),(1.2841400,3.3443996,0.6280000),(1.2811003,3.3777694,0.6280000),(1.2792722,3.3831958,0.6280000),(1.2841400,3.3443996,0.6280000),(1.2792722,3.3831958,0.6280000),(1.2770378,3.3879855,0.6280000),(1.2841400,3.3443996,0.6280000),(1.2770378,3.3879855,0.6280000),(1.2743972,3.3921385,0.6280000),(1.2841400,3.3443996,0.6280000),(1.2743972,3.3921385,0.6280000),(1.2713503,3.3956548,0.6280000),(1.2841400,3.3443996,0.6280000),(1.2713503,3.3956548,0.6280000),(1.2682208,3.3983892,0.6280000),(1.2841400,3.3443996,0.6280000),(1.2682208,3.3983892,0.6280000),(1.2649988,3.4007590,0.6280000),(1.2841400,3.3443996,0.6280000),(1.2649988,3.4007590,0.6280000),(1.2616843,3.4027642,0.6280000),(1.2841400,3.3443996,0.6280000),(1.2616843,3.4027642,0.6280000),(1.2582774,3.4044048,0.6280000),(1.2841400,3.3443996,0.6280000),(1.2582774,3.4044048,0.6280000),(1.2547781,3.4056808,0.6280000),(1.2841400,3.3443996,0.6280000),(1.2547781,3.4056808,0.6280000),(1.2511863,3.4065923,0.6280000),(1.2841400,3.3443996,0.6280000),(1.2511863,3.4065923,0.6280000),(1.2475020,3.4071392,0.6280000),(1.2475020,3.4071392,0.6280000),(1.2437253,3.4073215,0.6280000),(1.2402357,3.4071815,0.6280000),(1.2475020,3.4071392,0.6280000),(1.2402357,3.4071815,0.6280000),(1.2368712,3.4067616,0.6280000),(1.2475020,3.4071392,0.6280000),(1.2368712,3.4067616,0.6280000),(1.2336316,3.4060617,0.6280000),(1.2475020,3.4071392,0.6280000),(1.2336316,3.4060617,0.6280000),(1.2305170,3.4050819,0.6280000),(1.2475020,3.4071392,0.6280000),(1.2305170,3.4050819,0.6280000),(1.2275274,3.4038221,0.6280000),(1.2475020,3.4071392,0.6280000),(1.2275274,3.4038221,0.6280000),(1.2246628,3.4022824,0.6280000),(1.2475020,3.4071392,0.6280000),(1.2246628,3.4022824,0.6280000),(1.2219232,3.4004627,0.6280000),(1.2475020,3.4071392,0.6280000),(1.2219232,3.4004627,0.6280000),(1.2193087,3.3983631,0.6280000),(1.2630482,3.4338319,0.6280000),(1.2656837,3.4283631,0.6280000),(1.2689545,3.4246131,0.6280000),(1.2630482,3.4338319,0.6280000),(1.2689545,3.4246131,0.6280000),(1.2735170,3.4225298,0.6280000),(1.2593087,3.4385715,0.6280000),(1.2630482,3.4338319,0.6280000),(1.2735170,3.4225298,0.6280000),(1.2593087,3.4385715,0.6280000),(1.2735170,3.4225298,0.6280000),(1.2765092,3.4237720,0.6280000),(1.2593087,3.4385715,0.6280000),(1.2765092,3.4237720,0.6280000),(1.2789024,3.4255819,0.6280000),(1.2556446,3.4416704,0.6280000),(1.2593087,3.4385715,0.6280000),(1.2789024,3.4255819,0.6280000),(1.2556446,3.4416704,0.6280000),(1.2789024,3.4255819,0.6280000),(1.2818920,3.4309048,0.6280000),(1.2517774,3.4438840,0.6280000),(1.2556446,3.4416704,0.6280000),(1.2818920,3.4309048,0.6280000),(1.2517774,3.4438840,0.6280000),(1.2818920,3.4309048,0.6280000),(1.2816420,3.4338215,0.6280000),(1.2517774,3.4438840,0.6280000),(1.2816420,3.4338215,0.6280000),(1.2797097,3.4384204,0.6280000),(1.2477071,3.4452121,0.6280000),(1.2517774,3.4438840,0.6280000),(1.2797097,3.4384204,0.6280000),(1.2477071,3.4452121,0.6280000),(1.2797097,3.4384204,0.6280000),(1.2772878,3.4427173,0.6280000),(1.2434337,3.4456548,0.6280000),(1.2477071,3.4452121,0.6280000),(1.2772878,3.4427173,0.6280000),(1.2434337,3.4456548,0.6280000),(1.2772878,3.4427173,0.6280000),(1.2743764,3.4467121,0.6280000),(1.2434337,3.4456548,0.6280000),(1.2743764,3.4467121,0.6280000),(1.2709753,3.4504048,0.6280000),(1.2396811,3.4451834,0.6280000),(1.2434337,3.4456548,0.6280000),(1.2709753,3.4504048,0.6280000),(1.2396811,3.4451834,0.6280000),(1.2709753,3.4504048,0.6280000),(1.2679564,3.4532270,0.6280000),(1.2396811,3.4451834,0.6280000),(1.2679564,3.4532270,0.6280000),(1.2648165,3.4556730,0.6280000),(1.2357149,3.4437694,0.6280000),(1.2396811,3.4451834,0.6280000),(1.2648165,3.4556730,0.6280000),(1.2357149,3.4437694,0.6280000),(1.2648165,3.4556730,0.6280000),(1.2615554,3.4577427,0.6280000),(1.2357149,3.4437694,0.6280000),(1.2615554,3.4577427,0.6280000),(1.2581732,3.4594360,0.6280000),(1.2315352,3.4414126,0.6280000),(1.2357149,3.4437694,0.6280000),(1.2581732,3.4594360,0.6280000),(1.2315352,3.4414126,0.6280000),(1.2581732,3.4594360,0.6280000),(1.2546700,3.4607531,0.6280000),(1.2271420,3.4381131,0.6280000),(1.2315352,3.4414126,0.6280000),(1.2546700,3.4607531,0.6280000),(1.2271420,3.4381131,0.6280000),(1.2546700,3.4607531,0.6280000),(1.2510456,3.4616938,0.6280000),(1.2271420,3.4381131,0.6280000),(1.2510456,3.4616938,0.6280000),(1.2473002,3.4622583,0.6280000),(1.2237149,3.4343215,0.6280000),(1.2271420,3.4381131,0.6280000),(1.2473002,3.4622583,0.6280000),(1.2237149,3.4343215,0.6280000),(1.2473002,3.4622583,0.6280000),(1.2434337,3.4624465,0.6280000),(1.2237149,3.4343215,0.6280000),(1.2434337,3.4624465,0.6280000),(1.2400821,3.4622655,0.6280000),(1.2237149,3.4343215,0.6280000),(1.2400821,3.4622655,0.6280000),(1.2367149,3.4617225,0.6280000),(1.2212670,3.4293215,0.6280000),(1.2237149,3.4343215,0.6280000),(1.2367149,3.4617225,0.6280000),(1.2212670,3.4293215,0.6280000),(1.2367149,3.4617225,0.6280000),(1.2333321,3.4608175,0.6280000),(1.2212670,3.4293215,0.6280000),(1.2333321,3.4608175,0.6280000),(1.2299337,3.4595506,0.6280000),(1.2204102,3.4263683,0.6280000),(1.2212670,3.4293215,0.6280000),(1.2299337,3.4595506,0.6280000),(1.2204102,3.4263683,0.6280000),(1.2299337,3.4595506,0.6280000),(1.2265196,3.4579217,0.6280000),(1.2204102,3.4263683,0.6280000),(1.2265196,3.4579217,0.6280000),(1.2230899,3.4559308,0.6280000),(1.2197982,3.4231131,0.6280000),(1.2204102,3.4263683,0.6280000),(1.2230899,3.4559308,0.6280000),(1.2194311,3.4195558,0.6280000),(1.2197982,3.4231131,0.6280000),(1.2230899,3.4559308,0.6280000),(1.2194311,3.4195558,0.6280000),(1.2230899,3.4559308,0.6280000),(1.2196446,3.4535780,0.6280000),(1.2193087,3.4156965,0.6280000),(1.2194311,3.4195558,0.6280000),(1.2196446,3.4535780,0.6280000),(1.2193087,3.4156965,0.6280000),(1.2196446,3.4535780,0.6280000),(1.2161837,3.4508631,0.6280000),(1.2193087,3.3983631,0.6280000),(1.2193087,3.4156965,0.6280000),(1.2161837,3.4508631,0.6280000),(1.2193087,3.3983631,0.6280000),(1.2161837,3.4508631,0.6280000),(1.2129610,3.4478507,0.6280000),(1.2193087,3.3983631,0.6280000),(1.2129610,3.4478507,0.6280000),(1.2101680,3.4444595,0.6280000),(1.2193087,3.3983631,0.6280000),(1.2101680,3.4444595,0.6280000),(1.2078047,3.4406893,0.6280000),(1.2193087,3.3983631,0.6280000),(1.2078047,3.4406893,0.6280000),(1.2058712,3.4365402,0.6280000),(1.2193087,3.3983631,0.6280000),(1.2058712,3.4365402,0.6280000),(1.2043672,3.4320122,0.6280000),(1.2193087,3.3983631,0.6280000),(1.2043672,3.4320122,0.6280000),(1.2032930,3.4271053,0.6280000),(1.2193087,3.3983631,0.6280000),(1.2032930,3.4271053,0.6280000),(1.2026485,3.4218195,0.6280000),(1.2193087,3.3983631,0.6280000),(1.2026485,3.4218195,0.6280000),(1.2024337,3.4161548,0.6280000),(1.2193087,3.3983631,0.6280000),(1.2024337,3.4161548,0.6280000),(1.2024337,3.3641965,0.6280000),(1.2475020,3.4071392,0.6280000),(1.2193087,3.3983631,0.6280000),(1.2024337,3.3641965,0.6280000),(1.2024337,3.3641965,0.6280000),(1.2180170,3.3644465,0.6280000),(1.2186264,3.3693787,0.6280000),(1.2024337,3.3641965,0.6280000),(1.2186264,3.3693787,0.6280000),(1.2204545,3.3742173,0.6280000),(1.2024337,3.3641965,0.6280000),(1.2204545,3.3742173,0.6280000),(1.2235014,3.3789621,0.6280000),(1.2475020,3.4071392,0.6280000),(1.2024337,3.3641965,0.6280000),(1.2235014,3.3789621,0.6280000),(1.2475020,3.4071392,0.6280000),(1.2235014,3.3789621,0.6280000),(1.2277670,3.3836131,0.6280000),(1.2475020,3.4071392,0.6280000),(1.2277670,3.3836131,0.6280000),(1.2315300,3.3866756,0.6280000),(1.2475020,3.4071392,0.6280000),(1.2315300,3.3866756,0.6280000),(1.2354441,3.3888631,0.6280000),(1.2475020,3.4071392,0.6280000),(1.2354441,3.3888631,0.6280000),(1.2395092,3.3901756,0.6280000),(1.2475020,3.4071392,0.6280000),(1.2395092,3.3901756,0.6280000),(1.2437253,3.3906131,0.6280000),(1.2475020,3.4071392,0.6280000),(1.2437253,3.3906131,0.6280000),(1.2478868,3.3901756,0.6280000),(1.2475020,3.4071392,0.6280000),(1.2478868,3.3901756,0.6280000),(1.2519128,3.3888631,0.6280000),(1.2475020,3.4071392,0.6280000),(1.2519128,3.3888631,0.6280000),(1.2558034,3.3866756,0.6280000),(1.2475020,3.4071392,0.6280000),(1.2558034,3.3866756,0.6280000),(1.2595587,3.3836131,0.6280000),(1.2475020,3.4071392,0.6280000),(1.2595587,3.3836131,0.6280000),(1.2630404,3.3785506,0.6280000),(1.2841400,3.3443996,0.6280000),(1.2475020,3.4071392,0.6280000),(1.2630404,3.3785506,0.6280000),(1.2841400,3.3443996,0.6280000),(1.2630404,3.3785506,0.6280000),(1.2644083,3.3751600,0.6280000),(1.2841400,3.3443996,0.6280000),(1.2644083,3.3751600,0.6280000),(1.2655274,3.3711965,0.6280000),(1.2841400,3.3443996,0.6280000),(1.2655274,3.3711965,0.6280000),(1.2663978,3.3666600,0.6280000),(1.2841400,3.3443996,0.6280000),(1.2663978,3.3666600,0.6280000),(1.2670196,3.3615506,0.6280000),(1.2841400,3.3443996,0.6280000),(1.2670196,3.3615506,0.6280000),(1.2673926,3.3558683,0.6280000),(1.2841400,3.3443996,0.6280000),(1.2673926,3.3558683,0.6280000),(1.2675170,3.3496131,0.6280000),(1.2841400,3.3443996,0.6280000),(1.2675170,3.3496131,0.6280000),(1.2673842,3.3460129,0.6280000),(1.2841400,3.3443996,0.6280000),(1.2673842,3.3460129,0.6280000),(1.2669857,3.3426079,0.6280000),(1.2841400,3.3443996,0.6280000),(1.2669857,3.3426079,0.6280000),(1.2663217,3.3393983,0.6280000),(1.2841400,3.3443996,0.6280000),(1.2663217,3.3393983,0.6280000),(1.2653920,3.3363840,0.6280000),(1.2841400,3.3443996,0.6280000),(1.2653920,3.3363840,0.6280000),(1.2627357,3.3309412,0.6280000),(1.2841400,3.3443996,0.6280000),(1.2627357,3.3309412,0.6280000),(1.2590170,3.3262798,0.6280000),(1.2841400,3.3443996,0.6280000),(1.2590170,3.3262798,0.6280000),(1.2554232,3.3232902,0.6280000),(1.2180536,3.3608950,0.6280000),(1.2180170,3.3644465,0.6280000),(1.2024337,3.3641965,0.6280000),(1.2181635,3.3575011,0.6280000),(1.2180536,3.3608950,0.6280000),(1.2024337,3.3641965,0.6280000),(1.2186029,3.3511860,0.6280000),(1.2181635,3.3575011,0.6280000),(1.2024337,3.3641965,0.6280000),(1.2193353,3.3455011,0.6280000),(1.2186029,3.3511860,0.6280000),(1.2024337,3.3641965,0.6280000),(1.2203607,3.3404465,0.6280000),(1.2193353,3.3455011,0.6280000),(1.2024337,3.3641965,0.6280000),(1.2216791,3.3360220,0.6280000),(1.2203607,3.3404465,0.6280000),(1.2024337,3.3641965,0.6280000),(1.2232904,3.3322277,0.6280000),(1.2216791,3.3360220,0.6280000),(1.2024337,3.3641965,0.6280000),(1.2251947,3.3290636,0.6280000),(1.2232904,3.3322277,0.6280000),(1.2024337,3.3641965,0.6280000),(1.2251947,3.3290636,0.6280000),(1.2024337,3.3641965,0.6280000),(1.2024864,3.3596416,0.6280000),(1.2251947,3.3290636,0.6280000),(1.2024864,3.3596416,0.6280000),(1.2026446,3.3552791,0.6280000),(1.2251947,3.3290636,0.6280000),(1.2026446,3.3552791,0.6280000),(1.2029083,3.3511090,0.6280000),(1.2273920,3.3265298,0.6280000),(1.2251947,3.3290636,0.6280000),(1.2029083,3.3511090,0.6280000),(1.2273920,3.3265298,0.6280000),(1.2029083,3.3511090,0.6280000),(1.2032774,3.3471313,0.6280000),(1.2273920,3.3265298,0.6280000),(1.2032774,3.3471313,0.6280000),(1.2037520,3.3433460,0.6280000),(1.2312123,3.3234308,0.6280000),(1.2273920,3.3265298,0.6280000),(1.2037520,3.3433460,0.6280000),(1.2312123,3.3234308,0.6280000),(1.2037520,3.3433460,0.6280000),(1.2043321,3.3397531,0.6280000),(1.2312123,3.3234308,0.6280000),(1.2043321,3.3397531,0.6280000),(1.2050176,3.3363525,0.6280000),(1.2351732,3.3212173,0.6280000),(1.2312123,3.3234308,0.6280000),(1.2050176,3.3363525,0.6280000),(1.2351732,3.3212173,0.6280000),(1.2050176,3.3363525,0.6280000),(1.2058087,3.3331444,0.6280000),(1.2351732,3.3212173,0.6280000),(1.2058087,3.3331444,0.6280000),(1.2067051,3.3301286,0.6280000),(1.2392748,3.3198892,0.6280000),(1.2351732,3.3212173,0.6280000),(1.2067051,3.3301286,0.6280000),(1.2392748,3.3198892,0.6280000),(1.2067051,3.3301286,0.6280000),(1.2077071,3.3273052,0.6280000),(1.2392748,3.3198892,0.6280000),(1.2077071,3.3273052,0.6280000),(1.2100274,3.3222355,0.6280000),(1.2435170,3.3194465,0.6280000),(1.2392748,3.3198892,0.6280000),(1.2100274,3.3222355,0.6280000),(1.2435170,3.3194465,0.6280000),(1.2100274,3.3222355,0.6280000),(1.2127696,3.3179354,0.6280000),(1.2435170,3.3194465,0.6280000),(1.2127696,3.3179354,0.6280000),(1.2159337,3.3144048,0.6280000),(1.2476732,3.3198735,0.6280000),(1.2435170,3.3194465,0.6280000),(1.2159337,3.3144048,0.6280000),(1.2476732,3.3198735,0.6280000),(1.2159337,3.3144048,0.6280000),(1.2190580,3.3116704,0.6280000),(1.2476732,3.3198735,0.6280000),(1.2190580,3.3116704,0.6280000),(1.2222852,3.3093006,0.6280000),(1.2516420,3.3211548,0.6280000),(1.2476732,3.3198735,0.6280000),(1.2222852,3.3093006,0.6280000),(1.2516420,3.3211548,0.6280000),(1.2222852,3.3093006,0.6280000),(1.2256153,3.3072954,0.6280000),(1.2516420,3.3211548,0.6280000),(1.2256153,3.3072954,0.6280000),(1.2290482,3.3056548,0.6280000),(1.2554232,3.3232902,0.6280000),(1.2516420,3.3211548,0.6280000),(1.2290482,3.3056548,0.6280000),(1.2554232,3.3232902,0.6280000),(1.2290482,3.3056548,0.6280000),(1.2325840,3.3043787,0.6280000),(1.2841400,3.3443996,0.6280000),(1.2554232,3.3232902,0.6280000),(1.2325840,3.3043787,0.6280000),(1.2841400,3.3443996,0.6280000),(1.2325840,3.3043787,0.6280000),(1.2362227,3.3034673,0.6280000),(1.2841400,3.3443996,0.6280000),(1.2362227,3.3034673,0.6280000),(1.2399643,3.3029204,0.6280000),(1.2841400,3.3443996,0.6280000),(1.2399643,3.3029204,0.6280000),(1.2438087,3.3027381,0.6280000),(1.2841400,3.3443996,0.6280000),(1.2438087,3.3027381,0.6280000),(1.2475587,3.3029237,0.6280000),(1.2841400,3.3443996,0.6280000),(1.2475587,3.3029237,0.6280000),(1.2512045,3.3034803,0.6280000),(1.2841400,3.3443996,0.6280000),(1.2512045,3.3034803,0.6280000),(1.2547462,3.3044080,0.6280000),(1.2841400,3.3443996,0.6280000),(1.2547462,3.3044080,0.6280000),(1.2581837,3.3057069,0.6280000),(1.2841400,3.3443996,0.6280000),(1.2581837,3.3057069,0.6280000),(1.2615170,3.3073768,0.6280000),(1.2841400,3.3443996,0.6280000),(1.2615170,3.3073768,0.6280000),(1.2647462,3.3094178,0.6280000),(1.2841400,3.3443996,0.6280000),(1.2647462,3.3094178,0.6280000),(1.2678712,3.3118299,0.6280000),(1.2841400,3.3443996,0.6280000),(1.2678712,3.3118299,0.6280000),(1.2708920,3.3146131,0.6280000),(1.2841400,3.3443996,0.6280000),(1.2708920,3.3146131,0.6280000),(1.2740463,3.3180871,0.6280000),(1.2841400,3.3443996,0.6280000),(1.2740463,3.3180871,0.6280000),(1.2767800,3.3218215,0.6280000),(1.2841400,3.3443996,0.6280000),(1.2767800,3.3218215,0.6280000),(1.2790932,3.3258162,0.6280000),(1.2841400,3.3443996,0.6280000),(1.2790932,3.3258162,0.6280000),(1.2809857,3.3300715,0.6280000),(1.2841400,3.3443996,0.6280000),(1.2809857,3.3300715,0.6280000),(1.2824577,3.3345871,0.6280000),(1.2841400,3.3443996,0.6280000),(1.2824577,3.3345871,0.6280000),(1.2835092,3.3393631,0.6280000),(1.1597670,3.3928215,0.6280000),(1.1616420,3.3947381,0.6280000),(1.1638490,3.3977922,0.6280000),(1.1597670,3.3928215,0.6280000),(1.1638490,3.3977922,0.6280000),(1.1657618,3.4009959,0.6280000),(1.1597670,3.3928215,0.6280000),(1.1657618,3.4009959,0.6280000),(1.1673803,3.4043494,0.6280000),(1.1597670,3.3928215,0.6280000),(1.1673803,3.4043494,0.6280000),(1.1687045,3.4078527,0.6280000),(1.1597670,3.3928215,0.6280000),(1.1687045,3.4078527,0.6280000),(1.1697344,3.4115057,0.6280000),(1.1597670,3.3928215,0.6280000),(1.1697344,3.4115057,0.6280000),(1.1704701,3.4153084,0.6280000),(1.1597670,3.3928215,0.6280000),(1.1704701,3.4153084,0.6280000),(1.1709115,3.4192609,0.6280000),(1.1597670,3.3928215,0.6280000),(1.1709115,3.4192609,0.6280000),(1.1710587,3.4233631,0.6280000),(1.1597670,3.3928215,0.6280000),(1.1710587,3.4233631,0.6280000),(1.1709122,3.4274621,0.6280000),(1.1597670,3.3928215,0.6280000),(1.1709122,3.4274621,0.6280000),(1.1704727,3.4313840,0.6280000),(1.1597670,3.3928215,0.6280000),(1.1704727,3.4313840,0.6280000),(1.1697403,3.4351287,0.6280000),(1.1597670,3.3928215,0.6280000),(1.1697403,3.4351287,0.6280000),(1.1687149,3.4386965,0.6280000),(1.1597670,3.3928215,0.6280000),(1.1687149,3.4386965,0.6280000),(1.1673965,3.4420871,0.6280000),(1.1597670,3.3928215,0.6280000),(1.1673965,3.4420871,0.6280000),(1.1657852,3.4453006,0.6280000),(1.1597670,3.3928215,0.6280000),(1.1657852,3.4453006,0.6280000),(1.1638809,3.4483371,0.6280000),(1.1597670,3.3928215,0.6280000),(1.1638809,3.4483371,0.6280000),(1.1616837,3.4511965,0.6280000),(1.1597670,3.3928215,0.6280000),(1.1616837,3.4511965,0.6280000),(1.1592527,3.4537941,0.6280000),(1.1597670,3.3928215,0.6280000),(1.1592527,3.4537941,0.6280000),(1.1566264,3.4560454,0.6280000),(1.1597670,3.3928215,0.6280000),(1.1566264,3.4560454,0.6280000),(1.1538047,3.4579504,0.6280000),(1.1597670,3.3928215,0.6280000),(1.1538047,3.4579504,0.6280000),(1.1507878,3.4595090,0.6280000),(1.1507878,3.4595090,0.6280000),(1.1475756,3.4607212,0.6280000),(1.1441680,3.4615871,0.6280000),(1.1507878,3.4595090,0.6280000),(1.1441680,3.4615871,0.6280000),(1.1405652,3.4621066,0.6280000),(1.1507878,3.4595090,0.6280000),(1.1405652,3.4621066,0.6280000),(1.1367670,3.4622798,0.6280000),(1.1507878,3.4595090,0.6280000),(1.1367670,3.4622798,0.6280000),(1.1330066,3.4621073,0.6280000),(1.1507878,3.4595090,0.6280000),(1.1330066,3.4621073,0.6280000),(1.1294128,3.4615897,0.6280000),(1.1507878,3.4595090,0.6280000),(1.1294128,3.4615897,0.6280000),(1.1259857,3.4607270,0.6280000),(1.1507878,3.4595090,0.6280000),(1.1259857,3.4607270,0.6280000),(1.1227253,3.4595194,0.6280000),(1.1507878,3.4595090,0.6280000),(1.1227253,3.4595194,0.6280000),(1.1196316,3.4579666,0.6280000),(1.1507878,3.4595090,0.6280000),(1.1196316,3.4579666,0.6280000),(1.1167045,3.4560688,0.6280000),(1.1507878,3.4595090,0.6280000),(1.1167045,3.4560688,0.6280000),(1.1139441,3.4538260,0.6280000),(1.1507878,3.4595090,0.6280000),(1.1139441,3.4538260,0.6280000),(1.1113503,3.4512381,0.6280000),(1.1507878,3.4595090,0.6280000),(1.1113503,3.4512381,0.6280000),(1.1089968,3.4483872,0.6280000),(1.1507878,3.4595090,0.6280000),(1.1089968,3.4483872,0.6280000),(1.1069571,3.4453553,0.6280000),(1.1507878,3.4595090,0.6280000),(1.1069571,3.4453553,0.6280000),(1.1052312,3.4421424,0.6280000),(1.1507878,3.4595090,0.6280000),(1.1052312,3.4421424,0.6280000),(1.1038191,3.4387485,0.6280000),(1.1507878,3.4595090,0.6280000),(1.1038191,3.4387485,0.6280000),(1.1027208,3.4351737,0.6280000),(1.1507878,3.4595090,0.6280000),(1.1027208,3.4351737,0.6280000),(1.1019363,3.4314178,0.6280000),(1.1507878,3.4595090,0.6280000),(1.1019363,3.4314178,0.6280000),(1.1014656,3.4274810,0.6280000),(1.1014656,3.4274810,0.6280000),(1.1013087,3.4233631,0.6280000),(1.1019128,3.4201235,0.6280000),(1.1014656,3.4274810,0.6280000),(1.1019128,3.4201235,0.6280000),(1.1037253,3.4174048,0.6280000),(1.1014656,3.4274810,0.6280000),(1.1037253,3.4174048,0.6280000),(1.1064128,3.4155610,0.6280000),(1.1014656,3.4274810,0.6280000),(1.1064128,3.4155610,0.6280000),(1.1096420,3.4149465,0.6280000),(1.1014656,3.4274810,0.6280000),(1.1096420,3.4149465,0.6280000),(1.1129024,3.4155610,0.6280000),(1.1014656,3.4274810,0.6280000),(1.1129024,3.4155610,0.6280000),(1.1156003,3.4174048,0.6280000),(1.1014656,3.4274810,0.6280000),(1.1156003,3.4174048,0.6280000),(1.1174128,3.4201235,0.6280000),(1.1014656,3.4274810,0.6280000),(1.1174128,3.4201235,0.6280000),(1.1180170,3.4233631,0.6280000),(1.1014656,3.4274810,0.6280000),(1.1180170,3.4233631,0.6280000),(1.1183581,3.4283345,0.6280000),(1.1014656,3.4274810,0.6280000),(1.1183581,3.4283345,0.6280000),(1.1193816,3.4327069,0.6280000),(1.1014656,3.4274810,0.6280000),(1.1193816,3.4327069,0.6280000),(1.1210873,3.4364803,0.6280000),(1.1014656,3.4274810,0.6280000),(1.1210873,3.4364803,0.6280000),(1.1234753,3.4396548,0.6280000),(1.1014656,3.4274810,0.6280000),(1.1234753,3.4396548,0.6280000),(1.1262904,3.4422069,0.6280000),(1.1507878,3.4595090,0.6280000),(1.1014656,3.4274810,0.6280000),(1.1262904,3.4422069,0.6280000),(1.1507878,3.4595090,0.6280000),(1.1262904,3.4422069,0.6280000),(1.1294441,3.4440298,0.6280000),(1.1507878,3.4595090,0.6280000),(1.1294441,3.4440298,0.6280000),(1.1329363,3.4451235,0.6280000),(1.1507878,3.4595090,0.6280000),(1.1329363,3.4451235,0.6280000),(1.1367670,3.4454881,0.6280000),(1.1507878,3.4595090,0.6280000),(1.1367670,3.4454881,0.6280000),(1.1404623,3.4451261,0.6280000),(1.1507878,3.4595090,0.6280000),(1.1404623,3.4451261,0.6280000),(1.1437982,3.4440402,0.6280000),(1.1507878,3.4595090,0.6280000),(1.1437982,3.4440402,0.6280000),(1.1467748,3.4422303,0.6280000),(1.1507878,3.4595090,0.6280000),(1.1467748,3.4422303,0.6280000),(1.1493920,3.4396965,0.6280000),(1.1507878,3.4595090,0.6280000),(1.1493920,3.4396965,0.6280000),(1.1515248,3.4365037,0.6280000),(1.1507878,3.4595090,0.6280000),(1.1515248,3.4365037,0.6280000),(1.1530482,3.4327173,0.6280000),(1.1507878,3.4595090,0.6280000),(1.1530482,3.4327173,0.6280000),(1.1539623,3.4283371,0.6280000),(1.1597670,3.3928215,0.6280000),(1.1507878,3.4595090,0.6280000),(1.1539623,3.4283371,0.6280000),(1.1597670,3.3928215,0.6280000),(1.1539623,3.4283371,0.6280000),(1.1542670,3.4233631,0.6280000),(1.1597670,3.3928215,0.6280000),(1.1542670,3.4233631,0.6280000),(1.1539649,3.4183215,0.6280000),(1.1597670,3.3928215,0.6280000),(1.1539649,3.4183215,0.6280000),(1.1530587,3.4137798,0.6280000),(1.1597670,3.3928215,0.6280000),(1.1530587,3.4137798,0.6280000),(1.1515482,3.4097381,0.6280000),(1.1597670,3.3928215,0.6280000),(1.1515482,3.4097381,0.6280000),(1.1494337,3.4061965,0.6280000),(1.1597670,3.3928215,0.6280000),(1.1494337,3.4061965,0.6280000),(1.1469831,3.4036444,0.6280000),(1.1630899,3.3898215,0.6280000),(1.1597670,3.3928215,0.6280000),(1.1469831,3.4036444,0.6280000),(1.1630899,3.3898215,0.6280000),(1.1469831,3.4036444,0.6280000),(1.1442566,3.4018215,0.6280000),(1.1630899,3.3898215,0.6280000),(1.1442566,3.4018215,0.6280000),(1.1412540,3.4007277,0.6280000),(1.1630899,3.3898215,0.6280000),(1.1412540,3.4007277,0.6280000),(1.1379753,3.4003631,0.6280000),(1.1630899,3.3898215,0.6280000),(1.1379753,3.4003631,0.6280000),(1.1363087,3.4003631,0.6280000),(1.1630899,3.3898215,0.6280000),(1.1363087,3.4003631,0.6280000),(1.1336837,3.4003631,0.6280000),(1.1630899,3.3898215,0.6280000),(1.1336837,3.4003631,0.6280000),(1.1304753,3.3997485,0.6280000),(1.1630899,3.3898215,0.6280000),(1.1304753,3.3997485,0.6280000),(1.1277670,3.3979048,0.6280000),(1.1630899,3.3898215,0.6280000),(1.1277670,3.3979048,0.6280000),(1.1259232,3.3952069,0.6280000),(1.1630899,3.3898215,0.6280000),(1.1259232,3.3952069,0.6280000),(1.1253087,3.3920298,0.6280000),(1.1630899,3.3898215,0.6280000),(1.1253087,3.3920298,0.6280000),(1.1259232,3.3888423,0.6280000),(1.1630899,3.3898215,0.6280000),(1.1259232,3.3888423,0.6280000),(1.1277670,3.3861131,0.6280000),(1.1630899,3.3898215,0.6280000),(1.1277670,3.3861131,0.6280000),(1.1304753,3.3842381,0.6280000),(1.1630899,3.3898215,0.6280000),(1.1304753,3.3842381,0.6280000),(1.1336837,3.3836131,0.6280000),(1.1630899,3.3898215,0.6280000),(1.1336837,3.3836131,0.6280000),(1.1363087,3.3836131,0.6280000),(1.1630899,3.3898215,0.6280000),(1.1363087,3.3836131,0.6280000),(1.1414415,3.3830636,0.6280000),(1.1630899,3.3898215,0.6280000),(1.1414415,3.3830636,0.6280000),(1.1460899,3.3814152,0.6280000),(1.1630899,3.3898215,0.6280000),(1.1460899,3.3814152,0.6280000),(1.1502540,3.3786678,0.6280000),(1.1630899,3.3898215,0.6280000),(1.1502540,3.3786678,0.6280000),(1.1539337,3.3748215,0.6280000),(1.1630899,3.3898215,0.6280000),(1.1539337,3.3748215,0.6280000),(1.1569597,3.3700506,0.6280000),(1.1630899,3.3898215,0.6280000),(1.1569597,3.3700506,0.6280000),(1.1591212,3.3645298,0.6280000),(1.1630899,3.3898215,0.6280000),(1.1591212,3.3645298,0.6280000),(1.1604180,3.3582590,0.6280000),(1.1630899,3.3898215,0.6280000),(1.1604180,3.3582590,0.6280000),(1.1607422,3.3548423,0.6280000),(1.1630899,3.3898215,0.6280000),(1.1607422,3.3548423,0.6280000),(1.1608503,3.3512381,0.6280000),(1.1630899,3.3898215,0.6280000),(1.1608503,3.3512381,0.6280000),(1.1607409,3.3476678,0.6280000),(1.1127488,3.3498403,0.6280000),(1.1126420,3.3537798,0.6280000),(1.1120170,3.3570090,0.6280000),(1.1130691,3.3461261,0.6280000),(1.1127488,3.3498403,0.6280000),(1.1120170,3.3570090,0.6280000),(1.1130691,3.3461261,0.6280000),(1.1120170,3.3570090,0.6280000),(1.1101420,3.3596965,0.6280000),(1.1136029,3.3426372,0.6280000),(1.1130691,3.3461261,0.6280000),(1.1101420,3.3596965,0.6280000),(1.1136029,3.3426372,0.6280000),(1.1101420,3.3596965,0.6280000),(1.1074128,3.3615090,0.6280000),(1.1143503,3.3393735,0.6280000),(1.1136029,3.3426372,0.6280000),(1.1074128,3.3615090,0.6280000),(1.1143503,3.3393735,0.6280000),(1.1074128,3.3615090,0.6280000),(1.1041420,3.3621131,0.6280000),(1.1164857,3.3335220,0.6280000),(1.1143503,3.3393735,0.6280000),(1.1041420,3.3621131,0.6280000),(1.1164857,3.3335220,0.6280000),(1.1041420,3.3621131,0.6280000),(1.1008816,3.3615090,0.6280000),(1.1164857,3.3335220,0.6280000),(1.1008816,3.3615090,0.6280000),(1.0981837,3.3596965,0.6280000),(1.1194753,3.3285715,0.6280000),(1.1164857,3.3335220,0.6280000),(1.0981837,3.3596965,0.6280000),(1.1194753,3.3285715,0.6280000),(1.0981837,3.3596965,0.6280000),(1.0963712,3.3570090,0.6280000),(1.1194753,3.3285715,0.6280000),(1.0963712,3.3570090,0.6280000),(1.0957670,3.3537798,0.6280000),(1.1230404,3.3246522,0.6280000),(1.1194753,3.3285715,0.6280000),(1.0957670,3.3537798,0.6280000),(1.1230404,3.3246522,0.6280000),(1.0957670,3.3537798,0.6280000),(1.0959408,3.3483872,0.6280000),(1.1230404,3.3246522,0.6280000),(1.0959408,3.3483872,0.6280000),(1.0964623,3.3432303,0.6280000),(1.1230404,3.3246522,0.6280000),(1.0964623,3.3432303,0.6280000),(1.0973314,3.3383091,0.6280000),(1.1271107,3.3218527,0.6280000),(1.1230404,3.3246522,0.6280000),(1.0973314,3.3383091,0.6280000),(1.1271107,3.3218527,0.6280000),(1.0973314,3.3383091,0.6280000),(1.0985482,3.3336235,0.6280000),(1.1271107,3.3218527,0.6280000),(1.0985482,3.3336235,0.6280000),(1.1001127,3.3291737,0.6280000),(1.1316863,3.3201730,0.6280000),(1.1271107,3.3218527,0.6280000),(1.1001127,3.3291737,0.6280000),(1.1316863,3.3201730,0.6280000),(1.1001127,3.3291737,0.6280000),(1.1020248,3.3249595,0.6280000),(1.1316863,3.3201730,0.6280000),(1.1020248,3.3249595,0.6280000),(1.1042846,3.3209810,0.6280000),(1.1367670,3.3196131,0.6280000),(1.1316863,3.3201730,0.6280000),(1.1042846,3.3209810,0.6280000),(1.1367670,3.3196131,0.6280000),(1.1042846,3.3209810,0.6280000),(1.1068920,3.3172381,0.6280000),(1.1367670,3.3196131,0.6280000),(1.1068920,3.3172381,0.6280000),(1.1097286,3.3138690,0.6280000),(1.1416316,3.3201418,0.6280000),(1.1367670,3.3196131,0.6280000),(1.1097286,3.3138690,0.6280000),(1.1416316,3.3201418,0.6280000),(1.1097286,3.3138690,0.6280000),(1.1128217,3.3109491,0.6280000),(1.1416316,3.3201418,0.6280000),(1.1128217,3.3109491,0.6280000),(1.1161713,3.3084784,0.6280000),(1.1461003,3.3217277,0.6280000),(1.1416316,3.3201418,0.6280000),(1.1161713,3.3084784,0.6280000),(1.1461003,3.3217277,0.6280000),(1.1161713,3.3084784,0.6280000),(1.1197774,3.3064569,0.6280000),(1.1461003,3.3217277,0.6280000),(1.1197774,3.3064569,0.6280000),(1.1236400,3.3048846,0.6280000),(1.1501732,3.3243709,0.6280000),(1.1461003,3.3217277,0.6280000),(1.1236400,3.3048846,0.6280000),(1.1501732,3.3243709,0.6280000),(1.1236400,3.3048846,0.6280000),(1.1277592,3.3037616,0.6280000),(1.1501732,3.3243709,0.6280000),(1.1277592,3.3037616,0.6280000),(1.1321348,3.3030877,0.6280000),(1.1538503,3.3280715,0.6280000),(1.1501732,3.3243709,0.6280000),(1.1321348,3.3030877,0.6280000),(1.1538503,3.3280715,0.6280000),(1.1321348,3.3030877,0.6280000),(1.1367670,3.3028631,0.6280000),(1.1538503,3.3280715,0.6280000),(1.1367670,3.3028631,0.6280000),(1.1412208,3.3030793,0.6280000),(1.1569128,3.3327069,0.6280000),(1.1538503,3.3280715,0.6280000),(1.1412208,3.3030793,0.6280000),(1.1569128,3.3327069,0.6280000),(1.1412208,3.3030793,0.6280000),(1.1454571,3.3037277,0.6280000),(1.1591003,3.3381131,0.6280000),(1.1569128,3.3327069,0.6280000),(1.1454571,3.3037277,0.6280000),(1.1591003,3.3381131,0.6280000),(1.1454571,3.3037277,0.6280000),(1.1494760,3.3048084,0.6280000),(1.1591003,3.3381131,0.6280000),(1.1494760,3.3048084,0.6280000),(1.1532774,3.3063215,0.6280000),(1.1598659,3.3411053,0.6280000),(1.1591003,3.3381131,0.6280000),(1.1532774,3.3063215,0.6280000),(1.1598659,3.3411053,0.6280000),(1.1532774,3.3063215,0.6280000),(1.1568614,3.3082668,0.6280000),(1.1604128,3.3442902,0.6280000),(1.1598659,3.3411053,0.6280000),(1.1568614,3.3082668,0.6280000),(1.1604128,3.3442902,0.6280000),(1.1568614,3.3082668,0.6280000),(1.1602279,3.3106444,0.6280000),(1.1607409,3.3476678,0.6280000),(1.1604128,3.3442902,0.6280000),(1.1602279,3.3106444,0.6280000),(1.1630899,3.3898215,0.6280000),(1.1607409,3.3476678,0.6280000),(1.1602279,3.3106444,0.6280000),(1.1630899,3.3898215,0.6280000),(1.1602279,3.3106444,0.6280000),(1.1633770,3.3134543,0.6280000),(1.1630899,3.3898215,0.6280000),(1.1633770,3.3134543,0.6280000),(1.1663087,3.3166965,0.6280000),(1.1630899,3.3898215,0.6280000),(1.1663087,3.3166965,0.6280000),(1.1689747,3.3202895,0.6280000),(1.1630899,3.3898215,0.6280000),(1.1689747,3.3202895,0.6280000),(1.1712852,3.3240897,0.6280000),(1.1630899,3.3898215,0.6280000),(1.1712852,3.3240897,0.6280000),(1.1732403,3.3280968,0.6280000),(1.1630899,3.3898215,0.6280000),(1.1732403,3.3280968,0.6280000),(1.1748399,3.3323110,0.6280000),(1.1630899,3.3898215,0.6280000),(1.1748399,3.3323110,0.6280000),(1.1760840,3.3367323,0.6280000),(1.1630899,3.3898215,0.6280000),(1.1760840,3.3367323,0.6280000),(1.1769727,3.3413605,0.6280000),(1.1630899,3.3898215,0.6280000),(1.1769727,3.3413605,0.6280000),(1.1775059,3.3461958,0.6280000),(1.1630899,3.3898215,0.6280000),(1.1775059,3.3461958,0.6280000),(1.1776837,3.3512381,0.6280000),(1.1630899,3.3898215,0.6280000),(1.1776837,3.3512381,0.6280000),(1.1775072,3.3563319,0.6280000),(1.1630899,3.3898215,0.6280000),(1.1775072,3.3563319,0.6280000),(1.1769779,3.3612173,0.6280000),(1.1630899,3.3898215,0.6280000),(1.1769779,3.3612173,0.6280000),(1.1760958,3.3658944,0.6280000),(1.1630899,3.3898215,0.6280000),(1.1760958,3.3658944,0.6280000),(1.1748607,3.3703631,0.6280000),(1.1630899,3.3898215,0.6280000),(1.1748607,3.3703631,0.6280000),(1.1732728,3.3746235,0.6280000),(1.1630899,3.3898215,0.6280000),(1.1732728,3.3746235,0.6280000),(1.1713321,3.3786756,0.6280000),(1.1630899,3.3898215,0.6280000),(1.1713321,3.3786756,0.6280000),(1.1690385,3.3825194,0.6280000),(1.1630899,3.3898215,0.6280000),(1.1690385,3.3825194,0.6280000),(1.1663920,3.3861548,0.6280000),(1.0416837,3.4625298,0.6280000),(1.0370587,3.4606965,0.6280000),(1.0131420,3.4409465,0.6280000),(1.0416837,3.4625298,0.6280000),(1.0131420,3.4409465,0.6280000),(1.0108712,3.4382798,0.6280000),(1.0416837,3.4625298,0.6280000),(1.0108712,3.4382798,0.6280000),(1.0098920,3.4354465,0.6280000),(1.0416837,3.4625298,0.6280000),(1.0098920,3.4354465,0.6280000),(1.0098920,3.4341131,0.6280000),(1.0416837,3.4625298,0.6280000),(1.0098920,3.4341131,0.6280000),(1.0112253,3.4290715,0.6280000),(1.0416837,3.4625298,0.6280000),(1.0112253,3.4290715,0.6280000),(1.0135587,3.4268319,0.6280000),(1.0416837,3.4625298,0.6280000),(1.0135587,3.4268319,0.6280000),(1.0167253,3.4256965,0.6280000),(1.0416837,3.4625298,0.6280000),(1.0167253,3.4256965,0.6280000),(1.0183503,3.4256131,0.6280000),(1.0416837,3.4625298,0.6280000),(1.0183503,3.4256131,0.6280000),(1.0228920,3.4270715,0.6280000),(1.0416837,3.4625298,0.6280000),(1.0228920,3.4270715,0.6280000),(1.0335587,3.4364881,0.6280000),(1.0416837,3.4625298,0.6280000),(1.0335587,3.4364881,0.6280000),(1.0335587,3.3110715,0.6280000),(1.0416837,3.4625298,0.6280000),(1.0335587,3.3110715,0.6280000),(1.0341628,3.3078423,0.6280000),(1.0416837,3.4625298,0.6280000),(1.0341628,3.3078423,0.6280000),(1.0359753,3.3051548,0.6280000),(1.0416837,3.4625298,0.6280000),(1.0359753,3.3051548,0.6280000),(1.0386628,3.3033423,0.6280000),(1.0416837,3.4625298,0.6280000),(1.0386628,3.3033423,0.6280000),(1.0418920,3.3027381,0.6280000),(1.0416837,3.4625298,0.6280000),(1.0418920,3.3027381,0.6280000),(1.0451524,3.3033423,0.6280000),(1.0416837,3.4625298,0.6280000),(1.0451524,3.3033423,0.6280000),(1.0478503,3.3051548,0.6280000),(1.0416837,3.4625298,0.6280000),(1.0478503,3.3051548,0.6280000),(1.0496628,3.3078423,0.6280000),(1.0416837,3.4625298,0.6280000),(1.0496628,3.3078423,0.6280000),(1.0502670,3.3110715,0.6280000),(1.0416837,3.4625298,0.6280000),(1.0502670,3.3110715,0.6280000),(1.0502670,3.4538631,0.6280000),(1.0416837,3.4625298,0.6280000),(1.0502670,3.4538631,0.6280000),(1.0491524,3.4583215,0.6280000),(1.0416837,3.4625298,0.6280000),(1.0491524,3.4583215,0.6280000),(1.0458087,3.4612798,0.6280000),(0.9477253,3.3039360,0.6280000),(0.9506003,3.2997381,0.6280000),(0.9547982,3.2968631,0.6280000),(0.9477253,3.3039360,0.6280000),(0.9547982,3.2968631,0.6280000),(0.9597253,3.2959048,0.6280000),(0.9477253,3.3039360,0.6280000),(0.9597253,3.2959048,0.6280000),(0.9646420,3.2968631,0.6280000),(0.9477253,3.3039360,0.6280000),(0.9646420,3.2968631,0.6280000),(0.9688087,3.2997381,0.6280000),(0.9477253,3.3039360,0.6280000),(0.9688087,3.2997381,0.6280000),(0.9716837,3.3039360,0.6280000),(0.9477253,3.3039360,0.6280000),(0.9716837,3.3039360,0.6280000),(0.9726420,3.3088631,0.6280000),(0.9477253,3.3039360,0.6280000),(0.9726420,3.3088631,0.6280000),(0.9716837,3.3137902,0.6280000),(0.9477253,3.3039360,0.6280000),(0.9716837,3.3137902,0.6280000),(0.9688087,3.3179881,0.6280000),(0.9477253,3.3039360,0.6280000),(0.9688087,3.3179881,0.6280000),(0.9646420,3.3208631,0.6280000),(0.9477253,3.3039360,0.6280000),(0.9646420,3.3208631,0.6280000),(0.9597253,3.3218215,0.6280000),(0.9477253,3.3039360,0.6280000),(0.9597253,3.3218215,0.6280000),(0.9547982,3.3208631,0.6280000),(0.9477253,3.3039360,0.6280000),(0.9547982,3.3208631,0.6280000),(0.9506003,3.3179881,0.6280000),(0.9477253,3.3039360,0.6280000),(0.9506003,3.3179881,0.6280000),(0.9477253,3.3137902,0.6280000),(0.9477253,3.3039360,0.6280000),(0.9477253,3.3137902,0.6280000),(0.9467670,3.3088631,0.6280000),(1.6933159,3.3729256,0.6280000),(1.7477325,3.3024673,0.6280000),(1.7505763,3.3000298,0.6280000),(1.6933159,3.3729256,0.6280000),(1.7505763,3.3000298,0.6280000),(1.7541909,3.2992173,0.6280000),(1.6933159,3.3729256,0.6280000),(1.7541909,3.2992173,0.6280000),(1.7593992,3.3010090,0.6280000),(1.6933159,3.3729256,0.6280000),(1.7593992,3.3010090,0.6280000),(1.7619305,3.3039048,0.6280000),(1.6933159,3.3729256,0.6280000),(1.7619305,3.3039048,0.6280000),(1.7627742,3.3076756,0.6280000),(1.6933159,3.3729256,0.6280000),(1.7627742,3.3076756,0.6280000),(1.7610242,3.3128840,0.6280000),(1.6933159,3.3729256,0.6280000),(1.7610242,3.3128840,0.6280000),(1.7147325,3.3729256,0.6280000),(1.7147325,3.3729256,0.6280000),(1.7181075,3.3729256,0.6280000),(1.7228022,3.3731268,0.6280000),(1.6933159,3.3729256,0.6280000),(1.7147325,3.3729256,0.6280000),(1.7228022,3.3731268,0.6280000),(1.6593159,3.3729256,0.6280000),(1.6933159,3.3729256,0.6280000),(1.7228022,3.3731268,0.6280000),(1.6593159,3.3729256,0.6280000),(1.7228022,3.3731268,0.6280000),(1.7272820,3.3737303,0.6280000),(1.6593159,3.3729256,0.6280000),(1.7272820,3.3737303,0.6280000),(1.7315470,3.3747362,0.6280000),(1.6593159,3.3729256,0.6280000),(1.7315470,3.3747362,0.6280000),(1.7355971,3.3761444,0.6280000),(1.6593159,3.3729256,0.6280000),(1.7355971,3.3761444,0.6280000),(1.7394324,3.3779549,0.6280000),(1.6593159,3.3729256,0.6280000),(1.7394324,3.3779549,0.6280000),(1.7430529,3.3801678,0.6280000),(1.6593159,3.3729256,0.6280000),(1.7430529,3.3801678,0.6280000),(1.7464585,3.3827830,0.6280000),(1.6593159,3.3729256,0.6280000),(1.7464585,3.3827830,0.6280000),(1.7496492,3.3858006,0.6280000),(1.6593159,3.3729256,0.6280000),(1.7496492,3.3858006,0.6280000),(1.7526570,3.3893332,0.6280000),(1.6593159,3.3729256,0.6280000),(1.7526570,3.3893332,0.6280000),(1.7552638,3.3929725,0.6280000),(1.6593159,3.3729256,0.6280000),(1.7552638,3.3929725,0.6280000),(1.7574695,3.3967186,0.6280000),(1.7574695,3.3967186,0.6280000),(1.7592742,3.4005715,0.6280000),(1.7437013,3.4064465,0.6280000),(1.7574695,3.3967186,0.6280000),(1.7437013,3.4064465,0.6280000),(1.7411622,3.4018162,0.6280000),(1.7574695,3.3967186,0.6280000),(1.7411622,3.4018162,0.6280000),(1.7376075,3.3976340,0.6280000),(1.7574695,3.3967186,0.6280000),(1.7376075,3.3976340,0.6280000),(1.7332794,3.3941704,0.6280000),(1.7574695,3.3967186,0.6280000),(1.7332794,3.3941704,0.6280000),(1.7285867,3.3916965,0.6280000),(1.7574695,3.3967186,0.6280000),(1.7285867,3.3916965,0.6280000),(1.7235294,3.3902121,0.6280000),(1.6593159,3.3729256,0.6280000),(1.7574695,3.3967186,0.6280000),(1.7235294,3.3902121,0.6280000),(1.6593159,3.3729256,0.6280000),(1.7235294,3.3902121,0.6280000),(1.7181075,3.3897173,0.6280000),(1.6593159,3.3729256,0.6280000),(1.7181075,3.3897173,0.6280000),(1.6593159,3.3897173,0.6280000),(1.7452247,3.4115246,0.6280000),(1.7437013,3.4064465,0.6280000),(1.7592742,3.4005715,0.6280000),(1.7457325,3.4170506,0.6280000),(1.7452247,3.4115246,0.6280000),(1.7592742,3.4005715,0.6280000),(1.7452247,3.4225246,0.6280000),(1.7457325,3.4170506,0.6280000),(1.7592742,3.4005715,0.6280000),(1.7437013,3.4275715,0.6280000),(1.7452247,3.4225246,0.6280000),(1.7592742,3.4005715,0.6280000),(1.7411622,3.4321912,0.6280000),(1.7437013,3.4275715,0.6280000),(1.7592742,3.4005715,0.6280000),(1.7411622,3.4321912,0.6280000),(1.7592742,3.4005715,0.6280000),(1.7606779,3.4045311,0.6280000),(1.7411622,3.4321912,0.6280000),(1.7606779,3.4045311,0.6280000),(1.7616805,3.4085975,0.6280000),(1.7376075,3.4363840,0.6280000),(1.7411622,3.4321912,0.6280000),(1.7616805,3.4085975,0.6280000),(1.7376075,3.4363840,0.6280000),(1.7616805,3.4085975,0.6280000),(1.7622820,3.4127707,0.6280000),(1.7376075,3.4363840,0.6280000),(1.7622820,3.4127707,0.6280000),(1.7624825,3.4170506,0.6280000),(1.7333888,3.4398475,0.6280000),(1.7376075,3.4363840,0.6280000),(1.7624825,3.4170506,0.6280000),(1.7333888,3.4398475,0.6280000),(1.7624825,3.4170506,0.6280000),(1.7622820,3.4214842,0.6280000),(1.7333888,3.4398475,0.6280000),(1.7622820,3.4214842,0.6280000),(1.7616805,3.4257642,0.6280000),(1.7287742,3.4423215,0.6280000),(1.7333888,3.4398475,0.6280000),(1.7616805,3.4257642,0.6280000),(1.7287742,3.4423215,0.6280000),(1.7616805,3.4257642,0.6280000),(1.7606779,3.4298905,0.6280000),(1.7287742,3.4423215,0.6280000),(1.7606779,3.4298905,0.6280000),(1.7592742,3.4338631,0.6280000),(1.7237638,3.4438058,0.6280000),(1.7287742,3.4423215,0.6280000),(1.7592742,3.4338631,0.6280000),(1.7237638,3.4438058,0.6280000),(1.7592742,3.4338631,0.6280000),(1.7574695,3.4376821,0.6280000),(1.7237638,3.4438058,0.6280000),(1.7574695,3.4376821,0.6280000),(1.7552638,3.4413475,0.6280000),(1.7183575,3.4443006,0.6280000),(1.7237638,3.4438058,0.6280000),(1.7552638,3.4413475,0.6280000),(1.7183575,3.4443006,0.6280000),(1.7552638,3.4413475,0.6280000),(1.7526570,3.4448592,0.6280000),(1.6593159,3.4443006,0.6280000),(1.7183575,3.4443006,0.6280000),(1.7526570,3.4448592,0.6280000),(1.6593159,3.4443006,0.6280000),(1.7526570,3.4448592,0.6280000),(1.7496492,3.4482173,0.6280000),(1.6593159,3.4443006,0.6280000),(1.7496492,3.4482173,0.6280000),(1.7462215,3.4512935,0.6280000),(1.6593159,3.4443006,0.6280000),(1.7462215,3.4512935,0.6280000),(1.7426466,3.4539595,0.6280000),(1.6593159,3.4443006,0.6280000),(1.7426466,3.4539595,0.6280000),(1.7389246,3.4562153,0.6280000),(1.6593159,3.4443006,0.6280000),(1.7389246,3.4562153,0.6280000),(1.7350555,3.4580610,0.6280000),(1.6593159,3.4443006,0.6280000),(1.7350555,3.4580610,0.6280000),(1.7310392,3.4594966,0.6280000),(1.6593159,3.4443006,0.6280000),(1.7310392,3.4594966,0.6280000),(1.7268758,3.4605220,0.6280000),(1.6593159,3.4443006,0.6280000),(1.7268758,3.4605220,0.6280000),(1.7225652,3.4611372,0.6280000),(1.6593159,3.4443006,0.6280000),(1.7225652,3.4611372,0.6280000),(1.7181075,3.4613423,0.6280000),(1.6593159,3.4443006,0.6280000),(1.7181075,3.4613423,0.6280000),(1.6509409,3.4613423,0.6280000),(1.6593159,3.3897173,0.6280000),(1.6593159,3.4443006,0.6280000),(1.6509409,3.4613423,0.6280000),(1.6593159,3.3729256,0.6280000),(1.6593159,3.3897173,0.6280000),(1.6509409,3.4613423,0.6280000),(1.6593159,3.3729256,0.6280000),(1.6509409,3.4613423,0.6280000),(1.6475555,3.4606860,0.6280000),(1.6593159,3.3729256,0.6280000),(1.6475555,3.4606860,0.6280000),(1.6447325,3.4587173,0.6280000),(1.6593159,3.3729256,0.6280000),(1.6447325,3.4587173,0.6280000),(1.6430763,3.4557902,0.6280000),(1.6593159,3.3729256,0.6280000),(1.6430763,3.4557902,0.6280000),(1.6425242,3.4526756,0.6280000),(1.6593159,3.3729256,0.6280000),(1.6425242,3.4526756,0.6280000),(1.6425242,3.3098840,0.6280000),(1.6593159,3.3729256,0.6280000),(1.6425242,3.3098840,0.6280000),(1.6434252,3.3066027,0.6280000),(1.6593159,3.3729256,0.6280000),(1.6434252,3.3066027,0.6280000),(1.6451284,3.3042590,0.6280000),(1.6593159,3.3729256,0.6280000),(1.6451284,3.3042590,0.6280000),(1.6509409,3.3023840,0.6280000),(1.6593159,3.3729256,0.6280000),(1.6509409,3.3023840,0.6280000),(1.6538549,3.3028527,0.6280000),(1.6593159,3.3729256,0.6280000),(1.6538549,3.3028527,0.6280000),(1.6562221,3.3042590,0.6280000),(1.6593159,3.3729256,0.6280000),(1.6562221,3.3042590,0.6280000),(1.6593159,3.3098840,0.6280000),(1.6046492,3.3731340,0.6280000),(1.6045659,3.3098840,0.6280000),(1.6052013,3.3066548,0.6280000),(1.6046492,3.3731340,0.6280000),(1.6052013,3.3066548,0.6280000),(1.6071075,3.3039673,0.6280000),(1.6046492,3.3731340,0.6280000),(1.6071075,3.3039673,0.6280000),(1.6098159,3.3021548,0.6280000),(1.6046492,3.3731340,0.6280000),(1.6098159,3.3021548,0.6280000),(1.6128575,3.3015506,0.6280000),(1.6046492,3.3731340,0.6280000),(1.6128575,3.3015506,0.6280000),(1.6161180,3.3021548,0.6280000),(1.6046492,3.3731340,0.6280000),(1.6161180,3.3021548,0.6280000),(1.6188159,3.3039673,0.6280000),(1.6046492,3.3731340,0.6280000),(1.6188159,3.3039673,0.6280000),(1.6206284,3.3066548,0.6280000),(1.6046492,3.3731340,0.6280000),(1.6206284,3.3066548,0.6280000),(1.6212325,3.3098840,0.6280000),(1.6046492,3.3731340,0.6280000),(1.6212325,3.3098840,0.6280000),(1.6212325,3.4526756,0.6280000),(1.6046492,3.3731340,0.6280000),(1.6212325,3.4526756,0.6280000),(1.6206284,3.4558840,0.6280000),(1.6046492,3.3731340,0.6280000),(1.6206284,3.4558840,0.6280000),(1.6188159,3.4585923,0.6280000),(1.6046492,3.3731340,0.6280000),(1.6188159,3.4585923,0.6280000),(1.6161596,3.4604673,0.6280000),(1.6046492,3.3731340,0.6280000),(1.6161596,3.4604673,0.6280000),(1.6130242,3.4610923,0.6280000),(1.6046492,3.3731340,0.6280000),(1.6130242,3.4610923,0.6280000),(1.6097950,3.4604465,0.6280000),(1.6046492,3.3731340,0.6280000),(1.6097950,3.4604465,0.6280000),(1.6070242,3.4585090,0.6280000),(1.6046492,3.3731340,0.6280000),(1.6070242,3.4585090,0.6280000),(1.6051805,3.4559673,0.6280000),(1.6046492,3.3731340,0.6280000),(1.6051805,3.4559673,0.6280000),(1.6045659,3.4526756,0.6280000),(1.6046492,3.3731340,0.6280000),(1.6045659,3.4526756,0.6280000),(1.6045659,3.3897173,0.6280000),(1.5179825,3.3731340,0.6280000),(1.6046492,3.3731340,0.6280000),(1.6045659,3.3897173,0.6280000),(1.5179825,3.3731340,0.6280000),(1.6045659,3.3897173,0.6280000),(1.5182325,3.3897173,0.6280000),(1.5179825,3.3731340,0.6280000),(1.5182325,3.3897173,0.6280000),(1.5182325,3.4526756,0.6280000),(1.5179825,3.3731340,0.6280000),(1.5182325,3.4526756,0.6280000),(1.5175867,3.4558840,0.6280000),(1.5179825,3.3731340,0.6280000),(1.5175867,3.4558840,0.6280000),(1.5156492,3.4585923,0.6280000),(1.5179825,3.3731340,0.6280000),(1.5156492,3.4585923,0.6280000),(1.5129096,3.4604673,0.6280000),(1.5179825,3.3731340,0.6280000),(1.5129096,3.4604673,0.6280000),(1.5098575,3.4610923,0.6280000),(1.5179825,3.3731340,0.6280000),(1.5098575,3.4610923,0.6280000),(1.5066180,3.4604673,0.6280000),(1.5179825,3.3731340,0.6280000),(1.5066180,3.4604673,0.6280000),(1.5038159,3.4585923,0.6280000),(1.5179825,3.3731340,0.6280000),(1.5038159,3.4585923,0.6280000),(1.5019096,3.4558840,0.6280000),(1.5179825,3.3731340,0.6280000),(1.5019096,3.4558840,0.6280000),(1.5012742,3.4526756,0.6280000),(1.5179825,3.3731340,0.6280000),(1.5012742,3.4526756,0.6280000),(1.5012742,3.3098840,0.6280000),(1.5179825,3.3731340,0.6280000),(1.5012742,3.3098840,0.6280000),(1.5018888,3.3066548,0.6280000),(1.5179825,3.3731340,0.6280000),(1.5018888,3.3066548,0.6280000),(1.5037325,3.3039673,0.6280000),(1.5179825,3.3731340,0.6280000),(1.5037325,3.3039673,0.6280000),(1.5064721,3.3021548,0.6280000),(1.5179825,3.3731340,0.6280000),(1.5064721,3.3021548,0.6280000),(1.5096909,3.3015506,0.6280000),(1.5179825,3.3731340,0.6280000),(1.5096909,3.3015506,0.6280000),(1.5127534,3.3021444,0.6280000),(1.5179825,3.3731340,0.6280000),(1.5127534,3.3021444,0.6280000),(1.5156075,3.3039256,0.6280000),(1.5179825,3.3731340,0.6280000),(1.5156075,3.3039256,0.6280000),(1.5173888,3.3064777,0.6280000),(1.5179825,3.3731340,0.6280000),(1.5173888,3.3064777,0.6280000),(1.5179825,3.3098840,0.6280000),(1.8007325,3.3618006,0.6280000),(1.8007325,3.4526756,0.6280000),(1.8001284,3.4558840,0.6280000),(1.8007325,3.3618006,0.6280000),(1.8001284,3.4558840,0.6280000),(1.7983159,3.4585923,0.6280000),(1.8007325,3.3618006,0.6280000),(1.7983159,3.4585923,0.6280000),(1.7956596,3.4604673,0.6280000),(1.8009285,3.3573729,0.6280000),(1.8007325,3.3618006,0.6280000),(1.7956596,3.4604673,0.6280000),(1.8009285,3.3573729,0.6280000),(1.7956596,3.4604673,0.6280000),(1.7925242,3.4610923,0.6280000),(1.8009285,3.3573729,0.6280000),(1.7925242,3.4610923,0.6280000),(1.7892430,3.4604465,0.6280000),(1.8009285,3.3573729,0.6280000),(1.7892430,3.4604465,0.6280000),(1.7863159,3.4585090,0.6280000),(1.8009285,3.3573729,0.6280000),(1.7863159,3.4585090,0.6280000),(1.7845346,3.4559673,0.6280000),(1.8009285,3.3573729,0.6280000),(1.7845346,3.4559673,0.6280000),(1.7839409,3.4526756,0.6280000),(1.8009285,3.3573729,0.6280000),(1.7839409,3.4526756,0.6280000),(1.7839409,3.3618006,0.6280000),(1.8009285,3.3573729,0.6280000),(1.7839409,3.3618006,0.6280000),(1.7842143,3.3556945,0.6280000),(1.8009285,3.3573729,0.6280000),(1.7842143,3.3556945,0.6280000),(1.7850346,3.3498136,0.6280000),(1.8009285,3.3573729,0.6280000),(1.7850346,3.3498136,0.6280000),(1.7864018,3.3441580,0.6280000),(1.8009285,3.3573729,0.6280000),(1.7864018,3.3441580,0.6280000),(1.7883159,3.3387277,0.6280000),(1.8009285,3.3573729,0.6280000),(1.7883159,3.3387277,0.6280000),(1.7907768,3.3335226,0.6280000),(1.8009285,3.3573729,0.6280000),(1.7907768,3.3335226,0.6280000),(1.7937846,3.3285428,0.6280000),(1.8009285,3.3573729,0.6280000),(1.7937846,3.3285428,0.6280000),(1.7973393,3.3237882,0.6280000),(1.8009285,3.3573729,0.6280000),(1.7973393,3.3237882,0.6280000),(1.8014409,3.3192590,0.6280000),(1.8009285,3.3573729,0.6280000),(1.8014409,3.3192590,0.6280000),(1.8058732,3.3151086,0.6280000),(1.8058732,3.3151086,0.6280000),(1.8105450,3.3115116,0.6280000),(1.8154565,3.3084679,0.6280000),(1.8058732,3.3151086,0.6280000),(1.8154565,3.3084679,0.6280000),(1.8206075,3.3059777,0.6280000),(1.8058732,3.3151086,0.6280000),(1.8206075,3.3059777,0.6280000),(1.8259982,3.3040409,0.6280000),(1.8058732,3.3151086,0.6280000),(1.8259982,3.3040409,0.6280000),(1.8316284,3.3026574,0.6280000),(1.8058732,3.3151086,0.6280000),(1.8316284,3.3026574,0.6280000),(1.8374982,3.3018273,0.6280000),(1.8058732,3.3151086,0.6280000),(1.8374982,3.3018273,0.6280000),(1.8436075,3.3015506,0.6280000),(1.8058732,3.3151086,0.6280000),(1.8436075,3.3015506,0.6280000),(1.8497254,3.3018273,0.6280000),(1.8058732,3.3151086,0.6280000),(1.8497254,3.3018273,0.6280000),(1.8556206,3.3026574,0.6280000),(1.8058732,3.3151086,0.6280000),(1.8556206,3.3026574,0.6280000),(1.8612931,3.3040409,0.6280000),(1.8058732,3.3151086,0.6280000),(1.8612931,3.3040409,0.6280000),(1.8667430,3.3059777,0.6280000),(1.8058732,3.3151086,0.6280000),(1.8667430,3.3059777,0.6280000),(1.8719702,3.3084679,0.6280000),(1.8058732,3.3151086,0.6280000),(1.8719702,3.3084679,0.6280000),(1.8769747,3.3115116,0.6280000),(1.8058732,3.3151086,0.6280000),(1.8769747,3.3115116,0.6280000),(1.8817566,3.3151086,0.6280000),(1.8058732,3.3151086,0.6280000),(1.8817566,3.3151086,0.6280000),(1.8863159,3.3192590,0.6280000),(1.8863159,3.3192590,0.6280000),(1.8904370,3.3237355,0.6280000),(1.8940086,3.3284569,0.6280000),(1.8863159,3.3192590,0.6280000),(1.8940086,3.3284569,0.6280000),(1.8970307,3.3334230,0.6280000),(1.8863159,3.3192590,0.6280000),(1.8970307,3.3334230,0.6280000),(1.8995034,3.3386340,0.6280000),(1.8863159,3.3192590,0.6280000),(1.8995034,3.3386340,0.6280000),(1.9014265,3.3440897,0.6280000),(1.8863159,3.3192590,0.6280000),(1.9014265,3.3440897,0.6280000),(1.9028002,3.3497902,0.6280000),(1.8863159,3.3192590,0.6280000),(1.9028002,3.3497902,0.6280000),(1.9036245,3.3557355,0.6280000),(1.8863159,3.3192590,0.6280000),(1.9036245,3.3557355,0.6280000),(1.9038992,3.3619256,0.6280000),(1.8863159,3.3192590,0.6280000),(1.9038992,3.3619256,0.6280000),(1.9038992,3.4526756,0.6280000),(1.8863159,3.3192590,0.6280000),(1.9038992,3.4526756,0.6280000),(1.9032950,3.4558840,0.6280000),(1.8863159,3.3192590,0.6280000),(1.9032950,3.4558840,0.6280000),(1.9014825,3.4585923,0.6280000),(1.8863159,3.3192590,0.6280000),(1.9014825,3.4585923,0.6280000),(1.8987950,3.4604673,0.6280000),(1.8863159,3.3192590,0.6280000),(1.8987950,3.4604673,0.6280000),(1.8955659,3.4610923,0.6280000),(1.8863159,3.3192590,0.6280000),(1.8955659,3.4610923,0.6280000),(1.8923367,3.4604673,0.6280000),(1.8863159,3.3192590,0.6280000),(1.8923367,3.4604673,0.6280000),(1.8896492,3.4585923,0.6280000),(1.8896492,3.4585923,0.6280000),(1.8878367,3.4558840,0.6280000),(1.8872325,3.4526756,0.6280000),(1.8896492,3.4585923,0.6280000),(1.8872325,3.4526756,0.6280000),(1.8872325,3.3619256,0.6280000),(1.8863159,3.3192590,0.6280000),(1.8896492,3.4585923,0.6280000),(1.8872325,3.3619256,0.6280000),(1.8863159,3.3192590,0.6280000),(1.8872325,3.3619256,0.6280000),(1.8870314,3.3575155,0.6280000),(1.8863159,3.3192590,0.6280000),(1.8870314,3.3575155,0.6280000),(1.8864279,3.3532642,0.6280000),(1.8863159,3.3192590,0.6280000),(1.8864279,3.3532642,0.6280000),(1.8854220,3.3491717,0.6280000),(1.8863159,3.3192590,0.6280000),(1.8854220,3.3491717,0.6280000),(1.8840138,3.3452381,0.6280000),(1.8863159,3.3192590,0.6280000),(1.8840138,3.3452381,0.6280000),(1.8822032,3.3414634,0.6280000),(1.8863159,3.3192590,0.6280000),(1.8822032,3.3414634,0.6280000),(1.8799904,3.3378475,0.6280000),(1.8863159,3.3192590,0.6280000),(1.8799904,3.3378475,0.6280000),(1.8773751,3.3343905,0.6280000),(1.8863159,3.3192590,0.6280000),(1.8773751,3.3343905,0.6280000),(1.8743575,3.3310923,0.6280000),(1.8863159,3.3192590,0.6280000),(1.8743575,3.3310923,0.6280000),(1.8711342,3.3280845,0.6280000),(1.8863159,3.3192590,0.6280000),(1.8711342,3.3280845,0.6280000),(1.8677351,3.3254777,0.6280000),(1.8863159,3.3192590,0.6280000),(1.8677351,3.3254777,0.6280000),(1.8641603,3.3232720,0.6280000),(1.8863159,3.3192590,0.6280000),(1.8641603,3.3232720,0.6280000),(1.8604096,3.3214673,0.6280000),(1.8863159,3.3192590,0.6280000),(1.8604096,3.3214673,0.6280000),(1.8564832,3.3200636,0.6280000),(1.8863159,3.3192590,0.6280000),(1.8564832,3.3200636,0.6280000),(1.8523810,3.3190610,0.6280000),(1.8863159,3.3192590,0.6280000),(1.8523810,3.3190610,0.6280000),(1.8481030,3.3184595,0.6280000),(1.8058732,3.3151086,0.6280000),(1.8863159,3.3192590,0.6280000),(1.8481030,3.3184595,0.6280000),(1.8058732,3.3151086,0.6280000),(1.8481030,3.3184595,0.6280000),(1.8436492,3.3182590,0.6280000),(1.8058732,3.3151086,0.6280000),(1.8436492,3.3182590,0.6280000),(1.8392736,3.3184582,0.6280000),(1.8058732,3.3151086,0.6280000),(1.8392736,3.3184582,0.6280000),(1.8350633,3.3190558,0.6280000),(1.8058732,3.3151086,0.6280000),(1.8350633,3.3190558,0.6280000),(1.8310183,3.3200519,0.6280000),(1.8058732,3.3151086,0.6280000),(1.8310183,3.3200519,0.6280000),(1.8271388,3.3214465,0.6280000),(1.8058732,3.3151086,0.6280000),(1.8271388,3.3214465,0.6280000),(1.8234246,3.3232394,0.6280000),(1.8058732,3.3151086,0.6280000),(1.8234246,3.3232394,0.6280000),(1.8198758,3.3254308,0.6280000),(1.8058732,3.3151086,0.6280000),(1.8198758,3.3254308,0.6280000),(1.8164923,3.3280207,0.6280000),(1.8058732,3.3151086,0.6280000),(1.8164923,3.3280207,0.6280000),(1.8132742,3.3310090,0.6280000),(1.8058732,3.3151086,0.6280000),(1.8132742,3.3310090,0.6280000),(1.8103348,3.3342791,0.6280000),(1.8058732,3.3151086,0.6280000),(1.8103348,3.3342791,0.6280000),(1.8077872,3.3377147,0.6280000),(1.8058732,3.3151086,0.6280000),(1.8077872,3.3377147,0.6280000),(1.8056316,3.3413156,0.6280000),(1.8058732,3.3151086,0.6280000),(1.8056316,3.3413156,0.6280000),(1.8038680,3.3450819,0.6280000),(1.8058732,3.3151086,0.6280000),(1.8038680,3.3450819,0.6280000),(1.8024962,3.3490135,0.6280000),(1.8058732,3.3151086,0.6280000),(1.8024962,3.3490135,0.6280000),(1.8015164,3.3531105,0.6280000),(1.8009285,3.3573729,0.6280000),(1.8058732,3.3151086,0.6280000),(1.8015164,3.3531105,0.6280000),(1.4778055,3.4463944,0.6280000),(1.4798992,3.4526756,0.6280000),(1.4793055,3.4558215,0.6280000),(1.4778055,3.4463944,0.6280000),(1.4793055,3.4558215,0.6280000),(1.4775242,3.4585090,0.6280000),(1.4778055,3.4463944,0.6280000),(1.4775242,3.4585090,0.6280000),(1.4748367,3.4604465,0.6280000),(1.4778055,3.4463944,0.6280000),(1.4748367,3.4604465,0.6280000),(1.4715242,3.4610923,0.6280000),(1.4778055,3.4463944,0.6280000),(1.4715242,3.4610923,0.6280000),(1.3683575,3.4610923,0.6280000),(1.4778055,3.4463944,0.6280000),(1.3683575,3.4610923,0.6280000),(1.3646909,3.4602902,0.6280000),(1.4778055,3.4463944,0.6280000),(1.3646909,3.4602902,0.6280000),(1.3617742,3.4578840,0.6280000),(1.4778055,3.4463944,0.6280000),(1.3617742,3.4578840,0.6280000),(1.3599409,3.4526756,0.6280000),(1.4778055,3.4463944,0.6280000),(1.3599409,3.4526756,0.6280000),(1.3599409,3.4520506,0.6280000),(1.4778055,3.4463944,0.6280000),(1.3599409,3.4520506,0.6280000),(1.3623159,3.4469673,0.6280000),(1.4778055,3.4463944,0.6280000),(1.3623159,3.4469673,0.6280000),(1.3651180,3.4449673,0.6280000),(1.4778055,3.4463944,0.6280000),(1.3651180,3.4449673,0.6280000),(1.3683575,3.4443006,0.6280000),(1.4778055,3.4463944,0.6280000),(1.3683575,3.4443006,0.6280000),(1.4116492,3.4443006,0.6280000),(1.4116492,3.4443006,0.6280000),(1.4116492,3.3098840,0.6280000),(1.4122534,3.3066548,0.6280000),(1.4116492,3.4443006,0.6280000),(1.4122534,3.3066548,0.6280000),(1.4140659,3.3039673,0.6280000),(1.4116492,3.4443006,0.6280000),(1.4140659,3.3039673,0.6280000),(1.4167534,3.3021548,0.6280000),(1.4116492,3.4443006,0.6280000),(1.4167534,3.3021548,0.6280000),(1.4199825,3.3015506,0.6280000),(1.4116492,3.4443006,0.6280000),(1.4199825,3.3015506,0.6280000),(1.4232117,3.3021548,0.6280000),(1.4116492,3.4443006,0.6280000),(1.4232117,3.3021548,0.6280000),(1.4258992,3.3039673,0.6280000),(1.4116492,3.4443006,0.6280000),(1.4258992,3.3039673,0.6280000),(1.4277117,3.3066548,0.6280000),(1.4116492,3.4443006,0.6280000),(1.4277117,3.3066548,0.6280000),(1.4283159,3.3098840,0.6280000),(1.4116492,3.4443006,0.6280000),(1.4283159,3.3098840,0.6280000),(1.4283159,3.4443006,0.6280000),(1.4778055,3.4463944,0.6280000),(1.4116492,3.4443006,0.6280000),(1.4283159,3.4443006,0.6280000),(1.4778055,3.4463944,0.6280000),(1.4283159,3.4443006,0.6280000),(1.4715242,3.4443006,0.6280000),(1.4778055,3.4463944,0.6280000),(1.4715242,3.4443006,0.6280000),(1.4751883,3.4448241,0.6280000)));
#3962=COMPLEX_TRIANGULATED_SURFACE_SET('surface set',#3961,4926,(),(),(),((1,2,3),(4,5,6),(7,8,9),(10,11,12),(13,14,15),(16,17,18),(19,20,21),(22,23,24),(25,26,27),(28,29,30),(31,32,33),(34,35,36),(37,38,39),(40,41,42),(43,44,45),(46,47,48),(49,50,51),(52,53,54),(55,56,57),(58,59,60),(61,62,63),(64,65,66),(67,68,69),(70,71,72),(73,74,75),(76,77,78),(79,80,81),(82,83,84),(85,86,87),(88,89,90),(91,92,93),(94,95,96),(97,98,99),(100,101,102),(103,104,105),(106,107,108),(109,110,111),(112,113,114),(115,116,117),(118,119,120),(121,122,123),(124,125,126),(127,128,129),(130,131,132),(133,134,135),(136,137,138),(139,140,141),(142,143,144),(145,146,147),(148,149,150),(151,152,153),(154,155,156),(157,158,159),(160,161,162),(163,164,165),(166,167,168),(169,170,171),(172,173,174),(175,176,177),(178,179,180),(181,182,183),(184,185,186),(187,188,189),(190,191,192),(193,194,195),(196,197,198),(199,200,201),(202,203,204),(205,206,207),(208,209,210),(211,212,213),(214,215,216),(217,218,219),(220,221,222),(223,224,225),(226,227,228),(229,230,231),(232,233,234),(235,236,237),(238,239,240),(241,242,243),(244,245,246),(247,248,249),(250,251,252),(253,254,255),(256,257,258),(259,260,261),(262,263,264),(265,266,267),(268,269,270),(271,272,273),(274,275,276),(277,278,279),(280,281,282),(283,284,285),(286,287,288),(289,290,291),(292,293,294),(295,296,297),(298,299,300),(301,302,303),(304,305,306),(307,308,309),(310,311,312),(313,314,315),(316,317,318),(319,320,321),(322,323,324),(325,326,327),(328,329,330),(331,332,333),(334,335,336),(337,338,339),(340,341,342),(343,344,345),(346,347,348),(349,350,351),(352,353,354),(355,356,357),(358,359,360),(361,362,363),(364,365,366),(367,368,369),(370,371,372),(373,374,375),(376,377,378),(379,380,381),(382,383,384),(385,386,387),(388,389,390),(391,392,393),(394,395,396),(397,398,399),(400,401,402),(403,404,405),(406,407,408),(409,410,411),(412,413,414),(415,416,417),(418,419,420),(421,422,423),(424,425,426),(427,428,429),(430,431,432),(433,434,435),(436,437,438),(439,440,441),(442,443,444),(445,446,447),(448,449,450),(451,452,453),(454,455,456),(457,458,459),(460,461,462),(463,464,465),(466,467,468),(469,470,471),(472,473,474),(475,476,477),(478,479,480),(481,482,483),(484,485,486),(487,488,489),(490,491,492),(493,494,495),(496,497,498),(499,500,501),(502,503,504),(505,506,507),(508,509,510),(511,512,513),(514,515,516),(517,518,519),(520,521,522),(523,524,525),(526,527,528),(529,530,531),(532,533,534),(535,536,537),(538,539,540),(541,542,543),(544,545,546),(547,548,549),(550,551,552),(553,554,555),(556,557,558),(559,560,561),(562,563,564),(565,566,567),(568,569,570),(571,572,573),(574,575,576),(577,578,579),(580,581,582),(583,584,585),(586,587,588),(589,590,591),(592,593,594),(595,596,597),(598,599,600),(601,602,603),(604,605,606),(607,608,609),(610,611,612),(613,614,615),(616,617,618),(619,620,621),(622,623,624),(625,626,627),(628,629,630),(631,632,633),(634,635,636),(637,638,639),(640,641,642),(643,644,645),(646,647,648),(649,650,651),(652,653,654),(655,656,657),(658,659,660),(661,662,663),(664,665,666),(667,668,669),(670,671,672),(673,674,675),(676,677,678),(679,680,681),(682,683,684),(685,686,687),(688,689,690),(691,692,693),(694,695,696),(697,698,699),(700,701,702),(703,704,705),(706,707,708),(709,710,711),(712,713,714),(715,716,717),(718,719,720),(721,722,723),(724,725,726),(727,728,729),(730,731,732),(733,734,735),(736,737,738),(739,740,741),(742,743,744),(745,746,747),(748,749,750),(751,752,753),(754,755,756),(757,758,759),(760,761,762),(763,764,765),(766,767,768),(769,770,771),(772,773,774),(775,776,777),(778,779,780),(781,782,783),(784,785,786),(787,788,789),(790,791,792),(793,794,795),(796,797,798),(799,800,801),(802,803,804),(805,806,807),(808,809,810),(811,812,813),(814,815,816),(817,818,819),(820,821,822),(823,824,825),(826,827,828),(829,830,831),(832,833,834),(835,836,837),(838,839,840),(841,842,843),(844,845,846),(847,848,849),(850,851,852),(853,854,855),(856,857,858),(859,860,861),(862,863,864),(865,866,867),(868,869,870),(871,872,873),(874,875,876),(877,878,879),(880,881,882),(883,884,885),(886,887,888),(889,890,891),(892,893,894),(895,896,897),(898,899,900),(901,902,903),(904,905,906),(907,908,909),(910,911,912),(913,914,915),(916,917,918),(919,920,921),(922,923,924),(925,926,927),(928,929,930),(931,932,933),(934,935,936),(937,938,939),(940,941,942),(943,944,945),(946,947,948),(949,950,951),(952,953,954),(955,956,957),(958,959,960),(961,962,963),(964,965,966),(967,968,969),(970,971,972),(973,974,975),(976,977,978),(979,980,981),(982,983,984),(985,986,987),(988,989,990),(991,992,993),(994,995,996),(997,998,999),(1000,1001,1002),(1003,1004,1005),(1006,1007,1008),(1009,1010,1011),(1012,1013,1014),(1015,1016,1017),(1018,1019,1020),(1021,1022,1023),(1024,1025,1026),(1027,1028,1029),(1030,1031,1032),(1033,1034,1035),(1036,1037,1038),(1039,1040,1041),(1042,1043,1044),(1045,1046,1047),(1048,1049,1050),(1051,1052,1053),(1054,1055,1056),(1057,1058,1059),(1060,1061,1062),(1063,1064,1065),(1066,1067,1068),(1069,1070,1071),(1072,1073,1074),(1075,1076,1077),(1078,1079,1080),(1081,1082,1083),(1084,1085,1086),(1087,1088,1089),(1090,1091,1092),(1093,1094,1095),(1096,1097,1098),(1099,1100,1101),(1102,1103,1104),(1105,1106,1107),(1108,1109,1110),(1111,1112,1113),(1114,1115,1116),(1117,1118,1119),(1120,1121,1122),(1123,1124,1125),(1126,1127,1128),(1129,1130,1131),(1132,1133,1134),(1135,1136,1137),(1138,1139,1140),(1141,1142,1143),(1144,1145,1146),(1147,1148,1149),(1150,1151,1152),(1153,1154,1155),(1156,1157,1158),(1159,1160,1161),(1162,1163,1164),(1165,1166,1167),(1168,1169,1170),(1171,1172,1173),(1174,1175,1176),(1177,1178,1179),(1180,1181,1182),(1183,1184,1185),(1186,1187,1188),(1189,1190,1191),(1192,1193,1194),(1195,1196,1197),(1198,1199,1200),(1201,1202,1203),(1204,1205,1206),(1207,1208,1209),(1210,1211,1212),(1213,1214,1215),(1216,1217,1218),(1219,1220,1221),(1222,1223,1224),(1225,1226,1227),(1228,1229,1230),(1231,1232,1233),(1234,1235,1236),(1237,1238,1239),(1240,1241,1242),(1243,1244,1245),(1246,1247,1248),(1249,1250,1251),(1252,1253,1254),(1255,1256,1257),(1258,1259,1260),(1261,1262,1263),(1264,1265,1266),(1267,1268,1269),(1270,1271,1272),(1273,1274,1275),(1276,1277,1278),(1279,1280,1281),(1282,1283,1284),(1285,1286,1287),(1288,1289,1290),(1291,1292,1293),(1294,1295,1296),(1297,1298,1299),(1300,1301,1302),(1303,1304,1305),(1306,1307,1308),(1309,1310,1311),(1312,1313,1314),(1315,1316,1317),(1318,1319,1320),(1321,1322,1323),(1324,1325,1326),(1327,1328,1329),(1330,1331,1332),(1333,1334,1335),(1336,1337,1338),(1339,1340,1341),(1342,1343,1344),(1345,1346,1347),(1348,1349,1350),(1351,1352,1353),(1354,1355,1356),(1357,1358,1359),(1360,1361,1362),(1363,1364,1365),(1366,1367,1368),(1369,1370,1371),(1372,1373,1374),(1375,1376,1377),(1378,1379,1380),(1381,1382,1383),(1384,1385,1386),(1387,1388,1389),(1390,1391,1392),(1393,1394,1395),(1396,1397,1398),(1399,1400,1401),(1402,1403,1404),(1405,1406,1407),(1408,1409,1410),(1411,1412,1413),(1414,1415,1416),(1417,1418,1419),(1420,1421,1422),(1423,1424,1425),(1426,1427,1428),(1429,1430,1431),(1432,1433,1434),(1435,1436,1437),(1438,1439,1440),(1441,1442,1443),(1444,1445,1446),(1447,1448,1449),(1450,1451,1452),(1453,1454,1455),(1456,1457,1458),(1459,1460,1461),(1462,1463,1464),(1465,1466,1467),(1468,1469,1470),(1471,1472,1473),(1474,1475,1476),(1477,1478,1479),(1480,1481,1482),(1483,1484,1485),(1486,1487,1488),(1489,1490,1491),(1492,1493,1494),(1495,1496,1497),(1498,1499,1500),(1501,1502,1503),(1504,1505,1506),(1507,1508,1509),(1510,1511,1512),(1513,1514,1515),(1516,1517,1518),(1519,1520,1521),(1522,1523,1524),(1525,1526,1527),(1528,1529,1530),(1531,1532,1533),(1534,1535,1536),(1537,1538,1539),(1540,1541,1542),(1543,1544,1545),(1546,1547,1548),(1549,1550,1551),(1552,1553,1554),(1555,1556,1557),(1558,1559,1560),(1561,1562,1563),(1564,1565,1566),(1567,1568,1569),(1570,1571,1572),(1573,1574,1575),(1576,1577,1578),(1579,1580,1581),(1582,1583,1584),(1585,1586,1587),(1588,1589,1590),(1591,1592,1593),(1594,1595,1596),(1597,1598,1599),(1600,1601,1602),(1603,1604,1605),(1606,1607,1608),(1609,1610,1611),(1612,1613,1614),(1615,1616,1617),(1618,1619,1620),(1621,1622,1623),(1624,1625,1626),(1627,1628,1629),(1630,1631,1632),(1633,1634,1635),(1636,1637,1638),(1639,1640,1641),(1642,1643,1644),(1645,1646,1647),(1648,1649,1650),(1651,1652,1653),(1654,1655,1656),(1657,1658,1659),(1660,1661,1662),(1663,1664,1665),(1666,1667,1668),(1669,1670,1671),(1672,1673,1674),(1675,1676,1677),(1678,1679,1680),(1681,1682,1683),(1684,1685,1686),(1687,1688,1689),(1690,1691,1692),(1693,1694,1695),(1696,1697,1698),(1699,1700,1701),(1702,1703,1704),(1705,1706,1707),(1708,1709,1710),(1711,1712,1713),(1714,1715,1716),(1717,1718,1719),(1720,1721,1722),(1723,1724,1725),(1726,1727,1728),(1729,1730,1731),(1732,1733,1734),(1735,1736,1737),(1738,1739,1740),(1741,1742,1743),(1744,1745,1746),(1747,1748,1749),(1750,1751,1752),(1753,1754,1755),(1756,1757,1758),(1759,1760,1761),(1762,1763,1764),(1765,1766,1767),(1768,1769,1770),(1771,1772,1773),(1774,1775,1776),(1777,1778,1779),(1780,1781,1782),(1783,1784,1785),(1786,1787,1788),(1789,1790,1791),(1792,1793,1794),(1795,1796,1797),(1798,1799,1800),(1801,1802,1803),(1804,1805,1806),(1807,1808,1809),(1810,1811,1812),(1813,1814,1815),(1816,1817,1818),(1819,1820,1821),(1822,1823,1824),(1825,1826,1827),(1828,1829,1830),(1831,1832,1833),(1834,1835,1836),(1837,1838,1839),(1840,1841,1842),(1843,1844,1845),(1846,1847,1848),(1849,1850,1851),(1852,1853,1854),(1855,1856,1857),(1858,1859,1860),(1861,1862,1863),(1864,1865,1866),(1867,1868,1869),(1870,1871,1872),(1873,1874,1875),(1876,1877,1878),(1879,1880,1881),(1882,1883,1884),(1885,1886,1887),(1888,1889,1890),(1891,1892,1893),(1894,1895,1896),(1897,1898,1899),(1900,1901,1902),(1903,1904,1905),(1906,1907,1908),(1909,1910,1911),(1912,1913,1914),(1915,1916,1917),(1918,1919,1920),(1921,1922,1923),(1924,1925,1926),(1927,1928,1929),(1930,1931,1932),(1933,1934,1935),(1936,1937,1938),(1939,1940,1941),(1942,1943,1944),(1945,1946,1947),(1948,1949,1950),(1951,1952,1953),(1954,1955,1956),(1957,1958,1959),(1960,1961,1962),(1963,1964,1965),(1966,1967,1968),(1969,1970,1971),(1972,1973,1974),(1975,1976,1977),(1978,1979,1980),(1981,1982,1983),(1984,1985,1986),(1987,1988,1989),(1990,1991,1992),(1993,1994,1995),(1996,1997,1998),(1999,2000,2001),(2002,2003,2004),(2005,2006,2007),(2008,2009,2010),(2011,2012,2013),(2014,2015,2016),(2017,2018,2019),(2020,2021,2022),(2023,2024,2025),(2026,2027,2028),(2029,2030,2031),(2032,2033,2034),(2035,2036,2037),(2038,2039,2040),(2041,2042,2043),(2044,2045,2046),(2047,2048,2049),(2050,2051,2052),(2053,2054,2055),(2056,2057,2058),(2059,2060,2061),(2062,2063,2064),(2065,2066,2067),(2068,2069,2070),(2071,2072,2073),(2074,2075,2076),(2077,2078,2079),(2080,2081,2082),(2083,2084,2085),(2086,2087,2088),(2089,2090,2091),(2092,2093,2094),(2095,2096,2097),(2098,2099,2100),(2101,2102,2103),(2104,2105,2106),(2107,2108,2109),(2110,2111,2112),(2113,2114,2115),(2116,2117,2118),(2119,2120,2121),(2122,2123,2124),(2125,2126,2127),(2128,2129,2130),(2131,2132,2133),(2134,2135,2136),(2137,2138,2139),(2140,2141,2142),(2143,2144,2145),(2146,2147,2148),(2149,2150,2151),(2152,2153,2154),(2155,2156,2157),(2158,2159,2160),(2161,2162,2163),(2164,2165,2166),(2167,2168,2169),(2170,2171,2172),(2173,2174,2175),(2176,2177,2178),(2179,2180,2181),(2182,2183,2184),(2185,2186,2187),(2188,2189,2190),(2191,2192,2193),(2194,2195,2196),(2197,2198,2199),(2200,2201,2202),(2203,2204,2205),(2206,2207,2208),(2209,2210,2211),(2212,2213,2214),(2215,2216,2217),(2218,2219,2220),(2221,2222,2223),(2224,2225,2226),(2227,2228,2229),(2230,2231,2232),(2233,2234,2235),(2236,2237,2238),(2239,2240,2241),(2242,2243,2244),(2245,2246,2247),(2248,2249,2250),(2251,2252,2253),(2254,2255,2256),(2257,2258,2259),(2260,2261,2262),(2263,2264,2265),(2266,2267,2268),(2269,2270,2271),(2272,2273,2274),(2275,2276,2277),(2278,2279,2280),(2281,2282,2283),(2284,2285,2286),(2287,2288,2289),(2290,2291,2292),(2293,2294,2295),(2296,2297,2298),(2299,2300,2301),(2302,2303,2304),(2305,2306,2307),(2308,2309,2310),(2311,2312,2313),(2314,2315,2316),(2317,2318,2319),(2320,2321,2322),(2323,2324,2325),(2326,2327,2328),(2329,2330,2331),(2332,2333,2334),(2335,2336,2337),(2338,2339,2340),(2341,2342,2343),(2344,2345,2346),(2347,2348,2349),(2350,2351,2352),(2353,2354,2355),(2356,2357,2358),(2359,2360,2361),(2362,2363,2364),(2365,2366,2367),(2368,2369,2370),(2371,2372,2373),(2374,2375,2376),(2377,2378,2379),(2380,2381,2382),(2383,2384,2385),(2386,2387,2388),(2389,2390,2391),(2392,2393,2394),(2395,2396,2397),(2398,2399,2400),(2401,2402,2403),(2404,2405,2406),(2407,2408,2409),(2410,2411,2412),(2413,2414,2415),(2416,2417,2418),(2419,2420,2421),(2422,2423,2424),(2425,2426,2427),(2428,2429,2430),(2431,2432,2433),(2434,2435,2436),(2437,2438,2439),(2440,2441,2442),(2443,2444,2445),(2446,2447,2448),(2449,2450,2451),(2452,2453,2454),(2455,2456,2457),(2458,2459,2460),(2461,2462,2463),(2464,2465,2466),(2467,2468,2469),(2470,2471,2472),(2473,2474,2475),(2476,2477,2478),(2479,2480,2481),(2482,2483,2484),(2485,2486,2487),(2488,2489,2490),(2491,2492,2493),(2494,2495,2496),(2497,2498,2499),(2500,2501,2502),(2503,2504,2505),(2506,2507,2508),(2509,2510,2511),(2512,2513,2514),(2515,2516,2517),(2518,2519,2520),(2521,2522,2523),(2524,2525,2526),(2527,2528,2529),(2530,2531,2532),(2533,2534,2535),(2536,2537,2538),(2539,2540,2541),(2542,2543,2544),(2545,2546,2547),(2548,2549,2550),(2551,2552,2553),(2554,2555,2556),(2557,2558,2559),(2560,2561,2562),(2563,2564,2565),(2566,2567,2568),(2569,2570,2571),(2572,2573,2574),(2575,2576,2577),(2578,2579,2580),(2581,2582,2583),(2584,2585,2586),(2587,2588,2589),(2590,2591,2592),(2593,2594,2595),(2596,2597,2598),(2599,2600,2601),(2602,2603,2604),(2605,2606,2607),(2608,2609,2610),(2611,2612,2613),(2614,2615,2616),(2617,2618,2619),(2620,2621,2622),(2623,2624,2625),(2626,2627,2628),(2629,2630,2631),(2632,2633,2634),(2635,2636,2637),(2638,2639,2640),(2641,2642,2643),(2644,2645,2646),(2647,2648,2649),(2650,2651,2652),(2653,2654,2655),(2656,2657,2658),(2659,2660,2661),(2662,2663,2664),(2665,2666,2667),(2668,2669,2670),(2671,2672,2673),(2674,2675,2676),(2677,2678,2679),(2680,2681,2682),(2683,2684,2685),(2686,2687,2688),(2689,2690,2691),(2692,2693,2694),(2695,2696,2697),(2698,2699,2700),(2701,2702,2703),(2704,2705,2706),(2707,2708,2709),(2710,2711,2712),(2713,2714,2715),(2716,2717,2718),(2719,2720,2721),(2722,2723,2724),(2725,2726,2727),(2728,2729,2730),(2731,2732,2733),(2734,2735,2736),(2737,2738,2739),(2740,2741,2742),(2743,2744,2745),(2746,2747,2748),(2749,2750,2751),(2752,2753,2754),(2755,2756,2757),(2758,2759,2760),(2761,2762,2763),(2764,2765,2766),(2767,2768,2769),(2770,2771,2772),(2773,2774,2775),(2776,2777,2778),(2779,2780,2781),(2782,2783,2784),(2785,2786,2787),(2788,2789,2790),(2791,2792,2793),(2794,2795,2796),(2797,2798,2799),(2800,2801,2802),(2803,2804,2805),(2806,2807,2808),(2809,2810,2811),(2812,2813,2814),(2815,2816,2817),(2818,2819,2820),(2821,2822,2823),(2824,2825,2826),(2827,2828,2829),(2830,2831,2832),(2833,2834,2835),(2836,2837,2838),(2839,2840,2841),(2842,2843,2844),(2845,2846,2847),(2848,2849,2850),(2851,2852,2853),(2854,2855,2856),(2857,2858,2859),(2860,2861,2862),(2863,2864,2865),(2866,2867,2868),(2869,2870,2871),(2872,2873,2874),(2875,2876,2877),(2878,2879,2880),(2881,2882,2883),(2884,2885,2886),(2887,2888,2889),(2890,2891,2892),(2893,2894,2895),(2896,2897,2898),(2899,2900,2901),(2902,2903,2904),(2905,2906,2907),(2908,2909,2910),(2911,2912,2913),(2914,2915,2916),(2917,2918,2919),(2920,2921,2922),(2923,2924,2925),(2926,2927,2928),(2929,2930,2931),(2932,2933,2934),(2935,2936,2937),(2938,2939,2940),(2941,2942,2943),(2944,2945,2946),(2947,2948,2949),(2950,2951,2952),(2953,2954,2955),(2956,2957,2958),(2959,2960,2961),(2962,2963,2964),(2965,2966,2967),(2968,2969,2970),(2971,2972,2973),(2974,2975,2976),(2977,2978,2979),(2980,2981,2982),(2983,2984,2985),(2986,2987,2988),(2989,2990,2991),(2992,2993,2994),(2995,2996,2997),(2998,2999,3000),(3001,3002,3003),(3004,3005,3006),(3007,3008,3009),(3010,3011,3012),(3013,3014,3015),(3016,3017,3018),(3019,3020,3021),(3022,3023,3024),(3025,3026,3027),(3028,3029,3030),(3031,3032,3033),(3034,3035,3036),(3037,3038,3039),(3040,3041,3042),(3043,3044,3045),(3046,3047,3048),(3049,3050,3051),(3052,3053,3054),(3055,3056,3057),(3058,3059,3060),(3061,3062,3063),(3064,3065,3066),(3067,3068,3069),(3070,3071,3072),(3073,3074,3075),(3076,3077,3078),(3079,3080,3081),(3082,3083,3084),(3085,3086,3087),(3088,3089,3090),(3091,3092,3093),(3094,3095,3096),(3097,3098,3099),(3100,3101,3102),(3103,3104,3105),(3106,3107,3108),(3109,3110,3111),(3112,3113,3114),(3115,3116,3117),(3118,3119,3120),(3121,3122,3123),(3124,3125,3126),(3127,3128,3129),(3130,3131,3132),(3133,3134,3135),(3136,3137,3138),(3139,3140,3141),(3142,3143,3144),(3145,3146,3147),(3148,3149,3150),(3151,3152,3153),(3154,3155,3156),(3157,3158,3159),(3160,3161,3162),(3163,3164,3165),(3166,3167,3168),(3169,3170,3171),(3172,3173,3174),(3175,3176,3177),(3178,3179,3180),(3181,3182,3183),(3184,3185,3186),(3187,3188,3189),(3190,3191,3192),(3193,3194,3195),(3196,3197,3198),(3199,3200,3201),(3202,3203,3204),(3205,3206,3207),(3208,3209,3210),(3211,3212,3213),(3214,3215,3216),(3217,3218,3219),(3220,3221,3222),(3223,3224,3225),(3226,3227,3228),(3229,3230,3231),(3232,3233,3234),(3235,3236,3237),(3238,3239,3240),(3241,3242,3243),(3244,3245,3246),(3247,3248,3249),(3250,3251,3252),(3253,3254,3255),(3256,3257,3258),(3259,3260,3261),(3262,3263,3264),(3265,3266,3267),(3268,3269,3270),(3271,3272,3273),(3274,3275,3276),(3277,3278,3279),(3280,3281,3282),(3283,3284,3285),(3286,3287,3288),(3289,3290,3291),(3292,3293,3294),(3295,3296,3297),(3298,3299,3300),(3301,3302,3303),(3304,3305,3306),(3307,3308,3309),(3310,3311,3312),(3313,3314,3315),(3316,3317,3318),(3319,3320,3321),(3322,3323,3324),(3325,3326,3327),(3328,3329,3330),(3331,3332,3333),(3334,3335,3336),(3337,3338,3339),(3340,3341,3342),(3343,3344,3345),(3346,3347,3348),(3349,3350,3351),(3352,3353,3354),(3355,3356,3357),(3358,3359,3360),(3361,3362,3363),(3364,3365,3366),(3367,3368,3369),(3370,3371,3372),(3373,3374,3375),(3376,3377,3378),(3379,3380,3381),(3382,3383,3384),(3385,3386,3387),(3388,3389,3390),(3391,3392,3393),(3394,3395,3396),(3397,3398,3399),(3400,3401,3402),(3403,3404,3405),(3406,3407,3408),(3409,3410,3411),(3412,3413,3414),(3415,3416,3417),(3418,3419,3420),(3421,3422,3423),(3424,3425,3426),(3427,3428,3429),(3430,3431,3432),(3433,3434,3435),(3436,3437,3438),(3439,3440,3441),(3442,3443,3444),(3445,3446,3447),(3448,3449,3450),(3451,3452,3453),(3454,3455,3456),(3457,3458,3459),(3460,3461,3462),(3463,3464,3465),(3466,3467,3468),(3469,3470,3471),(3472,3473,3474),(3475,3476,3477),(3478,3479,3480),(3481,3482,3483),(3484,3485,3486),(3487,3488,3489),(3490,3491,3492),(3493,3494,3495),(3496,3497,3498),(3499,3500,3501),(3502,3503,3504),(3505,3506,3507),(3508,3509,3510),(3511,3512,3513),(3514,3515,3516),(3517,3518,3519),(3520,3521,3522),(3523,3524,3525),(3526,3527,3528),(3529,3530,3531),(3532,3533,3534),(3535,3536,3537),(3538,3539,3540),(3541,3542,3543),(3544,3545,3546),(3547,3548,3549),(3550,3551,3552),(3553,3554,3555),(3556,3557,3558),(3559,3560,3561),(3562,3563,3564),(3565,3566,3567),(3568,3569,3570),(3571,3572,3573),(3574,3575,3576),(3577,3578,3579),(3580,3581,3582),(3583,3584,3585),(3586,3587,3588),(3589,3590,3591),(3592,3593,3594),(3595,3596,3597),(3598,3599,3600),(3601,3602,3603),(3604,3605,3606),(3607,3608,3609),(3610,3611,3612),(3613,3614,3615),(3616,3617,3618),(3619,3620,3621),(3622,3623,3624),(3625,3626,3627),(3628,3629,3630),(3631,3632,3633),(3634,3635,3636),(3637,3638,3639),(3640,3641,3642),(3643,3644,3645),(3646,3647,3648),(3649,3650,3651),(3652,3653,3654),(3655,3656,3657),(3658,3659,3660),(3661,3662,3663),(3664,3665,3666),(3667,3668,3669),(3670,3671,3672),(3673,3674,3675),(3676,3677,3678),(3679,3680,3681),(3682,3683,3684),(3685,3686,3687),(3688,3689,3690),(3691,3692,3693),(3694,3695,3696),(3697,3698,3699),(3700,3701,3702),(3703,3704,3705),(3706,3707,3708),(3709,3710,3711),(3712,3713,3714),(3715,3716,3717),(3718,3719,3720),(3721,3722,3723),(3724,3725,3726),(3727,3728,3729),(3730,3731,3732),(3733,3734,3735),(3736,3737,3738),(3739,3740,3741),(3742,3743,3744),(3745,3746,3747),(3748,3749,3750),(3751,3752,3753),(3754,3755,3756),(3757,3758,3759),(3760,3761,3762),(3763,3764,3765),(3766,3767,3768),(3769,3770,3771),(3772,3773,3774),(3775,3776,3777),(3778,3779,3780),(3781,3782,3783),(3784,3785,3786),(3787,3788,3789),(3790,3791,3792),(3793,3794,3795),(3796,3797,3798),(3799,3800,3801),(3802,3803,3804),(3805,3806,3807),(3808,3809,3810),(3811,3812,3813),(3814,3815,3816),(3817,3818,3819),(3820,3821,3822),(3823,3824,3825),(3826,3827,3828),(3829,3830,3831),(3832,3833,3834),(3835,3836,3837),(3838,3839,3840),(3841,3842,3843),(3844,3845,3846),(3847,3848,3849),(3850,3851,3852),(3853,3854,3855),(3856,3857,3858),(3859,3860,3861),(3862,3863,3864),(3865,3866,3867),(3868,3869,3870),(3871,3872,3873),(3874,3875,3876),(3877,3878,3879),(3880,3881,3882),(3883,3884,3885),(3886,3887,3888),(3889,3890,3891),(3892,3893,3894),(3895,3896,3897),(3898,3899,3900),(3901,3902,3903),(3904,3905,3906),(3907,3908,3909),(3910,3911,3912),(3913,3914,3915),(3916,3917,3918),(3919,3920,3921),(3922,3923,3924),(3925,3926,3927),(3928,3929,3930),(3931,3932,3933),(3934,3935,3936),(3937,3938,3939),(3940,3941,3942),(3943,3944,3945),(3946,3947,3948),(3949,3950,3951),(3952,3953,3954),(3955,3956,3957),(3958,3959,3960),(3961,3962,3963),(3964,3965,3966),(3967,3968,3969),(3970,3971,3972),(3973,3974,3975),(3976,3977,3978),(3979,3980,3981),(3982,3983,3984),(3985,3986,3987),(3988,3989,3990),(3991,3992,3993),(3994,3995,3996),(3997,3998,3999),(4000,4001,4002),(4003,4004,4005),(4006,4007,4008),(4009,4010,4011),(4012,4013,4014),(4015,4016,4017),(4018,4019,4020),(4021,4022,4023),(4024,4025,4026),(4027,4028,4029),(4030,4031,4032),(4033,4034,4035),(4036,4037,4038),(4039,4040,4041),(4042,4043,4044),(4045,4046,4047),(4048,4049,4050),(4051,4052,4053),(4054,4055,4056),(4057,4058,4059),(4060,4061,4062),(4063,4064,4065),(4066,4067,4068),(4069,4070,4071),(4072,4073,4074),(4075,4076,4077),(4078,4079,4080),(4081,4082,4083),(4084,4085,4086),(4087,4088,4089),(4090,4091,4092),(4093,4094,4095),(4096,4097,4098),(4099,4100,4101),(4102,4103,4104),(4105,4106,4107),(4108,4109,4110),(4111,4112,4113),(4114,4115,4116),(4117,4118,4119),(4120,4121,4122),(4123,4124,4125),(4126,4127,4128),(4129,4130,4131),(4132,4133,4134),(4135,4136,4137),(4138,4139,4140),(4141,4142,4143),(4144,4145,4146),(4147,4148,4149),(4150,4151,4152),(4153,4154,4155),(4156,4157,4158),(4159,4160,4161),(4162,4163,4164),(4165,4166,4167),(4168,4169,4170),(4171,4172,4173),(4174,4175,4176),(4177,4178,4179),(4180,4181,4182),(4183,4184,4185),(4186,4187,4188),(4189,4190,4191),(4192,4193,4194),(4195,4196,4197),(4198,4199,4200),(4201,4202,4203),(4204,4205,4206),(4207,4208,4209),(4210,4211,4212),(4213,4214,4215),(4216,4217,4218),(4219,4220,4221),(4222,4223,4224),(4225,4226,4227),(4228,4229,4230),(4231,4232,4233),(4234,4235,4236),(4237,4238,4239),(4240,4241,4242),(4243,4244,4245),(4246,4247,4248),(4249,4250,4251),(4252,4253,4254),(4255,4256,4257),(4258,4259,4260),(4261,4262,4263),(4264,4265,4266),(4267,4268,4269),(4270,4271,4272),(4273,4274,4275),(4276,4277,4278),(4279,4280,4281),(4282,4283,4284),(4285,4286,4287),(4288,4289,4290),(4291,4292,4293),(4294,4295,4296),(4297,4298,4299),(4300,4301,4302),(4303,4304,4305),(4306,4307,4308),(4309,4310,4311),(4312,4313,4314),(4315,4316,4317),(4318,4319,4320),(4321,4322,4323),(4324,4325,4326),(4327,4328,4329),(4330,4331,4332),(4333,4334,4335),(4336,4337,4338),(4339,4340,4341),(4342,4343,4344),(4345,4346,4347),(4348,4349,4350),(4351,4352,4353),(4354,4355,4356),(4357,4358,4359),(4360,4361,4362),(4363,4364,4365),(4366,4367,4368),(4369,4370,4371),(4372,4373,4374),(4375,4376,4377),(4378,4379,4380),(4381,4382,4383),(4384,4385,4386),(4387,4388,4389),(4390,4391,4392),(4393,4394,4395),(4396,4397,4398),(4399,4400,4401),(4402,4403,4404),(4405,4406,4407),(4408,4409,4410),(4411,4412,4413),(4414,4415,4416),(4417,4418,4419),(4420,4421,4422),(4423,4424,4425),(4426,4427,4428),(4429,4430,4431),(4432,4433,4434),(4435,4436,4437),(4438,4439,4440),(4441,4442,4443),(4444,4445,4446),(4447,4448,4449),(4450,4451,4452),(4453,4454,4455),(4456,4457,4458),(4459,4460,4461),(4462,4463,4464),(4465,4466,4467),(4468,4469,4470),(4471,4472,4473),(4474,4475,4476),(4477,4478,4479),(4480,4481,4482),(4483,4484,4485),(4486,4487,4488),(4489,4490,4491),(4492,4493,4494),(4495,4496,4497),(4498,4499,4500),(4501,4502,4503),(4504,4505,4506),(4507,4508,4509),(4510,4511,4512),(4513,4514,4515),(4516,4517,4518),(4519,4520,4521),(4522,4523,4524),(4525,4526,4527),(4528,4529,4530),(4531,4532,4533),(4534,4535,4536),(4537,4538,4539),(4540,4541,4542),(4543,4544,4545),(4546,4547,4548),(4549,4550,4551),(4552,4553,4554),(4555,4556,4557),(4558,4559,4560),(4561,4562,4563),(4564,4565,4566),(4567,4568,4569),(4570,4571,4572),(4573,4574,4575),(4576,4577,4578),(4579,4580,4581),(4582,4583,4584),(4585,4586,4587),(4588,4589,4590),(4591,4592,4593),(4594,4595,4596),(4597,4598,4599),(4600,4601,4602),(4603,4604,4605),(4606,4607,4608),(4609,4610,4611),(4612,4613,4614),(4615,4616,4617),(4618,4619,4620),(4621,4622,4623),(4624,4625,4626),(4627,4628,4629),(4630,4631,4632),(4633,4634,4635),(4636,4637,4638),(4639,4640,4641),(4642,4643,4644),(4645,4646,4647),(4648,4649,4650),(4651,4652,4653),(4654,4655,4656),(4657,4658,4659),(4660,4661,4662),(4663,4664,4665),(4666,4667,4668),(4669,4670,4671),(4672,4673,4674),(4675,4676,4677),(4678,4679,4680),(4681,4682,4683),(4684,4685,4686),(4687,4688,4689),(4690,4691,4692),(4693,4694,4695),(4696,4697,4698),(4699,4700,4701),(4702,4703,4704),(4705,4706,4707),(4708,4709,4710),(4711,4712,4713),(4714,4715,4716),(4717,4718,4719),(4720,4721,4722),(4723,4724,4725),(4726,4727,4728),(4729,4730,4731),(4732,4733,4734),(4735,4736,4737),(4738,4739,4740),(4741,4742,4743),(4744,4745,4746),(4747,4748,4749),(4750,4751,4752),(4753,4754,4755),(4756,4757,4758),(4759,4760,4761),(4762,4763,4764),(4765,4766,4767),(4768,4769,4770),(4771,4772,4773),(4774,4775,4776),(4777,4778,4779),(4780,4781,4782),(4783,4784,4785),(4786,4787,4788),(4789,4790,4791),(4792,4793,4794),(4795,4796,4797),(4798,4799,4800),(4801,4802,4803),(4804,4805,4806),(4807,4808,4809),(4810,4811,4812),(4813,4814,4815),(4816,4817,4818),(4819,4820,4821),(4822,4823,4824),(4825,4826,4827),(4828,4829,4830),(4831,4832,4833),(4834,4835,4836),(4837,4838,4839),(4840,4841,4842),(4843,4844,4845),(4846,4847,4848),(4849,4850,4851),(4852,4853,4854),(4855,4856,4857),(4858,4859,4860),(4861,4862,4863),(4864,4865,4866),(4867,4868,4869),(4870,4871,4872),(4873,4874,4875),(4876,4877,4878),(4879,4880,4881),(4882,4883,4884),(4885,4886,4887),(4888,4889,4890),(4891,4892,4893),(4894,4895,4896),(4897,4898,4899),(4900,4901,4902),(4903,4904,4905),(4906,4907,4908),(4909,4910,4911),(4912,4913,4914),(4915,4916,4917),(4918,4919,4920),(4921,4922,4923),(4924,4925,4926)));
#3963=TESSELLATED_GEOMETRIC_SET('hole callout',(#3962));
#3964=COORDINATES_LIST('coordinates',5,((0.6689337,3.0020833,0.6280000),(1.9038992,3.0020833,0.6280000),(0.2680833,2.7980833,0.6280000),(0.4720833,3.0020833,0.6280000),(0.6689337,3.0020833,0.6280000)));
#3965=TESSELLATED_CURVE_SET('curve set',#3964,((1,2),(3,4,5)));
#3966=TESSELLATED_GEOMETRIC_SET('hole callout',(#3965));
#3967=TESSELLATED_ANNOTATION_OCCURRENCE('hole callout',(#3960),#3963);
#3968=TESSELLATED_ANNOTATION_OCCURRENCE('hole callout',(#3960),#3966);
#3969=DRAUGHTING_CALLOUT('hole callout',(#3967,#3968));
#3970=DRAUGHTING_MODEL_ITEM_ASSOCIATION('','',#3927,#3739,#3969);
#3971=DRAUGHTING_MODEL_ITEM_ASSOCIATION('','',#3896,#3739,#3969);
ENDSEC;
END-ISO-10303-21;
