ISO-10303-21;
HEADER;
FILE_DESCRIPTION(('Open CASCADE Model'),'2;1');
FILE_NAME('Open CASCADE Shape Model','2026-04-01T15:26:46',('Author'),(
    'Open CASCADE'),'Open CASCADE STEP processor 7.7','Open CASCADE 7.7'
  ,'Unknown');
FILE_SCHEMA(('AUTOMOTIVE_DESIGN { 1 0 10303 214 1 1 1 1 }'));
ENDSEC;
DATA;
#1 = APPLICATION_PROTOCOL_DEFINITION('international standard',
  'automotive_design',2000,#2);
#2 = APPLICATION_CONTEXT(
  'core data for automotive mechanical design processes');
#3 = SHAPE_DEFINITION_REPRESENTATION(#4,#10);
#4 = PRODUCT_DEFINITION_SHAPE('','',#5);
#5 = PRODUCT_DEFINITION('design','',#6,#9);
#6 = PRODUCT_DEFINITION_FORMATION('','',#7);
#7 = PRODUCT('Configured_Manufacturing_Part',
  'Configured_Manufacturing_Part','',(#8));
#8 = PRODUCT_CONTEXT('',#2,'mechanical');
#9 = PRODUCT_DEFINITION_CONTEXT('part definition',#2,'design');
#10 = SHAPE_REPRESENTATION('',(#11,#15),#19);
#11 = AXIS2_PLACEMENT_3D('',#12,#13,#14);
#12 = CARTESIAN_POINT('',(0.,0.,0.));
#13 = DIRECTION('',(0.,0.,1.));
#14 = DIRECTION('',(1.,0.,-0.));
#15 = AXIS2_PLACEMENT_3D('',#16,#17,#18);
#16 = CARTESIAN_POINT('',(0.,0.,0.));
#17 = DIRECTION('',(0.,0.,1.));
#18 = DIRECTION('',(1.,0.,-0.));
#19 = ( GEOMETRIC_REPRESENTATION_CONTEXT(3) 
GLOBAL_UNCERTAINTY_ASSIGNED_CONTEXT((#23)) GLOBAL_UNIT_ASSIGNED_CONTEXT(
(#20,#21,#22)) REPRESENTATION_CONTEXT('Context #1',
  '3D Context with UNIT and UNCERTAINTY') );
#20 = ( LENGTH_UNIT() NAMED_UNIT(*) SI_UNIT(.MILLI.,.METRE.) );
#21 = ( NAMED_UNIT(*) PLANE_ANGLE_UNIT() SI_UNIT($,.RADIAN.) );
#22 = ( NAMED_UNIT(*) SI_UNIT($,.STERADIAN.) SOLID_ANGLE_UNIT() );
#23 = UNCERTAINTY_MEASURE_WITH_UNIT(LENGTH_MEASURE(1.E-07),#20,
  'distance_accuracy_value','confusion accuracy');
#24 = PRODUCT_RELATED_PRODUCT_CATEGORY('part',$,(#7));
#25 = SHAPE_DEFINITION_REPRESENTATION(#26,#32);
#26 = PRODUCT_DEFINITION_SHAPE('','',#27);
#27 = PRODUCT_DEFINITION('design','',#28,#31);
#28 = PRODUCT_DEFINITION_FORMATION('','',#29);
#29 = PRODUCT('Configured_Manufacturing_Part_part',
  'Configured_Manufacturing_Part_part','',(#30));
#30 = PRODUCT_CONTEXT('',#2,'mechanical');
#31 = PRODUCT_DEFINITION_CONTEXT('part definition',#2,'design');
#32 = ADVANCED_BREP_SHAPE_REPRESENTATION('',(#11,#33),#3885);
#33 = MANIFOLD_SOLID_BREP('',#34);
#34 = CLOSED_SHELL('',(#35,#152,#259,#366,#473,#580,#687,#794,#901,#1021
    ,#1131,#1212,#1317,#1422,#1498,#1603,#1708,#1813,#1918,#2023,#2128,
    #2233,#2338,#2443,#2548,#2619,#3203,#3731,#3738,#3745,#3752,#3759,
    #3766,#3773,#3780,#3787,#3794,#3801,#3808,#3815,#3822,#3829,#3836,
    #3843,#3850,#3857,#3864,#3871,#3878));
#35 = ADVANCED_FACE('',(#36),#50,.F.);
#36 = FACE_BOUND('',#37,.F.);
#37 = EDGE_LOOP('',(#38,#73,#102,#125));
#38 = ORIENTED_EDGE('',*,*,#39,.T.);
#39 = EDGE_CURVE('',#40,#42,#44,.T.);
#40 = VERTEX_POINT('',#41);
#41 = CARTESIAN_POINT('',(-63.93962117464,-4.,-410.238844942));
#42 = VERTEX_POINT('',#43);
#43 = CARTESIAN_POINT('',(-63.93962117464,0.,-410.238844942));
#44 = SURFACE_CURVE('',#45,(#49,#61),.PCURVE_S1.);
#45 = LINE('',#46,#47);
#46 = CARTESIAN_POINT('',(-63.93962117464,-4.,-410.238844942));
#47 = VECTOR('',#48,1.);
#48 = DIRECTION('',(0.,1.,0.));
#49 = PCURVE('',#50,#55);
#50 = CYLINDRICAL_SURFACE('',#51,2.5);
#51 = AXIS2_PLACEMENT_3D('',#52,#53,#54);
#52 = CARTESIAN_POINT('',(-63.93962117464,-4.,-412.738844942));
#53 = DIRECTION('',(0.,1.,0.));
#54 = DIRECTION('',(0.,-0.,1.));
#55 = DEFINITIONAL_REPRESENTATION('',(#56),#60);
#56 = LINE('',#57,#58);
#57 = CARTESIAN_POINT('',(6.28318530718,0.));
#58 = VECTOR('',#59,1.);
#59 = DIRECTION('',(0.,1.));
#60 = ( GEOMETRIC_REPRESENTATION_CONTEXT(2) 
PARAMETRIC_REPRESENTATION_CONTEXT() REPRESENTATION_CONTEXT('2D SPACE',''
  ) );
#61 = PCURVE('',#62,#67);
#62 = CYLINDRICAL_SURFACE('',#63,2.5);
#63 = AXIS2_PLACEMENT_3D('',#64,#65,#66);
#64 = CARTESIAN_POINT('',(-63.93962117464,-4.,-412.738844942));
#65 = DIRECTION('',(0.,1.,0.));
#66 = DIRECTION('',(0.,-0.,1.));
#67 = DEFINITIONAL_REPRESENTATION('',(#68),#72);
#68 = LINE('',#69,#70);
#69 = CARTESIAN_POINT('',(0.,0.));
#70 = VECTOR('',#71,1.);
#71 = DIRECTION('',(0.,1.));
#72 = ( GEOMETRIC_REPRESENTATION_CONTEXT(2) 
PARAMETRIC_REPRESENTATION_CONTEXT() REPRESENTATION_CONTEXT('2D SPACE',''
  ) );
#73 = ORIENTED_EDGE('',*,*,#74,.F.);
#74 = EDGE_CURVE('',#75,#42,#77,.T.);
#75 = VERTEX_POINT('',#76);
#76 = CARTESIAN_POINT('',(-63.93962117464,0.,-415.238844942));
#77 = SURFACE_CURVE('',#78,(#83,#90),.PCURVE_S1.);
#78 = CIRCLE('',#79,2.5);
#79 = AXIS2_PLACEMENT_3D('',#80,#81,#82);
#80 = CARTESIAN_POINT('',(-63.93962117464,0.,-412.738844942));
#81 = DIRECTION('',(0.,1.,0.));
#82 = DIRECTION('',(0.,-0.,1.));
#83 = PCURVE('',#50,#84);
#84 = DEFINITIONAL_REPRESENTATION('',(#85),#89);
#85 = LINE('',#86,#87);
#86 = CARTESIAN_POINT('',(0.,4.));
#87 = VECTOR('',#88,1.);
#88 = DIRECTION('',(1.,0.));
#89 = ( GEOMETRIC_REPRESENTATION_CONTEXT(2) 
PARAMETRIC_REPRESENTATION_CONTEXT() REPRESENTATION_CONTEXT('2D SPACE',''
  ) );
#90 = PCURVE('',#91,#96);
#91 = PLANE('',#92);
#92 = AXIS2_PLACEMENT_3D('',#93,#94,#95);
#93 = CARTESIAN_POINT('',(5.060378825354,0.,-1.159524301519E+03));
#94 = DIRECTION('',(0.,1.,0.));
#95 = DIRECTION('',(0.,-0.,1.));
#96 = DEFINITIONAL_REPRESENTATION('',(#97),#101);
#97 = CIRCLE('',#98,2.5);
#98 = AXIS2_PLACEMENT_2D('',#99,#100);
#99 = CARTESIAN_POINT('',(746.78545657646,-68.99999999999));
#100 = DIRECTION('',(1.,0.));
#101 = ( GEOMETRIC_REPRESENTATION_CONTEXT(2) 
PARAMETRIC_REPRESENTATION_CONTEXT() REPRESENTATION_CONTEXT('2D SPACE',''
  ) );
#102 = ORIENTED_EDGE('',*,*,#103,.F.);
#103 = EDGE_CURVE('',#104,#75,#106,.T.);
#104 = VERTEX_POINT('',#105);
#105 = CARTESIAN_POINT('',(-63.93962117464,-4.,-415.238844942));
#106 = SURFACE_CURVE('',#107,(#111,#118),.PCURVE_S1.);
#107 = LINE('',#108,#109);
#108 = CARTESIAN_POINT('',(-63.93962117464,-4.,-415.238844942));
#109 = VECTOR('',#110,1.);
#110 = DIRECTION('',(0.,1.,0.));
#111 = PCURVE('',#50,#112);
#112 = DEFINITIONAL_REPRESENTATION('',(#113),#117);
#113 = LINE('',#114,#115);
#114 = CARTESIAN_POINT('',(3.14159265359,0.));
#115 = VECTOR('',#116,1.);
#116 = DIRECTION('',(0.,1.));
#117 = ( GEOMETRIC_REPRESENTATION_CONTEXT(2) 
PARAMETRIC_REPRESENTATION_CONTEXT() REPRESENTATION_CONTEXT('2D SPACE',''
  ) );
#118 = PCURVE('',#62,#119);
#119 = DEFINITIONAL_REPRESENTATION('',(#120),#124);
#120 = LINE('',#121,#122);
#121 = CARTESIAN_POINT('',(3.14159265359,0.));
#122 = VECTOR('',#123,1.);
#123 = DIRECTION('',(0.,1.));
#124 = ( GEOMETRIC_REPRESENTATION_CONTEXT(2) 
PARAMETRIC_REPRESENTATION_CONTEXT() REPRESENTATION_CONTEXT('2D SPACE',''
  ) );
#125 = ORIENTED_EDGE('',*,*,#126,.T.);
#126 = EDGE_CURVE('',#104,#40,#127,.T.);
#127 = SURFACE_CURVE('',#128,(#133,#140),.PCURVE_S1.);
#128 = CIRCLE('',#129,2.5);
#129 = AXIS2_PLACEMENT_3D('',#130,#131,#132);
#130 = CARTESIAN_POINT('',(-63.93962117464,-4.,-412.738844942));
#131 = DIRECTION('',(0.,1.,0.));
#132 = DIRECTION('',(0.,-0.,1.));
#133 = PCURVE('',#50,#134);
#134 = DEFINITIONAL_REPRESENTATION('',(#135),#139);
#135 = LINE('',#136,#137);
#136 = CARTESIAN_POINT('',(0.,0.));
#137 = VECTOR('',#138,1.);
#138 = DIRECTION('',(1.,0.));
#139 = ( GEOMETRIC_REPRESENTATION_CONTEXT(2) 
PARAMETRIC_REPRESENTATION_CONTEXT() REPRESENTATION_CONTEXT('2D SPACE',''
  ) );
#140 = PCURVE('',#141,#146);
#141 = PLANE('',#142);
#142 = AXIS2_PLACEMENT_3D('',#143,#144,#145);
#143 = CARTESIAN_POINT('',(5.060378825354,-4.,-1.159524301519E+03));
#144 = DIRECTION('',(0.,1.,0.));
#145 = DIRECTION('',(0.,-0.,1.));
#146 = DEFINITIONAL_REPRESENTATION('',(#147),#151);
#147 = CIRCLE('',#148,2.5);
#148 = AXIS2_PLACEMENT_2D('',#149,#150);
#149 = CARTESIAN_POINT('',(746.78545657646,-68.99999999999));
#150 = DIRECTION('',(1.,0.));
#151 = ( GEOMETRIC_REPRESENTATION_CONTEXT(2) 
PARAMETRIC_REPRESENTATION_CONTEXT() REPRESENTATION_CONTEXT('2D SPACE',''
  ) );
#152 = ADVANCED_FACE('',(#153),#167,.F.);
#153 = FACE_BOUND('',#154,.F.);
#154 = EDGE_LOOP('',(#155,#190,#214,#237));
#155 = ORIENTED_EDGE('',*,*,#156,.T.);
#156 = EDGE_CURVE('',#157,#159,#161,.T.);
#157 = VERTEX_POINT('',#158);
#158 = CARTESIAN_POINT('',(74.060378825355,-4.,-410.238844942));
#159 = VERTEX_POINT('',#160);
#160 = CARTESIAN_POINT('',(74.060378825355,0.,-410.238844942));
#161 = SURFACE_CURVE('',#162,(#166,#178),.PCURVE_S1.);
#162 = LINE('',#163,#164);
#163 = CARTESIAN_POINT('',(74.060378825355,-4.,-410.238844942));
#164 = VECTOR('',#165,1.);
#165 = DIRECTION('',(0.,1.,0.));
#166 = PCURVE('',#167,#172);
#167 = CYLINDRICAL_SURFACE('',#168,2.5);
#168 = AXIS2_PLACEMENT_3D('',#169,#170,#171);
#169 = CARTESIAN_POINT('',(74.060378825355,-4.,-412.738844942));
#170 = DIRECTION('',(0.,1.,0.));
#171 = DIRECTION('',(0.,-0.,1.));
#172 = DEFINITIONAL_REPRESENTATION('',(#173),#177);
#173 = LINE('',#174,#175);
#174 = CARTESIAN_POINT('',(6.28318530718,0.));
#175 = VECTOR('',#176,1.);
#176 = DIRECTION('',(0.,1.));
#177 = ( GEOMETRIC_REPRESENTATION_CONTEXT(2) 
PARAMETRIC_REPRESENTATION_CONTEXT() REPRESENTATION_CONTEXT('2D SPACE',''
  ) );
#178 = PCURVE('',#179,#184);
#179 = CYLINDRICAL_SURFACE('',#180,2.5);
#180 = AXIS2_PLACEMENT_3D('',#181,#182,#183);
#181 = CARTESIAN_POINT('',(74.060378825355,-4.,-412.738844942));
#182 = DIRECTION('',(0.,1.,0.));
#183 = DIRECTION('',(0.,-0.,1.));
#184 = DEFINITIONAL_REPRESENTATION('',(#185),#189);
#185 = LINE('',#186,#187);
#186 = CARTESIAN_POINT('',(0.,0.));
#187 = VECTOR('',#188,1.);
#188 = DIRECTION('',(0.,1.));
#189 = ( GEOMETRIC_REPRESENTATION_CONTEXT(2) 
PARAMETRIC_REPRESENTATION_CONTEXT() REPRESENTATION_CONTEXT('2D SPACE',''
  ) );
#190 = ORIENTED_EDGE('',*,*,#191,.F.);
#191 = EDGE_CURVE('',#192,#159,#194,.T.);
#192 = VERTEX_POINT('',#193);
#193 = CARTESIAN_POINT('',(74.060378825355,0.,-415.238844942));
#194 = SURFACE_CURVE('',#195,(#200,#207),.PCURVE_S1.);
#195 = CIRCLE('',#196,2.5);
#196 = AXIS2_PLACEMENT_3D('',#197,#198,#199);
#197 = CARTESIAN_POINT('',(74.060378825355,0.,-412.738844942));
#198 = DIRECTION('',(0.,1.,0.));
#199 = DIRECTION('',(0.,-0.,1.));
#200 = PCURVE('',#167,#201);
#201 = DEFINITIONAL_REPRESENTATION('',(#202),#206);
#202 = LINE('',#203,#204);
#203 = CARTESIAN_POINT('',(0.,4.));
#204 = VECTOR('',#205,1.);
#205 = DIRECTION('',(1.,0.));
#206 = ( GEOMETRIC_REPRESENTATION_CONTEXT(2) 
PARAMETRIC_REPRESENTATION_CONTEXT() REPRESENTATION_CONTEXT('2D SPACE',''
  ) );
#207 = PCURVE('',#91,#208);
#208 = DEFINITIONAL_REPRESENTATION('',(#209),#213);
#209 = CIRCLE('',#210,2.5);
#210 = AXIS2_PLACEMENT_2D('',#211,#212);
#211 = CARTESIAN_POINT('',(746.78545657646,69.000000000001));
#212 = DIRECTION('',(1.,0.));
#213 = ( GEOMETRIC_REPRESENTATION_CONTEXT(2) 
PARAMETRIC_REPRESENTATION_CONTEXT() REPRESENTATION_CONTEXT('2D SPACE',''
  ) );
#214 = ORIENTED_EDGE('',*,*,#215,.F.);
#215 = EDGE_CURVE('',#216,#192,#218,.T.);
#216 = VERTEX_POINT('',#217);
#217 = CARTESIAN_POINT('',(74.060378825355,-4.,-415.238844942));
#218 = SURFACE_CURVE('',#219,(#223,#230),.PCURVE_S1.);
#219 = LINE('',#220,#221);
#220 = CARTESIAN_POINT('',(74.060378825355,-4.,-415.238844942));
#221 = VECTOR('',#222,1.);
#222 = DIRECTION('',(0.,1.,0.));
#223 = PCURVE('',#167,#224);
#224 = DEFINITIONAL_REPRESENTATION('',(#225),#229);
#225 = LINE('',#226,#227);
#226 = CARTESIAN_POINT('',(3.14159265359,0.));
#227 = VECTOR('',#228,1.);
#228 = DIRECTION('',(0.,1.));
#229 = ( GEOMETRIC_REPRESENTATION_CONTEXT(2) 
PARAMETRIC_REPRESENTATION_CONTEXT() REPRESENTATION_CONTEXT('2D SPACE',''
  ) );
#230 = PCURVE('',#179,#231);
#231 = DEFINITIONAL_REPRESENTATION('',(#232),#236);
#232 = LINE('',#233,#234);
#233 = CARTESIAN_POINT('',(3.14159265359,0.));
#234 = VECTOR('',#235,1.);
#235 = DIRECTION('',(0.,1.));
#236 = ( GEOMETRIC_REPRESENTATION_CONTEXT(2) 
PARAMETRIC_REPRESENTATION_CONTEXT() REPRESENTATION_CONTEXT('2D SPACE',''
  ) );
#237 = ORIENTED_EDGE('',*,*,#238,.T.);
#238 = EDGE_CURVE('',#216,#157,#239,.T.);
#239 = SURFACE_CURVE('',#240,(#245,#252),.PCURVE_S1.);
#240 = CIRCLE('',#241,2.5);
#241 = AXIS2_PLACEMENT_3D('',#242,#243,#244);
#242 = CARTESIAN_POINT('',(74.060378825355,-4.,-412.738844942));
#243 = DIRECTION('',(0.,1.,0.));
#244 = DIRECTION('',(0.,-0.,1.));
#245 = PCURVE('',#167,#246);
#246 = DEFINITIONAL_REPRESENTATION('',(#247),#251);
#247 = LINE('',#248,#249);
#248 = CARTESIAN_POINT('',(0.,0.));
#249 = VECTOR('',#250,1.);
#250 = DIRECTION('',(1.,0.));
#251 = ( GEOMETRIC_REPRESENTATION_CONTEXT(2) 
PARAMETRIC_REPRESENTATION_CONTEXT() REPRESENTATION_CONTEXT('2D SPACE',''
  ) );
#252 = PCURVE('',#141,#253);
#253 = DEFINITIONAL_REPRESENTATION('',(#254),#258);
#254 = CIRCLE('',#255,2.5);
#255 = AXIS2_PLACEMENT_2D('',#256,#257);
#256 = CARTESIAN_POINT('',(746.78545657646,69.000000000001));
#257 = DIRECTION('',(1.,0.));
#258 = ( GEOMETRIC_REPRESENTATION_CONTEXT(2) 
PARAMETRIC_REPRESENTATION_CONTEXT() REPRESENTATION_CONTEXT('2D SPACE',''
  ) );
#259 = ADVANCED_FACE('',(#260),#274,.F.);
#260 = FACE_BOUND('',#261,.F.);
#261 = EDGE_LOOP('',(#262,#297,#321,#344));
#262 = ORIENTED_EDGE('',*,*,#263,.T.);
#263 = EDGE_CURVE('',#264,#266,#268,.T.);
#264 = VERTEX_POINT('',#265);
#265 = CARTESIAN_POINT('',(116.06037882535,-4.,-545.238844942));
#266 = VERTEX_POINT('',#267);
#267 = CARTESIAN_POINT('',(116.06037882535,0.,-545.238844942));
#268 = SURFACE_CURVE('',#269,(#273,#285),.PCURVE_S1.);
#269 = LINE('',#270,#271);
#270 = CARTESIAN_POINT('',(116.06037882535,-4.,-545.238844942));
#271 = VECTOR('',#272,1.);
#272 = DIRECTION('',(0.,1.,0.));
#273 = PCURVE('',#274,#279);
#274 = CYLINDRICAL_SURFACE('',#275,2.5);
#275 = AXIS2_PLACEMENT_3D('',#276,#277,#278);
#276 = CARTESIAN_POINT('',(116.06037882535,-4.,-547.738844942));
#277 = DIRECTION('',(0.,1.,0.));
#278 = DIRECTION('',(0.,-0.,1.));
#279 = DEFINITIONAL_REPRESENTATION('',(#280),#284);
#280 = LINE('',#281,#282);
#281 = CARTESIAN_POINT('',(6.28318530718,0.));
#282 = VECTOR('',#283,1.);
#283 = DIRECTION('',(0.,1.));
#284 = ( GEOMETRIC_REPRESENTATION_CONTEXT(2) 
PARAMETRIC_REPRESENTATION_CONTEXT() REPRESENTATION_CONTEXT('2D SPACE',''
  ) );
#285 = PCURVE('',#286,#291);
#286 = CYLINDRICAL_SURFACE('',#287,2.5);
#287 = AXIS2_PLACEMENT_3D('',#288,#289,#290);
#288 = CARTESIAN_POINT('',(116.06037882535,-4.,-547.738844942));
#289 = DIRECTION('',(0.,1.,0.));
#290 = DIRECTION('',(0.,-0.,1.));
#291 = DEFINITIONAL_REPRESENTATION('',(#292),#296);
#292 = LINE('',#293,#294);
#293 = CARTESIAN_POINT('',(0.,0.));
#294 = VECTOR('',#295,1.);
#295 = DIRECTION('',(0.,1.));
#296 = ( GEOMETRIC_REPRESENTATION_CONTEXT(2) 
PARAMETRIC_REPRESENTATION_CONTEXT() REPRESENTATION_CONTEXT('2D SPACE',''
  ) );
#297 = ORIENTED_EDGE('',*,*,#298,.F.);
#298 = EDGE_CURVE('',#299,#266,#301,.T.);
#299 = VERTEX_POINT('',#300);
#300 = CARTESIAN_POINT('',(116.06037882535,0.,-550.238844942));
#301 = SURFACE_CURVE('',#302,(#307,#314),.PCURVE_S1.);
#302 = CIRCLE('',#303,2.5);
#303 = AXIS2_PLACEMENT_3D('',#304,#305,#306);
#304 = CARTESIAN_POINT('',(116.06037882535,0.,-547.738844942));
#305 = DIRECTION('',(0.,1.,0.));
#306 = DIRECTION('',(0.,-0.,1.));
#307 = PCURVE('',#274,#308);
#308 = DEFINITIONAL_REPRESENTATION('',(#309),#313);
#309 = LINE('',#310,#311);
#310 = CARTESIAN_POINT('',(0.,4.));
#311 = VECTOR('',#312,1.);
#312 = DIRECTION('',(1.,0.));
#313 = ( GEOMETRIC_REPRESENTATION_CONTEXT(2) 
PARAMETRIC_REPRESENTATION_CONTEXT() REPRESENTATION_CONTEXT('2D SPACE',''
  ) );
#314 = PCURVE('',#91,#315);
#315 = DEFINITIONAL_REPRESENTATION('',(#316),#320);
#316 = CIRCLE('',#317,2.5);
#317 = AXIS2_PLACEMENT_2D('',#318,#319);
#318 = CARTESIAN_POINT('',(611.78545657646,111.));
#319 = DIRECTION('',(1.,0.));
#320 = ( GEOMETRIC_REPRESENTATION_CONTEXT(2) 
PARAMETRIC_REPRESENTATION_CONTEXT() REPRESENTATION_CONTEXT('2D SPACE',''
  ) );
#321 = ORIENTED_EDGE('',*,*,#322,.F.);
#322 = EDGE_CURVE('',#323,#299,#325,.T.);
#323 = VERTEX_POINT('',#324);
#324 = CARTESIAN_POINT('',(116.06037882535,-4.,-550.238844942));
#325 = SURFACE_CURVE('',#326,(#330,#337),.PCURVE_S1.);
#326 = LINE('',#327,#328);
#327 = CARTESIAN_POINT('',(116.06037882535,-4.,-550.238844942));
#328 = VECTOR('',#329,1.);
#329 = DIRECTION('',(0.,1.,0.));
#330 = PCURVE('',#274,#331);
#331 = DEFINITIONAL_REPRESENTATION('',(#332),#336);
#332 = LINE('',#333,#334);
#333 = CARTESIAN_POINT('',(3.14159265359,0.));
#334 = VECTOR('',#335,1.);
#335 = DIRECTION('',(0.,1.));
#336 = ( GEOMETRIC_REPRESENTATION_CONTEXT(2) 
PARAMETRIC_REPRESENTATION_CONTEXT() REPRESENTATION_CONTEXT('2D SPACE',''
  ) );
#337 = PCURVE('',#286,#338);
#338 = DEFINITIONAL_REPRESENTATION('',(#339),#343);
#339 = LINE('',#340,#341);
#340 = CARTESIAN_POINT('',(3.14159265359,0.));
#341 = VECTOR('',#342,1.);
#342 = DIRECTION('',(0.,1.));
#343 = ( GEOMETRIC_REPRESENTATION_CONTEXT(2) 
PARAMETRIC_REPRESENTATION_CONTEXT() REPRESENTATION_CONTEXT('2D SPACE',''
  ) );
#344 = ORIENTED_EDGE('',*,*,#345,.T.);
#345 = EDGE_CURVE('',#323,#264,#346,.T.);
#346 = SURFACE_CURVE('',#347,(#352,#359),.PCURVE_S1.);
#347 = CIRCLE('',#348,2.5);
#348 = AXIS2_PLACEMENT_3D('',#349,#350,#351);
#349 = CARTESIAN_POINT('',(116.06037882535,-4.,-547.738844942));
#350 = DIRECTION('',(0.,1.,0.));
#351 = DIRECTION('',(0.,-0.,1.));
#352 = PCURVE('',#274,#353);
#353 = DEFINITIONAL_REPRESENTATION('',(#354),#358);
#354 = LINE('',#355,#356);
#355 = CARTESIAN_POINT('',(0.,0.));
#356 = VECTOR('',#357,1.);
#357 = DIRECTION('',(1.,0.));
#358 = ( GEOMETRIC_REPRESENTATION_CONTEXT(2) 
PARAMETRIC_REPRESENTATION_CONTEXT() REPRESENTATION_CONTEXT('2D SPACE',''
  ) );
#359 = PCURVE('',#141,#360);
#360 = DEFINITIONAL_REPRESENTATION('',(#361),#365);
#361 = CIRCLE('',#362,2.5);
#362 = AXIS2_PLACEMENT_2D('',#363,#364);
#363 = CARTESIAN_POINT('',(611.78545657646,111.));
#364 = DIRECTION('',(1.,0.));
#365 = ( GEOMETRIC_REPRESENTATION_CONTEXT(2) 
PARAMETRIC_REPRESENTATION_CONTEXT() REPRESENTATION_CONTEXT('2D SPACE',''
  ) );
#366 = ADVANCED_FACE('',(#367),#381,.F.);
#367 = FACE_BOUND('',#368,.F.);
#368 = EDGE_LOOP('',(#369,#404,#428,#451));
#369 = ORIENTED_EDGE('',*,*,#370,.T.);
#370 = EDGE_CURVE('',#371,#373,#375,.T.);
#371 = VERTEX_POINT('',#372);
#372 = CARTESIAN_POINT('',(-105.9396211746,-4.,-545.238844942));
#373 = VERTEX_POINT('',#374);
#374 = CARTESIAN_POINT('',(-105.9396211746,0.,-545.238844942));
#375 = SURFACE_CURVE('',#376,(#380,#392),.PCURVE_S1.);
#376 = LINE('',#377,#378);
#377 = CARTESIAN_POINT('',(-105.9396211746,-4.,-545.238844942));
#378 = VECTOR('',#379,1.);
#379 = DIRECTION('',(0.,1.,0.));
#380 = PCURVE('',#381,#386);
#381 = CYLINDRICAL_SURFACE('',#382,2.5);
#382 = AXIS2_PLACEMENT_3D('',#383,#384,#385);
#383 = CARTESIAN_POINT('',(-105.9396211746,-4.,-547.738844942));
#384 = DIRECTION('',(0.,1.,0.));
#385 = DIRECTION('',(0.,-0.,1.));
#386 = DEFINITIONAL_REPRESENTATION('',(#387),#391);
#387 = LINE('',#388,#389);
#388 = CARTESIAN_POINT('',(6.28318530718,0.));
#389 = VECTOR('',#390,1.);
#390 = DIRECTION('',(0.,1.));
#391 = ( GEOMETRIC_REPRESENTATION_CONTEXT(2) 
PARAMETRIC_REPRESENTATION_CONTEXT() REPRESENTATION_CONTEXT('2D SPACE',''
  ) );
#392 = PCURVE('',#393,#398);
#393 = CYLINDRICAL_SURFACE('',#394,2.5);
#394 = AXIS2_PLACEMENT_3D('',#395,#396,#397);
#395 = CARTESIAN_POINT('',(-105.9396211746,-4.,-547.738844942));
#396 = DIRECTION('',(0.,1.,0.));
#397 = DIRECTION('',(0.,-0.,1.));
#398 = DEFINITIONAL_REPRESENTATION('',(#399),#403);
#399 = LINE('',#400,#401);
#400 = CARTESIAN_POINT('',(0.,0.));
#401 = VECTOR('',#402,1.);
#402 = DIRECTION('',(0.,1.));
#403 = ( GEOMETRIC_REPRESENTATION_CONTEXT(2) 
PARAMETRIC_REPRESENTATION_CONTEXT() REPRESENTATION_CONTEXT('2D SPACE',''
  ) );
#404 = ORIENTED_EDGE('',*,*,#405,.F.);
#405 = EDGE_CURVE('',#406,#373,#408,.T.);
#406 = VERTEX_POINT('',#407);
#407 = CARTESIAN_POINT('',(-105.9396211746,0.,-550.238844942));
#408 = SURFACE_CURVE('',#409,(#414,#421),.PCURVE_S1.);
#409 = CIRCLE('',#410,2.5);
#410 = AXIS2_PLACEMENT_3D('',#411,#412,#413);
#411 = CARTESIAN_POINT('',(-105.9396211746,0.,-547.738844942));
#412 = DIRECTION('',(0.,1.,0.));
#413 = DIRECTION('',(0.,-0.,1.));
#414 = PCURVE('',#381,#415);
#415 = DEFINITIONAL_REPRESENTATION('',(#416),#420);
#416 = LINE('',#417,#418);
#417 = CARTESIAN_POINT('',(0.,4.));
#418 = VECTOR('',#419,1.);
#419 = DIRECTION('',(1.,0.));
#420 = ( GEOMETRIC_REPRESENTATION_CONTEXT(2) 
PARAMETRIC_REPRESENTATION_CONTEXT() REPRESENTATION_CONTEXT('2D SPACE',''
  ) );
#421 = PCURVE('',#91,#422);
#422 = DEFINITIONAL_REPRESENTATION('',(#423),#427);
#423 = CIRCLE('',#424,2.5);
#424 = AXIS2_PLACEMENT_2D('',#425,#426);
#425 = CARTESIAN_POINT('',(611.78545657646,-110.9999999999));
#426 = DIRECTION('',(1.,0.));
#427 = ( GEOMETRIC_REPRESENTATION_CONTEXT(2) 
PARAMETRIC_REPRESENTATION_CONTEXT() REPRESENTATION_CONTEXT('2D SPACE',''
  ) );
#428 = ORIENTED_EDGE('',*,*,#429,.F.);
#429 = EDGE_CURVE('',#430,#406,#432,.T.);
#430 = VERTEX_POINT('',#431);
#431 = CARTESIAN_POINT('',(-105.9396211746,-4.,-550.238844942));
#432 = SURFACE_CURVE('',#433,(#437,#444),.PCURVE_S1.);
#433 = LINE('',#434,#435);
#434 = CARTESIAN_POINT('',(-105.9396211746,-4.,-550.238844942));
#435 = VECTOR('',#436,1.);
#436 = DIRECTION('',(0.,1.,0.));
#437 = PCURVE('',#381,#438);
#438 = DEFINITIONAL_REPRESENTATION('',(#439),#443);
#439 = LINE('',#440,#441);
#440 = CARTESIAN_POINT('',(3.14159265359,0.));
#441 = VECTOR('',#442,1.);
#442 = DIRECTION('',(0.,1.));
#443 = ( GEOMETRIC_REPRESENTATION_CONTEXT(2) 
PARAMETRIC_REPRESENTATION_CONTEXT() REPRESENTATION_CONTEXT('2D SPACE',''
  ) );
#444 = PCURVE('',#393,#445);
#445 = DEFINITIONAL_REPRESENTATION('',(#446),#450);
#446 = LINE('',#447,#448);
#447 = CARTESIAN_POINT('',(3.14159265359,0.));
#448 = VECTOR('',#449,1.);
#449 = DIRECTION('',(0.,1.));
#450 = ( GEOMETRIC_REPRESENTATION_CONTEXT(2) 
PARAMETRIC_REPRESENTATION_CONTEXT() REPRESENTATION_CONTEXT('2D SPACE',''
  ) );
#451 = ORIENTED_EDGE('',*,*,#452,.T.);
#452 = EDGE_CURVE('',#430,#371,#453,.T.);
#453 = SURFACE_CURVE('',#454,(#459,#466),.PCURVE_S1.);
#454 = CIRCLE('',#455,2.5);
#455 = AXIS2_PLACEMENT_3D('',#456,#457,#458);
#456 = CARTESIAN_POINT('',(-105.9396211746,-4.,-547.738844942));
#457 = DIRECTION('',(0.,1.,0.));
#458 = DIRECTION('',(0.,-0.,1.));
#459 = PCURVE('',#381,#460);
#460 = DEFINITIONAL_REPRESENTATION('',(#461),#465);
#461 = LINE('',#462,#463);
#462 = CARTESIAN_POINT('',(0.,0.));
#463 = VECTOR('',#464,1.);
#464 = DIRECTION('',(1.,0.));
#465 = ( GEOMETRIC_REPRESENTATION_CONTEXT(2) 
PARAMETRIC_REPRESENTATION_CONTEXT() REPRESENTATION_CONTEXT('2D SPACE',''
  ) );
#466 = PCURVE('',#141,#467);
#467 = DEFINITIONAL_REPRESENTATION('',(#468),#472);
#468 = CIRCLE('',#469,2.5);
#469 = AXIS2_PLACEMENT_2D('',#470,#471);
#470 = CARTESIAN_POINT('',(611.78545657646,-110.9999999999));
#471 = DIRECTION('',(1.,0.));
#472 = ( GEOMETRIC_REPRESENTATION_CONTEXT(2) 
PARAMETRIC_REPRESENTATION_CONTEXT() REPRESENTATION_CONTEXT('2D SPACE',''
  ) );
#473 = ADVANCED_FACE('',(#474),#488,.F.);
#474 = FACE_BOUND('',#475,.F.);
#475 = EDGE_LOOP('',(#476,#511,#535,#558));
#476 = ORIENTED_EDGE('',*,*,#477,.T.);
#477 = EDGE_CURVE('',#478,#480,#482,.T.);
#478 = VERTEX_POINT('',#479);
#479 = CARTESIAN_POINT('',(74.060378825354,-4.,-529.488844942));
#480 = VERTEX_POINT('',#481);
#481 = CARTESIAN_POINT('',(74.060378825354,0.,-529.488844942));
#482 = SURFACE_CURVE('',#483,(#487,#499),.PCURVE_S1.);
#483 = LINE('',#484,#485);
#484 = CARTESIAN_POINT('',(74.060378825354,-4.,-529.488844942));
#485 = VECTOR('',#486,1.);
#486 = DIRECTION('',(0.,1.,0.));
#487 = PCURVE('',#488,#493);
#488 = CYLINDRICAL_SURFACE('',#489,3.25);
#489 = AXIS2_PLACEMENT_3D('',#490,#491,#492);
#490 = CARTESIAN_POINT('',(74.060378825354,-4.,-532.738844942));
#491 = DIRECTION('',(0.,1.,0.));
#492 = DIRECTION('',(0.,-0.,1.));
#493 = DEFINITIONAL_REPRESENTATION('',(#494),#498);
#494 = LINE('',#495,#496);
#495 = CARTESIAN_POINT('',(6.28318530718,0.));
#496 = VECTOR('',#497,1.);
#497 = DIRECTION('',(0.,1.));
#498 = ( GEOMETRIC_REPRESENTATION_CONTEXT(2) 
PARAMETRIC_REPRESENTATION_CONTEXT() REPRESENTATION_CONTEXT('2D SPACE',''
  ) );
#499 = PCURVE('',#500,#505);
#500 = CYLINDRICAL_SURFACE('',#501,3.25);
#501 = AXIS2_PLACEMENT_3D('',#502,#503,#504);
#502 = CARTESIAN_POINT('',(74.060378825354,-4.,-532.738844942));
#503 = DIRECTION('',(0.,1.,0.));
#504 = DIRECTION('',(0.,-0.,1.));
#505 = DEFINITIONAL_REPRESENTATION('',(#506),#510);
#506 = LINE('',#507,#508);
#507 = CARTESIAN_POINT('',(0.,0.));
#508 = VECTOR('',#509,1.);
#509 = DIRECTION('',(0.,1.));
#510 = ( GEOMETRIC_REPRESENTATION_CONTEXT(2) 
PARAMETRIC_REPRESENTATION_CONTEXT() REPRESENTATION_CONTEXT('2D SPACE',''
  ) );
#511 = ORIENTED_EDGE('',*,*,#512,.F.);
#512 = EDGE_CURVE('',#513,#480,#515,.T.);
#513 = VERTEX_POINT('',#514);
#514 = CARTESIAN_POINT('',(74.060378825354,0.,-535.988844942));
#515 = SURFACE_CURVE('',#516,(#521,#528),.PCURVE_S1.);
#516 = CIRCLE('',#517,3.25);
#517 = AXIS2_PLACEMENT_3D('',#518,#519,#520);
#518 = CARTESIAN_POINT('',(74.060378825354,0.,-532.738844942));
#519 = DIRECTION('',(0.,1.,0.));
#520 = DIRECTION('',(0.,-0.,1.));
#521 = PCURVE('',#488,#522);
#522 = DEFINITIONAL_REPRESENTATION('',(#523),#527);
#523 = LINE('',#524,#525);
#524 = CARTESIAN_POINT('',(0.,4.));
#525 = VECTOR('',#526,1.);
#526 = DIRECTION('',(1.,0.));
#527 = ( GEOMETRIC_REPRESENTATION_CONTEXT(2) 
PARAMETRIC_REPRESENTATION_CONTEXT() REPRESENTATION_CONTEXT('2D SPACE',''
  ) );
#528 = PCURVE('',#91,#529);
#529 = DEFINITIONAL_REPRESENTATION('',(#530),#534);
#530 = CIRCLE('',#531,3.25);
#531 = AXIS2_PLACEMENT_2D('',#532,#533);
#532 = CARTESIAN_POINT('',(626.78545657646,69.));
#533 = DIRECTION('',(1.,0.));
#534 = ( GEOMETRIC_REPRESENTATION_CONTEXT(2) 
PARAMETRIC_REPRESENTATION_CONTEXT() REPRESENTATION_CONTEXT('2D SPACE',''
  ) );
#535 = ORIENTED_EDGE('',*,*,#536,.F.);
#536 = EDGE_CURVE('',#537,#513,#539,.T.);
#537 = VERTEX_POINT('',#538);
#538 = CARTESIAN_POINT('',(74.060378825354,-4.,-535.988844942));
#539 = SURFACE_CURVE('',#540,(#544,#551),.PCURVE_S1.);
#540 = LINE('',#541,#542);
#541 = CARTESIAN_POINT('',(74.060378825354,-4.,-535.988844942));
#542 = VECTOR('',#543,1.);
#543 = DIRECTION('',(0.,1.,0.));
#544 = PCURVE('',#488,#545);
#545 = DEFINITIONAL_REPRESENTATION('',(#546),#550);
#546 = LINE('',#547,#548);
#547 = CARTESIAN_POINT('',(3.14159265359,0.));
#548 = VECTOR('',#549,1.);
#549 = DIRECTION('',(0.,1.));
#550 = ( GEOMETRIC_REPRESENTATION_CONTEXT(2) 
PARAMETRIC_REPRESENTATION_CONTEXT() REPRESENTATION_CONTEXT('2D SPACE',''
  ) );
#551 = PCURVE('',#500,#552);
#552 = DEFINITIONAL_REPRESENTATION('',(#553),#557);
#553 = LINE('',#554,#555);
#554 = CARTESIAN_POINT('',(3.14159265359,0.));
#555 = VECTOR('',#556,1.);
#556 = DIRECTION('',(0.,1.));
#557 = ( GEOMETRIC_REPRESENTATION_CONTEXT(2) 
PARAMETRIC_REPRESENTATION_CONTEXT() REPRESENTATION_CONTEXT('2D SPACE',''
  ) );
#558 = ORIENTED_EDGE('',*,*,#559,.T.);
#559 = EDGE_CURVE('',#537,#478,#560,.T.);
#560 = SURFACE_CURVE('',#561,(#566,#573),.PCURVE_S1.);
#561 = CIRCLE('',#562,3.25);
#562 = AXIS2_PLACEMENT_3D('',#563,#564,#565);
#563 = CARTESIAN_POINT('',(74.060378825354,-4.,-532.738844942));
#564 = DIRECTION('',(0.,1.,0.));
#565 = DIRECTION('',(0.,-0.,1.));
#566 = PCURVE('',#488,#567);
#567 = DEFINITIONAL_REPRESENTATION('',(#568),#572);
#568 = LINE('',#569,#570);
#569 = CARTESIAN_POINT('',(0.,0.));
#570 = VECTOR('',#571,1.);
#571 = DIRECTION('',(1.,0.));
#572 = ( GEOMETRIC_REPRESENTATION_CONTEXT(2) 
PARAMETRIC_REPRESENTATION_CONTEXT() REPRESENTATION_CONTEXT('2D SPACE',''
  ) );
#573 = PCURVE('',#141,#574);
#574 = DEFINITIONAL_REPRESENTATION('',(#575),#579);
#575 = CIRCLE('',#576,3.25);
#576 = AXIS2_PLACEMENT_2D('',#577,#578);
#577 = CARTESIAN_POINT('',(626.78545657646,69.));
#578 = DIRECTION('',(1.,0.));
#579 = ( GEOMETRIC_REPRESENTATION_CONTEXT(2) 
PARAMETRIC_REPRESENTATION_CONTEXT() REPRESENTATION_CONTEXT('2D SPACE',''
  ) );
#580 = ADVANCED_FACE('',(#581),#595,.F.);
#581 = FACE_BOUND('',#582,.F.);
#582 = EDGE_LOOP('',(#583,#618,#642,#665));
#583 = ORIENTED_EDGE('',*,*,#584,.T.);
#584 = EDGE_CURVE('',#585,#587,#589,.T.);
#585 = VERTEX_POINT('',#586);
#586 = CARTESIAN_POINT('',(-63.93962117464,-4.,-529.488844942));
#587 = VERTEX_POINT('',#588);
#588 = CARTESIAN_POINT('',(-63.93962117464,0.,-529.488844942));
#589 = SURFACE_CURVE('',#590,(#594,#606),.PCURVE_S1.);
#590 = LINE('',#591,#592);
#591 = CARTESIAN_POINT('',(-63.93962117464,-4.,-529.488844942));
#592 = VECTOR('',#593,1.);
#593 = DIRECTION('',(0.,1.,0.));
#594 = PCURVE('',#595,#600);
#595 = CYLINDRICAL_SURFACE('',#596,3.25);
#596 = AXIS2_PLACEMENT_3D('',#597,#598,#599);
#597 = CARTESIAN_POINT('',(-63.93962117464,-4.,-532.738844942));
#598 = DIRECTION('',(0.,1.,0.));
#599 = DIRECTION('',(0.,-0.,1.));
#600 = DEFINITIONAL_REPRESENTATION('',(#601),#605);
#601 = LINE('',#602,#603);
#602 = CARTESIAN_POINT('',(6.28318530718,0.));
#603 = VECTOR('',#604,1.);
#604 = DIRECTION('',(0.,1.));
#605 = ( GEOMETRIC_REPRESENTATION_CONTEXT(2) 
PARAMETRIC_REPRESENTATION_CONTEXT() REPRESENTATION_CONTEXT('2D SPACE',''
  ) );
#606 = PCURVE('',#607,#612);
#607 = CYLINDRICAL_SURFACE('',#608,3.25);
#608 = AXIS2_PLACEMENT_3D('',#609,#610,#611);
#609 = CARTESIAN_POINT('',(-63.93962117464,-4.,-532.738844942));
#610 = DIRECTION('',(0.,1.,0.));
#611 = DIRECTION('',(0.,-0.,1.));
#612 = DEFINITIONAL_REPRESENTATION('',(#613),#617);
#613 = LINE('',#614,#615);
#614 = CARTESIAN_POINT('',(0.,0.));
#615 = VECTOR('',#616,1.);
#616 = DIRECTION('',(0.,1.));
#617 = ( GEOMETRIC_REPRESENTATION_CONTEXT(2) 
PARAMETRIC_REPRESENTATION_CONTEXT() REPRESENTATION_CONTEXT('2D SPACE',''
  ) );
#618 = ORIENTED_EDGE('',*,*,#619,.F.);
#619 = EDGE_CURVE('',#620,#587,#622,.T.);
#620 = VERTEX_POINT('',#621);
#621 = CARTESIAN_POINT('',(-63.93962117464,0.,-535.988844942));
#622 = SURFACE_CURVE('',#623,(#628,#635),.PCURVE_S1.);
#623 = CIRCLE('',#624,3.25);
#624 = AXIS2_PLACEMENT_3D('',#625,#626,#627);
#625 = CARTESIAN_POINT('',(-63.93962117464,0.,-532.738844942));
#626 = DIRECTION('',(0.,1.,0.));
#627 = DIRECTION('',(0.,-0.,1.));
#628 = PCURVE('',#595,#629);
#629 = DEFINITIONAL_REPRESENTATION('',(#630),#634);
#630 = LINE('',#631,#632);
#631 = CARTESIAN_POINT('',(0.,4.));
#632 = VECTOR('',#633,1.);
#633 = DIRECTION('',(1.,0.));
#634 = ( GEOMETRIC_REPRESENTATION_CONTEXT(2) 
PARAMETRIC_REPRESENTATION_CONTEXT() REPRESENTATION_CONTEXT('2D SPACE',''
  ) );
#635 = PCURVE('',#91,#636);
#636 = DEFINITIONAL_REPRESENTATION('',(#637),#641);
#637 = CIRCLE('',#638,3.25);
#638 = AXIS2_PLACEMENT_2D('',#639,#640);
#639 = CARTESIAN_POINT('',(626.78545657646,-69.));
#640 = DIRECTION('',(1.,0.));
#641 = ( GEOMETRIC_REPRESENTATION_CONTEXT(2) 
PARAMETRIC_REPRESENTATION_CONTEXT() REPRESENTATION_CONTEXT('2D SPACE',''
  ) );
#642 = ORIENTED_EDGE('',*,*,#643,.F.);
#643 = EDGE_CURVE('',#644,#620,#646,.T.);
#644 = VERTEX_POINT('',#645);
#645 = CARTESIAN_POINT('',(-63.93962117464,-4.,-535.988844942));
#646 = SURFACE_CURVE('',#647,(#651,#658),.PCURVE_S1.);
#647 = LINE('',#648,#649);
#648 = CARTESIAN_POINT('',(-63.93962117464,-4.,-535.988844942));
#649 = VECTOR('',#650,1.);
#650 = DIRECTION('',(0.,1.,0.));
#651 = PCURVE('',#595,#652);
#652 = DEFINITIONAL_REPRESENTATION('',(#653),#657);
#653 = LINE('',#654,#655);
#654 = CARTESIAN_POINT('',(3.14159265359,0.));
#655 = VECTOR('',#656,1.);
#656 = DIRECTION('',(0.,1.));
#657 = ( GEOMETRIC_REPRESENTATION_CONTEXT(2) 
PARAMETRIC_REPRESENTATION_CONTEXT() REPRESENTATION_CONTEXT('2D SPACE',''
  ) );
#658 = PCURVE('',#607,#659);
#659 = DEFINITIONAL_REPRESENTATION('',(#660),#664);
#660 = LINE('',#661,#662);
#661 = CARTESIAN_POINT('',(3.14159265359,0.));
#662 = VECTOR('',#663,1.);
#663 = DIRECTION('',(0.,1.));
#664 = ( GEOMETRIC_REPRESENTATION_CONTEXT(2) 
PARAMETRIC_REPRESENTATION_CONTEXT() REPRESENTATION_CONTEXT('2D SPACE',''
  ) );
#665 = ORIENTED_EDGE('',*,*,#666,.T.);
#666 = EDGE_CURVE('',#644,#585,#667,.T.);
#667 = SURFACE_CURVE('',#668,(#673,#680),.PCURVE_S1.);
#668 = CIRCLE('',#669,3.25);
#669 = AXIS2_PLACEMENT_3D('',#670,#671,#672);
#670 = CARTESIAN_POINT('',(-63.93962117464,-4.,-532.738844942));
#671 = DIRECTION('',(0.,1.,0.));
#672 = DIRECTION('',(0.,-0.,1.));
#673 = PCURVE('',#595,#674);
#674 = DEFINITIONAL_REPRESENTATION('',(#675),#679);
#675 = LINE('',#676,#677);
#676 = CARTESIAN_POINT('',(0.,0.));
#677 = VECTOR('',#678,1.);
#678 = DIRECTION('',(1.,0.));
#679 = ( GEOMETRIC_REPRESENTATION_CONTEXT(2) 
PARAMETRIC_REPRESENTATION_CONTEXT() REPRESENTATION_CONTEXT('2D SPACE',''
  ) );
#680 = PCURVE('',#141,#681);
#681 = DEFINITIONAL_REPRESENTATION('',(#682),#686);
#682 = CIRCLE('',#683,3.25);
#683 = AXIS2_PLACEMENT_2D('',#684,#685);
#684 = CARTESIAN_POINT('',(626.78545657646,-69.));
#685 = DIRECTION('',(1.,0.));
#686 = ( GEOMETRIC_REPRESENTATION_CONTEXT(2) 
PARAMETRIC_REPRESENTATION_CONTEXT() REPRESENTATION_CONTEXT('2D SPACE',''
  ) );
#687 = ADVANCED_FACE('',(#688),#702,.F.);
#688 = FACE_BOUND('',#689,.F.);
#689 = EDGE_LOOP('',(#690,#725,#749,#772));
#690 = ORIENTED_EDGE('',*,*,#691,.T.);
#691 = EDGE_CURVE('',#692,#694,#696,.T.);
#692 = VERTEX_POINT('',#693);
#693 = CARTESIAN_POINT('',(116.06037882535,-4.,-664.488844942));
#694 = VERTEX_POINT('',#695);
#695 = CARTESIAN_POINT('',(116.06037882535,0.,-664.488844942));
#696 = SURFACE_CURVE('',#697,(#701,#713),.PCURVE_S1.);
#697 = LINE('',#698,#699);
#698 = CARTESIAN_POINT('',(116.06037882535,-4.,-664.488844942));
#699 = VECTOR('',#700,1.);
#700 = DIRECTION('',(0.,1.,0.));
#701 = PCURVE('',#702,#707);
#702 = CYLINDRICAL_SURFACE('',#703,3.25);
#703 = AXIS2_PLACEMENT_3D('',#704,#705,#706);
#704 = CARTESIAN_POINT('',(116.06037882535,-4.,-667.738844942));
#705 = DIRECTION('',(0.,1.,0.));
#706 = DIRECTION('',(0.,-0.,1.));
#707 = DEFINITIONAL_REPRESENTATION('',(#708),#712);
#708 = LINE('',#709,#710);
#709 = CARTESIAN_POINT('',(6.28318530718,0.));
#710 = VECTOR('',#711,1.);
#711 = DIRECTION('',(0.,1.));
#712 = ( GEOMETRIC_REPRESENTATION_CONTEXT(2) 
PARAMETRIC_REPRESENTATION_CONTEXT() REPRESENTATION_CONTEXT('2D SPACE',''
  ) );
#713 = PCURVE('',#714,#719);
#714 = CYLINDRICAL_SURFACE('',#715,3.25);
#715 = AXIS2_PLACEMENT_3D('',#716,#717,#718);
#716 = CARTESIAN_POINT('',(116.06037882535,-4.,-667.738844942));
#717 = DIRECTION('',(0.,1.,0.));
#718 = DIRECTION('',(0.,-0.,1.));
#719 = DEFINITIONAL_REPRESENTATION('',(#720),#724);
#720 = LINE('',#721,#722);
#721 = CARTESIAN_POINT('',(0.,0.));
#722 = VECTOR('',#723,1.);
#723 = DIRECTION('',(0.,1.));
#724 = ( GEOMETRIC_REPRESENTATION_CONTEXT(2) 
PARAMETRIC_REPRESENTATION_CONTEXT() REPRESENTATION_CONTEXT('2D SPACE',''
  ) );
#725 = ORIENTED_EDGE('',*,*,#726,.F.);
#726 = EDGE_CURVE('',#727,#694,#729,.T.);
#727 = VERTEX_POINT('',#728);
#728 = CARTESIAN_POINT('',(116.06037882535,0.,-670.988844942));
#729 = SURFACE_CURVE('',#730,(#735,#742),.PCURVE_S1.);
#730 = CIRCLE('',#731,3.25);
#731 = AXIS2_PLACEMENT_3D('',#732,#733,#734);
#732 = CARTESIAN_POINT('',(116.06037882535,0.,-667.738844942));
#733 = DIRECTION('',(0.,1.,0.));
#734 = DIRECTION('',(0.,-0.,1.));
#735 = PCURVE('',#702,#736);
#736 = DEFINITIONAL_REPRESENTATION('',(#737),#741);
#737 = LINE('',#738,#739);
#738 = CARTESIAN_POINT('',(0.,4.));
#739 = VECTOR('',#740,1.);
#740 = DIRECTION('',(1.,0.));
#741 = ( GEOMETRIC_REPRESENTATION_CONTEXT(2) 
PARAMETRIC_REPRESENTATION_CONTEXT() REPRESENTATION_CONTEXT('2D SPACE',''
  ) );
#742 = PCURVE('',#91,#743);
#743 = DEFINITIONAL_REPRESENTATION('',(#744),#748);
#744 = CIRCLE('',#745,3.25);
#745 = AXIS2_PLACEMENT_2D('',#746,#747);
#746 = CARTESIAN_POINT('',(491.78545657646,111.));
#747 = DIRECTION('',(1.,0.));
#748 = ( GEOMETRIC_REPRESENTATION_CONTEXT(2) 
PARAMETRIC_REPRESENTATION_CONTEXT() REPRESENTATION_CONTEXT('2D SPACE',''
  ) );
#749 = ORIENTED_EDGE('',*,*,#750,.F.);
#750 = EDGE_CURVE('',#751,#727,#753,.T.);
#751 = VERTEX_POINT('',#752);
#752 = CARTESIAN_POINT('',(116.06037882535,-4.,-670.988844942));
#753 = SURFACE_CURVE('',#754,(#758,#765),.PCURVE_S1.);
#754 = LINE('',#755,#756);
#755 = CARTESIAN_POINT('',(116.06037882535,-4.,-670.988844942));
#756 = VECTOR('',#757,1.);
#757 = DIRECTION('',(0.,1.,0.));
#758 = PCURVE('',#702,#759);
#759 = DEFINITIONAL_REPRESENTATION('',(#760),#764);
#760 = LINE('',#761,#762);
#761 = CARTESIAN_POINT('',(3.14159265359,0.));
#762 = VECTOR('',#763,1.);
#763 = DIRECTION('',(0.,1.));
#764 = ( GEOMETRIC_REPRESENTATION_CONTEXT(2) 
PARAMETRIC_REPRESENTATION_CONTEXT() REPRESENTATION_CONTEXT('2D SPACE',''
  ) );
#765 = PCURVE('',#714,#766);
#766 = DEFINITIONAL_REPRESENTATION('',(#767),#771);
#767 = LINE('',#768,#769);
#768 = CARTESIAN_POINT('',(3.14159265359,0.));
#769 = VECTOR('',#770,1.);
#770 = DIRECTION('',(0.,1.));
#771 = ( GEOMETRIC_REPRESENTATION_CONTEXT(2) 
PARAMETRIC_REPRESENTATION_CONTEXT() REPRESENTATION_CONTEXT('2D SPACE',''
  ) );
#772 = ORIENTED_EDGE('',*,*,#773,.T.);
#773 = EDGE_CURVE('',#751,#692,#774,.T.);
#774 = SURFACE_CURVE('',#775,(#780,#787),.PCURVE_S1.);
#775 = CIRCLE('',#776,3.25);
#776 = AXIS2_PLACEMENT_3D('',#777,#778,#779);
#777 = CARTESIAN_POINT('',(116.06037882535,-4.,-667.738844942));
#778 = DIRECTION('',(0.,1.,0.));
#779 = DIRECTION('',(0.,-0.,1.));
#780 = PCURVE('',#702,#781);
#781 = DEFINITIONAL_REPRESENTATION('',(#782),#786);
#782 = LINE('',#783,#784);
#783 = CARTESIAN_POINT('',(0.,0.));
#784 = VECTOR('',#785,1.);
#785 = DIRECTION('',(1.,0.));
#786 = ( GEOMETRIC_REPRESENTATION_CONTEXT(2) 
PARAMETRIC_REPRESENTATION_CONTEXT() REPRESENTATION_CONTEXT('2D SPACE',''
  ) );
#787 = PCURVE('',#141,#788);
#788 = DEFINITIONAL_REPRESENTATION('',(#789),#793);
#789 = CIRCLE('',#790,3.25);
#790 = AXIS2_PLACEMENT_2D('',#791,#792);
#791 = CARTESIAN_POINT('',(491.78545657646,111.));
#792 = DIRECTION('',(1.,0.));
#793 = ( GEOMETRIC_REPRESENTATION_CONTEXT(2) 
PARAMETRIC_REPRESENTATION_CONTEXT() REPRESENTATION_CONTEXT('2D SPACE',''
  ) );
#794 = ADVANCED_FACE('',(#795),#809,.F.);
#795 = FACE_BOUND('',#796,.F.);
#796 = EDGE_LOOP('',(#797,#832,#856,#879));
#797 = ORIENTED_EDGE('',*,*,#798,.T.);
#798 = EDGE_CURVE('',#799,#801,#803,.T.);
#799 = VERTEX_POINT('',#800);
#800 = CARTESIAN_POINT('',(-105.9396211746,-4.,-664.488844942));
#801 = VERTEX_POINT('',#802);
#802 = CARTESIAN_POINT('',(-105.9396211746,0.,-664.488844942));
#803 = SURFACE_CURVE('',#804,(#808,#820),.PCURVE_S1.);
#804 = LINE('',#805,#806);
#805 = CARTESIAN_POINT('',(-105.9396211746,-4.,-664.488844942));
#806 = VECTOR('',#807,1.);
#807 = DIRECTION('',(0.,1.,0.));
#808 = PCURVE('',#809,#814);
#809 = CYLINDRICAL_SURFACE('',#810,3.25);
#810 = AXIS2_PLACEMENT_3D('',#811,#812,#813);
#811 = CARTESIAN_POINT('',(-105.9396211746,-4.,-667.738844942));
#812 = DIRECTION('',(0.,1.,0.));
#813 = DIRECTION('',(0.,-0.,1.));
#814 = DEFINITIONAL_REPRESENTATION('',(#815),#819);
#815 = LINE('',#816,#817);
#816 = CARTESIAN_POINT('',(6.28318530718,0.));
#817 = VECTOR('',#818,1.);
#818 = DIRECTION('',(0.,1.));
#819 = ( GEOMETRIC_REPRESENTATION_CONTEXT(2) 
PARAMETRIC_REPRESENTATION_CONTEXT() REPRESENTATION_CONTEXT('2D SPACE',''
  ) );
#820 = PCURVE('',#821,#826);
#821 = CYLINDRICAL_SURFACE('',#822,3.25);
#822 = AXIS2_PLACEMENT_3D('',#823,#824,#825);
#823 = CARTESIAN_POINT('',(-105.9396211746,-4.,-667.738844942));
#824 = DIRECTION('',(0.,1.,0.));
#825 = DIRECTION('',(0.,-0.,1.));
#826 = DEFINITIONAL_REPRESENTATION('',(#827),#831);
#827 = LINE('',#828,#829);
#828 = CARTESIAN_POINT('',(0.,0.));
#829 = VECTOR('',#830,1.);
#830 = DIRECTION('',(0.,1.));
#831 = ( GEOMETRIC_REPRESENTATION_CONTEXT(2) 
PARAMETRIC_REPRESENTATION_CONTEXT() REPRESENTATION_CONTEXT('2D SPACE',''
  ) );
#832 = ORIENTED_EDGE('',*,*,#833,.F.);
#833 = EDGE_CURVE('',#834,#801,#836,.T.);
#834 = VERTEX_POINT('',#835);
#835 = CARTESIAN_POINT('',(-105.9396211746,0.,-670.988844942));
#836 = SURFACE_CURVE('',#837,(#842,#849),.PCURVE_S1.);
#837 = CIRCLE('',#838,3.25);
#838 = AXIS2_PLACEMENT_3D('',#839,#840,#841);
#839 = CARTESIAN_POINT('',(-105.9396211746,0.,-667.738844942));
#840 = DIRECTION('',(0.,1.,0.));
#841 = DIRECTION('',(0.,-0.,1.));
#842 = PCURVE('',#809,#843);
#843 = DEFINITIONAL_REPRESENTATION('',(#844),#848);
#844 = LINE('',#845,#846);
#845 = CARTESIAN_POINT('',(0.,4.));
#846 = VECTOR('',#847,1.);
#847 = DIRECTION('',(1.,0.));
#848 = ( GEOMETRIC_REPRESENTATION_CONTEXT(2) 
PARAMETRIC_REPRESENTATION_CONTEXT() REPRESENTATION_CONTEXT('2D SPACE',''
  ) );
#849 = PCURVE('',#91,#850);
#850 = DEFINITIONAL_REPRESENTATION('',(#851),#855);
#851 = CIRCLE('',#852,3.25);
#852 = AXIS2_PLACEMENT_2D('',#853,#854);
#853 = CARTESIAN_POINT('',(491.78545657646,-111.));
#854 = DIRECTION('',(1.,0.));
#855 = ( GEOMETRIC_REPRESENTATION_CONTEXT(2) 
PARAMETRIC_REPRESENTATION_CONTEXT() REPRESENTATION_CONTEXT('2D SPACE',''
  ) );
#856 = ORIENTED_EDGE('',*,*,#857,.F.);
#857 = EDGE_CURVE('',#858,#834,#860,.T.);
#858 = VERTEX_POINT('',#859);
#859 = CARTESIAN_POINT('',(-105.9396211746,-4.,-670.988844942));
#860 = SURFACE_CURVE('',#861,(#865,#872),.PCURVE_S1.);
#861 = LINE('',#862,#863);
#862 = CARTESIAN_POINT('',(-105.9396211746,-4.,-670.988844942));
#863 = VECTOR('',#864,1.);
#864 = DIRECTION('',(0.,1.,0.));
#865 = PCURVE('',#809,#866);
#866 = DEFINITIONAL_REPRESENTATION('',(#867),#871);
#867 = LINE('',#868,#869);
#868 = CARTESIAN_POINT('',(3.14159265359,0.));
#869 = VECTOR('',#870,1.);
#870 = DIRECTION('',(0.,1.));
#871 = ( GEOMETRIC_REPRESENTATION_CONTEXT(2) 
PARAMETRIC_REPRESENTATION_CONTEXT() REPRESENTATION_CONTEXT('2D SPACE',''
  ) );
#872 = PCURVE('',#821,#873);
#873 = DEFINITIONAL_REPRESENTATION('',(#874),#878);
#874 = LINE('',#875,#876);
#875 = CARTESIAN_POINT('',(3.14159265359,0.));
#876 = VECTOR('',#877,1.);
#877 = DIRECTION('',(0.,1.));
#878 = ( GEOMETRIC_REPRESENTATION_CONTEXT(2) 
PARAMETRIC_REPRESENTATION_CONTEXT() REPRESENTATION_CONTEXT('2D SPACE',''
  ) );
#879 = ORIENTED_EDGE('',*,*,#880,.T.);
#880 = EDGE_CURVE('',#858,#799,#881,.T.);
#881 = SURFACE_CURVE('',#882,(#887,#894),.PCURVE_S1.);
#882 = CIRCLE('',#883,3.25);
#883 = AXIS2_PLACEMENT_3D('',#884,#885,#886);
#884 = CARTESIAN_POINT('',(-105.9396211746,-4.,-667.738844942));
#885 = DIRECTION('',(0.,1.,0.));
#886 = DIRECTION('',(0.,-0.,1.));
#887 = PCURVE('',#809,#888);
#888 = DEFINITIONAL_REPRESENTATION('',(#889),#893);
#889 = LINE('',#890,#891);
#890 = CARTESIAN_POINT('',(0.,0.));
#891 = VECTOR('',#892,1.);
#892 = DIRECTION('',(1.,0.));
#893 = ( GEOMETRIC_REPRESENTATION_CONTEXT(2) 
PARAMETRIC_REPRESENTATION_CONTEXT() REPRESENTATION_CONTEXT('2D SPACE',''
  ) );
#894 = PCURVE('',#141,#895);
#895 = DEFINITIONAL_REPRESENTATION('',(#896),#900);
#896 = CIRCLE('',#897,3.25);
#897 = AXIS2_PLACEMENT_2D('',#898,#899);
#898 = CARTESIAN_POINT('',(491.78545657646,-111.));
#899 = DIRECTION('',(1.,0.));
#900 = ( GEOMETRIC_REPRESENTATION_CONTEXT(2) 
PARAMETRIC_REPRESENTATION_CONTEXT() REPRESENTATION_CONTEXT('2D SPACE',''
  ) );
#901 = ADVANCED_FACE('',(#902),#916,.F.);
#902 = FACE_BOUND('',#903,.F.);
#903 = EDGE_LOOP('',(#904,#939,#967,#995));
#904 = ORIENTED_EDGE('',*,*,#905,.F.);
#905 = EDGE_CURVE('',#906,#908,#910,.T.);
#906 = VERTEX_POINT('',#907);
#907 = CARTESIAN_POINT('',(102.22770857876,0.,-679.2550957301));
#908 = VERTEX_POINT('',#909);
#909 = CARTESIAN_POINT('',(102.22770857876,-4.,-679.2550957301));
#910 = SURFACE_CURVE('',#911,(#915,#927),.PCURVE_S1.);
#911 = LINE('',#912,#913);
#912 = CARTESIAN_POINT('',(102.22770857876,-4.,-679.2550957301));
#913 = VECTOR('',#914,1.);
#914 = DIRECTION('',(-0.,-1.,-0.));
#915 = PCURVE('',#916,#921);
#916 = CYLINDRICAL_SURFACE('',#917,490.);
#917 = AXIS2_PLACEMENT_3D('',#918,#919,#920);
#918 = CARTESIAN_POINT('',(5.060378825354,-4.,-1.159524301519E+03));
#919 = DIRECTION('',(0.,1.,0.));
#920 = DIRECTION('',(0.,-0.,1.));
#921 = DEFINITIONAL_REPRESENTATION('',(#922),#926);
#922 = LINE('',#923,#924);
#923 = CARTESIAN_POINT('',(0.199623858428,0.));
#924 = VECTOR('',#925,1.);
#925 = DIRECTION('',(0.,-1.));
#926 = ( GEOMETRIC_REPRESENTATION_CONTEXT(2) 
PARAMETRIC_REPRESENTATION_CONTEXT() REPRESENTATION_CONTEXT('2D SPACE',''
  ) );
#927 = PCURVE('',#928,#933);
#928 = CYLINDRICAL_SURFACE('',#929,9.);
#929 = AXIS2_PLACEMENT_3D('',#930,#931,#932);
#930 = CARTESIAN_POINT('',(104.01241463546,-4.,-670.4338246034));
#931 = DIRECTION('',(0.,1.,0.));
#932 = DIRECTION('',(0.,-0.,1.));
#933 = DEFINITIONAL_REPRESENTATION('',(#934),#938);
#934 = LINE('',#935,#936);
#935 = CARTESIAN_POINT('',(3.341216512018,0.));
#936 = VECTOR('',#937,1.);
#937 = DIRECTION('',(0.,-1.));
#938 = ( GEOMETRIC_REPRESENTATION_CONTEXT(2) 
PARAMETRIC_REPRESENTATION_CONTEXT() REPRESENTATION_CONTEXT('2D SPACE',''
  ) );
#939 = ORIENTED_EDGE('',*,*,#940,.T.);
#940 = EDGE_CURVE('',#906,#941,#943,.T.);
#941 = VERTEX_POINT('',#942);
#942 = CARTESIAN_POINT('',(5.060378825354,0.,-669.5243015185));
#943 = SURFACE_CURVE('',#944,(#949,#956),.PCURVE_S1.);
#944 = CIRCLE('',#945,490.);
#945 = AXIS2_PLACEMENT_3D('',#946,#947,#948);
#946 = CARTESIAN_POINT('',(5.060378825354,0.,-1.159524301519E+03));
#947 = DIRECTION('',(0.,-1.,0.));
#948 = DIRECTION('',(0.,0.,1.));
#949 = PCURVE('',#916,#950);
#950 = DEFINITIONAL_REPRESENTATION('',(#951),#955);
#951 = LINE('',#952,#953);
#952 = CARTESIAN_POINT('',(6.28318530718,4.));
#953 = VECTOR('',#954,1.);
#954 = DIRECTION('',(-1.,0.));
#955 = ( GEOMETRIC_REPRESENTATION_CONTEXT(2) 
PARAMETRIC_REPRESENTATION_CONTEXT() REPRESENTATION_CONTEXT('2D SPACE',''
  ) );
#956 = PCURVE('',#91,#957);
#957 = DEFINITIONAL_REPRESENTATION('',(#958),#966);
#958 = ( BOUNDED_CURVE() B_SPLINE_CURVE(2,(#959,#960,#961,#962,#963,#964
,#965),.UNSPECIFIED.,.T.,.F.) B_SPLINE_CURVE_WITH_KNOTS((1,2,2,2,2,1),(
    -2.094395102393,0.,2.094395102393,4.188790204786,6.28318530718,
8.377580409573),.UNSPECIFIED.) CURVE() GEOMETRIC_REPRESENTATION_ITEM() 
RATIONAL_B_SPLINE_CURVE((1.,0.5,1.,0.5,1.,0.5,1.)) REPRESENTATION_ITEM(
  '') );
#959 = CARTESIAN_POINT('',(490.,0.));
#960 = CARTESIAN_POINT('',(490.,-848.7048957087));
#961 = CARTESIAN_POINT('',(-245.,-424.3524478543));
#962 = CARTESIAN_POINT('',(-980.,-1.200153863164E-13));
#963 = CARTESIAN_POINT('',(-245.,424.35244785437));
#964 = CARTESIAN_POINT('',(489.99999999999,848.70489570875));
#965 = CARTESIAN_POINT('',(490.,0.));
#966 = ( GEOMETRIC_REPRESENTATION_CONTEXT(2) 
PARAMETRIC_REPRESENTATION_CONTEXT() REPRESENTATION_CONTEXT('2D SPACE',''
  ) );
#967 = ORIENTED_EDGE('',*,*,#968,.F.);
#968 = EDGE_CURVE('',#969,#941,#971,.T.);
#969 = VERTEX_POINT('',#970);
#970 = CARTESIAN_POINT('',(5.060378825354,-4.,-669.5243015185));
#971 = SURFACE_CURVE('',#972,(#976,#983),.PCURVE_S1.);
#972 = LINE('',#973,#974);
#973 = CARTESIAN_POINT('',(5.060378825354,-4.,-669.5243015185));
#974 = VECTOR('',#975,1.);
#975 = DIRECTION('',(0.,1.,0.));
#976 = PCURVE('',#916,#977);
#977 = DEFINITIONAL_REPRESENTATION('',(#978),#982);
#978 = LINE('',#979,#980);
#979 = CARTESIAN_POINT('',(0.,0.));
#980 = VECTOR('',#981,1.);
#981 = DIRECTION('',(0.,1.));
#982 = ( GEOMETRIC_REPRESENTATION_CONTEXT(2) 
PARAMETRIC_REPRESENTATION_CONTEXT() REPRESENTATION_CONTEXT('2D SPACE',''
  ) );
#983 = PCURVE('',#984,#989);
#984 = CYLINDRICAL_SURFACE('',#985,490.);
#985 = AXIS2_PLACEMENT_3D('',#986,#987,#988);
#986 = CARTESIAN_POINT('',(5.060378825354,-4.,-1.159524301519E+03));
#987 = DIRECTION('',(0.,1.,0.));
#988 = DIRECTION('',(0.,-0.,1.));
#989 = DEFINITIONAL_REPRESENTATION('',(#990),#994);
#990 = LINE('',#991,#992);
#991 = CARTESIAN_POINT('',(6.28318530718,0.));
#992 = VECTOR('',#993,1.);
#993 = DIRECTION('',(0.,1.));
#994 = ( GEOMETRIC_REPRESENTATION_CONTEXT(2) 
PARAMETRIC_REPRESENTATION_CONTEXT() REPRESENTATION_CONTEXT('2D SPACE',''
  ) );
#995 = ORIENTED_EDGE('',*,*,#996,.F.);
#996 = EDGE_CURVE('',#908,#969,#997,.T.);
#997 = SURFACE_CURVE('',#998,(#1003,#1010),.PCURVE_S1.);
#998 = CIRCLE('',#999,490.);
#999 = AXIS2_PLACEMENT_3D('',#1000,#1001,#1002);
#1000 = CARTESIAN_POINT('',(5.060378825354,-4.,-1.159524301519E+03));
#1001 = DIRECTION('',(0.,-1.,0.));
#1002 = DIRECTION('',(0.,0.,1.));
#1003 = PCURVE('',#916,#1004);
#1004 = DEFINITIONAL_REPRESENTATION('',(#1005),#1009);
#1005 = LINE('',#1006,#1007);
#1006 = CARTESIAN_POINT('',(6.28318530718,0.));
#1007 = VECTOR('',#1008,1.);
#1008 = DIRECTION('',(-1.,0.));
#1009 = ( GEOMETRIC_REPRESENTATION_CONTEXT(2) 
PARAMETRIC_REPRESENTATION_CONTEXT() REPRESENTATION_CONTEXT('2D SPACE',''
  ) );
#1010 = PCURVE('',#141,#1011);
#1011 = DEFINITIONAL_REPRESENTATION('',(#1012),#1020);
#1012 = ( BOUNDED_CURVE() B_SPLINE_CURVE(2,(#1013,#1014,#1015,#1016,
#1017,#1018,#1019),.UNSPECIFIED.,.T.,.F.) B_SPLINE_CURVE_WITH_KNOTS((1,2
    ,2,2,2,1),(-2.094395102393,0.,2.094395102393,4.188790204786,
6.28318530718,8.377580409573),.UNSPECIFIED.) CURVE() 
GEOMETRIC_REPRESENTATION_ITEM() RATIONAL_B_SPLINE_CURVE((1.,0.5,1.,0.5,
1.,0.5,1.)) REPRESENTATION_ITEM('') );
#1013 = CARTESIAN_POINT('',(490.,0.));
#1014 = CARTESIAN_POINT('',(490.,-848.7048957087));
#1015 = CARTESIAN_POINT('',(-245.,-424.3524478543));
#1016 = CARTESIAN_POINT('',(-980.,-1.200153863164E-13));
#1017 = CARTESIAN_POINT('',(-245.,424.35244785437));
#1018 = CARTESIAN_POINT('',(489.99999999999,848.70489570875));
#1019 = CARTESIAN_POINT('',(490.,0.));
#1020 = ( GEOMETRIC_REPRESENTATION_CONTEXT(2) 
PARAMETRIC_REPRESENTATION_CONTEXT() REPRESENTATION_CONTEXT('2D SPACE',''
  ) );
#1021 = ADVANCED_FACE('',(#1022),#1036,.T.);
#1022 = FACE_BOUND('',#1023,.T.);
#1023 = EDGE_LOOP('',(#1024,#1054,#1082,#1105));
#1024 = ORIENTED_EDGE('',*,*,#1025,.F.);
#1025 = EDGE_CURVE('',#1026,#1028,#1030,.T.);
#1026 = VERTEX_POINT('',#1027);
#1027 = CARTESIAN_POINT('',(-93.89165698475,0.,-679.4338246034));
#1028 = VERTEX_POINT('',#1029);
#1029 = CARTESIAN_POINT('',(-108.499621938,0.,-679.4338246034));
#1030 = SURFACE_CURVE('',#1031,(#1035,#1047),.PCURVE_S1.);
#1031 = LINE('',#1032,#1033);
#1032 = CARTESIAN_POINT('',(-117.9862120151,0.,-679.4338246034));
#1033 = VECTOR('',#1034,1.);
#1034 = DIRECTION('',(-1.,-0.,-4.440892098501E-15));
#1035 = PCURVE('',#1036,#1041);
#1036 = PLANE('',#1037);
#1037 = AXIS2_PLACEMENT_3D('',#1038,#1039,#1040);
#1038 = CARTESIAN_POINT('',(-117.9862120151,-4.,-679.4338246034));
#1039 = DIRECTION('',(4.440892098501E-15,0.,-1.));
#1040 = DIRECTION('',(-1.,0.,-4.440892098501E-15));
#1041 = DEFINITIONAL_REPRESENTATION('',(#1042),#1046);
#1042 = LINE('',#1043,#1044);
#1043 = CARTESIAN_POINT('',(0.,4.));
#1044 = VECTOR('',#1045,1.);
#1045 = DIRECTION('',(1.,-0.));
#1046 = ( GEOMETRIC_REPRESENTATION_CONTEXT(2) 
PARAMETRIC_REPRESENTATION_CONTEXT() REPRESENTATION_CONTEXT('2D SPACE',''
  ) );
#1047 = PCURVE('',#91,#1048);
#1048 = DEFINITIONAL_REPRESENTATION('',(#1049),#1053);
#1049 = LINE('',#1050,#1051);
#1050 = CARTESIAN_POINT('',(480.09047691509,-123.0465908404));
#1051 = VECTOR('',#1052,1.);
#1052 = DIRECTION('',(-4.440892098501E-15,-1.));
#1053 = ( GEOMETRIC_REPRESENTATION_CONTEXT(2) 
PARAMETRIC_REPRESENTATION_CONTEXT() REPRESENTATION_CONTEXT('2D SPACE',''
  ) );
#1054 = ORIENTED_EDGE('',*,*,#1055,.T.);
#1055 = EDGE_CURVE('',#1026,#1056,#1058,.T.);
#1056 = VERTEX_POINT('',#1057);
#1057 = CARTESIAN_POINT('',(-93.89165698475,-4.,-679.4338246034));
#1058 = SURFACE_CURVE('',#1059,(#1063,#1070),.PCURVE_S1.);
#1059 = LINE('',#1060,#1061);
#1060 = CARTESIAN_POINT('',(-93.89165698475,-4.,-679.4338246034));
#1061 = VECTOR('',#1062,1.);
#1062 = DIRECTION('',(-0.,-1.,-0.));
#1063 = PCURVE('',#1036,#1064);
#1064 = DEFINITIONAL_REPRESENTATION('',(#1065),#1069);
#1065 = LINE('',#1066,#1067);
#1066 = CARTESIAN_POINT('',(-24.09455503035,0.));
#1067 = VECTOR('',#1068,1.);
#1068 = DIRECTION('',(0.,-1.));
#1069 = ( GEOMETRIC_REPRESENTATION_CONTEXT(2) 
PARAMETRIC_REPRESENTATION_CONTEXT() REPRESENTATION_CONTEXT('2D SPACE',''
  ) );
#1070 = PCURVE('',#1071,#1076);
#1071 = CYLINDRICAL_SURFACE('',#1072,9.);
#1072 = AXIS2_PLACEMENT_3D('',#1073,#1074,#1075);
#1073 = CARTESIAN_POINT('',(-93.89165698475,-4.,-670.4338246034));
#1074 = DIRECTION('',(0.,1.,0.));
#1075 = DIRECTION('',(0.,-0.,1.));
#1076 = DEFINITIONAL_REPRESENTATION('',(#1077),#1081);
#1077 = LINE('',#1078,#1079);
#1078 = CARTESIAN_POINT('',(3.14159265359,0.));
#1079 = VECTOR('',#1080,1.);
#1080 = DIRECTION('',(0.,-1.));
#1081 = ( GEOMETRIC_REPRESENTATION_CONTEXT(2) 
PARAMETRIC_REPRESENTATION_CONTEXT() REPRESENTATION_CONTEXT('2D SPACE',''
  ) );
#1082 = ORIENTED_EDGE('',*,*,#1083,.T.);
#1083 = EDGE_CURVE('',#1056,#1084,#1086,.T.);
#1084 = VERTEX_POINT('',#1085);
#1085 = CARTESIAN_POINT('',(-108.499621938,-4.,-679.4338246034));
#1086 = SURFACE_CURVE('',#1087,(#1091,#1098),.PCURVE_S1.);
#1087 = LINE('',#1088,#1089);
#1088 = CARTESIAN_POINT('',(-117.9862120151,-4.,-679.4338246034));
#1089 = VECTOR('',#1090,1.);
#1090 = DIRECTION('',(-1.,-0.,-4.440892098501E-15));
#1091 = PCURVE('',#1036,#1092);
#1092 = DEFINITIONAL_REPRESENTATION('',(#1093),#1097);
#1093 = LINE('',#1094,#1095);
#1094 = CARTESIAN_POINT('',(0.,0.));
#1095 = VECTOR('',#1096,1.);
#1096 = DIRECTION('',(1.,-0.));
#1097 = ( GEOMETRIC_REPRESENTATION_CONTEXT(2) 
PARAMETRIC_REPRESENTATION_CONTEXT() REPRESENTATION_CONTEXT('2D SPACE',''
  ) );
#1098 = PCURVE('',#141,#1099);
#1099 = DEFINITIONAL_REPRESENTATION('',(#1100),#1104);
#1100 = LINE('',#1101,#1102);
#1101 = CARTESIAN_POINT('',(480.09047691509,-123.0465908404));
#1102 = VECTOR('',#1103,1.);
#1103 = DIRECTION('',(-4.440892098501E-15,-1.));
#1104 = ( GEOMETRIC_REPRESENTATION_CONTEXT(2) 
PARAMETRIC_REPRESENTATION_CONTEXT() REPRESENTATION_CONTEXT('2D SPACE',''
  ) );
#1105 = ORIENTED_EDGE('',*,*,#1106,.T.);
#1106 = EDGE_CURVE('',#1084,#1028,#1107,.T.);
#1107 = SURFACE_CURVE('',#1108,(#1112,#1119),.PCURVE_S1.);
#1108 = LINE('',#1109,#1110);
#1109 = CARTESIAN_POINT('',(-108.499621938,-4.,-679.4338246034));
#1110 = VECTOR('',#1111,1.);
#1111 = DIRECTION('',(0.,1.,0.));
#1112 = PCURVE('',#1036,#1113);
#1113 = DEFINITIONAL_REPRESENTATION('',(#1114),#1118);
#1114 = LINE('',#1115,#1116);
#1115 = CARTESIAN_POINT('',(-9.486590077046,0.));
#1116 = VECTOR('',#1117,1.);
#1117 = DIRECTION('',(0.,1.));
#1118 = ( GEOMETRIC_REPRESENTATION_CONTEXT(2) 
PARAMETRIC_REPRESENTATION_CONTEXT() REPRESENTATION_CONTEXT('2D SPACE',''
  ) );
#1119 = PCURVE('',#1120,#1125);
#1120 = CYLINDRICAL_SURFACE('',#1121,9.);
#1121 = AXIS2_PLACEMENT_3D('',#1122,#1123,#1124);
#1122 = CARTESIAN_POINT('',(-108.499621938,-4.,-670.4338246034));
#1123 = DIRECTION('',(0.,1.,0.));
#1124 = DIRECTION('',(0.,-0.,1.));
#1125 = DEFINITIONAL_REPRESENTATION('',(#1126),#1130);
#1126 = LINE('',#1127,#1128);
#1127 = CARTESIAN_POINT('',(3.14159265359,0.));
#1128 = VECTOR('',#1129,1.);
#1129 = DIRECTION('',(0.,1.));
#1130 = ( GEOMETRIC_REPRESENTATION_CONTEXT(2) 
PARAMETRIC_REPRESENTATION_CONTEXT() REPRESENTATION_CONTEXT('2D SPACE',''
  ) );
#1131 = ADVANCED_FACE('',(#1132),#984,.F.);
#1132 = FACE_BOUND('',#1133,.F.);
#1133 = EDGE_LOOP('',(#1134,#1162,#1185,#1211));
#1134 = ORIENTED_EDGE('',*,*,#1135,.T.);
#1135 = EDGE_CURVE('',#941,#1136,#1138,.T.);
#1136 = VERTEX_POINT('',#1137);
#1137 = CARTESIAN_POINT('',(-92.10695092805,0.,-679.2550957301));
#1138 = SURFACE_CURVE('',#1139,(#1144,#1151),.PCURVE_S1.);
#1139 = CIRCLE('',#1140,490.);
#1140 = AXIS2_PLACEMENT_3D('',#1141,#1142,#1143);
#1141 = CARTESIAN_POINT('',(5.060378825354,0.,-1.159524301519E+03));
#1142 = DIRECTION('',(0.,-1.,0.));
#1143 = DIRECTION('',(0.,0.,1.));
#1144 = PCURVE('',#984,#1145);
#1145 = DEFINITIONAL_REPRESENTATION('',(#1146),#1150);
#1146 = LINE('',#1147,#1148);
#1147 = CARTESIAN_POINT('',(6.28318530718,4.));
#1148 = VECTOR('',#1149,1.);
#1149 = DIRECTION('',(-1.,0.));
#1150 = ( GEOMETRIC_REPRESENTATION_CONTEXT(2) 
PARAMETRIC_REPRESENTATION_CONTEXT() REPRESENTATION_CONTEXT('2D SPACE',''
  ) );
#1151 = PCURVE('',#91,#1152);
#1152 = DEFINITIONAL_REPRESENTATION('',(#1153),#1161);
#1153 = ( BOUNDED_CURVE() B_SPLINE_CURVE(2,(#1154,#1155,#1156,#1157,
#1158,#1159,#1160),.UNSPECIFIED.,.T.,.F.) B_SPLINE_CURVE_WITH_KNOTS((1,2
    ,2,2,2,1),(-2.094395102393,0.,2.094395102393,4.188790204786,
6.28318530718,8.377580409573),.UNSPECIFIED.) CURVE() 
GEOMETRIC_REPRESENTATION_ITEM() RATIONAL_B_SPLINE_CURVE((1.,0.5,1.,0.5,
1.,0.5,1.)) REPRESENTATION_ITEM('') );
#1154 = CARTESIAN_POINT('',(490.,0.));
#1155 = CARTESIAN_POINT('',(490.,-848.7048957087));
#1156 = CARTESIAN_POINT('',(-245.,-424.3524478543));
#1157 = CARTESIAN_POINT('',(-980.,-1.200153863164E-13));
#1158 = CARTESIAN_POINT('',(-245.,424.35244785437));
#1159 = CARTESIAN_POINT('',(489.99999999999,848.70489570875));
#1160 = CARTESIAN_POINT('',(490.,0.));
#1161 = ( GEOMETRIC_REPRESENTATION_CONTEXT(2) 
PARAMETRIC_REPRESENTATION_CONTEXT() REPRESENTATION_CONTEXT('2D SPACE',''
  ) );
#1162 = ORIENTED_EDGE('',*,*,#1163,.F.);
#1163 = EDGE_CURVE('',#1164,#1136,#1166,.T.);
#1164 = VERTEX_POINT('',#1165);
#1165 = CARTESIAN_POINT('',(-92.10695092805,-4.,-679.2550957301));
#1166 = SURFACE_CURVE('',#1167,(#1171,#1178),.PCURVE_S1.);
#1167 = LINE('',#1168,#1169);
#1168 = CARTESIAN_POINT('',(-92.10695092805,-4.,-679.2550957301));
#1169 = VECTOR('',#1170,1.);
#1170 = DIRECTION('',(0.,1.,0.));
#1171 = PCURVE('',#984,#1172);
#1172 = DEFINITIONAL_REPRESENTATION('',(#1173),#1177);
#1173 = LINE('',#1174,#1175);
#1174 = CARTESIAN_POINT('',(6.083561448752,0.));
#1175 = VECTOR('',#1176,1.);
#1176 = DIRECTION('',(0.,1.));
#1177 = ( GEOMETRIC_REPRESENTATION_CONTEXT(2) 
PARAMETRIC_REPRESENTATION_CONTEXT() REPRESENTATION_CONTEXT('2D SPACE',''
  ) );
#1178 = PCURVE('',#1071,#1179);
#1179 = DEFINITIONAL_REPRESENTATION('',(#1180),#1184);
#1180 = LINE('',#1181,#1182);
#1181 = CARTESIAN_POINT('',(2.941968795162,0.));
#1182 = VECTOR('',#1183,1.);
#1183 = DIRECTION('',(0.,1.));
#1184 = ( GEOMETRIC_REPRESENTATION_CONTEXT(2) 
PARAMETRIC_REPRESENTATION_CONTEXT() REPRESENTATION_CONTEXT('2D SPACE',''
  ) );
#1185 = ORIENTED_EDGE('',*,*,#1186,.F.);
#1186 = EDGE_CURVE('',#969,#1164,#1187,.T.);
#1187 = SURFACE_CURVE('',#1188,(#1193,#1200),.PCURVE_S1.);
#1188 = CIRCLE('',#1189,490.);
#1189 = AXIS2_PLACEMENT_3D('',#1190,#1191,#1192);
#1190 = CARTESIAN_POINT('',(5.060378825354,-4.,-1.159524301519E+03));
#1191 = DIRECTION('',(0.,-1.,0.));
#1192 = DIRECTION('',(0.,0.,1.));
#1193 = PCURVE('',#984,#1194);
#1194 = DEFINITIONAL_REPRESENTATION('',(#1195),#1199);
#1195 = LINE('',#1196,#1197);
#1196 = CARTESIAN_POINT('',(6.28318530718,0.));
#1197 = VECTOR('',#1198,1.);
#1198 = DIRECTION('',(-1.,0.));
#1199 = ( GEOMETRIC_REPRESENTATION_CONTEXT(2) 
PARAMETRIC_REPRESENTATION_CONTEXT() REPRESENTATION_CONTEXT('2D SPACE',''
  ) );
#1200 = PCURVE('',#141,#1201);
#1201 = DEFINITIONAL_REPRESENTATION('',(#1202),#1210);
#1202 = ( BOUNDED_CURVE() B_SPLINE_CURVE(2,(#1203,#1204,#1205,#1206,
#1207,#1208,#1209),.UNSPECIFIED.,.T.,.F.) B_SPLINE_CURVE_WITH_KNOTS((1,2
    ,2,2,2,1),(-2.094395102393,0.,2.094395102393,4.188790204786,
6.28318530718,8.377580409573),.UNSPECIFIED.) CURVE() 
GEOMETRIC_REPRESENTATION_ITEM() RATIONAL_B_SPLINE_CURVE((1.,0.5,1.,0.5,
1.,0.5,1.)) REPRESENTATION_ITEM('') );
#1203 = CARTESIAN_POINT('',(490.,0.));
#1204 = CARTESIAN_POINT('',(490.,-848.7048957087));
#1205 = CARTESIAN_POINT('',(-245.,-424.3524478543));
#1206 = CARTESIAN_POINT('',(-980.,-1.200153863164E-13));
#1207 = CARTESIAN_POINT('',(-245.,424.35244785437));
#1208 = CARTESIAN_POINT('',(489.99999999999,848.70489570875));
#1209 = CARTESIAN_POINT('',(490.,0.));
#1210 = ( GEOMETRIC_REPRESENTATION_CONTEXT(2) 
PARAMETRIC_REPRESENTATION_CONTEXT() REPRESENTATION_CONTEXT('2D SPACE',''
  ) );
#1211 = ORIENTED_EDGE('',*,*,#968,.T.);
#1212 = ADVANCED_FACE('',(#1213),#1227,.T.);
#1213 = FACE_BOUND('',#1214,.T.);
#1214 = EDGE_LOOP('',(#1215,#1245,#1268,#1291));
#1215 = ORIENTED_EDGE('',*,*,#1216,.T.);
#1216 = EDGE_CURVE('',#1217,#1219,#1221,.T.);
#1217 = VERTEX_POINT('',#1218);
#1218 = CARTESIAN_POINT('',(118.62037958876,-4.,-679.4338246034));
#1219 = VERTEX_POINT('',#1220);
#1220 = CARTESIAN_POINT('',(104.01241463546,-4.,-679.4338246034));
#1221 = SURFACE_CURVE('',#1222,(#1226,#1238),.PCURVE_S1.);
#1222 = LINE('',#1223,#1224);
#1223 = CARTESIAN_POINT('',(128.10696966581,-4.,-679.4338246034));
#1224 = VECTOR('',#1225,1.);
#1225 = DIRECTION('',(-1.,0.,0.));
#1226 = PCURVE('',#1227,#1232);
#1227 = PLANE('',#1228);
#1228 = AXIS2_PLACEMENT_3D('',#1229,#1230,#1231);
#1229 = CARTESIAN_POINT('',(128.10696966581,-4.,-679.4338246034));
#1230 = DIRECTION('',(0.,0.,-1.));
#1231 = DIRECTION('',(-1.,0.,-0.));
#1232 = DEFINITIONAL_REPRESENTATION('',(#1233),#1237);
#1233 = LINE('',#1234,#1235);
#1234 = CARTESIAN_POINT('',(0.,0.));
#1235 = VECTOR('',#1236,1.);
#1236 = DIRECTION('',(1.,0.));
#1237 = ( GEOMETRIC_REPRESENTATION_CONTEXT(2) 
PARAMETRIC_REPRESENTATION_CONTEXT() REPRESENTATION_CONTEXT('2D SPACE',''
  ) );
#1238 = PCURVE('',#141,#1239);
#1239 = DEFINITIONAL_REPRESENTATION('',(#1240),#1244);
#1240 = LINE('',#1241,#1242);
#1241 = CARTESIAN_POINT('',(480.09047691509,123.04659084046));
#1242 = VECTOR('',#1243,1.);
#1243 = DIRECTION('',(0.,-1.));
#1244 = ( GEOMETRIC_REPRESENTATION_CONTEXT(2) 
PARAMETRIC_REPRESENTATION_CONTEXT() REPRESENTATION_CONTEXT('2D SPACE',''
  ) );
#1245 = ORIENTED_EDGE('',*,*,#1246,.T.);
#1246 = EDGE_CURVE('',#1219,#1247,#1249,.T.);
#1247 = VERTEX_POINT('',#1248);
#1248 = CARTESIAN_POINT('',(104.01241463546,0.,-679.4338246034));
#1249 = SURFACE_CURVE('',#1250,(#1254,#1261),.PCURVE_S1.);
#1250 = LINE('',#1251,#1252);
#1251 = CARTESIAN_POINT('',(104.01241463546,-4.,-679.4338246034));
#1252 = VECTOR('',#1253,1.);
#1253 = DIRECTION('',(0.,1.,0.));
#1254 = PCURVE('',#1227,#1255);
#1255 = DEFINITIONAL_REPRESENTATION('',(#1256),#1260);
#1256 = LINE('',#1257,#1258);
#1257 = CARTESIAN_POINT('',(24.094555030352,0.));
#1258 = VECTOR('',#1259,1.);
#1259 = DIRECTION('',(0.,1.));
#1260 = ( GEOMETRIC_REPRESENTATION_CONTEXT(2) 
PARAMETRIC_REPRESENTATION_CONTEXT() REPRESENTATION_CONTEXT('2D SPACE',''
  ) );
#1261 = PCURVE('',#928,#1262);
#1262 = DEFINITIONAL_REPRESENTATION('',(#1263),#1267);
#1263 = LINE('',#1264,#1265);
#1264 = CARTESIAN_POINT('',(3.14159265359,0.));
#1265 = VECTOR('',#1266,1.);
#1266 = DIRECTION('',(0.,1.));
#1267 = ( GEOMETRIC_REPRESENTATION_CONTEXT(2) 
PARAMETRIC_REPRESENTATION_CONTEXT() REPRESENTATION_CONTEXT('2D SPACE',''
  ) );
#1268 = ORIENTED_EDGE('',*,*,#1269,.F.);
#1269 = EDGE_CURVE('',#1270,#1247,#1272,.T.);
#1270 = VERTEX_POINT('',#1271);
#1271 = CARTESIAN_POINT('',(118.62037958876,0.,-679.4338246034));
#1272 = SURFACE_CURVE('',#1273,(#1277,#1284),.PCURVE_S1.);
#1273 = LINE('',#1274,#1275);
#1274 = CARTESIAN_POINT('',(128.10696966581,0.,-679.4338246034));
#1275 = VECTOR('',#1276,1.);
#1276 = DIRECTION('',(-1.,0.,0.));
#1277 = PCURVE('',#1227,#1278);
#1278 = DEFINITIONAL_REPRESENTATION('',(#1279),#1283);
#1279 = LINE('',#1280,#1281);
#1280 = CARTESIAN_POINT('',(0.,4.));
#1281 = VECTOR('',#1282,1.);
#1282 = DIRECTION('',(1.,0.));
#1283 = ( GEOMETRIC_REPRESENTATION_CONTEXT(2) 
PARAMETRIC_REPRESENTATION_CONTEXT() REPRESENTATION_CONTEXT('2D SPACE',''
  ) );
#1284 = PCURVE('',#91,#1285);
#1285 = DEFINITIONAL_REPRESENTATION('',(#1286),#1290);
#1286 = LINE('',#1287,#1288);
#1287 = CARTESIAN_POINT('',(480.09047691509,123.04659084046));
#1288 = VECTOR('',#1289,1.);
#1289 = DIRECTION('',(0.,-1.));
#1290 = ( GEOMETRIC_REPRESENTATION_CONTEXT(2) 
PARAMETRIC_REPRESENTATION_CONTEXT() REPRESENTATION_CONTEXT('2D SPACE',''
  ) );
#1291 = ORIENTED_EDGE('',*,*,#1292,.T.);
#1292 = EDGE_CURVE('',#1270,#1217,#1293,.T.);
#1293 = SURFACE_CURVE('',#1294,(#1298,#1305),.PCURVE_S1.);
#1294 = LINE('',#1295,#1296);
#1295 = CARTESIAN_POINT('',(118.62037958876,-4.,-679.4338246034));
#1296 = VECTOR('',#1297,1.);
#1297 = DIRECTION('',(-0.,-1.,-0.));
#1298 = PCURVE('',#1227,#1299);
#1299 = DEFINITIONAL_REPRESENTATION('',(#1300),#1304);
#1300 = LINE('',#1301,#1302);
#1301 = CARTESIAN_POINT('',(9.486590077046,0.));
#1302 = VECTOR('',#1303,1.);
#1303 = DIRECTION('',(0.,-1.));
#1304 = ( GEOMETRIC_REPRESENTATION_CONTEXT(2) 
PARAMETRIC_REPRESENTATION_CONTEXT() REPRESENTATION_CONTEXT('2D SPACE',''
  ) );
#1305 = PCURVE('',#1306,#1311);
#1306 = CYLINDRICAL_SURFACE('',#1307,9.);
#1307 = AXIS2_PLACEMENT_3D('',#1308,#1309,#1310);
#1308 = CARTESIAN_POINT('',(118.62037958876,-4.,-670.4338246034));
#1309 = DIRECTION('',(0.,1.,0.));
#1310 = DIRECTION('',(0.,-0.,1.));
#1311 = DEFINITIONAL_REPRESENTATION('',(#1312),#1316);
#1312 = LINE('',#1313,#1314);
#1313 = CARTESIAN_POINT('',(3.14159265359,0.));
#1314 = VECTOR('',#1315,1.);
#1315 = DIRECTION('',(0.,-1.));
#1316 = ( GEOMETRIC_REPRESENTATION_CONTEXT(2) 
PARAMETRIC_REPRESENTATION_CONTEXT() REPRESENTATION_CONTEXT('2D SPACE',''
  ) );
#1317 = ADVANCED_FACE('',(#1318),#1332,.T.);
#1318 = FACE_BOUND('',#1319,.T.);
#1319 = EDGE_LOOP('',(#1320,#1350,#1373,#1396));
#1320 = ORIENTED_EDGE('',*,*,#1321,.T.);
#1321 = EDGE_CURVE('',#1322,#1324,#1326,.T.);
#1322 = VERTEX_POINT('',#1323);
#1323 = CARTESIAN_POINT('',(123.38725360773,-4.,-589.8399224104));
#1324 = VERTEX_POINT('',#1325);
#1325 = CARTESIAN_POINT('',(127.60791767905,-4.,-669.9603701963));
#1326 = SURFACE_CURVE('',#1327,(#1331,#1343),.PCURVE_S1.);
#1327 = LINE('',#1328,#1329);
#1328 = CARTESIAN_POINT('',(128.10696966581,-4.,-679.4338246034));
#1329 = VECTOR('',#1330,1.);
#1330 = DIRECTION('',(5.260604523924E-02,-0.,-0.998615343365));
#1331 = PCURVE('',#1332,#1337);
#1332 = PLANE('',#1333);
#1333 = AXIS2_PLACEMENT_3D('',#1334,#1335,#1336);
#1334 = CARTESIAN_POINT('',(128.10696966581,-4.,-679.4338246034));
#1335 = DIRECTION('',(0.998615343365,-0.,5.260604523924E-02));
#1336 = DIRECTION('',(5.260604523924E-02,0.,-0.998615343365));
#1337 = DEFINITIONAL_REPRESENTATION('',(#1338),#1342);
#1338 = LINE('',#1339,#1340);
#1339 = CARTESIAN_POINT('',(0.,0.));
#1340 = VECTOR('',#1341,1.);
#1341 = DIRECTION('',(1.,0.));
#1342 = ( GEOMETRIC_REPRESENTATION_CONTEXT(2) 
PARAMETRIC_REPRESENTATION_CONTEXT() REPRESENTATION_CONTEXT('2D SPACE',''
  ) );
#1343 = PCURVE('',#141,#1344);
#1344 = DEFINITIONAL_REPRESENTATION('',(#1345),#1349);
#1345 = LINE('',#1346,#1347);
#1346 = CARTESIAN_POINT('',(480.09047691509,123.04659084046));
#1347 = VECTOR('',#1348,1.);
#1348 = DIRECTION('',(-0.998615343365,5.260604523924E-02));
#1349 = ( GEOMETRIC_REPRESENTATION_CONTEXT(2) 
PARAMETRIC_REPRESENTATION_CONTEXT() REPRESENTATION_CONTEXT('2D SPACE',''
  ) );
#1350 = ORIENTED_EDGE('',*,*,#1351,.T.);
#1351 = EDGE_CURVE('',#1324,#1352,#1354,.T.);
#1352 = VERTEX_POINT('',#1353);
#1353 = CARTESIAN_POINT('',(127.60791767905,0.,-669.9603701963));
#1354 = SURFACE_CURVE('',#1355,(#1359,#1366),.PCURVE_S1.);
#1355 = LINE('',#1356,#1357);
#1356 = CARTESIAN_POINT('',(127.60791767905,-4.,-669.9603701963));
#1357 = VECTOR('',#1358,1.);
#1358 = DIRECTION('',(0.,1.,0.));
#1359 = PCURVE('',#1332,#1360);
#1360 = DEFINITIONAL_REPRESENTATION('',(#1361),#1365);
#1361 = LINE('',#1362,#1363);
#1362 = CARTESIAN_POINT('',(-9.486590077046,0.));
#1363 = VECTOR('',#1364,1.);
#1364 = DIRECTION('',(0.,1.));
#1365 = ( GEOMETRIC_REPRESENTATION_CONTEXT(2) 
PARAMETRIC_REPRESENTATION_CONTEXT() REPRESENTATION_CONTEXT('2D SPACE',''
  ) );
#1366 = PCURVE('',#1306,#1367);
#1367 = DEFINITIONAL_REPRESENTATION('',(#1368),#1372);
#1368 = LINE('',#1369,#1370);
#1369 = CARTESIAN_POINT('',(1.518165987663,0.));
#1370 = VECTOR('',#1371,1.);
#1371 = DIRECTION('',(0.,1.));
#1372 = ( GEOMETRIC_REPRESENTATION_CONTEXT(2) 
PARAMETRIC_REPRESENTATION_CONTEXT() REPRESENTATION_CONTEXT('2D SPACE',''
  ) );
#1373 = ORIENTED_EDGE('',*,*,#1374,.F.);
#1374 = EDGE_CURVE('',#1375,#1352,#1377,.T.);
#1375 = VERTEX_POINT('',#1376);
#1376 = CARTESIAN_POINT('',(123.38725360773,0.,-589.8399224104));
#1377 = SURFACE_CURVE('',#1378,(#1382,#1389),.PCURVE_S1.);
#1378 = LINE('',#1379,#1380);
#1379 = CARTESIAN_POINT('',(128.10696966581,0.,-679.4338246034));
#1380 = VECTOR('',#1381,1.);
#1381 = DIRECTION('',(5.260604523924E-02,-0.,-0.998615343365));
#1382 = PCURVE('',#1332,#1383);
#1383 = DEFINITIONAL_REPRESENTATION('',(#1384),#1388);
#1384 = LINE('',#1385,#1386);
#1385 = CARTESIAN_POINT('',(0.,4.));
#1386 = VECTOR('',#1387,1.);
#1387 = DIRECTION('',(1.,0.));
#1388 = ( GEOMETRIC_REPRESENTATION_CONTEXT(2) 
PARAMETRIC_REPRESENTATION_CONTEXT() REPRESENTATION_CONTEXT('2D SPACE',''
  ) );
#1389 = PCURVE('',#91,#1390);
#1390 = DEFINITIONAL_REPRESENTATION('',(#1391),#1395);
#1391 = LINE('',#1392,#1393);
#1392 = CARTESIAN_POINT('',(480.09047691509,123.04659084046));
#1393 = VECTOR('',#1394,1.);
#1394 = DIRECTION('',(-0.998615343365,5.260604523924E-02));
#1395 = ( GEOMETRIC_REPRESENTATION_CONTEXT(2) 
PARAMETRIC_REPRESENTATION_CONTEXT() REPRESENTATION_CONTEXT('2D SPACE',''
  ) );
#1396 = ORIENTED_EDGE('',*,*,#1397,.F.);
#1397 = EDGE_CURVE('',#1322,#1375,#1398,.T.);
#1398 = SURFACE_CURVE('',#1399,(#1403,#1410),.PCURVE_S1.);
#1399 = LINE('',#1400,#1401);
#1400 = CARTESIAN_POINT('',(123.38725360773,-4.,-589.8399224104));
#1401 = VECTOR('',#1402,1.);
#1402 = DIRECTION('',(0.,1.,0.));
#1403 = PCURVE('',#1332,#1404);
#1404 = DEFINITIONAL_REPRESENTATION('',(#1405),#1409);
#1405 = LINE('',#1406,#1407);
#1406 = CARTESIAN_POINT('',(-89.71813099832,0.));
#1407 = VECTOR('',#1408,1.);
#1408 = DIRECTION('',(0.,1.));
#1409 = ( GEOMETRIC_REPRESENTATION_CONTEXT(2) 
PARAMETRIC_REPRESENTATION_CONTEXT() REPRESENTATION_CONTEXT('2D SPACE',''
  ) );
#1410 = PCURVE('',#1411,#1416);
#1411 = PLANE('',#1412);
#1412 = AXIS2_PLACEMENT_3D('',#1413,#1414,#1415);
#1413 = CARTESIAN_POINT('',(123.38725360773,-4.,-469.8399224104));
#1414 = DIRECTION('',(1.,0.,-1.052398908759E-14));
#1415 = DIRECTION('',(-1.052398908759E-14,0.,-1.));
#1416 = DEFINITIONAL_REPRESENTATION('',(#1417),#1421);
#1417 = LINE('',#1418,#1419);
#1418 = CARTESIAN_POINT('',(120.,0.));
#1419 = VECTOR('',#1420,1.);
#1420 = DIRECTION('',(0.,1.));
#1421 = ( GEOMETRIC_REPRESENTATION_CONTEXT(2) 
PARAMETRIC_REPRESENTATION_CONTEXT() REPRESENTATION_CONTEXT('2D SPACE',''
  ) );
#1422 = ADVANCED_FACE('',(#1423),#1411,.T.);
#1423 = FACE_BOUND('',#1424,.T.);
#1424 = EDGE_LOOP('',(#1425,#1448,#1476,#1497));
#1425 = ORIENTED_EDGE('',*,*,#1426,.F.);
#1426 = EDGE_CURVE('',#1427,#1375,#1429,.T.);
#1427 = VERTEX_POINT('',#1428);
#1428 = CARTESIAN_POINT('',(123.38725360773,0.,-470.9165260329));
#1429 = SURFACE_CURVE('',#1430,(#1434,#1441),.PCURVE_S1.);
#1430 = LINE('',#1431,#1432);
#1431 = CARTESIAN_POINT('',(123.38725360773,0.,-469.8399224104));
#1432 = VECTOR('',#1433,1.);
#1433 = DIRECTION('',(-1.052398908759E-14,0.,-1.));
#1434 = PCURVE('',#1411,#1435);
#1435 = DEFINITIONAL_REPRESENTATION('',(#1436),#1440);
#1436 = LINE('',#1437,#1438);
#1437 = CARTESIAN_POINT('',(0.,4.));
#1438 = VECTOR('',#1439,1.);
#1439 = DIRECTION('',(1.,0.));
#1440 = ( GEOMETRIC_REPRESENTATION_CONTEXT(2) 
PARAMETRIC_REPRESENTATION_CONTEXT() REPRESENTATION_CONTEXT('2D SPACE',''
  ) );
#1441 = PCURVE('',#91,#1442);
#1442 = DEFINITIONAL_REPRESENTATION('',(#1443),#1447);
#1443 = LINE('',#1444,#1445);
#1444 = CARTESIAN_POINT('',(689.68437910806,118.32687478238));
#1445 = VECTOR('',#1446,1.);
#1446 = DIRECTION('',(-1.,-1.052398908759E-14));
#1447 = ( GEOMETRIC_REPRESENTATION_CONTEXT(2) 
PARAMETRIC_REPRESENTATION_CONTEXT() REPRESENTATION_CONTEXT('2D SPACE',''
  ) );
#1448 = ORIENTED_EDGE('',*,*,#1449,.T.);
#1449 = EDGE_CURVE('',#1427,#1450,#1452,.T.);
#1450 = VERTEX_POINT('',#1451);
#1451 = CARTESIAN_POINT('',(123.38725360773,-4.,-470.9165260329));
#1452 = SURFACE_CURVE('',#1453,(#1457,#1464),.PCURVE_S1.);
#1453 = LINE('',#1454,#1455);
#1454 = CARTESIAN_POINT('',(123.38725360773,-4.,-470.9165260329));
#1455 = VECTOR('',#1456,1.);
#1456 = DIRECTION('',(-0.,-1.,-0.));
#1457 = PCURVE('',#1411,#1458);
#1458 = DEFINITIONAL_REPRESENTATION('',(#1459),#1463);
#1459 = LINE('',#1460,#1461);
#1460 = CARTESIAN_POINT('',(1.07660362244,0.));
#1461 = VECTOR('',#1462,1.);
#1462 = DIRECTION('',(0.,-1.));
#1463 = ( GEOMETRIC_REPRESENTATION_CONTEXT(2) 
PARAMETRIC_REPRESENTATION_CONTEXT() REPRESENTATION_CONTEXT('2D SPACE',''
  ) );
#1464 = PCURVE('',#1465,#1470);
#1465 = CYLINDRICAL_SURFACE('',#1466,9.);
#1466 = AXIS2_PLACEMENT_3D('',#1467,#1468,#1469);
#1467 = CARTESIAN_POINT('',(114.38725360773,-4.,-470.9165260329));
#1468 = DIRECTION('',(0.,1.,0.));
#1469 = DIRECTION('',(0.,-0.,1.));
#1470 = DEFINITIONAL_REPRESENTATION('',(#1471),#1475);
#1471 = LINE('',#1472,#1473);
#1472 = CARTESIAN_POINT('',(1.570796326795,0.));
#1473 = VECTOR('',#1474,1.);
#1474 = DIRECTION('',(0.,-1.));
#1475 = ( GEOMETRIC_REPRESENTATION_CONTEXT(2) 
PARAMETRIC_REPRESENTATION_CONTEXT() REPRESENTATION_CONTEXT('2D SPACE',''
  ) );
#1476 = ORIENTED_EDGE('',*,*,#1477,.T.);
#1477 = EDGE_CURVE('',#1450,#1322,#1478,.T.);
#1478 = SURFACE_CURVE('',#1479,(#1483,#1490),.PCURVE_S1.);
#1479 = LINE('',#1480,#1481);
#1480 = CARTESIAN_POINT('',(123.38725360773,-4.,-469.8399224104));
#1481 = VECTOR('',#1482,1.);
#1482 = DIRECTION('',(-1.052398908759E-14,0.,-1.));
#1483 = PCURVE('',#1411,#1484);
#1484 = DEFINITIONAL_REPRESENTATION('',(#1485),#1489);
#1485 = LINE('',#1486,#1487);
#1486 = CARTESIAN_POINT('',(0.,0.));
#1487 = VECTOR('',#1488,1.);
#1488 = DIRECTION('',(1.,0.));
#1489 = ( GEOMETRIC_REPRESENTATION_CONTEXT(2) 
PARAMETRIC_REPRESENTATION_CONTEXT() REPRESENTATION_CONTEXT('2D SPACE',''
  ) );
#1490 = PCURVE('',#141,#1491);
#1491 = DEFINITIONAL_REPRESENTATION('',(#1492),#1496);
#1492 = LINE('',#1493,#1494);
#1493 = CARTESIAN_POINT('',(689.68437910806,118.32687478238));
#1494 = VECTOR('',#1495,1.);
#1495 = DIRECTION('',(-1.,-1.052398908759E-14));
#1496 = ( GEOMETRIC_REPRESENTATION_CONTEXT(2) 
PARAMETRIC_REPRESENTATION_CONTEXT() REPRESENTATION_CONTEXT('2D SPACE',''
  ) );
#1497 = ORIENTED_EDGE('',*,*,#1397,.T.);
#1498 = ADVANCED_FACE('',(#1499),#1513,.T.);
#1499 = FACE_BOUND('',#1500,.T.);
#1500 = EDGE_LOOP('',(#1501,#1531,#1554,#1577));
#1501 = ORIENTED_EDGE('',*,*,#1502,.T.);
#1502 = EDGE_CURVE('',#1503,#1505,#1507,.T.);
#1503 = VERTEX_POINT('',#1504);
#1504 = CARTESIAN_POINT('',(117.91528654155,-4.,-447.2954180978));
#1505 = VERTEX_POINT('',#1506);
#1506 = CARTESIAN_POINT('',(123.1333150576,-4.,-468.7936955839));
#1507 = SURFACE_CURVE('',#1508,(#1512,#1524),.PCURVE_S1.);
#1508 = LINE('',#1509,#1510);
#1509 = CARTESIAN_POINT('',(123.38725360773,-4.,-469.8399224104));
#1510 = VECTOR('',#1511,1.);
#1511 = DIRECTION('',(0.235870049888,-0.,-0.971784605541));
#1512 = PCURVE('',#1513,#1518);
#1513 = PLANE('',#1514);
#1514 = AXIS2_PLACEMENT_3D('',#1515,#1516,#1517);
#1515 = CARTESIAN_POINT('',(123.38725360773,-4.,-469.8399224104));
#1516 = DIRECTION('',(0.971784605541,-0.,0.235870049888));
#1517 = DIRECTION('',(0.235870049888,0.,-0.971784605541));
#1518 = DEFINITIONAL_REPRESENTATION('',(#1519),#1523);
#1519 = LINE('',#1520,#1521);
#1520 = CARTESIAN_POINT('',(0.,0.));
#1521 = VECTOR('',#1522,1.);
#1522 = DIRECTION('',(1.,0.));
#1523 = ( GEOMETRIC_REPRESENTATION_CONTEXT(2) 
PARAMETRIC_REPRESENTATION_CONTEXT() REPRESENTATION_CONTEXT('2D SPACE',''
  ) );
#1524 = PCURVE('',#141,#1525);
#1525 = DEFINITIONAL_REPRESENTATION('',(#1526),#1530);
#1526 = LINE('',#1527,#1528);
#1527 = CARTESIAN_POINT('',(689.68437910806,118.32687478238));
#1528 = VECTOR('',#1529,1.);
#1529 = DIRECTION('',(-0.971784605541,0.235870049888));
#1530 = ( GEOMETRIC_REPRESENTATION_CONTEXT(2) 
PARAMETRIC_REPRESENTATION_CONTEXT() REPRESENTATION_CONTEXT('2D SPACE',''
  ) );
#1531 = ORIENTED_EDGE('',*,*,#1532,.T.);
#1532 = EDGE_CURVE('',#1505,#1533,#1535,.T.);
#1533 = VERTEX_POINT('',#1534);
#1534 = CARTESIAN_POINT('',(123.1333150576,0.,-468.7936955839));
#1535 = SURFACE_CURVE('',#1536,(#1540,#1547),.PCURVE_S1.);
#1536 = LINE('',#1537,#1538);
#1537 = CARTESIAN_POINT('',(123.1333150576,-4.,-468.7936955839));
#1538 = VECTOR('',#1539,1.);
#1539 = DIRECTION('',(0.,1.,0.));
#1540 = PCURVE('',#1513,#1541);
#1541 = DEFINITIONAL_REPRESENTATION('',(#1542),#1546);
#1542 = LINE('',#1543,#1544);
#1543 = CARTESIAN_POINT('',(-1.07660362244,0.));
#1544 = VECTOR('',#1545,1.);
#1545 = DIRECTION('',(0.,1.));
#1546 = ( GEOMETRIC_REPRESENTATION_CONTEXT(2) 
PARAMETRIC_REPRESENTATION_CONTEXT() REPRESENTATION_CONTEXT('2D SPACE',''
  ) );
#1547 = PCURVE('',#1465,#1548);
#1548 = DEFINITIONAL_REPRESENTATION('',(#1549),#1553);
#1549 = LINE('',#1550,#1551);
#1550 = CARTESIAN_POINT('',(1.332682544385,0.));
#1551 = VECTOR('',#1552,1.);
#1552 = DIRECTION('',(0.,1.));
#1553 = ( GEOMETRIC_REPRESENTATION_CONTEXT(2) 
PARAMETRIC_REPRESENTATION_CONTEXT() REPRESENTATION_CONTEXT('2D SPACE',''
  ) );
#1554 = ORIENTED_EDGE('',*,*,#1555,.F.);
#1555 = EDGE_CURVE('',#1556,#1533,#1558,.T.);
#1556 = VERTEX_POINT('',#1557);
#1557 = CARTESIAN_POINT('',(117.91528654155,0.,-447.2954180978));
#1558 = SURFACE_CURVE('',#1559,(#1563,#1570),.PCURVE_S1.);
#1559 = LINE('',#1560,#1561);
#1560 = CARTESIAN_POINT('',(123.38725360773,0.,-469.8399224104));
#1561 = VECTOR('',#1562,1.);
#1562 = DIRECTION('',(0.235870049888,-0.,-0.971784605541));
#1563 = PCURVE('',#1513,#1564);
#1564 = DEFINITIONAL_REPRESENTATION('',(#1565),#1569);
#1565 = LINE('',#1566,#1567);
#1566 = CARTESIAN_POINT('',(0.,4.));
#1567 = VECTOR('',#1568,1.);
#1568 = DIRECTION('',(1.,0.));
#1569 = ( GEOMETRIC_REPRESENTATION_CONTEXT(2) 
PARAMETRIC_REPRESENTATION_CONTEXT() REPRESENTATION_CONTEXT('2D SPACE',''
  ) );
#1570 = PCURVE('',#91,#1571);
#1571 = DEFINITIONAL_REPRESENTATION('',(#1572),#1576);
#1572 = LINE('',#1573,#1574);
#1573 = CARTESIAN_POINT('',(689.68437910806,118.32687478238));
#1574 = VECTOR('',#1575,1.);
#1575 = DIRECTION('',(-0.971784605541,0.235870049888));
#1576 = ( GEOMETRIC_REPRESENTATION_CONTEXT(2) 
PARAMETRIC_REPRESENTATION_CONTEXT() REPRESENTATION_CONTEXT('2D SPACE',''
  ) );
#1577 = ORIENTED_EDGE('',*,*,#1578,.T.);
#1578 = EDGE_CURVE('',#1556,#1503,#1579,.T.);
#1579 = SURFACE_CURVE('',#1580,(#1584,#1591),.PCURVE_S1.);
#1580 = LINE('',#1581,#1582);
#1581 = CARTESIAN_POINT('',(117.91528654155,-4.,-447.2954180978));
#1582 = VECTOR('',#1583,1.);
#1583 = DIRECTION('',(-0.,-1.,-0.));
#1584 = PCURVE('',#1513,#1585);
#1585 = DEFINITIONAL_REPRESENTATION('',(#1586),#1590);
#1586 = LINE('',#1587,#1588);
#1587 = CARTESIAN_POINT('',(-23.19907537548,0.));
#1588 = VECTOR('',#1589,1.);
#1589 = DIRECTION('',(0.,-1.));
#1590 = ( GEOMETRIC_REPRESENTATION_CONTEXT(2) 
PARAMETRIC_REPRESENTATION_CONTEXT() REPRESENTATION_CONTEXT('2D SPACE',''
  ) );
#1591 = PCURVE('',#1592,#1597);
#1592 = CYLINDRICAL_SURFACE('',#1593,9.);
#1593 = AXIS2_PLACEMENT_3D('',#1594,#1595,#1596);
#1594 = CARTESIAN_POINT('',(109.16922509169,-4.,-449.4182485468));
#1595 = DIRECTION('',(0.,1.,0.));
#1596 = DIRECTION('',(0.,-0.,1.));
#1597 = DEFINITIONAL_REPRESENTATION('',(#1598),#1602);
#1598 = LINE('',#1599,#1600);
#1599 = CARTESIAN_POINT('',(1.332682544385,0.));
#1600 = VECTOR('',#1601,1.);
#1601 = DIRECTION('',(0.,-1.));
#1602 = ( GEOMETRIC_REPRESENTATION_CONTEXT(2) 
PARAMETRIC_REPRESENTATION_CONTEXT() REPRESENTATION_CONTEXT('2D SPACE',''
  ) );
#1603 = ADVANCED_FACE('',(#1604),#1618,.T.);
#1604 = FACE_BOUND('',#1605,.T.);
#1605 = EDGE_LOOP('',(#1606,#1636,#1659,#1682));
#1606 = ORIENTED_EDGE('',*,*,#1607,.T.);
#1607 = EDGE_CURVE('',#1608,#1610,#1612,.T.);
#1608 = VERTEX_POINT('',#1609);
#1609 = CARTESIAN_POINT('',(103.2771983345,-4.,-413.9004120154));
#1610 = VERTEX_POINT('',#1611);
#1611 = CARTESIAN_POINT('',(117.39781858454,-4.,-445.7726691512));
#1612 = SURFACE_CURVE('',#1613,(#1617,#1629),.PCURVE_S1.);
#1613 = LINE('',#1614,#1615);
#1614 = CARTESIAN_POINT('',(117.7248533433,-4.,-446.510833321));
#1615 = VECTOR('',#1616,1.);
#1616 = DIRECTION('',(0.405064377285,-0.,-0.914288165872));
#1617 = PCURVE('',#1618,#1623);
#1618 = PLANE('',#1619);
#1619 = AXIS2_PLACEMENT_3D('',#1620,#1621,#1622);
#1620 = CARTESIAN_POINT('',(117.7248533433,-4.,-446.510833321));
#1621 = DIRECTION('',(0.914288165872,-0.,0.405064377285));
#1622 = DIRECTION('',(0.405064377285,0.,-0.914288165872));
#1623 = DEFINITIONAL_REPRESENTATION('',(#1624),#1628);
#1624 = LINE('',#1625,#1626);
#1625 = CARTESIAN_POINT('',(0.,0.));
#1626 = VECTOR('',#1627,1.);
#1627 = DIRECTION('',(1.,0.));
#1628 = ( GEOMETRIC_REPRESENTATION_CONTEXT(2) 
PARAMETRIC_REPRESENTATION_CONTEXT() REPRESENTATION_CONTEXT('2D SPACE',''
  ) );
#1629 = PCURVE('',#141,#1630);
#1630 = DEFINITIONAL_REPRESENTATION('',(#1631),#1635);
#1631 = LINE('',#1632,#1633);
#1632 = CARTESIAN_POINT('',(713.01346819753,112.66447451794));
#1633 = VECTOR('',#1634,1.);
#1634 = DIRECTION('',(-0.914288165872,0.405064377285));
#1635 = ( GEOMETRIC_REPRESENTATION_CONTEXT(2) 
PARAMETRIC_REPRESENTATION_CONTEXT() REPRESENTATION_CONTEXT('2D SPACE',''
  ) );
#1636 = ORIENTED_EDGE('',*,*,#1637,.T.);
#1637 = EDGE_CURVE('',#1610,#1638,#1640,.T.);
#1638 = VERTEX_POINT('',#1639);
#1639 = CARTESIAN_POINT('',(117.39781858454,0.,-445.7726691512));
#1640 = SURFACE_CURVE('',#1641,(#1645,#1652),.PCURVE_S1.);
#1641 = LINE('',#1642,#1643);
#1642 = CARTESIAN_POINT('',(117.39781858454,-4.,-445.7726691512));
#1643 = VECTOR('',#1644,1.);
#1644 = DIRECTION('',(0.,1.,0.));
#1645 = PCURVE('',#1618,#1646);
#1646 = DEFINITIONAL_REPRESENTATION('',(#1647),#1651);
#1647 = LINE('',#1648,#1649);
#1648 = CARTESIAN_POINT('',(-0.807364895804,0.));
#1649 = VECTOR('',#1650,1.);
#1650 = DIRECTION('',(0.,1.));
#1651 = ( GEOMETRIC_REPRESENTATION_CONTEXT(2) 
PARAMETRIC_REPRESENTATION_CONTEXT() REPRESENTATION_CONTEXT('2D SPACE',''
  ) );
#1652 = PCURVE('',#1592,#1653);
#1653 = DEFINITIONAL_REPRESENTATION('',(#1654),#1658);
#1654 = LINE('',#1655,#1656);
#1655 = CARTESIAN_POINT('',(1.153747084806,0.));
#1656 = VECTOR('',#1657,1.);
#1657 = DIRECTION('',(0.,1.));
#1658 = ( GEOMETRIC_REPRESENTATION_CONTEXT(2) 
PARAMETRIC_REPRESENTATION_CONTEXT() REPRESENTATION_CONTEXT('2D SPACE',''
  ) );
#1659 = ORIENTED_EDGE('',*,*,#1660,.F.);
#1660 = EDGE_CURVE('',#1661,#1638,#1663,.T.);
#1661 = VERTEX_POINT('',#1662);
#1662 = CARTESIAN_POINT('',(103.2771983345,0.,-413.9004120154));
#1663 = SURFACE_CURVE('',#1664,(#1668,#1675),.PCURVE_S1.);
#1664 = LINE('',#1665,#1666);
#1665 = CARTESIAN_POINT('',(117.7248533433,0.,-446.510833321));
#1666 = VECTOR('',#1667,1.);
#1667 = DIRECTION('',(0.405064377285,-0.,-0.914288165872));
#1668 = PCURVE('',#1618,#1669);
#1669 = DEFINITIONAL_REPRESENTATION('',(#1670),#1674);
#1670 = LINE('',#1671,#1672);
#1671 = CARTESIAN_POINT('',(0.,4.));
#1672 = VECTOR('',#1673,1.);
#1673 = DIRECTION('',(1.,0.));
#1674 = ( GEOMETRIC_REPRESENTATION_CONTEXT(2) 
PARAMETRIC_REPRESENTATION_CONTEXT() REPRESENTATION_CONTEXT('2D SPACE',''
  ) );
#1675 = PCURVE('',#91,#1676);
#1676 = DEFINITIONAL_REPRESENTATION('',(#1677),#1681);
#1677 = LINE('',#1678,#1679);
#1678 = CARTESIAN_POINT('',(713.01346819753,112.66447451794));
#1679 = VECTOR('',#1680,1.);
#1680 = DIRECTION('',(-0.914288165872,0.405064377285));
#1681 = ( GEOMETRIC_REPRESENTATION_CONTEXT(2) 
PARAMETRIC_REPRESENTATION_CONTEXT() REPRESENTATION_CONTEXT('2D SPACE',''
  ) );
#1682 = ORIENTED_EDGE('',*,*,#1683,.T.);
#1683 = EDGE_CURVE('',#1661,#1608,#1684,.T.);
#1684 = SURFACE_CURVE('',#1685,(#1689,#1696),.PCURVE_S1.);
#1685 = LINE('',#1686,#1687);
#1686 = CARTESIAN_POINT('',(103.2771983345,-4.,-413.9004120154));
#1687 = VECTOR('',#1688,1.);
#1688 = DIRECTION('',(-0.,-1.,-0.));
#1689 = PCURVE('',#1618,#1690);
#1690 = DEFINITIONAL_REPRESENTATION('',(#1691),#1695);
#1691 = LINE('',#1692,#1693);
#1692 = CARTESIAN_POINT('',(-35.66755266316,0.));
#1693 = VECTOR('',#1694,1.);
#1694 = DIRECTION('',(0.,-1.));
#1695 = ( GEOMETRIC_REPRESENTATION_CONTEXT(2) 
PARAMETRIC_REPRESENTATION_CONTEXT() REPRESENTATION_CONTEXT('2D SPACE',''
  ) );
#1696 = PCURVE('',#1697,#1702);
#1697 = CYLINDRICAL_SURFACE('',#1698,9.);
#1698 = AXIS2_PLACEMENT_3D('',#1699,#1700,#1701);
#1699 = CARTESIAN_POINT('',(95.048604841657,-4.,-417.545991411));
#1700 = DIRECTION('',(0.,1.,0.));
#1701 = DIRECTION('',(0.,-0.,1.));
#1702 = DEFINITIONAL_REPRESENTATION('',(#1703),#1707);
#1703 = LINE('',#1704,#1705);
#1704 = CARTESIAN_POINT('',(1.153747084806,0.));
#1705 = VECTOR('',#1706,1.);
#1706 = DIRECTION('',(0.,-1.));
#1707 = ( GEOMETRIC_REPRESENTATION_CONTEXT(2) 
PARAMETRIC_REPRESENTATION_CONTEXT() REPRESENTATION_CONTEXT('2D SPACE',''
  ) );
#1708 = ADVANCED_FACE('',(#1709),#1723,.T.);
#1709 = FACE_BOUND('',#1710,.T.);
#1710 = EDGE_LOOP('',(#1711,#1741,#1764,#1787));
#1711 = ORIENTED_EDGE('',*,*,#1712,.T.);
#1712 = EDGE_CURVE('',#1713,#1715,#1717,.T.);
#1713 = VERTEX_POINT('',#1714);
#1714 = CARTESIAN_POINT('',(93.463532097668,-4.,-407.0000203879));
#1715 = VERTEX_POINT('',#1716);
#1716 = CARTESIAN_POINT('',(98.694184237225,-4.,-409.3173979181));
#1717 = SURFACE_CURVE('',#1718,(#1722,#1734),.PCURVE_S1.);
#1718 = LINE('',#1719,#1720);
#1719 = CARTESIAN_POINT('',(101.87013260288,-4.,-410.7244636497));
#1720 = VECTOR('',#1721,1.);
#1721 = DIRECTION('',(0.914288165872,-0.,-0.405064377285));
#1722 = PCURVE('',#1723,#1728);
#1723 = PLANE('',#1724);
#1724 = AXIS2_PLACEMENT_3D('',#1725,#1726,#1727);
#1725 = CARTESIAN_POINT('',(101.87013260288,-4.,-410.7244636497));
#1726 = DIRECTION('',(0.405064377285,-0.,0.914288165872));
#1727 = DIRECTION('',(0.914288165872,0.,-0.405064377285));
#1728 = DEFINITIONAL_REPRESENTATION('',(#1729),#1733);
#1729 = LINE('',#1730,#1731);
#1730 = CARTESIAN_POINT('',(0.,0.));
#1731 = VECTOR('',#1732,1.);
#1732 = DIRECTION('',(1.,0.));
#1733 = ( GEOMETRIC_REPRESENTATION_CONTEXT(2) 
PARAMETRIC_REPRESENTATION_CONTEXT() REPRESENTATION_CONTEXT('2D SPACE',''
  ) );
#1734 = PCURVE('',#141,#1735);
#1735 = DEFINITIONAL_REPRESENTATION('',(#1736),#1740);
#1736 = LINE('',#1737,#1738);
#1737 = CARTESIAN_POINT('',(748.79983786876,96.809753777533));
#1738 = VECTOR('',#1739,1.);
#1739 = DIRECTION('',(-0.405064377285,0.914288165872));
#1740 = ( GEOMETRIC_REPRESENTATION_CONTEXT(2) 
PARAMETRIC_REPRESENTATION_CONTEXT() REPRESENTATION_CONTEXT('2D SPACE',''
  ) );
#1741 = ORIENTED_EDGE('',*,*,#1742,.T.);
#1742 = EDGE_CURVE('',#1715,#1743,#1745,.T.);
#1743 = VERTEX_POINT('',#1744);
#1744 = CARTESIAN_POINT('',(98.694184237225,0.,-409.3173979181));
#1745 = SURFACE_CURVE('',#1746,(#1750,#1757),.PCURVE_S1.);
#1746 = LINE('',#1747,#1748);
#1747 = CARTESIAN_POINT('',(98.694184237225,-4.,-409.3173979181));
#1748 = VECTOR('',#1749,1.);
#1749 = DIRECTION('',(0.,1.,0.));
#1750 = PCURVE('',#1723,#1751);
#1751 = DEFINITIONAL_REPRESENTATION('',(#1752),#1756);
#1752 = LINE('',#1753,#1754);
#1753 = CARTESIAN_POINT('',(-3.473684210526,0.));
#1754 = VECTOR('',#1755,1.);
#1755 = DIRECTION('',(0.,1.));
#1756 = ( GEOMETRIC_REPRESENTATION_CONTEXT(2) 
PARAMETRIC_REPRESENTATION_CONTEXT() REPRESENTATION_CONTEXT('2D SPACE',''
  ) );
#1757 = PCURVE('',#1697,#1758);
#1758 = DEFINITIONAL_REPRESENTATION('',(#1759),#1763);
#1759 = LINE('',#1760,#1761);
#1760 = CARTESIAN_POINT('',(0.417049241988,0.));
#1761 = VECTOR('',#1762,1.);
#1762 = DIRECTION('',(0.,1.));
#1763 = ( GEOMETRIC_REPRESENTATION_CONTEXT(2) 
PARAMETRIC_REPRESENTATION_CONTEXT() REPRESENTATION_CONTEXT('2D SPACE',''
  ) );
#1764 = ORIENTED_EDGE('',*,*,#1765,.F.);
#1765 = EDGE_CURVE('',#1766,#1743,#1768,.T.);
#1766 = VERTEX_POINT('',#1767);
#1767 = CARTESIAN_POINT('',(93.463532097668,0.,-407.0000203879));
#1768 = SURFACE_CURVE('',#1769,(#1773,#1780),.PCURVE_S1.);
#1769 = LINE('',#1770,#1771);
#1770 = CARTESIAN_POINT('',(101.87013260288,0.,-410.7244636497));
#1771 = VECTOR('',#1772,1.);
#1772 = DIRECTION('',(0.914288165872,-0.,-0.405064377285));
#1773 = PCURVE('',#1723,#1774);
#1774 = DEFINITIONAL_REPRESENTATION('',(#1775),#1779);
#1775 = LINE('',#1776,#1777);
#1776 = CARTESIAN_POINT('',(0.,4.));
#1777 = VECTOR('',#1778,1.);
#1778 = DIRECTION('',(1.,0.));
#1779 = ( GEOMETRIC_REPRESENTATION_CONTEXT(2) 
PARAMETRIC_REPRESENTATION_CONTEXT() REPRESENTATION_CONTEXT('2D SPACE',''
  ) );
#1780 = PCURVE('',#91,#1781);
#1781 = DEFINITIONAL_REPRESENTATION('',(#1782),#1786);
#1782 = LINE('',#1783,#1784);
#1783 = CARTESIAN_POINT('',(748.79983786876,96.809753777533));
#1784 = VECTOR('',#1785,1.);
#1785 = DIRECTION('',(-0.405064377285,0.914288165872));
#1786 = ( GEOMETRIC_REPRESENTATION_CONTEXT(2) 
PARAMETRIC_REPRESENTATION_CONTEXT() REPRESENTATION_CONTEXT('2D SPACE',''
  ) );
#1787 = ORIENTED_EDGE('',*,*,#1788,.T.);
#1788 = EDGE_CURVE('',#1766,#1713,#1789,.T.);
#1789 = SURFACE_CURVE('',#1790,(#1794,#1801),.PCURVE_S1.);
#1790 = LINE('',#1791,#1792);
#1791 = CARTESIAN_POINT('',(93.463532097668,-4.,-407.0000203879));
#1792 = VECTOR('',#1793,1.);
#1793 = DIRECTION('',(-0.,-1.,-0.));
#1794 = PCURVE('',#1723,#1795);
#1795 = DEFINITIONAL_REPRESENTATION('',(#1796),#1800);
#1796 = LINE('',#1797,#1798);
#1797 = CARTESIAN_POINT('',(-9.194694647717,0.));
#1798 = VECTOR('',#1799,1.);
#1799 = DIRECTION('',(0.,-1.));
#1800 = ( GEOMETRIC_REPRESENTATION_CONTEXT(2) 
PARAMETRIC_REPRESENTATION_CONTEXT() REPRESENTATION_CONTEXT('2D SPACE',''
  ) );
#1801 = PCURVE('',#1802,#1807);
#1802 = CYLINDRICAL_SURFACE('',#1803,9.);
#1803 = AXIS2_PLACEMENT_3D('',#1804,#1805,#1806);
#1804 = CARTESIAN_POINT('',(89.817952702101,-4.,-415.2286138808));
#1805 = DIRECTION('',(0.,1.,0.));
#1806 = DIRECTION('',(0.,-0.,1.));
#1807 = DEFINITIONAL_REPRESENTATION('',(#1808),#1812);
#1808 = LINE('',#1809,#1810);
#1809 = CARTESIAN_POINT('',(0.417049241988,0.));
#1810 = VECTOR('',#1811,1.);
#1811 = DIRECTION('',(0.,-1.));
#1812 = ( GEOMETRIC_REPRESENTATION_CONTEXT(2) 
PARAMETRIC_REPRESENTATION_CONTEXT() REPRESENTATION_CONTEXT('2D SPACE',''
  ) );
#1813 = ADVANCED_FACE('',(#1814),#1828,.T.);
#1814 = FACE_BOUND('',#1815,.T.);
#1815 = EDGE_LOOP('',(#1816,#1846,#1869,#1892));
#1816 = ORIENTED_EDGE('',*,*,#1817,.T.);
#1817 = EDGE_CURVE('',#1818,#1820,#1822,.T.);
#1818 = VERTEX_POINT('',#1819);
#1819 = CARTESIAN_POINT('',(53.822939841098,-4.,-403.0447899833));
#1820 = VERTEX_POINT('',#1821);
#1821 = CARTESIAN_POINT('',(90.60242449266,-4.,-406.2628677317));
#1822 = SURFACE_CURVE('',#1823,(#1827,#1839),.PCURVE_S1.);
#1823 = LINE('',#1824,#1825);
#1824 = CARTESIAN_POINT('',(92.094308742123,-4.,-406.3934024456));
#1825 = VECTOR('',#1826,1.);
#1826 = DIRECTION('',(0.996194016565,-0.,-8.716353228437E-02));
#1827 = PCURVE('',#1828,#1833);
#1828 = PLANE('',#1829);
#1829 = AXIS2_PLACEMENT_3D('',#1830,#1831,#1832);
#1830 = CARTESIAN_POINT('',(92.094308742123,-4.,-406.3934024456));
#1831 = DIRECTION('',(8.716353228437E-02,-0.,0.996194016565));
#1832 = DIRECTION('',(0.996194016565,0.,-8.716353228437E-02));
#1833 = DEFINITIONAL_REPRESENTATION('',(#1834),#1838);
#1834 = LINE('',#1835,#1836);
#1835 = CARTESIAN_POINT('',(0.,0.));
#1836 = VECTOR('',#1837,1.);
#1837 = DIRECTION('',(1.,0.));
#1838 = ( GEOMETRIC_REPRESENTATION_CONTEXT(2) 
PARAMETRIC_REPRESENTATION_CONTEXT() REPRESENTATION_CONTEXT('2D SPACE',''
  ) );
#1839 = PCURVE('',#141,#1840);
#1840 = DEFINITIONAL_REPRESENTATION('',(#1841),#1845);
#1841 = LINE('',#1842,#1843);
#1842 = CARTESIAN_POINT('',(753.13089907289,87.033929916769));
#1843 = VECTOR('',#1844,1.);
#1844 = DIRECTION('',(-8.716353228437E-02,0.996194016565));
#1845 = ( GEOMETRIC_REPRESENTATION_CONTEXT(2) 
PARAMETRIC_REPRESENTATION_CONTEXT() REPRESENTATION_CONTEXT('2D SPACE',''
  ) );
#1846 = ORIENTED_EDGE('',*,*,#1847,.T.);
#1847 = EDGE_CURVE('',#1820,#1848,#1850,.T.);
#1848 = VERTEX_POINT('',#1849);
#1849 = CARTESIAN_POINT('',(90.60242449266,0.,-406.2628677317));
#1850 = SURFACE_CURVE('',#1851,(#1855,#1862),.PCURVE_S1.);
#1851 = LINE('',#1852,#1853);
#1852 = CARTESIAN_POINT('',(90.60242449266,-4.,-406.2628677317));
#1853 = VECTOR('',#1854,1.);
#1854 = DIRECTION('',(0.,1.,0.));
#1855 = PCURVE('',#1828,#1856);
#1856 = DEFINITIONAL_REPRESENTATION('',(#1857),#1861);
#1857 = LINE('',#1858,#1859);
#1858 = CARTESIAN_POINT('',(-1.497584029472,0.));
#1859 = VECTOR('',#1860,1.);
#1860 = DIRECTION('',(0.,1.));
#1861 = ( GEOMETRIC_REPRESENTATION_CONTEXT(2) 
PARAMETRIC_REPRESENTATION_CONTEXT() REPRESENTATION_CONTEXT('2D SPACE',''
  ) );
#1862 = PCURVE('',#1802,#1863);
#1863 = DEFINITIONAL_REPRESENTATION('',(#1864),#1868);
#1864 = LINE('',#1865,#1866);
#1865 = CARTESIAN_POINT('',(8.727428189387E-02,0.));
#1866 = VECTOR('',#1867,1.);
#1867 = DIRECTION('',(0.,1.));
#1868 = ( GEOMETRIC_REPRESENTATION_CONTEXT(2) 
PARAMETRIC_REPRESENTATION_CONTEXT() REPRESENTATION_CONTEXT('2D SPACE',''
  ) );
#1869 = ORIENTED_EDGE('',*,*,#1870,.F.);
#1870 = EDGE_CURVE('',#1871,#1848,#1873,.T.);
#1871 = VERTEX_POINT('',#1872);
#1872 = CARTESIAN_POINT('',(53.822939841098,0.,-403.0447899833));
#1873 = SURFACE_CURVE('',#1874,(#1878,#1885),.PCURVE_S1.);
#1874 = LINE('',#1875,#1876);
#1875 = CARTESIAN_POINT('',(92.094308742123,0.,-406.3934024456));
#1876 = VECTOR('',#1877,1.);
#1877 = DIRECTION('',(0.996194016565,-0.,-8.716353228437E-02));
#1878 = PCURVE('',#1828,#1879);
#1879 = DEFINITIONAL_REPRESENTATION('',(#1880),#1884);
#1880 = LINE('',#1881,#1882);
#1881 = CARTESIAN_POINT('',(0.,4.));
#1882 = VECTOR('',#1883,1.);
#1883 = DIRECTION('',(1.,0.));
#1884 = ( GEOMETRIC_REPRESENTATION_CONTEXT(2) 
PARAMETRIC_REPRESENTATION_CONTEXT() REPRESENTATION_CONTEXT('2D SPACE',''
  ) );
#1885 = PCURVE('',#91,#1886);
#1886 = DEFINITIONAL_REPRESENTATION('',(#1887),#1891);
#1887 = LINE('',#1888,#1889);
#1888 = CARTESIAN_POINT('',(753.13089907289,87.033929916769));
#1889 = VECTOR('',#1890,1.);
#1890 = DIRECTION('',(-8.716353228437E-02,0.996194016565));
#1891 = ( GEOMETRIC_REPRESENTATION_CONTEXT(2) 
PARAMETRIC_REPRESENTATION_CONTEXT() REPRESENTATION_CONTEXT('2D SPACE',''
  ) );
#1892 = ORIENTED_EDGE('',*,*,#1893,.T.);
#1893 = EDGE_CURVE('',#1871,#1818,#1894,.T.);
#1894 = SURFACE_CURVE('',#1895,(#1899,#1906),.PCURVE_S1.);
#1895 = LINE('',#1896,#1897);
#1896 = CARTESIAN_POINT('',(53.822939841098,-4.,-403.0447899833));
#1897 = VECTOR('',#1898,1.);
#1898 = DIRECTION('',(-0.,-1.,-0.));
#1899 = PCURVE('',#1828,#1900);
#1900 = DEFINITIONAL_REPRESENTATION('',(#1901),#1905);
#1901 = LINE('',#1902,#1903);
#1902 = CARTESIAN_POINT('',(-38.41758559541,0.));
#1903 = VECTOR('',#1904,1.);
#1904 = DIRECTION('',(0.,-1.));
#1905 = ( GEOMETRIC_REPRESENTATION_CONTEXT(2) 
PARAMETRIC_REPRESENTATION_CONTEXT() REPRESENTATION_CONTEXT('2D SPACE',''
  ) );
#1906 = PCURVE('',#1907,#1912);
#1907 = CYLINDRICAL_SURFACE('',#1908,9.);
#1908 = AXIS2_PLACEMENT_3D('',#1909,#1910,#1911);
#1909 = CARTESIAN_POINT('',(53.038468050539,-4.,-412.0105361324));
#1910 = DIRECTION('',(0.,1.,-0.));
#1911 = DIRECTION('',(0.,0.,1.));
#1912 = DEFINITIONAL_REPRESENTATION('',(#1913),#1917);
#1913 = LINE('',#1914,#1915);
#1914 = CARTESIAN_POINT('',(8.727428189387E-02,0.));
#1915 = VECTOR('',#1916,1.);
#1916 = DIRECTION('',(0.,-1.));
#1917 = ( GEOMETRIC_REPRESENTATION_CONTEXT(2) 
PARAMETRIC_REPRESENTATION_CONTEXT() REPRESENTATION_CONTEXT('2D SPACE',''
  ) );
#1918 = ADVANCED_FACE('',(#1919),#1933,.T.);
#1919 = FACE_BOUND('',#1920,.T.);
#1920 = EDGE_LOOP('',(#1921,#1951,#1974,#1997));
#1921 = ORIENTED_EDGE('',*,*,#1922,.T.);
#1922 = EDGE_CURVE('',#1923,#1925,#1927,.T.);
#1923 = VERTEX_POINT('',#1924);
#1924 = CARTESIAN_POINT('',(-42.91771039982,-4.,-403.0105361324));
#1925 = VERTEX_POINT('',#1926);
#1926 = CARTESIAN_POINT('',(53.038468050539,-4.,-403.0105361324));
#1927 = SURFACE_CURVE('',#1928,(#1932,#1944),.PCURVE_S1.);
#1928 = LINE('',#1929,#1930);
#1929 = CARTESIAN_POINT('',(-43.31069413991,-4.,-403.0105361324));
#1930 = VECTOR('',#1931,1.);
#1931 = DIRECTION('',(1.,0.,0.));
#1932 = PCURVE('',#1933,#1938);
#1933 = PLANE('',#1934);
#1934 = AXIS2_PLACEMENT_3D('',#1935,#1936,#1937);
#1935 = CARTESIAN_POINT('',(-43.31069413991,-4.,-403.0105361324));
#1936 = DIRECTION('',(0.,0.,1.));
#1937 = DIRECTION('',(1.,0.,-0.));
#1938 = DEFINITIONAL_REPRESENTATION('',(#1939),#1943);
#1939 = LINE('',#1940,#1941);
#1940 = CARTESIAN_POINT('',(0.,0.));
#1941 = VECTOR('',#1942,1.);
#1942 = DIRECTION('',(1.,0.));
#1943 = ( GEOMETRIC_REPRESENTATION_CONTEXT(2) 
PARAMETRIC_REPRESENTATION_CONTEXT() REPRESENTATION_CONTEXT('2D SPACE',''
  ) );
#1944 = PCURVE('',#141,#1945);
#1945 = DEFINITIONAL_REPRESENTATION('',(#1946),#1950);
#1946 = LINE('',#1947,#1948);
#1947 = CARTESIAN_POINT('',(756.51376538614,-48.37107296526));
#1948 = VECTOR('',#1949,1.);
#1949 = DIRECTION('',(0.,1.));
#1950 = ( GEOMETRIC_REPRESENTATION_CONTEXT(2) 
PARAMETRIC_REPRESENTATION_CONTEXT() REPRESENTATION_CONTEXT('2D SPACE',''
  ) );
#1951 = ORIENTED_EDGE('',*,*,#1952,.T.);
#1952 = EDGE_CURVE('',#1925,#1953,#1955,.T.);
#1953 = VERTEX_POINT('',#1954);
#1954 = CARTESIAN_POINT('',(53.038468050539,0.,-403.0105361324));
#1955 = SURFACE_CURVE('',#1956,(#1960,#1967),.PCURVE_S1.);
#1956 = LINE('',#1957,#1958);
#1957 = CARTESIAN_POINT('',(53.038468050539,-4.,-403.0105361324));
#1958 = VECTOR('',#1959,1.);
#1959 = DIRECTION('',(0.,1.,-0.));
#1960 = PCURVE('',#1933,#1961);
#1961 = DEFINITIONAL_REPRESENTATION('',(#1962),#1966);
#1962 = LINE('',#1963,#1964);
#1963 = CARTESIAN_POINT('',(96.349162190449,0.));
#1964 = VECTOR('',#1965,1.);
#1965 = DIRECTION('',(0.,1.));
#1966 = ( GEOMETRIC_REPRESENTATION_CONTEXT(2) 
PARAMETRIC_REPRESENTATION_CONTEXT() REPRESENTATION_CONTEXT('2D SPACE',''
  ) );
#1967 = PCURVE('',#1907,#1968);
#1968 = DEFINITIONAL_REPRESENTATION('',(#1969),#1973);
#1969 = LINE('',#1970,#1971);
#1970 = CARTESIAN_POINT('',(0.,0.));
#1971 = VECTOR('',#1972,1.);
#1972 = DIRECTION('',(0.,1.));
#1973 = ( GEOMETRIC_REPRESENTATION_CONTEXT(2) 
PARAMETRIC_REPRESENTATION_CONTEXT() REPRESENTATION_CONTEXT('2D SPACE',''
  ) );
#1974 = ORIENTED_EDGE('',*,*,#1975,.F.);
#1975 = EDGE_CURVE('',#1976,#1953,#1978,.T.);
#1976 = VERTEX_POINT('',#1977);
#1977 = CARTESIAN_POINT('',(-42.91771039982,0.,-403.0105361324));
#1978 = SURFACE_CURVE('',#1979,(#1983,#1990),.PCURVE_S1.);
#1979 = LINE('',#1980,#1981);
#1980 = CARTESIAN_POINT('',(-43.31069413991,0.,-403.0105361324));
#1981 = VECTOR('',#1982,1.);
#1982 = DIRECTION('',(1.,0.,0.));
#1983 = PCURVE('',#1933,#1984);
#1984 = DEFINITIONAL_REPRESENTATION('',(#1985),#1989);
#1985 = LINE('',#1986,#1987);
#1986 = CARTESIAN_POINT('',(0.,4.));
#1987 = VECTOR('',#1988,1.);
#1988 = DIRECTION('',(1.,0.));
#1989 = ( GEOMETRIC_REPRESENTATION_CONTEXT(2) 
PARAMETRIC_REPRESENTATION_CONTEXT() REPRESENTATION_CONTEXT('2D SPACE',''
  ) );
#1990 = PCURVE('',#91,#1991);
#1991 = DEFINITIONAL_REPRESENTATION('',(#1992),#1996);
#1992 = LINE('',#1993,#1994);
#1993 = CARTESIAN_POINT('',(756.51376538614,-48.37107296526));
#1994 = VECTOR('',#1995,1.);
#1995 = DIRECTION('',(0.,1.));
#1996 = ( GEOMETRIC_REPRESENTATION_CONTEXT(2) 
PARAMETRIC_REPRESENTATION_CONTEXT() REPRESENTATION_CONTEXT('2D SPACE',''
  ) );
#1997 = ORIENTED_EDGE('',*,*,#1998,.T.);
#1998 = EDGE_CURVE('',#1976,#1923,#1999,.T.);
#1999 = SURFACE_CURVE('',#2000,(#2004,#2011),.PCURVE_S1.);
#2000 = LINE('',#2001,#2002);
#2001 = CARTESIAN_POINT('',(-42.91771039982,-4.,-403.0105361324));
#2002 = VECTOR('',#2003,1.);
#2003 = DIRECTION('',(-0.,-1.,0.));
#2004 = PCURVE('',#1933,#2005);
#2005 = DEFINITIONAL_REPRESENTATION('',(#2006),#2010);
#2006 = LINE('',#2007,#2008);
#2007 = CARTESIAN_POINT('',(0.392983740082,0.));
#2008 = VECTOR('',#2009,1.);
#2009 = DIRECTION('',(-0.,-1.));
#2010 = ( GEOMETRIC_REPRESENTATION_CONTEXT(2) 
PARAMETRIC_REPRESENTATION_CONTEXT() REPRESENTATION_CONTEXT('2D SPACE',''
  ) );
#2011 = PCURVE('',#2012,#2017);
#2012 = CYLINDRICAL_SURFACE('',#2013,9.);
#2013 = AXIS2_PLACEMENT_3D('',#2014,#2015,#2016);
#2014 = CARTESIAN_POINT('',(-42.91771039982,-4.,-412.0105361324));
#2015 = DIRECTION('',(0.,1.,-0.));
#2016 = DIRECTION('',(0.,0.,1.));
#2017 = DEFINITIONAL_REPRESENTATION('',(#2018),#2022);
#2018 = LINE('',#2019,#2020);
#2019 = CARTESIAN_POINT('',(6.28318530718,0.));
#2020 = VECTOR('',#2021,1.);
#2021 = DIRECTION('',(0.,-1.));
#2022 = ( GEOMETRIC_REPRESENTATION_CONTEXT(2) 
PARAMETRIC_REPRESENTATION_CONTEXT() REPRESENTATION_CONTEXT('2D SPACE',''
  ) );
#2023 = ADVANCED_FACE('',(#2024),#2038,.T.);
#2024 = FACE_BOUND('',#2025,.T.);
#2025 = EDGE_LOOP('',(#2026,#2056,#2079,#2102));
#2026 = ORIENTED_EDGE('',*,*,#2027,.T.);
#2027 = EDGE_CURVE('',#2028,#2030,#2032,.T.);
#2028 = VERTEX_POINT('',#2029);
#2029 = CARTESIAN_POINT('',(-80.48166684195,-4.,-406.2628677317));
#2030 = VERTEX_POINT('',#2031);
#2031 = CARTESIAN_POINT('',(-43.70218219038,-4.,-403.0447899833));
#2032 = SURFACE_CURVE('',#2033,(#2037,#2049),.PCURVE_S1.);
#2033 = LINE('',#2034,#2035);
#2034 = CARTESIAN_POINT('',(-81.97355109141,-4.,-406.3934024456));
#2035 = VECTOR('',#2036,1.);
#2036 = DIRECTION('',(0.996194016565,0.,8.716353228437E-02));
#2037 = PCURVE('',#2038,#2043);
#2038 = PLANE('',#2039);
#2039 = AXIS2_PLACEMENT_3D('',#2040,#2041,#2042);
#2040 = CARTESIAN_POINT('',(-81.97355109141,-4.,-406.3934024456));
#2041 = DIRECTION('',(-8.716353228437E-02,0.,0.996194016565));
#2042 = DIRECTION('',(0.996194016565,0.,8.716353228437E-02));
#2043 = DEFINITIONAL_REPRESENTATION('',(#2044),#2048);
#2044 = LINE('',#2045,#2046);
#2045 = CARTESIAN_POINT('',(0.,0.));
#2046 = VECTOR('',#2047,1.);
#2047 = DIRECTION('',(1.,0.));
#2048 = ( GEOMETRIC_REPRESENTATION_CONTEXT(2) 
PARAMETRIC_REPRESENTATION_CONTEXT() REPRESENTATION_CONTEXT('2D SPACE',''
  ) );
#2049 = PCURVE('',#141,#2050);
#2050 = DEFINITIONAL_REPRESENTATION('',(#2051),#2055);
#2051 = LINE('',#2052,#2053);
#2052 = CARTESIAN_POINT('',(753.13089907289,-87.03392991676));
#2053 = VECTOR('',#2054,1.);
#2054 = DIRECTION('',(8.716353228437E-02,0.996194016565));
#2055 = ( GEOMETRIC_REPRESENTATION_CONTEXT(2) 
PARAMETRIC_REPRESENTATION_CONTEXT() REPRESENTATION_CONTEXT('2D SPACE',''
  ) );
#2056 = ORIENTED_EDGE('',*,*,#2057,.T.);
#2057 = EDGE_CURVE('',#2030,#2058,#2060,.T.);
#2058 = VERTEX_POINT('',#2059);
#2059 = CARTESIAN_POINT('',(-43.70218219038,0.,-403.0447899833));
#2060 = SURFACE_CURVE('',#2061,(#2065,#2072),.PCURVE_S1.);
#2061 = LINE('',#2062,#2063);
#2062 = CARTESIAN_POINT('',(-43.70218219038,-4.,-403.0447899833));
#2063 = VECTOR('',#2064,1.);
#2064 = DIRECTION('',(0.,1.,-0.));
#2065 = PCURVE('',#2038,#2066);
#2066 = DEFINITIONAL_REPRESENTATION('',(#2067),#2071);
#2067 = LINE('',#2068,#2069);
#2068 = CARTESIAN_POINT('',(38.417585595418,0.));
#2069 = VECTOR('',#2070,1.);
#2070 = DIRECTION('',(0.,1.));
#2071 = ( GEOMETRIC_REPRESENTATION_CONTEXT(2) 
PARAMETRIC_REPRESENTATION_CONTEXT() REPRESENTATION_CONTEXT('2D SPACE',''
  ) );
#2072 = PCURVE('',#2012,#2073);
#2073 = DEFINITIONAL_REPRESENTATION('',(#2074),#2078);
#2074 = LINE('',#2075,#2076);
#2075 = CARTESIAN_POINT('',(6.195911025286,0.));
#2076 = VECTOR('',#2077,1.);
#2077 = DIRECTION('',(0.,1.));
#2078 = ( GEOMETRIC_REPRESENTATION_CONTEXT(2) 
PARAMETRIC_REPRESENTATION_CONTEXT() REPRESENTATION_CONTEXT('2D SPACE',''
  ) );
#2079 = ORIENTED_EDGE('',*,*,#2080,.F.);
#2080 = EDGE_CURVE('',#2081,#2058,#2083,.T.);
#2081 = VERTEX_POINT('',#2082);
#2082 = CARTESIAN_POINT('',(-80.48166684195,0.,-406.2628677317));
#2083 = SURFACE_CURVE('',#2084,(#2088,#2095),.PCURVE_S1.);
#2084 = LINE('',#2085,#2086);
#2085 = CARTESIAN_POINT('',(-81.97355109141,0.,-406.3934024456));
#2086 = VECTOR('',#2087,1.);
#2087 = DIRECTION('',(0.996194016565,0.,8.716353228437E-02));
#2088 = PCURVE('',#2038,#2089);
#2089 = DEFINITIONAL_REPRESENTATION('',(#2090),#2094);
#2090 = LINE('',#2091,#2092);
#2091 = CARTESIAN_POINT('',(0.,4.));
#2092 = VECTOR('',#2093,1.);
#2093 = DIRECTION('',(1.,0.));
#2094 = ( GEOMETRIC_REPRESENTATION_CONTEXT(2) 
PARAMETRIC_REPRESENTATION_CONTEXT() REPRESENTATION_CONTEXT('2D SPACE',''
  ) );
#2095 = PCURVE('',#91,#2096);
#2096 = DEFINITIONAL_REPRESENTATION('',(#2097),#2101);
#2097 = LINE('',#2098,#2099);
#2098 = CARTESIAN_POINT('',(753.13089907289,-87.03392991676));
#2099 = VECTOR('',#2100,1.);
#2100 = DIRECTION('',(8.716353228437E-02,0.996194016565));
#2101 = ( GEOMETRIC_REPRESENTATION_CONTEXT(2) 
PARAMETRIC_REPRESENTATION_CONTEXT() REPRESENTATION_CONTEXT('2D SPACE',''
  ) );
#2102 = ORIENTED_EDGE('',*,*,#2103,.T.);
#2103 = EDGE_CURVE('',#2081,#2028,#2104,.T.);
#2104 = SURFACE_CURVE('',#2105,(#2109,#2116),.PCURVE_S1.);
#2105 = LINE('',#2106,#2107);
#2106 = CARTESIAN_POINT('',(-80.48166684195,-4.,-406.2628677317));
#2107 = VECTOR('',#2108,1.);
#2108 = DIRECTION('',(-0.,-1.,-0.));
#2109 = PCURVE('',#2038,#2110);
#2110 = DEFINITIONAL_REPRESENTATION('',(#2111),#2115);
#2111 = LINE('',#2112,#2113);
#2112 = CARTESIAN_POINT('',(1.497584029472,0.));
#2113 = VECTOR('',#2114,1.);
#2114 = DIRECTION('',(0.,-1.));
#2115 = ( GEOMETRIC_REPRESENTATION_CONTEXT(2) 
PARAMETRIC_REPRESENTATION_CONTEXT() REPRESENTATION_CONTEXT('2D SPACE',''
  ) );
#2116 = PCURVE('',#2117,#2122);
#2117 = CYLINDRICAL_SURFACE('',#2118,9.);
#2118 = AXIS2_PLACEMENT_3D('',#2119,#2120,#2121);
#2119 = CARTESIAN_POINT('',(-79.69719505139,-4.,-415.2286138808));
#2120 = DIRECTION('',(0.,1.,0.));
#2121 = DIRECTION('',(0.,-0.,1.));
#2122 = DEFINITIONAL_REPRESENTATION('',(#2123),#2127);
#2123 = LINE('',#2124,#2125);
#2124 = CARTESIAN_POINT('',(6.195911025286,0.));
#2125 = VECTOR('',#2126,1.);
#2126 = DIRECTION('',(0.,-1.));
#2127 = ( GEOMETRIC_REPRESENTATION_CONTEXT(2) 
PARAMETRIC_REPRESENTATION_CONTEXT() REPRESENTATION_CONTEXT('2D SPACE',''
  ) );
#2128 = ADVANCED_FACE('',(#2129),#2143,.T.);
#2129 = FACE_BOUND('',#2130,.T.);
#2130 = EDGE_LOOP('',(#2131,#2161,#2184,#2207));
#2131 = ORIENTED_EDGE('',*,*,#2132,.T.);
#2132 = EDGE_CURVE('',#2133,#2135,#2137,.T.);
#2133 = VERTEX_POINT('',#2134);
#2134 = CARTESIAN_POINT('',(-88.57342658651,-4.,-409.3173979181));
#2135 = VERTEX_POINT('',#2136);
#2136 = CARTESIAN_POINT('',(-83.34277444695,-4.,-407.0000203879));
#2137 = SURFACE_CURVE('',#2138,(#2142,#2154),.PCURVE_S1.);
#2138 = LINE('',#2139,#2140);
#2139 = CARTESIAN_POINT('',(-91.74937495217,-4.,-410.7244636497));
#2140 = VECTOR('',#2141,1.);
#2141 = DIRECTION('',(0.914288165872,0.,0.405064377285));
#2142 = PCURVE('',#2143,#2148);
#2143 = PLANE('',#2144);
#2144 = AXIS2_PLACEMENT_3D('',#2145,#2146,#2147);
#2145 = CARTESIAN_POINT('',(-91.74937495217,-4.,-410.7244636497));
#2146 = DIRECTION('',(-0.405064377285,0.,0.914288165872));
#2147 = DIRECTION('',(0.914288165872,0.,0.405064377285));
#2148 = DEFINITIONAL_REPRESENTATION('',(#2149),#2153);
#2149 = LINE('',#2150,#2151);
#2150 = CARTESIAN_POINT('',(0.,0.));
#2151 = VECTOR('',#2152,1.);
#2152 = DIRECTION('',(1.,0.));
#2153 = ( GEOMETRIC_REPRESENTATION_CONTEXT(2) 
PARAMETRIC_REPRESENTATION_CONTEXT() REPRESENTATION_CONTEXT('2D SPACE',''
  ) );
#2154 = PCURVE('',#141,#2155);
#2155 = DEFINITIONAL_REPRESENTATION('',(#2156),#2160);
#2156 = LINE('',#2157,#2158);
#2157 = CARTESIAN_POINT('',(748.79983786876,-96.80975377753));
#2158 = VECTOR('',#2159,1.);
#2159 = DIRECTION('',(0.405064377285,0.914288165872));
#2160 = ( GEOMETRIC_REPRESENTATION_CONTEXT(2) 
PARAMETRIC_REPRESENTATION_CONTEXT() REPRESENTATION_CONTEXT('2D SPACE',''
  ) );
#2161 = ORIENTED_EDGE('',*,*,#2162,.T.);
#2162 = EDGE_CURVE('',#2135,#2163,#2165,.T.);
#2163 = VERTEX_POINT('',#2164);
#2164 = CARTESIAN_POINT('',(-83.34277444695,0.,-407.0000203879));
#2165 = SURFACE_CURVE('',#2166,(#2170,#2177),.PCURVE_S1.);
#2166 = LINE('',#2167,#2168);
#2167 = CARTESIAN_POINT('',(-83.34277444695,-4.,-407.0000203879));
#2168 = VECTOR('',#2169,1.);
#2169 = DIRECTION('',(0.,1.,0.));
#2170 = PCURVE('',#2143,#2171);
#2171 = DEFINITIONAL_REPRESENTATION('',(#2172),#2176);
#2172 = LINE('',#2173,#2174);
#2173 = CARTESIAN_POINT('',(9.194694647717,0.));
#2174 = VECTOR('',#2175,1.);
#2175 = DIRECTION('',(0.,1.));
#2176 = ( GEOMETRIC_REPRESENTATION_CONTEXT(2) 
PARAMETRIC_REPRESENTATION_CONTEXT() REPRESENTATION_CONTEXT('2D SPACE',''
  ) );
#2177 = PCURVE('',#2117,#2178);
#2178 = DEFINITIONAL_REPRESENTATION('',(#2179),#2183);
#2179 = LINE('',#2180,#2181);
#2180 = CARTESIAN_POINT('',(5.866136065191,0.));
#2181 = VECTOR('',#2182,1.);
#2182 = DIRECTION('',(0.,1.));
#2183 = ( GEOMETRIC_REPRESENTATION_CONTEXT(2) 
PARAMETRIC_REPRESENTATION_CONTEXT() REPRESENTATION_CONTEXT('2D SPACE',''
  ) );
#2184 = ORIENTED_EDGE('',*,*,#2185,.F.);
#2185 = EDGE_CURVE('',#2186,#2163,#2188,.T.);
#2186 = VERTEX_POINT('',#2187);
#2187 = CARTESIAN_POINT('',(-88.57342658651,0.,-409.3173979181));
#2188 = SURFACE_CURVE('',#2189,(#2193,#2200),.PCURVE_S1.);
#2189 = LINE('',#2190,#2191);
#2190 = CARTESIAN_POINT('',(-91.74937495217,0.,-410.7244636497));
#2191 = VECTOR('',#2192,1.);
#2192 = DIRECTION('',(0.914288165872,0.,0.405064377285));
#2193 = PCURVE('',#2143,#2194);
#2194 = DEFINITIONAL_REPRESENTATION('',(#2195),#2199);
#2195 = LINE('',#2196,#2197);
#2196 = CARTESIAN_POINT('',(0.,4.));
#2197 = VECTOR('',#2198,1.);
#2198 = DIRECTION('',(1.,0.));
#2199 = ( GEOMETRIC_REPRESENTATION_CONTEXT(2) 
PARAMETRIC_REPRESENTATION_CONTEXT() REPRESENTATION_CONTEXT('2D SPACE',''
  ) );
#2200 = PCURVE('',#91,#2201);
#2201 = DEFINITIONAL_REPRESENTATION('',(#2202),#2206);
#2202 = LINE('',#2203,#2204);
#2203 = CARTESIAN_POINT('',(748.79983786876,-96.80975377753));
#2204 = VECTOR('',#2205,1.);
#2205 = DIRECTION('',(0.405064377285,0.914288165872));
#2206 = ( GEOMETRIC_REPRESENTATION_CONTEXT(2) 
PARAMETRIC_REPRESENTATION_CONTEXT() REPRESENTATION_CONTEXT('2D SPACE',''
  ) );
#2207 = ORIENTED_EDGE('',*,*,#2208,.T.);
#2208 = EDGE_CURVE('',#2186,#2133,#2209,.T.);
#2209 = SURFACE_CURVE('',#2210,(#2214,#2221),.PCURVE_S1.);
#2210 = LINE('',#2211,#2212);
#2211 = CARTESIAN_POINT('',(-88.57342658651,-4.,-409.3173979181));
#2212 = VECTOR('',#2213,1.);
#2213 = DIRECTION('',(-0.,-1.,-0.));
#2214 = PCURVE('',#2143,#2215);
#2215 = DEFINITIONAL_REPRESENTATION('',(#2216),#2220);
#2216 = LINE('',#2217,#2218);
#2217 = CARTESIAN_POINT('',(3.473684210526,0.));
#2218 = VECTOR('',#2219,1.);
#2219 = DIRECTION('',(0.,-1.));
#2220 = ( GEOMETRIC_REPRESENTATION_CONTEXT(2) 
PARAMETRIC_REPRESENTATION_CONTEXT() REPRESENTATION_CONTEXT('2D SPACE',''
  ) );
#2221 = PCURVE('',#2222,#2227);
#2222 = CYLINDRICAL_SURFACE('',#2223,9.);
#2223 = AXIS2_PLACEMENT_3D('',#2224,#2225,#2226);
#2224 = CARTESIAN_POINT('',(-84.92784719094,-4.,-417.545991411));
#2225 = DIRECTION('',(0.,1.,0.));
#2226 = DIRECTION('',(0.,-0.,1.));
#2227 = DEFINITIONAL_REPRESENTATION('',(#2228),#2232);
#2228 = LINE('',#2229,#2230);
#2229 = CARTESIAN_POINT('',(5.866136065191,0.));
#2230 = VECTOR('',#2231,1.);
#2231 = DIRECTION('',(0.,-1.));
#2232 = ( GEOMETRIC_REPRESENTATION_CONTEXT(2) 
PARAMETRIC_REPRESENTATION_CONTEXT() REPRESENTATION_CONTEXT('2D SPACE',''
  ) );
#2233 = ADVANCED_FACE('',(#2234),#2248,.T.);
#2234 = FACE_BOUND('',#2235,.T.);
#2235 = EDGE_LOOP('',(#2236,#2266,#2289,#2312));
#2236 = ORIENTED_EDGE('',*,*,#2237,.T.);
#2237 = EDGE_CURVE('',#2238,#2240,#2242,.T.);
#2238 = VERTEX_POINT('',#2239);
#2239 = CARTESIAN_POINT('',(-107.2770609338,-4.,-445.7726691512));
#2240 = VERTEX_POINT('',#2241);
#2241 = CARTESIAN_POINT('',(-93.15644068379,-4.,-413.9004120154));
#2242 = SURFACE_CURVE('',#2243,(#2247,#2259),.PCURVE_S1.);
#2243 = LINE('',#2244,#2245);
#2244 = CARTESIAN_POINT('',(-107.6040956925,-4.,-446.510833321));
#2245 = VECTOR('',#2246,1.);
#2246 = DIRECTION('',(0.405064377285,0.,0.914288165872));
#2247 = PCURVE('',#2248,#2253);
#2248 = PLANE('',#2249);
#2249 = AXIS2_PLACEMENT_3D('',#2250,#2251,#2252);
#2250 = CARTESIAN_POINT('',(-107.6040956925,-4.,-446.510833321));
#2251 = DIRECTION('',(-0.914288165872,0.,0.405064377285));
#2252 = DIRECTION('',(0.405064377285,0.,0.914288165872));
#2253 = DEFINITIONAL_REPRESENTATION('',(#2254),#2258);
#2254 = LINE('',#2255,#2256);
#2255 = CARTESIAN_POINT('',(0.,0.));
#2256 = VECTOR('',#2257,1.);
#2257 = DIRECTION('',(1.,0.));
#2258 = ( GEOMETRIC_REPRESENTATION_CONTEXT(2) 
PARAMETRIC_REPRESENTATION_CONTEXT() REPRESENTATION_CONTEXT('2D SPACE',''
  ) );
#2259 = PCURVE('',#141,#2260);
#2260 = DEFINITIONAL_REPRESENTATION('',(#2261),#2265);
#2261 = LINE('',#2262,#2263);
#2262 = CARTESIAN_POINT('',(713.01346819753,-112.6644745179));
#2263 = VECTOR('',#2264,1.);
#2264 = DIRECTION('',(0.914288165872,0.405064377285));
#2265 = ( GEOMETRIC_REPRESENTATION_CONTEXT(2) 
PARAMETRIC_REPRESENTATION_CONTEXT() REPRESENTATION_CONTEXT('2D SPACE',''
  ) );
#2266 = ORIENTED_EDGE('',*,*,#2267,.T.);
#2267 = EDGE_CURVE('',#2240,#2268,#2270,.T.);
#2268 = VERTEX_POINT('',#2269);
#2269 = CARTESIAN_POINT('',(-93.15644068379,0.,-413.9004120154));
#2270 = SURFACE_CURVE('',#2271,(#2275,#2282),.PCURVE_S1.);
#2271 = LINE('',#2272,#2273);
#2272 = CARTESIAN_POINT('',(-93.15644068379,-4.,-413.9004120154));
#2273 = VECTOR('',#2274,1.);
#2274 = DIRECTION('',(0.,1.,0.));
#2275 = PCURVE('',#2248,#2276);
#2276 = DEFINITIONAL_REPRESENTATION('',(#2277),#2281);
#2277 = LINE('',#2278,#2279);
#2278 = CARTESIAN_POINT('',(35.667552663162,0.));
#2279 = VECTOR('',#2280,1.);
#2280 = DIRECTION('',(0.,1.));
#2281 = ( GEOMETRIC_REPRESENTATION_CONTEXT(2) 
PARAMETRIC_REPRESENTATION_CONTEXT() REPRESENTATION_CONTEXT('2D SPACE',''
  ) );
#2282 = PCURVE('',#2222,#2283);
#2283 = DEFINITIONAL_REPRESENTATION('',(#2284),#2288);
#2284 = LINE('',#2285,#2286);
#2285 = CARTESIAN_POINT('',(5.129438222373,0.));
#2286 = VECTOR('',#2287,1.);
#2287 = DIRECTION('',(0.,1.));
#2288 = ( GEOMETRIC_REPRESENTATION_CONTEXT(2) 
PARAMETRIC_REPRESENTATION_CONTEXT() REPRESENTATION_CONTEXT('2D SPACE',''
  ) );
#2289 = ORIENTED_EDGE('',*,*,#2290,.F.);
#2290 = EDGE_CURVE('',#2291,#2268,#2293,.T.);
#2291 = VERTEX_POINT('',#2292);
#2292 = CARTESIAN_POINT('',(-107.2770609338,0.,-445.7726691512));
#2293 = SURFACE_CURVE('',#2294,(#2298,#2305),.PCURVE_S1.);
#2294 = LINE('',#2295,#2296);
#2295 = CARTESIAN_POINT('',(-107.6040956925,0.,-446.510833321));
#2296 = VECTOR('',#2297,1.);
#2297 = DIRECTION('',(0.405064377285,0.,0.914288165872));
#2298 = PCURVE('',#2248,#2299);
#2299 = DEFINITIONAL_REPRESENTATION('',(#2300),#2304);
#2300 = LINE('',#2301,#2302);
#2301 = CARTESIAN_POINT('',(0.,4.));
#2302 = VECTOR('',#2303,1.);
#2303 = DIRECTION('',(1.,0.));
#2304 = ( GEOMETRIC_REPRESENTATION_CONTEXT(2) 
PARAMETRIC_REPRESENTATION_CONTEXT() REPRESENTATION_CONTEXT('2D SPACE',''
  ) );
#2305 = PCURVE('',#91,#2306);
#2306 = DEFINITIONAL_REPRESENTATION('',(#2307),#2311);
#2307 = LINE('',#2308,#2309);
#2308 = CARTESIAN_POINT('',(713.01346819753,-112.6644745179));
#2309 = VECTOR('',#2310,1.);
#2310 = DIRECTION('',(0.914288165872,0.405064377285));
#2311 = ( GEOMETRIC_REPRESENTATION_CONTEXT(2) 
PARAMETRIC_REPRESENTATION_CONTEXT() REPRESENTATION_CONTEXT('2D SPACE',''
  ) );
#2312 = ORIENTED_EDGE('',*,*,#2313,.T.);
#2313 = EDGE_CURVE('',#2291,#2238,#2314,.T.);
#2314 = SURFACE_CURVE('',#2315,(#2319,#2326),.PCURVE_S1.);
#2315 = LINE('',#2316,#2317);
#2316 = CARTESIAN_POINT('',(-107.2770609338,-4.,-445.7726691512));
#2317 = VECTOR('',#2318,1.);
#2318 = DIRECTION('',(-0.,-1.,-0.));
#2319 = PCURVE('',#2248,#2320);
#2320 = DEFINITIONAL_REPRESENTATION('',(#2321),#2325);
#2321 = LINE('',#2322,#2323);
#2322 = CARTESIAN_POINT('',(0.807364895804,0.));
#2323 = VECTOR('',#2324,1.);
#2324 = DIRECTION('',(0.,-1.));
#2325 = ( GEOMETRIC_REPRESENTATION_CONTEXT(2) 
PARAMETRIC_REPRESENTATION_CONTEXT() REPRESENTATION_CONTEXT('2D SPACE',''
  ) );
#2326 = PCURVE('',#2327,#2332);
#2327 = CYLINDRICAL_SURFACE('',#2328,9.);
#2328 = AXIS2_PLACEMENT_3D('',#2329,#2330,#2331);
#2329 = CARTESIAN_POINT('',(-99.04846744097,-4.,-449.4182485468));
#2330 = DIRECTION('',(0.,1.,0.));
#2331 = DIRECTION('',(0.,-0.,1.));
#2332 = DEFINITIONAL_REPRESENTATION('',(#2333),#2337);
#2333 = LINE('',#2334,#2335);
#2334 = CARTESIAN_POINT('',(5.129438222373,0.));
#2335 = VECTOR('',#2336,1.);
#2336 = DIRECTION('',(0.,-1.));
#2337 = ( GEOMETRIC_REPRESENTATION_CONTEXT(2) 
PARAMETRIC_REPRESENTATION_CONTEXT() REPRESENTATION_CONTEXT('2D SPACE',''
  ) );
#2338 = ADVANCED_FACE('',(#2339),#2353,.T.);
#2339 = FACE_BOUND('',#2340,.T.);
#2340 = EDGE_LOOP('',(#2341,#2371,#2394,#2417));
#2341 = ORIENTED_EDGE('',*,*,#2342,.T.);
#2342 = EDGE_CURVE('',#2343,#2345,#2347,.T.);
#2343 = VERTEX_POINT('',#2344);
#2344 = CARTESIAN_POINT('',(-113.0125574068,-4.,-468.7936955839));
#2345 = VERTEX_POINT('',#2346);
#2346 = CARTESIAN_POINT('',(-107.7945288908,-4.,-447.2954180978));
#2347 = SURFACE_CURVE('',#2348,(#2352,#2364),.PCURVE_S1.);
#2348 = LINE('',#2349,#2350);
#2349 = CARTESIAN_POINT('',(-113.266495957,-4.,-469.8399224104));
#2350 = VECTOR('',#2351,1.);
#2351 = DIRECTION('',(0.235870049888,0.,0.971784605541));
#2352 = PCURVE('',#2353,#2358);
#2353 = PLANE('',#2354);
#2354 = AXIS2_PLACEMENT_3D('',#2355,#2356,#2357);
#2355 = CARTESIAN_POINT('',(-113.266495957,-4.,-469.8399224104));
#2356 = DIRECTION('',(-0.971784605541,0.,0.235870049888));
#2357 = DIRECTION('',(0.235870049888,0.,0.971784605541));
#2358 = DEFINITIONAL_REPRESENTATION('',(#2359),#2363);
#2359 = LINE('',#2360,#2361);
#2360 = CARTESIAN_POINT('',(0.,0.));
#2361 = VECTOR('',#2362,1.);
#2362 = DIRECTION('',(1.,0.));
#2363 = ( GEOMETRIC_REPRESENTATION_CONTEXT(2) 
PARAMETRIC_REPRESENTATION_CONTEXT() REPRESENTATION_CONTEXT('2D SPACE',''
  ) );
#2364 = PCURVE('',#141,#2365);
#2365 = DEFINITIONAL_REPRESENTATION('',(#2366),#2370);
#2366 = LINE('',#2367,#2368);
#2367 = CARTESIAN_POINT('',(689.68437910806,-118.3268747823));
#2368 = VECTOR('',#2369,1.);
#2369 = DIRECTION('',(0.971784605541,0.235870049888));
#2370 = ( GEOMETRIC_REPRESENTATION_CONTEXT(2) 
PARAMETRIC_REPRESENTATION_CONTEXT() REPRESENTATION_CONTEXT('2D SPACE',''
  ) );
#2371 = ORIENTED_EDGE('',*,*,#2372,.T.);
#2372 = EDGE_CURVE('',#2345,#2373,#2375,.T.);
#2373 = VERTEX_POINT('',#2374);
#2374 = CARTESIAN_POINT('',(-107.7945288908,0.,-447.2954180978));
#2375 = SURFACE_CURVE('',#2376,(#2380,#2387),.PCURVE_S1.);
#2376 = LINE('',#2377,#2378);
#2377 = CARTESIAN_POINT('',(-107.7945288908,-4.,-447.2954180978));
#2378 = VECTOR('',#2379,1.);
#2379 = DIRECTION('',(0.,1.,0.));
#2380 = PCURVE('',#2353,#2381);
#2381 = DEFINITIONAL_REPRESENTATION('',(#2382),#2386);
#2382 = LINE('',#2383,#2384);
#2383 = CARTESIAN_POINT('',(23.199075375487,0.));
#2384 = VECTOR('',#2385,1.);
#2385 = DIRECTION('',(0.,1.));
#2386 = ( GEOMETRIC_REPRESENTATION_CONTEXT(2) 
PARAMETRIC_REPRESENTATION_CONTEXT() REPRESENTATION_CONTEXT('2D SPACE',''
  ) );
#2387 = PCURVE('',#2327,#2388);
#2388 = DEFINITIONAL_REPRESENTATION('',(#2389),#2393);
#2389 = LINE('',#2390,#2391);
#2390 = CARTESIAN_POINT('',(4.950502762795,0.));
#2391 = VECTOR('',#2392,1.);
#2392 = DIRECTION('',(0.,1.));
#2393 = ( GEOMETRIC_REPRESENTATION_CONTEXT(2) 
PARAMETRIC_REPRESENTATION_CONTEXT() REPRESENTATION_CONTEXT('2D SPACE',''
  ) );
#2394 = ORIENTED_EDGE('',*,*,#2395,.F.);
#2395 = EDGE_CURVE('',#2396,#2373,#2398,.T.);
#2396 = VERTEX_POINT('',#2397);
#2397 = CARTESIAN_POINT('',(-113.0125574068,0.,-468.7936955839));
#2398 = SURFACE_CURVE('',#2399,(#2403,#2410),.PCURVE_S1.);
#2399 = LINE('',#2400,#2401);
#2400 = CARTESIAN_POINT('',(-113.266495957,0.,-469.8399224104));
#2401 = VECTOR('',#2402,1.);
#2402 = DIRECTION('',(0.235870049888,0.,0.971784605541));
#2403 = PCURVE('',#2353,#2404);
#2404 = DEFINITIONAL_REPRESENTATION('',(#2405),#2409);
#2405 = LINE('',#2406,#2407);
#2406 = CARTESIAN_POINT('',(0.,4.));
#2407 = VECTOR('',#2408,1.);
#2408 = DIRECTION('',(1.,0.));
#2409 = ( GEOMETRIC_REPRESENTATION_CONTEXT(2) 
PARAMETRIC_REPRESENTATION_CONTEXT() REPRESENTATION_CONTEXT('2D SPACE',''
  ) );
#2410 = PCURVE('',#91,#2411);
#2411 = DEFINITIONAL_REPRESENTATION('',(#2412),#2416);
#2412 = LINE('',#2413,#2414);
#2413 = CARTESIAN_POINT('',(689.68437910806,-118.3268747823));
#2414 = VECTOR('',#2415,1.);
#2415 = DIRECTION('',(0.971784605541,0.235870049888));
#2416 = ( GEOMETRIC_REPRESENTATION_CONTEXT(2) 
PARAMETRIC_REPRESENTATION_CONTEXT() REPRESENTATION_CONTEXT('2D SPACE',''
  ) );
#2417 = ORIENTED_EDGE('',*,*,#2418,.T.);
#2418 = EDGE_CURVE('',#2396,#2343,#2419,.T.);
#2419 = SURFACE_CURVE('',#2420,(#2424,#2431),.PCURVE_S1.);
#2420 = LINE('',#2421,#2422);
#2421 = CARTESIAN_POINT('',(-113.0125574068,-4.,-468.7936955839));
#2422 = VECTOR('',#2423,1.);
#2423 = DIRECTION('',(-0.,-1.,-0.));
#2424 = PCURVE('',#2353,#2425);
#2425 = DEFINITIONAL_REPRESENTATION('',(#2426),#2430);
#2426 = LINE('',#2427,#2428);
#2427 = CARTESIAN_POINT('',(1.07660362244,0.));
#2428 = VECTOR('',#2429,1.);
#2429 = DIRECTION('',(0.,-1.));
#2430 = ( GEOMETRIC_REPRESENTATION_CONTEXT(2) 
PARAMETRIC_REPRESENTATION_CONTEXT() REPRESENTATION_CONTEXT('2D SPACE',''
  ) );
#2431 = PCURVE('',#2432,#2437);
#2432 = CYLINDRICAL_SURFACE('',#2433,9.);
#2433 = AXIS2_PLACEMENT_3D('',#2434,#2435,#2436);
#2434 = CARTESIAN_POINT('',(-104.266495957,-4.,-470.9165260329));
#2435 = DIRECTION('',(0.,1.,0.));
#2436 = DIRECTION('',(0.,-0.,1.));
#2437 = DEFINITIONAL_REPRESENTATION('',(#2438),#2442);
#2438 = LINE('',#2439,#2440);
#2439 = CARTESIAN_POINT('',(4.950502762795,0.));
#2440 = VECTOR('',#2441,1.);
#2441 = DIRECTION('',(0.,-1.));
#2442 = ( GEOMETRIC_REPRESENTATION_CONTEXT(2) 
PARAMETRIC_REPRESENTATION_CONTEXT() REPRESENTATION_CONTEXT('2D SPACE',''
  ) );
#2443 = ADVANCED_FACE('',(#2444),#2458,.T.);
#2444 = FACE_BOUND('',#2445,.T.);
#2445 = EDGE_LOOP('',(#2446,#2476,#2499,#2522));
#2446 = ORIENTED_EDGE('',*,*,#2447,.T.);
#2447 = EDGE_CURVE('',#2448,#2450,#2452,.T.);
#2448 = VERTEX_POINT('',#2449);
#2449 = CARTESIAN_POINT('',(-113.266495957,-4.,-589.8399224104));
#2450 = VERTEX_POINT('',#2451);
#2451 = CARTESIAN_POINT('',(-113.266495957,-4.,-470.9165260329));
#2452 = SURFACE_CURVE('',#2453,(#2457,#2469),.PCURVE_S1.);
#2453 = LINE('',#2454,#2455);
#2454 = CARTESIAN_POINT('',(-113.266495957,-4.,-469.8399224104));
#2455 = VECTOR('',#2456,1.);
#2456 = DIRECTION('',(1.052398908759E-14,-0.,1.));
#2457 = PCURVE('',#2458,#2463);
#2458 = PLANE('',#2459);
#2459 = AXIS2_PLACEMENT_3D('',#2460,#2461,#2462);
#2460 = CARTESIAN_POINT('',(-113.266495957,-4.,-469.8399224104));
#2461 = DIRECTION('',(-1.,0.,1.052398908759E-14));
#2462 = DIRECTION('',(1.052398908759E-14,0.,1.));
#2463 = DEFINITIONAL_REPRESENTATION('',(#2464),#2468);
#2464 = LINE('',#2465,#2466);
#2465 = CARTESIAN_POINT('',(0.,0.));
#2466 = VECTOR('',#2467,1.);
#2467 = DIRECTION('',(1.,0.));
#2468 = ( GEOMETRIC_REPRESENTATION_CONTEXT(2) 
PARAMETRIC_REPRESENTATION_CONTEXT() REPRESENTATION_CONTEXT('2D SPACE',''
  ) );
#2469 = PCURVE('',#141,#2470);
#2470 = DEFINITIONAL_REPRESENTATION('',(#2471),#2475);
#2471 = LINE('',#2472,#2473);
#2472 = CARTESIAN_POINT('',(689.68437910806,-118.3268747823));
#2473 = VECTOR('',#2474,1.);
#2474 = DIRECTION('',(1.,1.052398908759E-14));
#2475 = ( GEOMETRIC_REPRESENTATION_CONTEXT(2) 
PARAMETRIC_REPRESENTATION_CONTEXT() REPRESENTATION_CONTEXT('2D SPACE',''
  ) );
#2476 = ORIENTED_EDGE('',*,*,#2477,.T.);
#2477 = EDGE_CURVE('',#2450,#2478,#2480,.T.);
#2478 = VERTEX_POINT('',#2479);
#2479 = CARTESIAN_POINT('',(-113.266495957,0.,-470.9165260329));
#2480 = SURFACE_CURVE('',#2481,(#2485,#2492),.PCURVE_S1.);
#2481 = LINE('',#2482,#2483);
#2482 = CARTESIAN_POINT('',(-113.266495957,-4.,-470.9165260329));
#2483 = VECTOR('',#2484,1.);
#2484 = DIRECTION('',(0.,1.,0.));
#2485 = PCURVE('',#2458,#2486);
#2486 = DEFINITIONAL_REPRESENTATION('',(#2487),#2491);
#2487 = LINE('',#2488,#2489);
#2488 = CARTESIAN_POINT('',(-1.07660362244,0.));
#2489 = VECTOR('',#2490,1.);
#2490 = DIRECTION('',(0.,1.));
#2491 = ( GEOMETRIC_REPRESENTATION_CONTEXT(2) 
PARAMETRIC_REPRESENTATION_CONTEXT() REPRESENTATION_CONTEXT('2D SPACE',''
  ) );
#2492 = PCURVE('',#2432,#2493);
#2493 = DEFINITIONAL_REPRESENTATION('',(#2494),#2498);
#2494 = LINE('',#2495,#2496);
#2495 = CARTESIAN_POINT('',(4.712388980385,0.));
#2496 = VECTOR('',#2497,1.);
#2497 = DIRECTION('',(0.,1.));
#2498 = ( GEOMETRIC_REPRESENTATION_CONTEXT(2) 
PARAMETRIC_REPRESENTATION_CONTEXT() REPRESENTATION_CONTEXT('2D SPACE',''
  ) );
#2499 = ORIENTED_EDGE('',*,*,#2500,.F.);
#2500 = EDGE_CURVE('',#2501,#2478,#2503,.T.);
#2501 = VERTEX_POINT('',#2502);
#2502 = CARTESIAN_POINT('',(-113.266495957,0.,-589.8399224104));
#2503 = SURFACE_CURVE('',#2504,(#2508,#2515),.PCURVE_S1.);
#2504 = LINE('',#2505,#2506);
#2505 = CARTESIAN_POINT('',(-113.266495957,0.,-469.8399224104));
#2506 = VECTOR('',#2507,1.);
#2507 = DIRECTION('',(1.052398908759E-14,-0.,1.));
#2508 = PCURVE('',#2458,#2509);
#2509 = DEFINITIONAL_REPRESENTATION('',(#2510),#2514);
#2510 = LINE('',#2511,#2512);
#2511 = CARTESIAN_POINT('',(0.,4.));
#2512 = VECTOR('',#2513,1.);
#2513 = DIRECTION('',(1.,0.));
#2514 = ( GEOMETRIC_REPRESENTATION_CONTEXT(2) 
PARAMETRIC_REPRESENTATION_CONTEXT() REPRESENTATION_CONTEXT('2D SPACE',''
  ) );
#2515 = PCURVE('',#91,#2516);
#2516 = DEFINITIONAL_REPRESENTATION('',(#2517),#2521);
#2517 = LINE('',#2518,#2519);
#2518 = CARTESIAN_POINT('',(689.68437910806,-118.3268747823));
#2519 = VECTOR('',#2520,1.);
#2520 = DIRECTION('',(1.,1.052398908759E-14));
#2521 = ( GEOMETRIC_REPRESENTATION_CONTEXT(2) 
PARAMETRIC_REPRESENTATION_CONTEXT() REPRESENTATION_CONTEXT('2D SPACE',''
  ) );
#2522 = ORIENTED_EDGE('',*,*,#2523,.F.);
#2523 = EDGE_CURVE('',#2448,#2501,#2524,.T.);
#2524 = SURFACE_CURVE('',#2525,(#2529,#2536),.PCURVE_S1.);
#2525 = LINE('',#2526,#2527);
#2526 = CARTESIAN_POINT('',(-113.266495957,-4.,-589.8399224104));
#2527 = VECTOR('',#2528,1.);
#2528 = DIRECTION('',(0.,1.,0.));
#2529 = PCURVE('',#2458,#2530);
#2530 = DEFINITIONAL_REPRESENTATION('',(#2531),#2535);
#2531 = LINE('',#2532,#2533);
#2532 = CARTESIAN_POINT('',(-120.,0.));
#2533 = VECTOR('',#2534,1.);
#2534 = DIRECTION('',(0.,1.));
#2535 = ( GEOMETRIC_REPRESENTATION_CONTEXT(2) 
PARAMETRIC_REPRESENTATION_CONTEXT() REPRESENTATION_CONTEXT('2D SPACE',''
  ) );
#2536 = PCURVE('',#2537,#2542);
#2537 = PLANE('',#2538);
#2538 = AXIS2_PLACEMENT_3D('',#2539,#2540,#2541);
#2539 = CARTESIAN_POINT('',(-117.9862120151,-4.,-679.4338246034));
#2540 = DIRECTION('',(-0.998615343365,0.,5.260604523924E-02));
#2541 = DIRECTION('',(5.260604523924E-02,0.,0.998615343365));
#2542 = DEFINITIONAL_REPRESENTATION('',(#2543),#2547);
#2543 = LINE('',#2544,#2545);
#2544 = CARTESIAN_POINT('',(89.718130998324,0.));
#2545 = VECTOR('',#2546,1.);
#2546 = DIRECTION('',(0.,1.));
#2547 = ( GEOMETRIC_REPRESENTATION_CONTEXT(2) 
PARAMETRIC_REPRESENTATION_CONTEXT() REPRESENTATION_CONTEXT('2D SPACE',''
  ) );
#2548 = ADVANCED_FACE('',(#2549),#2537,.T.);
#2549 = FACE_BOUND('',#2550,.T.);
#2550 = EDGE_LOOP('',(#2551,#2574,#2597,#2618));
#2551 = ORIENTED_EDGE('',*,*,#2552,.F.);
#2552 = EDGE_CURVE('',#2553,#2501,#2555,.T.);
#2553 = VERTEX_POINT('',#2554);
#2554 = CARTESIAN_POINT('',(-117.4871600283,0.,-669.9603701963));
#2555 = SURFACE_CURVE('',#2556,(#2560,#2567),.PCURVE_S1.);
#2556 = LINE('',#2557,#2558);
#2557 = CARTESIAN_POINT('',(-117.9862120151,0.,-679.4338246034));
#2558 = VECTOR('',#2559,1.);
#2559 = DIRECTION('',(5.260604523924E-02,0.,0.998615343365));
#2560 = PCURVE('',#2537,#2561);
#2561 = DEFINITIONAL_REPRESENTATION('',(#2562),#2566);
#2562 = LINE('',#2563,#2564);
#2563 = CARTESIAN_POINT('',(0.,4.));
#2564 = VECTOR('',#2565,1.);
#2565 = DIRECTION('',(1.,0.));
#2566 = ( GEOMETRIC_REPRESENTATION_CONTEXT(2) 
PARAMETRIC_REPRESENTATION_CONTEXT() REPRESENTATION_CONTEXT('2D SPACE',''
  ) );
#2567 = PCURVE('',#91,#2568);
#2568 = DEFINITIONAL_REPRESENTATION('',(#2569),#2573);
#2569 = LINE('',#2570,#2571);
#2570 = CARTESIAN_POINT('',(480.09047691509,-123.0465908404));
#2571 = VECTOR('',#2572,1.);
#2572 = DIRECTION('',(0.998615343365,5.260604523924E-02));
#2573 = ( GEOMETRIC_REPRESENTATION_CONTEXT(2) 
PARAMETRIC_REPRESENTATION_CONTEXT() REPRESENTATION_CONTEXT('2D SPACE',''
  ) );
#2574 = ORIENTED_EDGE('',*,*,#2575,.T.);
#2575 = EDGE_CURVE('',#2553,#2576,#2578,.T.);
#2576 = VERTEX_POINT('',#2577);
#2577 = CARTESIAN_POINT('',(-117.4871600283,-4.,-669.9603701963));
#2578 = SURFACE_CURVE('',#2579,(#2583,#2590),.PCURVE_S1.);
#2579 = LINE('',#2580,#2581);
#2580 = CARTESIAN_POINT('',(-117.4871600283,-4.,-669.9603701963));
#2581 = VECTOR('',#2582,1.);
#2582 = DIRECTION('',(-0.,-1.,-0.));
#2583 = PCURVE('',#2537,#2584);
#2584 = DEFINITIONAL_REPRESENTATION('',(#2585),#2589);
#2585 = LINE('',#2586,#2587);
#2586 = CARTESIAN_POINT('',(9.486590077046,0.));
#2587 = VECTOR('',#2588,1.);
#2588 = DIRECTION('',(0.,-1.));
#2589 = ( GEOMETRIC_REPRESENTATION_CONTEXT(2) 
PARAMETRIC_REPRESENTATION_CONTEXT() REPRESENTATION_CONTEXT('2D SPACE',''
  ) );
#2590 = PCURVE('',#1120,#2591);
#2591 = DEFINITIONAL_REPRESENTATION('',(#2592),#2596);
#2592 = LINE('',#2593,#2594);
#2593 = CARTESIAN_POINT('',(4.765019319516,0.));
#2594 = VECTOR('',#2595,1.);
#2595 = DIRECTION('',(0.,-1.));
#2596 = ( GEOMETRIC_REPRESENTATION_CONTEXT(2) 
PARAMETRIC_REPRESENTATION_CONTEXT() REPRESENTATION_CONTEXT('2D SPACE',''
  ) );
#2597 = ORIENTED_EDGE('',*,*,#2598,.T.);
#2598 = EDGE_CURVE('',#2576,#2448,#2599,.T.);
#2599 = SURFACE_CURVE('',#2600,(#2604,#2611),.PCURVE_S1.);
#2600 = LINE('',#2601,#2602);
#2601 = CARTESIAN_POINT('',(-117.9862120151,-4.,-679.4338246034));
#2602 = VECTOR('',#2603,1.);
#2603 = DIRECTION('',(5.260604523924E-02,0.,0.998615343365));
#2604 = PCURVE('',#2537,#2605);
#2605 = DEFINITIONAL_REPRESENTATION('',(#2606),#2610);
#2606 = LINE('',#2607,#2608);
#2607 = CARTESIAN_POINT('',(0.,0.));
#2608 = VECTOR('',#2609,1.);
#2609 = DIRECTION('',(1.,0.));
#2610 = ( GEOMETRIC_REPRESENTATION_CONTEXT(2) 
PARAMETRIC_REPRESENTATION_CONTEXT() REPRESENTATION_CONTEXT('2D SPACE',''
  ) );
#2611 = PCURVE('',#141,#2612);
#2612 = DEFINITIONAL_REPRESENTATION('',(#2613),#2617);
#2613 = LINE('',#2614,#2615);
#2614 = CARTESIAN_POINT('',(480.09047691509,-123.0465908404));
#2615 = VECTOR('',#2616,1.);
#2616 = DIRECTION('',(0.998615343365,5.260604523924E-02));
#2617 = ( GEOMETRIC_REPRESENTATION_CONTEXT(2) 
PARAMETRIC_REPRESENTATION_CONTEXT() REPRESENTATION_CONTEXT('2D SPACE',''
  ) );
#2618 = ORIENTED_EDGE('',*,*,#2523,.T.);
#2619 = ADVANCED_FACE('',(#2620,#2645,#2670,#2695,#2720,#2745,#2770,
    #2795,#2820),#141,.F.);
#2620 = FACE_BOUND('',#2621,.T.);
#2621 = EDGE_LOOP('',(#2622,#2644));
#2622 = ORIENTED_EDGE('',*,*,#2623,.T.);
#2623 = EDGE_CURVE('',#40,#104,#2624,.T.);
#2624 = SURFACE_CURVE('',#2625,(#2630,#2637),.PCURVE_S1.);
#2625 = CIRCLE('',#2626,2.5);
#2626 = AXIS2_PLACEMENT_3D('',#2627,#2628,#2629);
#2627 = CARTESIAN_POINT('',(-63.93962117464,-4.,-412.738844942));
#2628 = DIRECTION('',(0.,1.,0.));
#2629 = DIRECTION('',(0.,-0.,1.));
#2630 = PCURVE('',#141,#2631);
#2631 = DEFINITIONAL_REPRESENTATION('',(#2632),#2636);
#2632 = CIRCLE('',#2633,2.5);
#2633 = AXIS2_PLACEMENT_2D('',#2634,#2635);
#2634 = CARTESIAN_POINT('',(746.78545657646,-68.99999999999));
#2635 = DIRECTION('',(1.,0.));
#2636 = ( GEOMETRIC_REPRESENTATION_CONTEXT(2) 
PARAMETRIC_REPRESENTATION_CONTEXT() REPRESENTATION_CONTEXT('2D SPACE',''
  ) );
#2637 = PCURVE('',#62,#2638);
#2638 = DEFINITIONAL_REPRESENTATION('',(#2639),#2643);
#2639 = LINE('',#2640,#2641);
#2640 = CARTESIAN_POINT('',(0.,0.));
#2641 = VECTOR('',#2642,1.);
#2642 = DIRECTION('',(1.,0.));
#2643 = ( GEOMETRIC_REPRESENTATION_CONTEXT(2) 
PARAMETRIC_REPRESENTATION_CONTEXT() REPRESENTATION_CONTEXT('2D SPACE',''
  ) );
#2644 = ORIENTED_EDGE('',*,*,#126,.T.);
#2645 = FACE_BOUND('',#2646,.T.);
#2646 = EDGE_LOOP('',(#2647,#2669));
#2647 = ORIENTED_EDGE('',*,*,#2648,.T.);
#2648 = EDGE_CURVE('',#157,#216,#2649,.T.);
#2649 = SURFACE_CURVE('',#2650,(#2655,#2662),.PCURVE_S1.);
#2650 = CIRCLE('',#2651,2.5);
#2651 = AXIS2_PLACEMENT_3D('',#2652,#2653,#2654);
#2652 = CARTESIAN_POINT('',(74.060378825355,-4.,-412.738844942));
#2653 = DIRECTION('',(0.,1.,0.));
#2654 = DIRECTION('',(0.,-0.,1.));
#2655 = PCURVE('',#141,#2656);
#2656 = DEFINITIONAL_REPRESENTATION('',(#2657),#2661);
#2657 = CIRCLE('',#2658,2.5);
#2658 = AXIS2_PLACEMENT_2D('',#2659,#2660);
#2659 = CARTESIAN_POINT('',(746.78545657646,69.000000000001));
#2660 = DIRECTION('',(1.,0.));
#2661 = ( GEOMETRIC_REPRESENTATION_CONTEXT(2) 
PARAMETRIC_REPRESENTATION_CONTEXT() REPRESENTATION_CONTEXT('2D SPACE',''
  ) );
#2662 = PCURVE('',#179,#2663);
#2663 = DEFINITIONAL_REPRESENTATION('',(#2664),#2668);
#2664 = LINE('',#2665,#2666);
#2665 = CARTESIAN_POINT('',(0.,0.));
#2666 = VECTOR('',#2667,1.);
#2667 = DIRECTION('',(1.,0.));
#2668 = ( GEOMETRIC_REPRESENTATION_CONTEXT(2) 
PARAMETRIC_REPRESENTATION_CONTEXT() REPRESENTATION_CONTEXT('2D SPACE',''
  ) );
#2669 = ORIENTED_EDGE('',*,*,#238,.T.);
#2670 = FACE_BOUND('',#2671,.T.);
#2671 = EDGE_LOOP('',(#2672,#2694));
#2672 = ORIENTED_EDGE('',*,*,#2673,.T.);
#2673 = EDGE_CURVE('',#264,#323,#2674,.T.);
#2674 = SURFACE_CURVE('',#2675,(#2680,#2687),.PCURVE_S1.);
#2675 = CIRCLE('',#2676,2.5);
#2676 = AXIS2_PLACEMENT_3D('',#2677,#2678,#2679);
#2677 = CARTESIAN_POINT('',(116.06037882535,-4.,-547.738844942));
#2678 = DIRECTION('',(0.,1.,0.));
#2679 = DIRECTION('',(0.,-0.,1.));
#2680 = PCURVE('',#141,#2681);
#2681 = DEFINITIONAL_REPRESENTATION('',(#2682),#2686);
#2682 = CIRCLE('',#2683,2.5);
#2683 = AXIS2_PLACEMENT_2D('',#2684,#2685);
#2684 = CARTESIAN_POINT('',(611.78545657646,111.));
#2685 = DIRECTION('',(1.,0.));
#2686 = ( GEOMETRIC_REPRESENTATION_CONTEXT(2) 
PARAMETRIC_REPRESENTATION_CONTEXT() REPRESENTATION_CONTEXT('2D SPACE',''
  ) );
#2687 = PCURVE('',#286,#2688);
#2688 = DEFINITIONAL_REPRESENTATION('',(#2689),#2693);
#2689 = LINE('',#2690,#2691);
#2690 = CARTESIAN_POINT('',(0.,0.));
#2691 = VECTOR('',#2692,1.);
#2692 = DIRECTION('',(1.,0.));
#2693 = ( GEOMETRIC_REPRESENTATION_CONTEXT(2) 
PARAMETRIC_REPRESENTATION_CONTEXT() REPRESENTATION_CONTEXT('2D SPACE',''
  ) );
#2694 = ORIENTED_EDGE('',*,*,#345,.T.);
#2695 = FACE_BOUND('',#2696,.T.);
#2696 = EDGE_LOOP('',(#2697,#2719));
#2697 = ORIENTED_EDGE('',*,*,#2698,.T.);
#2698 = EDGE_CURVE('',#371,#430,#2699,.T.);
#2699 = SURFACE_CURVE('',#2700,(#2705,#2712),.PCURVE_S1.);
#2700 = CIRCLE('',#2701,2.5);
#2701 = AXIS2_PLACEMENT_3D('',#2702,#2703,#2704);
#2702 = CARTESIAN_POINT('',(-105.9396211746,-4.,-547.738844942));
#2703 = DIRECTION('',(0.,1.,0.));
#2704 = DIRECTION('',(0.,-0.,1.));
#2705 = PCURVE('',#141,#2706);
#2706 = DEFINITIONAL_REPRESENTATION('',(#2707),#2711);
#2707 = CIRCLE('',#2708,2.5);
#2708 = AXIS2_PLACEMENT_2D('',#2709,#2710);
#2709 = CARTESIAN_POINT('',(611.78545657646,-110.9999999999));
#2710 = DIRECTION('',(1.,0.));
#2711 = ( GEOMETRIC_REPRESENTATION_CONTEXT(2) 
PARAMETRIC_REPRESENTATION_CONTEXT() REPRESENTATION_CONTEXT('2D SPACE',''
  ) );
#2712 = PCURVE('',#393,#2713);
#2713 = DEFINITIONAL_REPRESENTATION('',(#2714),#2718);
#2714 = LINE('',#2715,#2716);
#2715 = CARTESIAN_POINT('',(0.,0.));
#2716 = VECTOR('',#2717,1.);
#2717 = DIRECTION('',(1.,0.));
#2718 = ( GEOMETRIC_REPRESENTATION_CONTEXT(2) 
PARAMETRIC_REPRESENTATION_CONTEXT() REPRESENTATION_CONTEXT('2D SPACE',''
  ) );
#2719 = ORIENTED_EDGE('',*,*,#452,.T.);
#2720 = FACE_BOUND('',#2721,.T.);
#2721 = EDGE_LOOP('',(#2722,#2744));
#2722 = ORIENTED_EDGE('',*,*,#2723,.T.);
#2723 = EDGE_CURVE('',#478,#537,#2724,.T.);
#2724 = SURFACE_CURVE('',#2725,(#2730,#2737),.PCURVE_S1.);
#2725 = CIRCLE('',#2726,3.25);
#2726 = AXIS2_PLACEMENT_3D('',#2727,#2728,#2729);
#2727 = CARTESIAN_POINT('',(74.060378825354,-4.,-532.738844942));
#2728 = DIRECTION('',(0.,1.,0.));
#2729 = DIRECTION('',(0.,-0.,1.));
#2730 = PCURVE('',#141,#2731);
#2731 = DEFINITIONAL_REPRESENTATION('',(#2732),#2736);
#2732 = CIRCLE('',#2733,3.25);
#2733 = AXIS2_PLACEMENT_2D('',#2734,#2735);
#2734 = CARTESIAN_POINT('',(626.78545657646,69.));
#2735 = DIRECTION('',(1.,0.));
#2736 = ( GEOMETRIC_REPRESENTATION_CONTEXT(2) 
PARAMETRIC_REPRESENTATION_CONTEXT() REPRESENTATION_CONTEXT('2D SPACE',''
  ) );
#2737 = PCURVE('',#500,#2738);
#2738 = DEFINITIONAL_REPRESENTATION('',(#2739),#2743);
#2739 = LINE('',#2740,#2741);
#2740 = CARTESIAN_POINT('',(0.,0.));
#2741 = VECTOR('',#2742,1.);
#2742 = DIRECTION('',(1.,0.));
#2743 = ( GEOMETRIC_REPRESENTATION_CONTEXT(2) 
PARAMETRIC_REPRESENTATION_CONTEXT() REPRESENTATION_CONTEXT('2D SPACE',''
  ) );
#2744 = ORIENTED_EDGE('',*,*,#559,.T.);
#2745 = FACE_BOUND('',#2746,.T.);
#2746 = EDGE_LOOP('',(#2747,#2769));
#2747 = ORIENTED_EDGE('',*,*,#2748,.T.);
#2748 = EDGE_CURVE('',#585,#644,#2749,.T.);
#2749 = SURFACE_CURVE('',#2750,(#2755,#2762),.PCURVE_S1.);
#2750 = CIRCLE('',#2751,3.25);
#2751 = AXIS2_PLACEMENT_3D('',#2752,#2753,#2754);
#2752 = CARTESIAN_POINT('',(-63.93962117464,-4.,-532.738844942));
#2753 = DIRECTION('',(0.,1.,0.));
#2754 = DIRECTION('',(0.,-0.,1.));
#2755 = PCURVE('',#141,#2756);
#2756 = DEFINITIONAL_REPRESENTATION('',(#2757),#2761);
#2757 = CIRCLE('',#2758,3.25);
#2758 = AXIS2_PLACEMENT_2D('',#2759,#2760);
#2759 = CARTESIAN_POINT('',(626.78545657646,-69.));
#2760 = DIRECTION('',(1.,0.));
#2761 = ( GEOMETRIC_REPRESENTATION_CONTEXT(2) 
PARAMETRIC_REPRESENTATION_CONTEXT() REPRESENTATION_CONTEXT('2D SPACE',''
  ) );
#2762 = PCURVE('',#607,#2763);
#2763 = DEFINITIONAL_REPRESENTATION('',(#2764),#2768);
#2764 = LINE('',#2765,#2766);
#2765 = CARTESIAN_POINT('',(0.,0.));
#2766 = VECTOR('',#2767,1.);
#2767 = DIRECTION('',(1.,0.));
#2768 = ( GEOMETRIC_REPRESENTATION_CONTEXT(2) 
PARAMETRIC_REPRESENTATION_CONTEXT() REPRESENTATION_CONTEXT('2D SPACE',''
  ) );
#2769 = ORIENTED_EDGE('',*,*,#666,.T.);
#2770 = FACE_BOUND('',#2771,.T.);
#2771 = EDGE_LOOP('',(#2772,#2794));
#2772 = ORIENTED_EDGE('',*,*,#2773,.T.);
#2773 = EDGE_CURVE('',#692,#751,#2774,.T.);
#2774 = SURFACE_CURVE('',#2775,(#2780,#2787),.PCURVE_S1.);
#2775 = CIRCLE('',#2776,3.25);
#2776 = AXIS2_PLACEMENT_3D('',#2777,#2778,#2779);
#2777 = CARTESIAN_POINT('',(116.06037882535,-4.,-667.738844942));
#2778 = DIRECTION('',(0.,1.,0.));
#2779 = DIRECTION('',(0.,-0.,1.));
#2780 = PCURVE('',#141,#2781);
#2781 = DEFINITIONAL_REPRESENTATION('',(#2782),#2786);
#2782 = CIRCLE('',#2783,3.25);
#2783 = AXIS2_PLACEMENT_2D('',#2784,#2785);
#2784 = CARTESIAN_POINT('',(491.78545657646,111.));
#2785 = DIRECTION('',(1.,0.));
#2786 = ( GEOMETRIC_REPRESENTATION_CONTEXT(2) 
PARAMETRIC_REPRESENTATION_CONTEXT() REPRESENTATION_CONTEXT('2D SPACE',''
  ) );
#2787 = PCURVE('',#714,#2788);
#2788 = DEFINITIONAL_REPRESENTATION('',(#2789),#2793);
#2789 = LINE('',#2790,#2791);
#2790 = CARTESIAN_POINT('',(0.,0.));
#2791 = VECTOR('',#2792,1.);
#2792 = DIRECTION('',(1.,0.));
#2793 = ( GEOMETRIC_REPRESENTATION_CONTEXT(2) 
PARAMETRIC_REPRESENTATION_CONTEXT() REPRESENTATION_CONTEXT('2D SPACE',''
  ) );
#2794 = ORIENTED_EDGE('',*,*,#773,.T.);
#2795 = FACE_BOUND('',#2796,.T.);
#2796 = EDGE_LOOP('',(#2797,#2819));
#2797 = ORIENTED_EDGE('',*,*,#2798,.T.);
#2798 = EDGE_CURVE('',#799,#858,#2799,.T.);
#2799 = SURFACE_CURVE('',#2800,(#2805,#2812),.PCURVE_S1.);
#2800 = CIRCLE('',#2801,3.25);
#2801 = AXIS2_PLACEMENT_3D('',#2802,#2803,#2804);
#2802 = CARTESIAN_POINT('',(-105.9396211746,-4.,-667.738844942));
#2803 = DIRECTION('',(0.,1.,0.));
#2804 = DIRECTION('',(0.,-0.,1.));
#2805 = PCURVE('',#141,#2806);
#2806 = DEFINITIONAL_REPRESENTATION('',(#2807),#2811);
#2807 = CIRCLE('',#2808,3.25);
#2808 = AXIS2_PLACEMENT_2D('',#2809,#2810);
#2809 = CARTESIAN_POINT('',(491.78545657646,-111.));
#2810 = DIRECTION('',(1.,0.));
#2811 = ( GEOMETRIC_REPRESENTATION_CONTEXT(2) 
PARAMETRIC_REPRESENTATION_CONTEXT() REPRESENTATION_CONTEXT('2D SPACE',''
  ) );
#2812 = PCURVE('',#821,#2813);
#2813 = DEFINITIONAL_REPRESENTATION('',(#2814),#2818);
#2814 = LINE('',#2815,#2816);
#2815 = CARTESIAN_POINT('',(0.,0.));
#2816 = VECTOR('',#2817,1.);
#2817 = DIRECTION('',(1.,0.));
#2818 = ( GEOMETRIC_REPRESENTATION_CONTEXT(2) 
PARAMETRIC_REPRESENTATION_CONTEXT() REPRESENTATION_CONTEXT('2D SPACE',''
  ) );
#2819 = ORIENTED_EDGE('',*,*,#880,.T.);
#2820 = FACE_BOUND('',#2821,.T.);
#2821 = EDGE_LOOP('',(#2822,#2823,#2849,#2850,#2851,#2877,#2878,#2904,
    #2905,#2906,#2932,#2933,#2959,#2960,#2986,#2987,#3013,#3014,#3040,
    #3041,#3067,#3068,#3094,#3095,#3121,#3122,#3148,#3149,#3175,#3176,
    #3177));
#2822 = ORIENTED_EDGE('',*,*,#1083,.F.);
#2823 = ORIENTED_EDGE('',*,*,#2824,.T.);
#2824 = EDGE_CURVE('',#1056,#1164,#2825,.T.);
#2825 = SURFACE_CURVE('',#2826,(#2831,#2842),.PCURVE_S1.);
#2826 = CIRCLE('',#2827,9.);
#2827 = AXIS2_PLACEMENT_3D('',#2828,#2829,#2830);
#2828 = CARTESIAN_POINT('',(-93.89165698475,-4.,-670.4338246034));
#2829 = DIRECTION('',(0.,-1.,0.));
#2830 = DIRECTION('',(0.,0.,1.));
#2831 = PCURVE('',#141,#2832);
#2832 = DEFINITIONAL_REPRESENTATION('',(#2833),#2841);
#2833 = ( BOUNDED_CURVE() B_SPLINE_CURVE(2,(#2834,#2835,#2836,#2837,
#2838,#2839,#2840),.UNSPECIFIED.,.T.,.F.) B_SPLINE_CURVE_WITH_KNOTS((1,2
    ,2,2,2,1),(-2.094395102393,0.,2.094395102393,4.188790204786,
6.28318530718,8.377580409573),.UNSPECIFIED.) CURVE() 
GEOMETRIC_REPRESENTATION_ITEM() RATIONAL_B_SPLINE_CURVE((1.,0.5,1.,0.5,
1.,0.5,1.)) REPRESENTATION_ITEM('') );
#2834 = CARTESIAN_POINT('',(498.09047691509,-98.9520358101));
#2835 = CARTESIAN_POINT('',(498.09047691509,-114.5404930782));
#2836 = CARTESIAN_POINT('',(484.59047691509,-106.7462644441));
#2837 = CARTESIAN_POINT('',(471.09047691509,-98.9520358101));
#2838 = CARTESIAN_POINT('',(484.59047691509,-91.15780717604));
#2839 = CARTESIAN_POINT('',(498.09047691509,-83.36357854198));
#2840 = CARTESIAN_POINT('',(498.09047691509,-98.9520358101));
#2841 = ( GEOMETRIC_REPRESENTATION_CONTEXT(2) 
PARAMETRIC_REPRESENTATION_CONTEXT() REPRESENTATION_CONTEXT('2D SPACE',''
  ) );
#2842 = PCURVE('',#1071,#2843);
#2843 = DEFINITIONAL_REPRESENTATION('',(#2844),#2848);
#2844 = LINE('',#2845,#2846);
#2845 = CARTESIAN_POINT('',(6.28318530718,0.));
#2846 = VECTOR('',#2847,1.);
#2847 = DIRECTION('',(-1.,0.));
#2848 = ( GEOMETRIC_REPRESENTATION_CONTEXT(2) 
PARAMETRIC_REPRESENTATION_CONTEXT() REPRESENTATION_CONTEXT('2D SPACE',''
  ) );
#2849 = ORIENTED_EDGE('',*,*,#1186,.F.);
#2850 = ORIENTED_EDGE('',*,*,#996,.F.);
#2851 = ORIENTED_EDGE('',*,*,#2852,.T.);
#2852 = EDGE_CURVE('',#908,#1219,#2853,.T.);
#2853 = SURFACE_CURVE('',#2854,(#2859,#2870),.PCURVE_S1.);
#2854 = CIRCLE('',#2855,9.);
#2855 = AXIS2_PLACEMENT_3D('',#2856,#2857,#2858);
#2856 = CARTESIAN_POINT('',(104.01241463546,-4.,-670.4338246034));
#2857 = DIRECTION('',(0.,-1.,0.));
#2858 = DIRECTION('',(0.,0.,1.));
#2859 = PCURVE('',#141,#2860);
#2860 = DEFINITIONAL_REPRESENTATION('',(#2861),#2869);
#2861 = ( BOUNDED_CURVE() B_SPLINE_CURVE(2,(#2862,#2863,#2864,#2865,
#2866,#2867,#2868),.UNSPECIFIED.,.T.,.F.) B_SPLINE_CURVE_WITH_KNOTS((1,2
    ,2,2,2,1),(-2.094395102393,0.,2.094395102393,4.188790204786,
6.28318530718,8.377580409573),.UNSPECIFIED.) CURVE() 
GEOMETRIC_REPRESENTATION_ITEM() RATIONAL_B_SPLINE_CURVE((1.,0.5,1.,0.5,
1.,0.5,1.)) REPRESENTATION_ITEM('') );
#2862 = CARTESIAN_POINT('',(498.09047691509,98.952035810108));
#2863 = CARTESIAN_POINT('',(498.09047691509,83.363578541989));
#2864 = CARTESIAN_POINT('',(484.59047691509,91.157807176049));
#2865 = CARTESIAN_POINT('',(471.09047691509,98.952035810108));
#2866 = CARTESIAN_POINT('',(484.59047691509,106.74626444416));
#2867 = CARTESIAN_POINT('',(498.09047691509,114.54049307822));
#2868 = CARTESIAN_POINT('',(498.09047691509,98.952035810108));
#2869 = ( GEOMETRIC_REPRESENTATION_CONTEXT(2) 
PARAMETRIC_REPRESENTATION_CONTEXT() REPRESENTATION_CONTEXT('2D SPACE',''
  ) );
#2870 = PCURVE('',#928,#2871);
#2871 = DEFINITIONAL_REPRESENTATION('',(#2872),#2876);
#2872 = LINE('',#2873,#2874);
#2873 = CARTESIAN_POINT('',(6.28318530718,0.));
#2874 = VECTOR('',#2875,1.);
#2875 = DIRECTION('',(-1.,0.));
#2876 = ( GEOMETRIC_REPRESENTATION_CONTEXT(2) 
PARAMETRIC_REPRESENTATION_CONTEXT() REPRESENTATION_CONTEXT('2D SPACE',''
  ) );
#2877 = ORIENTED_EDGE('',*,*,#1216,.F.);
#2878 = ORIENTED_EDGE('',*,*,#2879,.T.);
#2879 = EDGE_CURVE('',#1217,#1324,#2880,.T.);
#2880 = SURFACE_CURVE('',#2881,(#2886,#2897),.PCURVE_S1.);
#2881 = CIRCLE('',#2882,9.);
#2882 = AXIS2_PLACEMENT_3D('',#2883,#2884,#2885);
#2883 = CARTESIAN_POINT('',(118.62037958876,-4.,-670.4338246034));
#2884 = DIRECTION('',(0.,-1.,0.));
#2885 = DIRECTION('',(0.,0.,1.));
#2886 = PCURVE('',#141,#2887);
#2887 = DEFINITIONAL_REPRESENTATION('',(#2888),#2896);
#2888 = ( BOUNDED_CURVE() B_SPLINE_CURVE(2,(#2889,#2890,#2891,#2892,
#2893,#2894,#2895),.UNSPECIFIED.,.T.,.F.) B_SPLINE_CURVE_WITH_KNOTS((1,2
    ,2,2,2,1),(-2.094395102393,0.,2.094395102393,4.188790204786,
6.28318530718,8.377580409573),.UNSPECIFIED.) CURVE() 
GEOMETRIC_REPRESENTATION_ITEM() RATIONAL_B_SPLINE_CURVE((1.,0.5,1.,0.5,
1.,0.5,1.)) REPRESENTATION_ITEM('') );
#2889 = CARTESIAN_POINT('',(498.09047691509,113.56000076341));
#2890 = CARTESIAN_POINT('',(498.09047691509,97.971543495295));
#2891 = CARTESIAN_POINT('',(484.59047691509,105.76577212935));
#2892 = CARTESIAN_POINT('',(471.09047691509,113.56000076341));
#2893 = CARTESIAN_POINT('',(484.59047691509,121.35422939747));
#2894 = CARTESIAN_POINT('',(498.09047691509,129.14845803153));
#2895 = CARTESIAN_POINT('',(498.09047691509,113.56000076341));
#2896 = ( GEOMETRIC_REPRESENTATION_CONTEXT(2) 
PARAMETRIC_REPRESENTATION_CONTEXT() REPRESENTATION_CONTEXT('2D SPACE',''
  ) );
#2897 = PCURVE('',#1306,#2898);
#2898 = DEFINITIONAL_REPRESENTATION('',(#2899),#2903);
#2899 = LINE('',#2900,#2901);
#2900 = CARTESIAN_POINT('',(6.28318530718,0.));
#2901 = VECTOR('',#2902,1.);
#2902 = DIRECTION('',(-1.,0.));
#2903 = ( GEOMETRIC_REPRESENTATION_CONTEXT(2) 
PARAMETRIC_REPRESENTATION_CONTEXT() REPRESENTATION_CONTEXT('2D SPACE',''
  ) );
#2904 = ORIENTED_EDGE('',*,*,#1321,.F.);
#2905 = ORIENTED_EDGE('',*,*,#1477,.F.);
#2906 = ORIENTED_EDGE('',*,*,#2907,.T.);
#2907 = EDGE_CURVE('',#1450,#1505,#2908,.T.);
#2908 = SURFACE_CURVE('',#2909,(#2914,#2925),.PCURVE_S1.);
#2909 = CIRCLE('',#2910,9.);
#2910 = AXIS2_PLACEMENT_3D('',#2911,#2912,#2913);
#2911 = CARTESIAN_POINT('',(114.38725360773,-4.,-470.9165260329));
#2912 = DIRECTION('',(-0.,-1.,0.));
#2913 = DIRECTION('',(-4.625929269271E-15,0.,1.));
#2914 = PCURVE('',#141,#2915);
#2915 = DEFINITIONAL_REPRESENTATION('',(#2916),#2924);
#2916 = ( BOUNDED_CURVE() B_SPLINE_CURVE(2,(#2917,#2918,#2919,#2920,
#2921,#2922,#2923),.UNSPECIFIED.,.T.,.F.) B_SPLINE_CURVE_WITH_KNOTS((1,2
    ,2,2,2,1),(-2.094395102393,0.,2.094395102393,4.188790204786,
6.28318530718,8.377580409573),.UNSPECIFIED.) CURVE() 
GEOMETRIC_REPRESENTATION_ITEM() RATIONAL_B_SPLINE_CURVE((1.,0.5,1.,0.5,
1.,0.5,1.)) REPRESENTATION_ITEM('') );
#2917 = CARTESIAN_POINT('',(697.60777548562,109.32687478238));
#2918 = CARTESIAN_POINT('',(697.60777548562,93.738417514264));
#2919 = CARTESIAN_POINT('',(684.10777548562,101.53264614832));
#2920 = CARTESIAN_POINT('',(670.60777548562,109.32687478238));
#2921 = CARTESIAN_POINT('',(684.10777548562,117.12110341644));
#2922 = CARTESIAN_POINT('',(697.60777548562,124.9153320505));
#2923 = CARTESIAN_POINT('',(697.60777548562,109.32687478238));
#2924 = ( GEOMETRIC_REPRESENTATION_CONTEXT(2) 
PARAMETRIC_REPRESENTATION_CONTEXT() REPRESENTATION_CONTEXT('2D SPACE',''
  ) );
#2925 = PCURVE('',#1465,#2926);
#2926 = DEFINITIONAL_REPRESENTATION('',(#2927),#2931);
#2927 = LINE('',#2928,#2929);
#2928 = CARTESIAN_POINT('',(6.28318530718,0.));
#2929 = VECTOR('',#2930,1.);
#2930 = DIRECTION('',(-1.,0.));
#2931 = ( GEOMETRIC_REPRESENTATION_CONTEXT(2) 
PARAMETRIC_REPRESENTATION_CONTEXT() REPRESENTATION_CONTEXT('2D SPACE',''
  ) );
#2932 = ORIENTED_EDGE('',*,*,#1502,.F.);
#2933 = ORIENTED_EDGE('',*,*,#2934,.T.);
#2934 = EDGE_CURVE('',#1503,#1610,#2935,.T.);
#2935 = SURFACE_CURVE('',#2936,(#2941,#2952),.PCURVE_S1.);
#2936 = CIRCLE('',#2937,9.);
#2937 = AXIS2_PLACEMENT_3D('',#2938,#2939,#2940);
#2938 = CARTESIAN_POINT('',(109.16922509169,-4.,-449.4182485468));
#2939 = DIRECTION('',(-0.,-1.,0.));
#2940 = DIRECTION('',(1.850371707709E-14,-0.,1.));
#2941 = PCURVE('',#141,#2942);
#2942 = DEFINITIONAL_REPRESENTATION('',(#2943),#2951);
#2943 = ( BOUNDED_CURVE() B_SPLINE_CURVE(2,(#2944,#2945,#2946,#2947,
#2948,#2949,#2950),.UNSPECIFIED.,.T.,.F.) B_SPLINE_CURVE_WITH_KNOTS((1,2
    ,2,2,2,1),(-2.094395102393,0.,2.094395102393,4.188790204786,
6.28318530718,8.377580409573),.UNSPECIFIED.) CURVE() 
GEOMETRIC_REPRESENTATION_ITEM() RATIONAL_B_SPLINE_CURVE((1.,0.5,1.,0.5,
1.,0.5,1.)) REPRESENTATION_ITEM('') );
#2944 = CARTESIAN_POINT('',(719.10605297174,104.10884626633));
#2945 = CARTESIAN_POINT('',(719.10605297174,88.520388998216));
#2946 = CARTESIAN_POINT('',(705.60605297174,96.314617632276));
#2947 = CARTESIAN_POINT('',(692.10605297174,104.10884626633));
#2948 = CARTESIAN_POINT('',(705.60605297174,111.90307490039));
#2949 = CARTESIAN_POINT('',(719.10605297174,119.69730353445));
#2950 = CARTESIAN_POINT('',(719.10605297174,104.10884626633));
#2951 = ( GEOMETRIC_REPRESENTATION_CONTEXT(2) 
PARAMETRIC_REPRESENTATION_CONTEXT() REPRESENTATION_CONTEXT('2D SPACE',''
  ) );
#2952 = PCURVE('',#1592,#2953);
#2953 = DEFINITIONAL_REPRESENTATION('',(#2954),#2958);
#2954 = LINE('',#2955,#2956);
#2955 = CARTESIAN_POINT('',(6.28318530718,0.));
#2956 = VECTOR('',#2957,1.);
#2957 = DIRECTION('',(-1.,0.));
#2958 = ( GEOMETRIC_REPRESENTATION_CONTEXT(2) 
PARAMETRIC_REPRESENTATION_CONTEXT() REPRESENTATION_CONTEXT('2D SPACE',''
  ) );
#2959 = ORIENTED_EDGE('',*,*,#1607,.F.);
#2960 = ORIENTED_EDGE('',*,*,#2961,.T.);
#2961 = EDGE_CURVE('',#1608,#1715,#2962,.T.);
#2962 = SURFACE_CURVE('',#2963,(#2968,#2979),.PCURVE_S1.);
#2963 = CIRCLE('',#2964,9.);
#2964 = AXIS2_PLACEMENT_3D('',#2965,#2966,#2967);
#2965 = CARTESIAN_POINT('',(95.048604841657,-4.,-417.545991411));
#2966 = DIRECTION('',(-0.,-1.,0.));
#2967 = DIRECTION('',(-1.079383496163E-14,0.,1.));
#2968 = PCURVE('',#141,#2969);
#2969 = DEFINITIONAL_REPRESENTATION('',(#2970),#2978);
#2970 = ( BOUNDED_CURVE() B_SPLINE_CURVE(2,(#2971,#2972,#2973,#2974,
#2975,#2976,#2977),.UNSPECIFIED.,.T.,.F.) B_SPLINE_CURVE_WITH_KNOTS((1,2
    ,2,2,2,1),(-2.094395102393,0.,2.094395102393,4.188790204786,
6.28318530718,8.377580409573),.UNSPECIFIED.) CURVE() 
GEOMETRIC_REPRESENTATION_ITEM() RATIONAL_B_SPLINE_CURVE((1.,0.5,1.,0.5,
1.,0.5,1.)) REPRESENTATION_ITEM('') );
#2971 = CARTESIAN_POINT('',(750.97831010753,89.988226016303));
#2972 = CARTESIAN_POINT('',(750.97831010753,74.399768748183));
#2973 = CARTESIAN_POINT('',(737.47831010753,82.193997382243));
#2974 = CARTESIAN_POINT('',(723.97831010753,89.988226016303));
#2975 = CARTESIAN_POINT('',(737.47831010753,97.782454650363));
#2976 = CARTESIAN_POINT('',(750.97831010753,105.57668328442));
#2977 = CARTESIAN_POINT('',(750.97831010753,89.988226016303));
#2978 = ( GEOMETRIC_REPRESENTATION_CONTEXT(2) 
PARAMETRIC_REPRESENTATION_CONTEXT() REPRESENTATION_CONTEXT('2D SPACE',''
  ) );
#2979 = PCURVE('',#1697,#2980);
#2980 = DEFINITIONAL_REPRESENTATION('',(#2981),#2985);
#2981 = LINE('',#2982,#2983);
#2982 = CARTESIAN_POINT('',(6.28318530718,0.));
#2983 = VECTOR('',#2984,1.);
#2984 = DIRECTION('',(-1.,0.));
#2985 = ( GEOMETRIC_REPRESENTATION_CONTEXT(2) 
PARAMETRIC_REPRESENTATION_CONTEXT() REPRESENTATION_CONTEXT('2D SPACE',''
  ) );
#2986 = ORIENTED_EDGE('',*,*,#1712,.F.);
#2987 = ORIENTED_EDGE('',*,*,#2988,.T.);
#2988 = EDGE_CURVE('',#1713,#1820,#2989,.T.);
#2989 = SURFACE_CURVE('',#2990,(#2995,#3006),.PCURVE_S1.);
#2990 = CIRCLE('',#2991,9.);
#2991 = AXIS2_PLACEMENT_3D('',#2992,#2993,#2994);
#2992 = CARTESIAN_POINT('',(89.817952702101,-4.,-415.2286138808));
#2993 = DIRECTION('',(-0.,-1.,0.));
#2994 = DIRECTION('',(4.625929269271E-15,-0.,1.));
#2995 = PCURVE('',#141,#2996);
#2996 = DEFINITIONAL_REPRESENTATION('',(#2997),#3005);
#2997 = ( BOUNDED_CURVE() B_SPLINE_CURVE(2,(#2998,#2999,#3000,#3001,
#3002,#3003,#3004),.UNSPECIFIED.,.T.,.F.) B_SPLINE_CURVE_WITH_KNOTS((1,2
    ,2,2,2,1),(-2.094395102393,0.,2.094395102393,4.188790204786,
6.28318530718,8.377580409573),.UNSPECIFIED.) CURVE() 
GEOMETRIC_REPRESENTATION_ITEM() RATIONAL_B_SPLINE_CURVE((1.,0.5,1.,0.5,
1.,0.5,1.)) REPRESENTATION_ITEM('') );
#2998 = CARTESIAN_POINT('',(753.29568763771,84.757573876747));
#2999 = CARTESIAN_POINT('',(753.29568763771,69.169116608627));
#3000 = CARTESIAN_POINT('',(739.79568763771,76.963345242687));
#3001 = CARTESIAN_POINT('',(726.29568763771,84.757573876747));
#3002 = CARTESIAN_POINT('',(739.79568763771,92.551802510807));
#3003 = CARTESIAN_POINT('',(753.29568763771,100.34603114486));
#3004 = CARTESIAN_POINT('',(753.29568763771,84.757573876747));
#3005 = ( GEOMETRIC_REPRESENTATION_CONTEXT(2) 
PARAMETRIC_REPRESENTATION_CONTEXT() REPRESENTATION_CONTEXT('2D SPACE',''
  ) );
#3006 = PCURVE('',#1802,#3007);
#3007 = DEFINITIONAL_REPRESENTATION('',(#3008),#3012);
#3008 = LINE('',#3009,#3010);
#3009 = CARTESIAN_POINT('',(6.28318530718,0.));
#3010 = VECTOR('',#3011,1.);
#3011 = DIRECTION('',(-1.,0.));
#3012 = ( GEOMETRIC_REPRESENTATION_CONTEXT(2) 
PARAMETRIC_REPRESENTATION_CONTEXT() REPRESENTATION_CONTEXT('2D SPACE',''
  ) );
#3013 = ORIENTED_EDGE('',*,*,#1817,.F.);
#3014 = ORIENTED_EDGE('',*,*,#3015,.T.);
#3015 = EDGE_CURVE('',#1818,#1925,#3016,.T.);
#3016 = SURFACE_CURVE('',#3017,(#3022,#3033),.PCURVE_S1.);
#3017 = CIRCLE('',#3018,9.);
#3018 = AXIS2_PLACEMENT_3D('',#3019,#3020,#3021);
#3019 = CARTESIAN_POINT('',(53.038468050539,-4.,-412.0105361324));
#3020 = DIRECTION('',(-0.,-1.,0.));
#3021 = DIRECTION('',(-1.233581138472E-14,0.,1.));
#3022 = PCURVE('',#141,#3023);
#3023 = DEFINITIONAL_REPRESENTATION('',(#3024),#3032);
#3024 = ( BOUNDED_CURVE() B_SPLINE_CURVE(2,(#3025,#3026,#3027,#3028,
#3029,#3030,#3031),.UNSPECIFIED.,.T.,.F.) B_SPLINE_CURVE_WITH_KNOTS((1,2
    ,2,2,2,1),(-2.094395102393,0.,2.094395102393,4.188790204786,
6.28318530718,8.377580409573),.UNSPECIFIED.) CURVE() 
GEOMETRIC_REPRESENTATION_ITEM() RATIONAL_B_SPLINE_CURVE((1.,0.5,1.,0.5,
1.,0.5,1.)) REPRESENTATION_ITEM('') );
#3025 = CARTESIAN_POINT('',(756.51376538614,47.978089225185));
#3026 = CARTESIAN_POINT('',(756.51376538614,32.389631957065));
#3027 = CARTESIAN_POINT('',(743.01376538614,40.183860591125));
#3028 = CARTESIAN_POINT('',(729.51376538614,47.978089225185));
#3029 = CARTESIAN_POINT('',(743.01376538614,55.772317859245));
#3030 = CARTESIAN_POINT('',(756.51376538614,63.566546493305));
#3031 = CARTESIAN_POINT('',(756.51376538614,47.978089225185));
#3032 = ( GEOMETRIC_REPRESENTATION_CONTEXT(2) 
PARAMETRIC_REPRESENTATION_CONTEXT() REPRESENTATION_CONTEXT('2D SPACE',''
  ) );
#3033 = PCURVE('',#1907,#3034);
#3034 = DEFINITIONAL_REPRESENTATION('',(#3035),#3039);
#3035 = LINE('',#3036,#3037);
#3036 = CARTESIAN_POINT('',(6.28318530718,0.));
#3037 = VECTOR('',#3038,1.);
#3038 = DIRECTION('',(-1.,0.));
#3039 = ( GEOMETRIC_REPRESENTATION_CONTEXT(2) 
PARAMETRIC_REPRESENTATION_CONTEXT() REPRESENTATION_CONTEXT('2D SPACE',''
  ) );
#3040 = ORIENTED_EDGE('',*,*,#1922,.F.);
#3041 = ORIENTED_EDGE('',*,*,#3042,.T.);
#3042 = EDGE_CURVE('',#1923,#2030,#3043,.T.);
#3043 = SURFACE_CURVE('',#3044,(#3049,#3060),.PCURVE_S1.);
#3044 = CIRCLE('',#3045,9.);
#3045 = AXIS2_PLACEMENT_3D('',#3046,#3047,#3048);
#3046 = CARTESIAN_POINT('',(-42.91771039982,-4.,-412.0105361324));
#3047 = DIRECTION('',(0.,-1.,0.));
#3048 = DIRECTION('',(0.,0.,1.));
#3049 = PCURVE('',#141,#3050);
#3050 = DEFINITIONAL_REPRESENTATION('',(#3051),#3059);
#3051 = ( BOUNDED_CURVE() B_SPLINE_CURVE(2,(#3052,#3053,#3054,#3055,
#3056,#3057,#3058),.UNSPECIFIED.,.T.,.F.) B_SPLINE_CURVE_WITH_KNOTS((1,2
    ,2,2,2,1),(-2.094395102393,0.,2.094395102393,4.188790204786,
6.28318530718,8.377580409573),.UNSPECIFIED.) CURVE() 
GEOMETRIC_REPRESENTATION_ITEM() RATIONAL_B_SPLINE_CURVE((1.,0.5,1.,0.5,
1.,0.5,1.)) REPRESENTATION_ITEM('') );
#3052 = CARTESIAN_POINT('',(756.51376538614,-47.97808922518));
#3053 = CARTESIAN_POINT('',(756.51376538614,-63.5665464933));
#3054 = CARTESIAN_POINT('',(743.01376538614,-55.77231785924));
#3055 = CARTESIAN_POINT('',(729.51376538614,-47.97808922518));
#3056 = CARTESIAN_POINT('',(743.01376538614,-40.18386059112));
#3057 = CARTESIAN_POINT('',(756.51376538614,-32.38963195706));
#3058 = CARTESIAN_POINT('',(756.51376538614,-47.97808922518));
#3059 = ( GEOMETRIC_REPRESENTATION_CONTEXT(2) 
PARAMETRIC_REPRESENTATION_CONTEXT() REPRESENTATION_CONTEXT('2D SPACE',''
  ) );
#3060 = PCURVE('',#2012,#3061);
#3061 = DEFINITIONAL_REPRESENTATION('',(#3062),#3066);
#3062 = LINE('',#3063,#3064);
#3063 = CARTESIAN_POINT('',(6.28318530718,0.));
#3064 = VECTOR('',#3065,1.);
#3065 = DIRECTION('',(-1.,0.));
#3066 = ( GEOMETRIC_REPRESENTATION_CONTEXT(2) 
PARAMETRIC_REPRESENTATION_CONTEXT() REPRESENTATION_CONTEXT('2D SPACE',''
  ) );
#3067 = ORIENTED_EDGE('',*,*,#2027,.F.);
#3068 = ORIENTED_EDGE('',*,*,#3069,.T.);
#3069 = EDGE_CURVE('',#2028,#2135,#3070,.T.);
#3070 = SURFACE_CURVE('',#3071,(#3076,#3087),.PCURVE_S1.);
#3071 = CIRCLE('',#3072,9.);
#3072 = AXIS2_PLACEMENT_3D('',#3073,#3074,#3075);
#3073 = CARTESIAN_POINT('',(-79.69719505139,-4.,-415.2286138808));
#3074 = DIRECTION('',(0.,-1.,0.));
#3075 = DIRECTION('',(0.,0.,1.));
#3076 = PCURVE('',#141,#3077);
#3077 = DEFINITIONAL_REPRESENTATION('',(#3078),#3086);
#3078 = ( BOUNDED_CURVE() B_SPLINE_CURVE(2,(#3079,#3080,#3081,#3082,
#3083,#3084,#3085),.UNSPECIFIED.,.T.,.F.) B_SPLINE_CURVE_WITH_KNOTS((1,2
    ,2,2,2,1),(-2.094395102393,0.,2.094395102393,4.188790204786,
6.28318530718,8.377580409573),.UNSPECIFIED.) CURVE() 
GEOMETRIC_REPRESENTATION_ITEM() RATIONAL_B_SPLINE_CURVE((1.,0.5,1.,0.5,
1.,0.5,1.)) REPRESENTATION_ITEM('') );
#3079 = CARTESIAN_POINT('',(753.29568763771,-84.75757387674));
#3080 = CARTESIAN_POINT('',(753.29568763771,-100.3460311448));
#3081 = CARTESIAN_POINT('',(739.79568763771,-92.5518025108));
#3082 = CARTESIAN_POINT('',(726.29568763771,-84.75757387674));
#3083 = CARTESIAN_POINT('',(739.79568763771,-76.96334524268));
#3084 = CARTESIAN_POINT('',(753.29568763771,-69.16911660862));
#3085 = CARTESIAN_POINT('',(753.29568763771,-84.75757387674));
#3086 = ( GEOMETRIC_REPRESENTATION_CONTEXT(2) 
PARAMETRIC_REPRESENTATION_CONTEXT() REPRESENTATION_CONTEXT('2D SPACE',''
  ) );
#3087 = PCURVE('',#2117,#3088);
#3088 = DEFINITIONAL_REPRESENTATION('',(#3089),#3093);
#3089 = LINE('',#3090,#3091);
#3090 = CARTESIAN_POINT('',(6.28318530718,0.));
#3091 = VECTOR('',#3092,1.);
#3092 = DIRECTION('',(-1.,0.));
#3093 = ( GEOMETRIC_REPRESENTATION_CONTEXT(2) 
PARAMETRIC_REPRESENTATION_CONTEXT() REPRESENTATION_CONTEXT('2D SPACE',''
  ) );
#3094 = ORIENTED_EDGE('',*,*,#2132,.F.);
#3095 = ORIENTED_EDGE('',*,*,#3096,.T.);
#3096 = EDGE_CURVE('',#2133,#2240,#3097,.T.);
#3097 = SURFACE_CURVE('',#3098,(#3103,#3114),.PCURVE_S1.);
#3098 = CIRCLE('',#3099,9.);
#3099 = AXIS2_PLACEMENT_3D('',#3100,#3101,#3102);
#3100 = CARTESIAN_POINT('',(-84.92784719094,-4.,-417.545991411));
#3101 = DIRECTION('',(0.,-1.,0.));
#3102 = DIRECTION('',(0.,0.,1.));
#3103 = PCURVE('',#141,#3104);
#3104 = DEFINITIONAL_REPRESENTATION('',(#3105),#3113);
#3105 = ( BOUNDED_CURVE() B_SPLINE_CURVE(2,(#3106,#3107,#3108,#3109,
#3110,#3111,#3112),.UNSPECIFIED.,.T.,.F.) B_SPLINE_CURVE_WITH_KNOTS((1,2
    ,2,2,2,1),(-2.094395102393,0.,2.094395102393,4.188790204786,
6.28318530718,8.377580409573),.UNSPECIFIED.) CURVE() 
GEOMETRIC_REPRESENTATION_ITEM() RATIONAL_B_SPLINE_CURVE((1.,0.5,1.,0.5,
1.,0.5,1.)) REPRESENTATION_ITEM('') );
#3106 = CARTESIAN_POINT('',(750.97831010753,-89.9882260163));
#3107 = CARTESIAN_POINT('',(750.97831010753,-105.5766832844));
#3108 = CARTESIAN_POINT('',(737.47831010753,-97.78245465036));
#3109 = CARTESIAN_POINT('',(723.97831010753,-89.9882260163));
#3110 = CARTESIAN_POINT('',(737.47831010753,-82.19399738224));
#3111 = CARTESIAN_POINT('',(750.97831010753,-74.39976874818));
#3112 = CARTESIAN_POINT('',(750.97831010753,-89.9882260163));
#3113 = ( GEOMETRIC_REPRESENTATION_CONTEXT(2) 
PARAMETRIC_REPRESENTATION_CONTEXT() REPRESENTATION_CONTEXT('2D SPACE',''
  ) );
#3114 = PCURVE('',#2222,#3115);
#3115 = DEFINITIONAL_REPRESENTATION('',(#3116),#3120);
#3116 = LINE('',#3117,#3118);
#3117 = CARTESIAN_POINT('',(6.28318530718,0.));
#3118 = VECTOR('',#3119,1.);
#3119 = DIRECTION('',(-1.,0.));
#3120 = ( GEOMETRIC_REPRESENTATION_CONTEXT(2) 
PARAMETRIC_REPRESENTATION_CONTEXT() REPRESENTATION_CONTEXT('2D SPACE',''
  ) );
#3121 = ORIENTED_EDGE('',*,*,#2237,.F.);
#3122 = ORIENTED_EDGE('',*,*,#3123,.T.);
#3123 = EDGE_CURVE('',#2238,#2345,#3124,.T.);
#3124 = SURFACE_CURVE('',#3125,(#3130,#3141),.PCURVE_S1.);
#3125 = CIRCLE('',#3126,9.);
#3126 = AXIS2_PLACEMENT_3D('',#3127,#3128,#3129);
#3127 = CARTESIAN_POINT('',(-99.04846744097,-4.,-449.4182485468));
#3128 = DIRECTION('',(0.,-1.,0.));
#3129 = DIRECTION('',(0.,0.,1.));
#3130 = PCURVE('',#141,#3131);
#3131 = DEFINITIONAL_REPRESENTATION('',(#3132),#3140);
#3132 = ( BOUNDED_CURVE() B_SPLINE_CURVE(2,(#3133,#3134,#3135,#3136,
#3137,#3138,#3139),.UNSPECIFIED.,.T.,.F.) B_SPLINE_CURVE_WITH_KNOTS((1,2
    ,2,2,2,1),(-2.094395102393,0.,2.094395102393,4.188790204786,
6.28318530718,8.377580409573),.UNSPECIFIED.) CURVE() 
GEOMETRIC_REPRESENTATION_ITEM() RATIONAL_B_SPLINE_CURVE((1.,0.5,1.,0.5,
1.,0.5,1.)) REPRESENTATION_ITEM('') );
#3133 = CARTESIAN_POINT('',(719.10605297174,-104.1088462663));
#3134 = CARTESIAN_POINT('',(719.10605297174,-119.6973035344));
#3135 = CARTESIAN_POINT('',(705.60605297174,-111.9030749003));
#3136 = CARTESIAN_POINT('',(692.10605297174,-104.1088462663));
#3137 = CARTESIAN_POINT('',(705.60605297174,-96.31461763227));
#3138 = CARTESIAN_POINT('',(719.10605297174,-88.52038899821));
#3139 = CARTESIAN_POINT('',(719.10605297174,-104.1088462663));
#3140 = ( GEOMETRIC_REPRESENTATION_CONTEXT(2) 
PARAMETRIC_REPRESENTATION_CONTEXT() REPRESENTATION_CONTEXT('2D SPACE',''
  ) );
#3141 = PCURVE('',#2327,#3142);
#3142 = DEFINITIONAL_REPRESENTATION('',(#3143),#3147);
#3143 = LINE('',#3144,#3145);
#3144 = CARTESIAN_POINT('',(6.28318530718,0.));
#3145 = VECTOR('',#3146,1.);
#3146 = DIRECTION('',(-1.,0.));
#3147 = ( GEOMETRIC_REPRESENTATION_CONTEXT(2) 
PARAMETRIC_REPRESENTATION_CONTEXT() REPRESENTATION_CONTEXT('2D SPACE',''
  ) );
#3148 = ORIENTED_EDGE('',*,*,#2342,.F.);
#3149 = ORIENTED_EDGE('',*,*,#3150,.T.);
#3150 = EDGE_CURVE('',#2343,#2450,#3151,.T.);
#3151 = SURFACE_CURVE('',#3152,(#3157,#3168),.PCURVE_S1.);
#3152 = CIRCLE('',#3153,9.);
#3153 = AXIS2_PLACEMENT_3D('',#3154,#3155,#3156);
#3154 = CARTESIAN_POINT('',(-104.266495957,-4.,-470.9165260329));
#3155 = DIRECTION('',(0.,-1.,0.));
#3156 = DIRECTION('',(0.,0.,1.));
#3157 = PCURVE('',#141,#3158);
#3158 = DEFINITIONAL_REPRESENTATION('',(#3159),#3167);
#3159 = ( BOUNDED_CURVE() B_SPLINE_CURVE(2,(#3160,#3161,#3162,#3163,
#3164,#3165,#3166),.UNSPECIFIED.,.T.,.F.) B_SPLINE_CURVE_WITH_KNOTS((1,2
    ,2,2,2,1),(-2.094395102393,0.,2.094395102393,4.188790204786,
6.28318530718,8.377580409573),.UNSPECIFIED.) CURVE() 
GEOMETRIC_REPRESENTATION_ITEM() RATIONAL_B_SPLINE_CURVE((1.,0.5,1.,0.5,
1.,0.5,1.)) REPRESENTATION_ITEM('') );
#3160 = CARTESIAN_POINT('',(697.60777548562,-109.3268747823));
#3161 = CARTESIAN_POINT('',(697.60777548562,-124.9153320505));
#3162 = CARTESIAN_POINT('',(684.10777548562,-117.1211034164));
#3163 = CARTESIAN_POINT('',(670.60777548562,-109.3268747823));
#3164 = CARTESIAN_POINT('',(684.10777548562,-101.5326461483));
#3165 = CARTESIAN_POINT('',(697.60777548562,-93.73841751426));
#3166 = CARTESIAN_POINT('',(697.60777548562,-109.3268747823));
#3167 = ( GEOMETRIC_REPRESENTATION_CONTEXT(2) 
PARAMETRIC_REPRESENTATION_CONTEXT() REPRESENTATION_CONTEXT('2D SPACE',''
  ) );
#3168 = PCURVE('',#2432,#3169);
#3169 = DEFINITIONAL_REPRESENTATION('',(#3170),#3174);
#3170 = LINE('',#3171,#3172);
#3171 = CARTESIAN_POINT('',(6.28318530718,0.));
#3172 = VECTOR('',#3173,1.);
#3173 = DIRECTION('',(-1.,0.));
#3174 = ( GEOMETRIC_REPRESENTATION_CONTEXT(2) 
PARAMETRIC_REPRESENTATION_CONTEXT() REPRESENTATION_CONTEXT('2D SPACE',''
  ) );
#3175 = ORIENTED_EDGE('',*,*,#2447,.F.);
#3176 = ORIENTED_EDGE('',*,*,#2598,.F.);
#3177 = ORIENTED_EDGE('',*,*,#3178,.T.);
#3178 = EDGE_CURVE('',#2576,#1084,#3179,.T.);
#3179 = SURFACE_CURVE('',#3180,(#3185,#3196),.PCURVE_S1.);
#3180 = CIRCLE('',#3181,9.);
#3181 = AXIS2_PLACEMENT_3D('',#3182,#3183,#3184);
#3182 = CARTESIAN_POINT('',(-108.499621938,-4.,-670.4338246034));
#3183 = DIRECTION('',(0.,-1.,0.));
#3184 = DIRECTION('',(0.,0.,1.));
#3185 = PCURVE('',#141,#3186);
#3186 = DEFINITIONAL_REPRESENTATION('',(#3187),#3195);
#3187 = ( BOUNDED_CURVE() B_SPLINE_CURVE(2,(#3188,#3189,#3190,#3191,
#3192,#3193,#3194),.UNSPECIFIED.,.T.,.F.) B_SPLINE_CURVE_WITH_KNOTS((1,2
    ,2,2,2,1),(-2.094395102393,0.,2.094395102393,4.188790204786,
6.28318530718,8.377580409573),.UNSPECIFIED.) CURVE() 
GEOMETRIC_REPRESENTATION_ITEM() RATIONAL_B_SPLINE_CURVE((1.,0.5,1.,0.5,
1.,0.5,1.)) REPRESENTATION_ITEM('') );
#3188 = CARTESIAN_POINT('',(498.09047691509,-113.5600007634));
#3189 = CARTESIAN_POINT('',(498.09047691509,-129.1484580315));
#3190 = CARTESIAN_POINT('',(484.59047691509,-121.3542293974));
#3191 = CARTESIAN_POINT('',(471.09047691509,-113.5600007634));
#3192 = CARTESIAN_POINT('',(484.59047691509,-105.7657721293));
#3193 = CARTESIAN_POINT('',(498.09047691509,-97.97154349529));
#3194 = CARTESIAN_POINT('',(498.09047691509,-113.5600007634));
#3195 = ( GEOMETRIC_REPRESENTATION_CONTEXT(2) 
PARAMETRIC_REPRESENTATION_CONTEXT() REPRESENTATION_CONTEXT('2D SPACE',''
  ) );
#3196 = PCURVE('',#1120,#3197);
#3197 = DEFINITIONAL_REPRESENTATION('',(#3198),#3202);
#3198 = LINE('',#3199,#3200);
#3199 = CARTESIAN_POINT('',(6.28318530718,0.));
#3200 = VECTOR('',#3201,1.);
#3201 = DIRECTION('',(-1.,0.));
#3202 = ( GEOMETRIC_REPRESENTATION_CONTEXT(2) 
PARAMETRIC_REPRESENTATION_CONTEXT() REPRESENTATION_CONTEXT('2D SPACE',''
  ) );
#3203 = ADVANCED_FACE('',(#3204,#3229,#3254,#3279,#3304,#3329,#3354,
    #3379,#3404),#91,.T.);
#3204 = FACE_BOUND('',#3205,.T.);
#3205 = EDGE_LOOP('',(#3206,#3228));
#3206 = ORIENTED_EDGE('',*,*,#3207,.F.);
#3207 = EDGE_CURVE('',#42,#75,#3208,.T.);
#3208 = SURFACE_CURVE('',#3209,(#3214,#3221),.PCURVE_S1.);
#3209 = CIRCLE('',#3210,2.5);
#3210 = AXIS2_PLACEMENT_3D('',#3211,#3212,#3213);
#3211 = CARTESIAN_POINT('',(-63.93962117464,0.,-412.738844942));
#3212 = DIRECTION('',(0.,1.,0.));
#3213 = DIRECTION('',(0.,-0.,1.));
#3214 = PCURVE('',#91,#3215);
#3215 = DEFINITIONAL_REPRESENTATION('',(#3216),#3220);
#3216 = CIRCLE('',#3217,2.5);
#3217 = AXIS2_PLACEMENT_2D('',#3218,#3219);
#3218 = CARTESIAN_POINT('',(746.78545657646,-68.99999999999));
#3219 = DIRECTION('',(1.,0.));
#3220 = ( GEOMETRIC_REPRESENTATION_CONTEXT(2) 
PARAMETRIC_REPRESENTATION_CONTEXT() REPRESENTATION_CONTEXT('2D SPACE',''
  ) );
#3221 = PCURVE('',#62,#3222);
#3222 = DEFINITIONAL_REPRESENTATION('',(#3223),#3227);
#3223 = LINE('',#3224,#3225);
#3224 = CARTESIAN_POINT('',(0.,4.));
#3225 = VECTOR('',#3226,1.);
#3226 = DIRECTION('',(1.,0.));
#3227 = ( GEOMETRIC_REPRESENTATION_CONTEXT(2) 
PARAMETRIC_REPRESENTATION_CONTEXT() REPRESENTATION_CONTEXT('2D SPACE',''
  ) );
#3228 = ORIENTED_EDGE('',*,*,#74,.F.);
#3229 = FACE_BOUND('',#3230,.T.);
#3230 = EDGE_LOOP('',(#3231,#3253));
#3231 = ORIENTED_EDGE('',*,*,#3232,.F.);
#3232 = EDGE_CURVE('',#159,#192,#3233,.T.);
#3233 = SURFACE_CURVE('',#3234,(#3239,#3246),.PCURVE_S1.);
#3234 = CIRCLE('',#3235,2.5);
#3235 = AXIS2_PLACEMENT_3D('',#3236,#3237,#3238);
#3236 = CARTESIAN_POINT('',(74.060378825355,0.,-412.738844942));
#3237 = DIRECTION('',(0.,1.,0.));
#3238 = DIRECTION('',(0.,-0.,1.));
#3239 = PCURVE('',#91,#3240);
#3240 = DEFINITIONAL_REPRESENTATION('',(#3241),#3245);
#3241 = CIRCLE('',#3242,2.5);
#3242 = AXIS2_PLACEMENT_2D('',#3243,#3244);
#3243 = CARTESIAN_POINT('',(746.78545657646,69.000000000001));
#3244 = DIRECTION('',(1.,0.));
#3245 = ( GEOMETRIC_REPRESENTATION_CONTEXT(2) 
PARAMETRIC_REPRESENTATION_CONTEXT() REPRESENTATION_CONTEXT('2D SPACE',''
  ) );
#3246 = PCURVE('',#179,#3247);
#3247 = DEFINITIONAL_REPRESENTATION('',(#3248),#3252);
#3248 = LINE('',#3249,#3250);
#3249 = CARTESIAN_POINT('',(0.,4.));
#3250 = VECTOR('',#3251,1.);
#3251 = DIRECTION('',(1.,0.));
#3252 = ( GEOMETRIC_REPRESENTATION_CONTEXT(2) 
PARAMETRIC_REPRESENTATION_CONTEXT() REPRESENTATION_CONTEXT('2D SPACE',''
  ) );
#3253 = ORIENTED_EDGE('',*,*,#191,.F.);
#3254 = FACE_BOUND('',#3255,.T.);
#3255 = EDGE_LOOP('',(#3256,#3278));
#3256 = ORIENTED_EDGE('',*,*,#3257,.F.);
#3257 = EDGE_CURVE('',#266,#299,#3258,.T.);
#3258 = SURFACE_CURVE('',#3259,(#3264,#3271),.PCURVE_S1.);
#3259 = CIRCLE('',#3260,2.5);
#3260 = AXIS2_PLACEMENT_3D('',#3261,#3262,#3263);
#3261 = CARTESIAN_POINT('',(116.06037882535,0.,-547.738844942));
#3262 = DIRECTION('',(0.,1.,0.));
#3263 = DIRECTION('',(0.,-0.,1.));
#3264 = PCURVE('',#91,#3265);
#3265 = DEFINITIONAL_REPRESENTATION('',(#3266),#3270);
#3266 = CIRCLE('',#3267,2.5);
#3267 = AXIS2_PLACEMENT_2D('',#3268,#3269);
#3268 = CARTESIAN_POINT('',(611.78545657646,111.));
#3269 = DIRECTION('',(1.,0.));
#3270 = ( GEOMETRIC_REPRESENTATION_CONTEXT(2) 
PARAMETRIC_REPRESENTATION_CONTEXT() REPRESENTATION_CONTEXT('2D SPACE',''
  ) );
#3271 = PCURVE('',#286,#3272);
#3272 = DEFINITIONAL_REPRESENTATION('',(#3273),#3277);
#3273 = LINE('',#3274,#3275);
#3274 = CARTESIAN_POINT('',(0.,4.));
#3275 = VECTOR('',#3276,1.);
#3276 = DIRECTION('',(1.,0.));
#3277 = ( GEOMETRIC_REPRESENTATION_CONTEXT(2) 
PARAMETRIC_REPRESENTATION_CONTEXT() REPRESENTATION_CONTEXT('2D SPACE',''
  ) );
#3278 = ORIENTED_EDGE('',*,*,#298,.F.);
#3279 = FACE_BOUND('',#3280,.T.);
#3280 = EDGE_LOOP('',(#3281,#3303));
#3281 = ORIENTED_EDGE('',*,*,#3282,.F.);
#3282 = EDGE_CURVE('',#373,#406,#3283,.T.);
#3283 = SURFACE_CURVE('',#3284,(#3289,#3296),.PCURVE_S1.);
#3284 = CIRCLE('',#3285,2.5);
#3285 = AXIS2_PLACEMENT_3D('',#3286,#3287,#3288);
#3286 = CARTESIAN_POINT('',(-105.9396211746,0.,-547.738844942));
#3287 = DIRECTION('',(0.,1.,0.));
#3288 = DIRECTION('',(0.,-0.,1.));
#3289 = PCURVE('',#91,#3290);
#3290 = DEFINITIONAL_REPRESENTATION('',(#3291),#3295);
#3291 = CIRCLE('',#3292,2.5);
#3292 = AXIS2_PLACEMENT_2D('',#3293,#3294);
#3293 = CARTESIAN_POINT('',(611.78545657646,-110.9999999999));
#3294 = DIRECTION('',(1.,0.));
#3295 = ( GEOMETRIC_REPRESENTATION_CONTEXT(2) 
PARAMETRIC_REPRESENTATION_CONTEXT() REPRESENTATION_CONTEXT('2D SPACE',''
  ) );
#3296 = PCURVE('',#393,#3297);
#3297 = DEFINITIONAL_REPRESENTATION('',(#3298),#3302);
#3298 = LINE('',#3299,#3300);
#3299 = CARTESIAN_POINT('',(0.,4.));
#3300 = VECTOR('',#3301,1.);
#3301 = DIRECTION('',(1.,0.));
#3302 = ( GEOMETRIC_REPRESENTATION_CONTEXT(2) 
PARAMETRIC_REPRESENTATION_CONTEXT() REPRESENTATION_CONTEXT('2D SPACE',''
  ) );
#3303 = ORIENTED_EDGE('',*,*,#405,.F.);
#3304 = FACE_BOUND('',#3305,.T.);
#3305 = EDGE_LOOP('',(#3306,#3328));
#3306 = ORIENTED_EDGE('',*,*,#3307,.F.);
#3307 = EDGE_CURVE('',#480,#513,#3308,.T.);
#3308 = SURFACE_CURVE('',#3309,(#3314,#3321),.PCURVE_S1.);
#3309 = CIRCLE('',#3310,3.25);
#3310 = AXIS2_PLACEMENT_3D('',#3311,#3312,#3313);
#3311 = CARTESIAN_POINT('',(74.060378825354,0.,-532.738844942));
#3312 = DIRECTION('',(0.,1.,0.));
#3313 = DIRECTION('',(0.,-0.,1.));
#3314 = PCURVE('',#91,#3315);
#3315 = DEFINITIONAL_REPRESENTATION('',(#3316),#3320);
#3316 = CIRCLE('',#3317,3.25);
#3317 = AXIS2_PLACEMENT_2D('',#3318,#3319);
#3318 = CARTESIAN_POINT('',(626.78545657646,69.));
#3319 = DIRECTION('',(1.,0.));
#3320 = ( GEOMETRIC_REPRESENTATION_CONTEXT(2) 
PARAMETRIC_REPRESENTATION_CONTEXT() REPRESENTATION_CONTEXT('2D SPACE',''
  ) );
#3321 = PCURVE('',#500,#3322);
#3322 = DEFINITIONAL_REPRESENTATION('',(#3323),#3327);
#3323 = LINE('',#3324,#3325);
#3324 = CARTESIAN_POINT('',(0.,4.));
#3325 = VECTOR('',#3326,1.);
#3326 = DIRECTION('',(1.,0.));
#3327 = ( GEOMETRIC_REPRESENTATION_CONTEXT(2) 
PARAMETRIC_REPRESENTATION_CONTEXT() REPRESENTATION_CONTEXT('2D SPACE',''
  ) );
#3328 = ORIENTED_EDGE('',*,*,#512,.F.);
#3329 = FACE_BOUND('',#3330,.T.);
#3330 = EDGE_LOOP('',(#3331,#3353));
#3331 = ORIENTED_EDGE('',*,*,#3332,.F.);
#3332 = EDGE_CURVE('',#587,#620,#3333,.T.);
#3333 = SURFACE_CURVE('',#3334,(#3339,#3346),.PCURVE_S1.);
#3334 = CIRCLE('',#3335,3.25);
#3335 = AXIS2_PLACEMENT_3D('',#3336,#3337,#3338);
#3336 = CARTESIAN_POINT('',(-63.93962117464,0.,-532.738844942));
#3337 = DIRECTION('',(0.,1.,0.));
#3338 = DIRECTION('',(0.,-0.,1.));
#3339 = PCURVE('',#91,#3340);
#3340 = DEFINITIONAL_REPRESENTATION('',(#3341),#3345);
#3341 = CIRCLE('',#3342,3.25);
#3342 = AXIS2_PLACEMENT_2D('',#3343,#3344);
#3343 = CARTESIAN_POINT('',(626.78545657646,-69.));
#3344 = DIRECTION('',(1.,0.));
#3345 = ( GEOMETRIC_REPRESENTATION_CONTEXT(2) 
PARAMETRIC_REPRESENTATION_CONTEXT() REPRESENTATION_CONTEXT('2D SPACE',''
  ) );
#3346 = PCURVE('',#607,#3347);
#3347 = DEFINITIONAL_REPRESENTATION('',(#3348),#3352);
#3348 = LINE('',#3349,#3350);
#3349 = CARTESIAN_POINT('',(0.,4.));
#3350 = VECTOR('',#3351,1.);
#3351 = DIRECTION('',(1.,0.));
#3352 = ( GEOMETRIC_REPRESENTATION_CONTEXT(2) 
PARAMETRIC_REPRESENTATION_CONTEXT() REPRESENTATION_CONTEXT('2D SPACE',''
  ) );
#3353 = ORIENTED_EDGE('',*,*,#619,.F.);
#3354 = FACE_BOUND('',#3355,.T.);
#3355 = EDGE_LOOP('',(#3356,#3378));
#3356 = ORIENTED_EDGE('',*,*,#3357,.F.);
#3357 = EDGE_CURVE('',#694,#727,#3358,.T.);
#3358 = SURFACE_CURVE('',#3359,(#3364,#3371),.PCURVE_S1.);
#3359 = CIRCLE('',#3360,3.25);
#3360 = AXIS2_PLACEMENT_3D('',#3361,#3362,#3363);
#3361 = CARTESIAN_POINT('',(116.06037882535,0.,-667.738844942));
#3362 = DIRECTION('',(0.,1.,0.));
#3363 = DIRECTION('',(0.,-0.,1.));
#3364 = PCURVE('',#91,#3365);
#3365 = DEFINITIONAL_REPRESENTATION('',(#3366),#3370);
#3366 = CIRCLE('',#3367,3.25);
#3367 = AXIS2_PLACEMENT_2D('',#3368,#3369);
#3368 = CARTESIAN_POINT('',(491.78545657646,111.));
#3369 = DIRECTION('',(1.,0.));
#3370 = ( GEOMETRIC_REPRESENTATION_CONTEXT(2) 
PARAMETRIC_REPRESENTATION_CONTEXT() REPRESENTATION_CONTEXT('2D SPACE',''
  ) );
#3371 = PCURVE('',#714,#3372);
#3372 = DEFINITIONAL_REPRESENTATION('',(#3373),#3377);
#3373 = LINE('',#3374,#3375);
#3374 = CARTESIAN_POINT('',(0.,4.));
#3375 = VECTOR('',#3376,1.);
#3376 = DIRECTION('',(1.,0.));
#3377 = ( GEOMETRIC_REPRESENTATION_CONTEXT(2) 
PARAMETRIC_REPRESENTATION_CONTEXT() REPRESENTATION_CONTEXT('2D SPACE',''
  ) );
#3378 = ORIENTED_EDGE('',*,*,#726,.F.);
#3379 = FACE_BOUND('',#3380,.T.);
#3380 = EDGE_LOOP('',(#3381,#3403));
#3381 = ORIENTED_EDGE('',*,*,#3382,.F.);
#3382 = EDGE_CURVE('',#801,#834,#3383,.T.);
#3383 = SURFACE_CURVE('',#3384,(#3389,#3396),.PCURVE_S1.);
#3384 = CIRCLE('',#3385,3.25);
#3385 = AXIS2_PLACEMENT_3D('',#3386,#3387,#3388);
#3386 = CARTESIAN_POINT('',(-105.9396211746,0.,-667.738844942));
#3387 = DIRECTION('',(0.,1.,0.));
#3388 = DIRECTION('',(0.,-0.,1.));
#3389 = PCURVE('',#91,#3390);
#3390 = DEFINITIONAL_REPRESENTATION('',(#3391),#3395);
#3391 = CIRCLE('',#3392,3.25);
#3392 = AXIS2_PLACEMENT_2D('',#3393,#3394);
#3393 = CARTESIAN_POINT('',(491.78545657646,-111.));
#3394 = DIRECTION('',(1.,0.));
#3395 = ( GEOMETRIC_REPRESENTATION_CONTEXT(2) 
PARAMETRIC_REPRESENTATION_CONTEXT() REPRESENTATION_CONTEXT('2D SPACE',''
  ) );
#3396 = PCURVE('',#821,#3397);
#3397 = DEFINITIONAL_REPRESENTATION('',(#3398),#3402);
#3398 = LINE('',#3399,#3400);
#3399 = CARTESIAN_POINT('',(0.,4.));
#3400 = VECTOR('',#3401,1.);
#3401 = DIRECTION('',(1.,0.));
#3402 = ( GEOMETRIC_REPRESENTATION_CONTEXT(2) 
PARAMETRIC_REPRESENTATION_CONTEXT() REPRESENTATION_CONTEXT('2D SPACE',''
  ) );
#3403 = ORIENTED_EDGE('',*,*,#833,.F.);
#3404 = FACE_BOUND('',#3405,.T.);
#3405 = EDGE_LOOP('',(#3406,#3407,#3408,#3430,#3431,#3453,#3454,#3455,
    #3477,#3478,#3500,#3501,#3523,#3524,#3546,#3547,#3569,#3570,#3592,
    #3593,#3615,#3616,#3638,#3639,#3661,#3662,#3684,#3685,#3686,#3708,
    #3709));
#3406 = ORIENTED_EDGE('',*,*,#940,.T.);
#3407 = ORIENTED_EDGE('',*,*,#1135,.T.);
#3408 = ORIENTED_EDGE('',*,*,#3409,.T.);
#3409 = EDGE_CURVE('',#1136,#1026,#3410,.T.);
#3410 = SURFACE_CURVE('',#3411,(#3416,#3423),.PCURVE_S1.);
#3411 = CIRCLE('',#3412,9.);
#3412 = AXIS2_PLACEMENT_3D('',#3413,#3414,#3415);
#3413 = CARTESIAN_POINT('',(-93.89165698475,0.,-670.4338246034));
#3414 = DIRECTION('',(0.,1.,0.));
#3415 = DIRECTION('',(0.,-0.,1.));
#3416 = PCURVE('',#91,#3417);
#3417 = DEFINITIONAL_REPRESENTATION('',(#3418),#3422);
#3418 = CIRCLE('',#3419,9.);
#3419 = AXIS2_PLACEMENT_2D('',#3420,#3421);
#3420 = CARTESIAN_POINT('',(489.09047691509,-98.9520358101));
#3421 = DIRECTION('',(1.,0.));
#3422 = ( GEOMETRIC_REPRESENTATION_CONTEXT(2) 
PARAMETRIC_REPRESENTATION_CONTEXT() REPRESENTATION_CONTEXT('2D SPACE',''
  ) );
#3423 = PCURVE('',#1071,#3424);
#3424 = DEFINITIONAL_REPRESENTATION('',(#3425),#3429);
#3425 = LINE('',#3426,#3427);
#3426 = CARTESIAN_POINT('',(0.,4.));
#3427 = VECTOR('',#3428,1.);
#3428 = DIRECTION('',(1.,0.));
#3429 = ( GEOMETRIC_REPRESENTATION_CONTEXT(2) 
PARAMETRIC_REPRESENTATION_CONTEXT() REPRESENTATION_CONTEXT('2D SPACE',''
  ) );
#3430 = ORIENTED_EDGE('',*,*,#1025,.T.);
#3431 = ORIENTED_EDGE('',*,*,#3432,.T.);
#3432 = EDGE_CURVE('',#1028,#2553,#3433,.T.);
#3433 = SURFACE_CURVE('',#3434,(#3439,#3446),.PCURVE_S1.);
#3434 = CIRCLE('',#3435,9.);
#3435 = AXIS2_PLACEMENT_3D('',#3436,#3437,#3438);
#3436 = CARTESIAN_POINT('',(-108.499621938,0.,-670.4338246034));
#3437 = DIRECTION('',(0.,1.,0.));
#3438 = DIRECTION('',(0.,-0.,1.));
#3439 = PCURVE('',#91,#3440);
#3440 = DEFINITIONAL_REPRESENTATION('',(#3441),#3445);
#3441 = CIRCLE('',#3442,9.);
#3442 = AXIS2_PLACEMENT_2D('',#3443,#3444);
#3443 = CARTESIAN_POINT('',(489.09047691509,-113.5600007634));
#3444 = DIRECTION('',(1.,0.));
#3445 = ( GEOMETRIC_REPRESENTATION_CONTEXT(2) 
PARAMETRIC_REPRESENTATION_CONTEXT() REPRESENTATION_CONTEXT('2D SPACE',''
  ) );
#3446 = PCURVE('',#1120,#3447);
#3447 = DEFINITIONAL_REPRESENTATION('',(#3448),#3452);
#3448 = LINE('',#3449,#3450);
#3449 = CARTESIAN_POINT('',(0.,4.));
#3450 = VECTOR('',#3451,1.);
#3451 = DIRECTION('',(1.,0.));
#3452 = ( GEOMETRIC_REPRESENTATION_CONTEXT(2) 
PARAMETRIC_REPRESENTATION_CONTEXT() REPRESENTATION_CONTEXT('2D SPACE',''
  ) );
#3453 = ORIENTED_EDGE('',*,*,#2552,.T.);
#3454 = ORIENTED_EDGE('',*,*,#2500,.T.);
#3455 = ORIENTED_EDGE('',*,*,#3456,.T.);
#3456 = EDGE_CURVE('',#2478,#2396,#3457,.T.);
#3457 = SURFACE_CURVE('',#3458,(#3463,#3470),.PCURVE_S1.);
#3458 = CIRCLE('',#3459,9.);
#3459 = AXIS2_PLACEMENT_3D('',#3460,#3461,#3462);
#3460 = CARTESIAN_POINT('',(-104.266495957,0.,-470.9165260329));
#3461 = DIRECTION('',(0.,1.,0.));
#3462 = DIRECTION('',(0.,-0.,1.));
#3463 = PCURVE('',#91,#3464);
#3464 = DEFINITIONAL_REPRESENTATION('',(#3465),#3469);
#3465 = CIRCLE('',#3466,9.);
#3466 = AXIS2_PLACEMENT_2D('',#3467,#3468);
#3467 = CARTESIAN_POINT('',(688.60777548562,-109.3268747823));
#3468 = DIRECTION('',(1.,0.));
#3469 = ( GEOMETRIC_REPRESENTATION_CONTEXT(2) 
PARAMETRIC_REPRESENTATION_CONTEXT() REPRESENTATION_CONTEXT('2D SPACE',''
  ) );
#3470 = PCURVE('',#2432,#3471);
#3471 = DEFINITIONAL_REPRESENTATION('',(#3472),#3476);
#3472 = LINE('',#3473,#3474);
#3473 = CARTESIAN_POINT('',(0.,4.));
#3474 = VECTOR('',#3475,1.);
#3475 = DIRECTION('',(1.,0.));
#3476 = ( GEOMETRIC_REPRESENTATION_CONTEXT(2) 
PARAMETRIC_REPRESENTATION_CONTEXT() REPRESENTATION_CONTEXT('2D SPACE',''
  ) );
#3477 = ORIENTED_EDGE('',*,*,#2395,.T.);
#3478 = ORIENTED_EDGE('',*,*,#3479,.T.);
#3479 = EDGE_CURVE('',#2373,#2291,#3480,.T.);
#3480 = SURFACE_CURVE('',#3481,(#3486,#3493),.PCURVE_S1.);
#3481 = CIRCLE('',#3482,9.);
#3482 = AXIS2_PLACEMENT_3D('',#3483,#3484,#3485);
#3483 = CARTESIAN_POINT('',(-99.04846744097,0.,-449.4182485468));
#3484 = DIRECTION('',(0.,1.,0.));
#3485 = DIRECTION('',(0.,-0.,1.));
#3486 = PCURVE('',#91,#3487);
#3487 = DEFINITIONAL_REPRESENTATION('',(#3488),#3492);
#3488 = CIRCLE('',#3489,9.);
#3489 = AXIS2_PLACEMENT_2D('',#3490,#3491);
#3490 = CARTESIAN_POINT('',(710.10605297174,-104.1088462663));
#3491 = DIRECTION('',(1.,0.));
#3492 = ( GEOMETRIC_REPRESENTATION_CONTEXT(2) 
PARAMETRIC_REPRESENTATION_CONTEXT() REPRESENTATION_CONTEXT('2D SPACE',''
  ) );
#3493 = PCURVE('',#2327,#3494);
#3494 = DEFINITIONAL_REPRESENTATION('',(#3495),#3499);
#3495 = LINE('',#3496,#3497);
#3496 = CARTESIAN_POINT('',(0.,4.));
#3497 = VECTOR('',#3498,1.);
#3498 = DIRECTION('',(1.,0.));
#3499 = ( GEOMETRIC_REPRESENTATION_CONTEXT(2) 
PARAMETRIC_REPRESENTATION_CONTEXT() REPRESENTATION_CONTEXT('2D SPACE',''
  ) );
#3500 = ORIENTED_EDGE('',*,*,#2290,.T.);
#3501 = ORIENTED_EDGE('',*,*,#3502,.T.);
#3502 = EDGE_CURVE('',#2268,#2186,#3503,.T.);
#3503 = SURFACE_CURVE('',#3504,(#3509,#3516),.PCURVE_S1.);
#3504 = CIRCLE('',#3505,9.);
#3505 = AXIS2_PLACEMENT_3D('',#3506,#3507,#3508);
#3506 = CARTESIAN_POINT('',(-84.92784719094,0.,-417.545991411));
#3507 = DIRECTION('',(0.,1.,0.));
#3508 = DIRECTION('',(0.,-0.,1.));
#3509 = PCURVE('',#91,#3510);
#3510 = DEFINITIONAL_REPRESENTATION('',(#3511),#3515);
#3511 = CIRCLE('',#3512,9.);
#3512 = AXIS2_PLACEMENT_2D('',#3513,#3514);
#3513 = CARTESIAN_POINT('',(741.97831010753,-89.9882260163));
#3514 = DIRECTION('',(1.,0.));
#3515 = ( GEOMETRIC_REPRESENTATION_CONTEXT(2) 
PARAMETRIC_REPRESENTATION_CONTEXT() REPRESENTATION_CONTEXT('2D SPACE',''
  ) );
#3516 = PCURVE('',#2222,#3517);
#3517 = DEFINITIONAL_REPRESENTATION('',(#3518),#3522);
#3518 = LINE('',#3519,#3520);
#3519 = CARTESIAN_POINT('',(-8.881784197001E-16,4.));
#3520 = VECTOR('',#3521,1.);
#3521 = DIRECTION('',(1.,0.));
#3522 = ( GEOMETRIC_REPRESENTATION_CONTEXT(2) 
PARAMETRIC_REPRESENTATION_CONTEXT() REPRESENTATION_CONTEXT('2D SPACE',''
  ) );
#3523 = ORIENTED_EDGE('',*,*,#2185,.T.);
#3524 = ORIENTED_EDGE('',*,*,#3525,.T.);
#3525 = EDGE_CURVE('',#2163,#2081,#3526,.T.);
#3526 = SURFACE_CURVE('',#3527,(#3532,#3539),.PCURVE_S1.);
#3527 = CIRCLE('',#3528,9.);
#3528 = AXIS2_PLACEMENT_3D('',#3529,#3530,#3531);
#3529 = CARTESIAN_POINT('',(-79.69719505139,0.,-415.2286138808));
#3530 = DIRECTION('',(0.,1.,0.));
#3531 = DIRECTION('',(0.,-0.,1.));
#3532 = PCURVE('',#91,#3533);
#3533 = DEFINITIONAL_REPRESENTATION('',(#3534),#3538);
#3534 = CIRCLE('',#3535,9.);
#3535 = AXIS2_PLACEMENT_2D('',#3536,#3537);
#3536 = CARTESIAN_POINT('',(744.29568763771,-84.75757387674));
#3537 = DIRECTION('',(1.,0.));
#3538 = ( GEOMETRIC_REPRESENTATION_CONTEXT(2) 
PARAMETRIC_REPRESENTATION_CONTEXT() REPRESENTATION_CONTEXT('2D SPACE',''
  ) );
#3539 = PCURVE('',#2117,#3540);
#3540 = DEFINITIONAL_REPRESENTATION('',(#3541),#3545);
#3541 = LINE('',#3542,#3543);
#3542 = CARTESIAN_POINT('',(0.,4.));
#3543 = VECTOR('',#3544,1.);
#3544 = DIRECTION('',(1.,0.));
#3545 = ( GEOMETRIC_REPRESENTATION_CONTEXT(2) 
PARAMETRIC_REPRESENTATION_CONTEXT() REPRESENTATION_CONTEXT('2D SPACE',''
  ) );
#3546 = ORIENTED_EDGE('',*,*,#2080,.T.);
#3547 = ORIENTED_EDGE('',*,*,#3548,.T.);
#3548 = EDGE_CURVE('',#2058,#1976,#3549,.T.);
#3549 = SURFACE_CURVE('',#3550,(#3555,#3562),.PCURVE_S1.);
#3550 = CIRCLE('',#3551,9.);
#3551 = AXIS2_PLACEMENT_3D('',#3552,#3553,#3554);
#3552 = CARTESIAN_POINT('',(-42.91771039982,0.,-412.0105361324));
#3553 = DIRECTION('',(0.,1.,0.));
#3554 = DIRECTION('',(0.,-0.,1.));
#3555 = PCURVE('',#91,#3556);
#3556 = DEFINITIONAL_REPRESENTATION('',(#3557),#3561);
#3557 = CIRCLE('',#3558,9.);
#3558 = AXIS2_PLACEMENT_2D('',#3559,#3560);
#3559 = CARTESIAN_POINT('',(747.51376538614,-47.97808922518));
#3560 = DIRECTION('',(1.,0.));
#3561 = ( GEOMETRIC_REPRESENTATION_CONTEXT(2) 
PARAMETRIC_REPRESENTATION_CONTEXT() REPRESENTATION_CONTEXT('2D SPACE',''
  ) );
#3562 = PCURVE('',#2012,#3563);
#3563 = DEFINITIONAL_REPRESENTATION('',(#3564),#3568);
#3564 = LINE('',#3565,#3566);
#3565 = CARTESIAN_POINT('',(0.,4.));
#3566 = VECTOR('',#3567,1.);
#3567 = DIRECTION('',(1.,0.));
#3568 = ( GEOMETRIC_REPRESENTATION_CONTEXT(2) 
PARAMETRIC_REPRESENTATION_CONTEXT() REPRESENTATION_CONTEXT('2D SPACE',''
  ) );
#3569 = ORIENTED_EDGE('',*,*,#1975,.T.);
#3570 = ORIENTED_EDGE('',*,*,#3571,.T.);
#3571 = EDGE_CURVE('',#1953,#1871,#3572,.T.);
#3572 = SURFACE_CURVE('',#3573,(#3578,#3585),.PCURVE_S1.);
#3573 = CIRCLE('',#3574,9.);
#3574 = AXIS2_PLACEMENT_3D('',#3575,#3576,#3577);
#3575 = CARTESIAN_POINT('',(53.038468050539,0.,-412.0105361324));
#3576 = DIRECTION('',(0.,1.,0.));
#3577 = DIRECTION('',(0.,-0.,1.));
#3578 = PCURVE('',#91,#3579);
#3579 = DEFINITIONAL_REPRESENTATION('',(#3580),#3584);
#3580 = CIRCLE('',#3581,9.);
#3581 = AXIS2_PLACEMENT_2D('',#3582,#3583);
#3582 = CARTESIAN_POINT('',(747.51376538614,47.978089225185));
#3583 = DIRECTION('',(1.,0.));
#3584 = ( GEOMETRIC_REPRESENTATION_CONTEXT(2) 
PARAMETRIC_REPRESENTATION_CONTEXT() REPRESENTATION_CONTEXT('2D SPACE',''
  ) );
#3585 = PCURVE('',#1907,#3586);
#3586 = DEFINITIONAL_REPRESENTATION('',(#3587),#3591);
#3587 = LINE('',#3588,#3589);
#3588 = CARTESIAN_POINT('',(0.,4.));
#3589 = VECTOR('',#3590,1.);
#3590 = DIRECTION('',(1.,0.));
#3591 = ( GEOMETRIC_REPRESENTATION_CONTEXT(2) 
PARAMETRIC_REPRESENTATION_CONTEXT() REPRESENTATION_CONTEXT('2D SPACE',''
  ) );
#3592 = ORIENTED_EDGE('',*,*,#1870,.T.);
#3593 = ORIENTED_EDGE('',*,*,#3594,.T.);
#3594 = EDGE_CURVE('',#1848,#1766,#3595,.T.);
#3595 = SURFACE_CURVE('',#3596,(#3601,#3608),.PCURVE_S1.);
#3596 = CIRCLE('',#3597,9.);
#3597 = AXIS2_PLACEMENT_3D('',#3598,#3599,#3600);
#3598 = CARTESIAN_POINT('',(89.817952702101,0.,-415.2286138808));
#3599 = DIRECTION('',(0.,1.,0.));
#3600 = DIRECTION('',(0.,-0.,1.));
#3601 = PCURVE('',#91,#3602);
#3602 = DEFINITIONAL_REPRESENTATION('',(#3603),#3607);
#3603 = CIRCLE('',#3604,9.);
#3604 = AXIS2_PLACEMENT_2D('',#3605,#3606);
#3605 = CARTESIAN_POINT('',(744.29568763771,84.757573876747));
#3606 = DIRECTION('',(1.,0.));
#3607 = ( GEOMETRIC_REPRESENTATION_CONTEXT(2) 
PARAMETRIC_REPRESENTATION_CONTEXT() REPRESENTATION_CONTEXT('2D SPACE',''
  ) );
#3608 = PCURVE('',#1802,#3609);
#3609 = DEFINITIONAL_REPRESENTATION('',(#3610),#3614);
#3610 = LINE('',#3611,#3612);
#3611 = CARTESIAN_POINT('',(5.689893001204E-16,4.));
#3612 = VECTOR('',#3613,1.);
#3613 = DIRECTION('',(1.,0.));
#3614 = ( GEOMETRIC_REPRESENTATION_CONTEXT(2) 
PARAMETRIC_REPRESENTATION_CONTEXT() REPRESENTATION_CONTEXT('2D SPACE',''
  ) );
#3615 = ORIENTED_EDGE('',*,*,#1765,.T.);
#3616 = ORIENTED_EDGE('',*,*,#3617,.T.);
#3617 = EDGE_CURVE('',#1743,#1661,#3618,.T.);
#3618 = SURFACE_CURVE('',#3619,(#3624,#3631),.PCURVE_S1.);
#3619 = CIRCLE('',#3620,9.);
#3620 = AXIS2_PLACEMENT_3D('',#3621,#3622,#3623);
#3621 = CARTESIAN_POINT('',(95.048604841657,0.,-417.545991411));
#3622 = DIRECTION('',(0.,1.,0.));
#3623 = DIRECTION('',(0.,-0.,1.));
#3624 = PCURVE('',#91,#3625);
#3625 = DEFINITIONAL_REPRESENTATION('',(#3626),#3630);
#3626 = CIRCLE('',#3627,9.);
#3627 = AXIS2_PLACEMENT_2D('',#3628,#3629);
#3628 = CARTESIAN_POINT('',(741.97831010753,89.988226016303));
#3629 = DIRECTION('',(1.,0.));
#3630 = ( GEOMETRIC_REPRESENTATION_CONTEXT(2) 
PARAMETRIC_REPRESENTATION_CONTEXT() REPRESENTATION_CONTEXT('2D SPACE',''
  ) );
#3631 = PCURVE('',#1697,#3632);
#3632 = DEFINITIONAL_REPRESENTATION('',(#3633),#3637);
#3633 = LINE('',#3634,#3635);
#3634 = CARTESIAN_POINT('',(0.,4.));
#3635 = VECTOR('',#3636,1.);
#3636 = DIRECTION('',(1.,0.));
#3637 = ( GEOMETRIC_REPRESENTATION_CONTEXT(2) 
PARAMETRIC_REPRESENTATION_CONTEXT() REPRESENTATION_CONTEXT('2D SPACE',''
  ) );
#3638 = ORIENTED_EDGE('',*,*,#1660,.T.);
#3639 = ORIENTED_EDGE('',*,*,#3640,.T.);
#3640 = EDGE_CURVE('',#1638,#1556,#3641,.T.);
#3641 = SURFACE_CURVE('',#3642,(#3647,#3654),.PCURVE_S1.);
#3642 = CIRCLE('',#3643,9.);
#3643 = AXIS2_PLACEMENT_3D('',#3644,#3645,#3646);
#3644 = CARTESIAN_POINT('',(109.16922509169,0.,-449.4182485468));
#3645 = DIRECTION('',(0.,1.,0.));
#3646 = DIRECTION('',(0.,-0.,1.));
#3647 = PCURVE('',#91,#3648);
#3648 = DEFINITIONAL_REPRESENTATION('',(#3649),#3653);
#3649 = CIRCLE('',#3650,9.);
#3650 = AXIS2_PLACEMENT_2D('',#3651,#3652);
#3651 = CARTESIAN_POINT('',(710.10605297174,104.10884626633));
#3652 = DIRECTION('',(1.,0.));
#3653 = ( GEOMETRIC_REPRESENTATION_CONTEXT(2) 
PARAMETRIC_REPRESENTATION_CONTEXT() REPRESENTATION_CONTEXT('2D SPACE',''
  ) );
#3654 = PCURVE('',#1592,#3655);
#3655 = DEFINITIONAL_REPRESENTATION('',(#3656),#3660);
#3656 = LINE('',#3657,#3658);
#3657 = CARTESIAN_POINT('',(6.661338147751E-16,4.));
#3658 = VECTOR('',#3659,1.);
#3659 = DIRECTION('',(1.,0.));
#3660 = ( GEOMETRIC_REPRESENTATION_CONTEXT(2) 
PARAMETRIC_REPRESENTATION_CONTEXT() REPRESENTATION_CONTEXT('2D SPACE',''
  ) );
#3661 = ORIENTED_EDGE('',*,*,#1555,.T.);
#3662 = ORIENTED_EDGE('',*,*,#3663,.T.);
#3663 = EDGE_CURVE('',#1533,#1427,#3664,.T.);
#3664 = SURFACE_CURVE('',#3665,(#3670,#3677),.PCURVE_S1.);
#3665 = CIRCLE('',#3666,9.);
#3666 = AXIS2_PLACEMENT_3D('',#3667,#3668,#3669);
#3667 = CARTESIAN_POINT('',(114.38725360773,0.,-470.9165260329));
#3668 = DIRECTION('',(0.,1.,0.));
#3669 = DIRECTION('',(0.,-0.,1.));
#3670 = PCURVE('',#91,#3671);
#3671 = DEFINITIONAL_REPRESENTATION('',(#3672),#3676);
#3672 = CIRCLE('',#3673,9.);
#3673 = AXIS2_PLACEMENT_2D('',#3674,#3675);
#3674 = CARTESIAN_POINT('',(688.60777548562,109.32687478238));
#3675 = DIRECTION('',(1.,0.));
#3676 = ( GEOMETRIC_REPRESENTATION_CONTEXT(2) 
PARAMETRIC_REPRESENTATION_CONTEXT() REPRESENTATION_CONTEXT('2D SPACE',''
  ) );
#3677 = PCURVE('',#1465,#3678);
#3678 = DEFINITIONAL_REPRESENTATION('',(#3679),#3683);
#3679 = LINE('',#3680,#3681);
#3680 = CARTESIAN_POINT('',(0.,4.));
#3681 = VECTOR('',#3682,1.);
#3682 = DIRECTION('',(1.,0.));
#3683 = ( GEOMETRIC_REPRESENTATION_CONTEXT(2) 
PARAMETRIC_REPRESENTATION_CONTEXT() REPRESENTATION_CONTEXT('2D SPACE',''
  ) );
#3684 = ORIENTED_EDGE('',*,*,#1426,.T.);
#3685 = ORIENTED_EDGE('',*,*,#1374,.T.);
#3686 = ORIENTED_EDGE('',*,*,#3687,.T.);
#3687 = EDGE_CURVE('',#1352,#1270,#3688,.T.);
#3688 = SURFACE_CURVE('',#3689,(#3694,#3701),.PCURVE_S1.);
#3689 = CIRCLE('',#3690,9.);
#3690 = AXIS2_PLACEMENT_3D('',#3691,#3692,#3693);
#3691 = CARTESIAN_POINT('',(118.62037958876,0.,-670.4338246034));
#3692 = DIRECTION('',(0.,1.,0.));
#3693 = DIRECTION('',(0.,-0.,1.));
#3694 = PCURVE('',#91,#3695);
#3695 = DEFINITIONAL_REPRESENTATION('',(#3696),#3700);
#3696 = CIRCLE('',#3697,9.);
#3697 = AXIS2_PLACEMENT_2D('',#3698,#3699);
#3698 = CARTESIAN_POINT('',(489.09047691509,113.56000076341));
#3699 = DIRECTION('',(1.,0.));
#3700 = ( GEOMETRIC_REPRESENTATION_CONTEXT(2) 
PARAMETRIC_REPRESENTATION_CONTEXT() REPRESENTATION_CONTEXT('2D SPACE',''
  ) );
#3701 = PCURVE('',#1306,#3702);
#3702 = DEFINITIONAL_REPRESENTATION('',(#3703),#3707);
#3703 = LINE('',#3704,#3705);
#3704 = CARTESIAN_POINT('',(-2.22044604925E-16,4.));
#3705 = VECTOR('',#3706,1.);
#3706 = DIRECTION('',(1.,0.));
#3707 = ( GEOMETRIC_REPRESENTATION_CONTEXT(2) 
PARAMETRIC_REPRESENTATION_CONTEXT() REPRESENTATION_CONTEXT('2D SPACE',''
  ) );
#3708 = ORIENTED_EDGE('',*,*,#1269,.T.);
#3709 = ORIENTED_EDGE('',*,*,#3710,.T.);
#3710 = EDGE_CURVE('',#1247,#906,#3711,.T.);
#3711 = SURFACE_CURVE('',#3712,(#3717,#3724),.PCURVE_S1.);
#3712 = CIRCLE('',#3713,9.);
#3713 = AXIS2_PLACEMENT_3D('',#3714,#3715,#3716);
#3714 = CARTESIAN_POINT('',(104.01241463546,0.,-670.4338246034));
#3715 = DIRECTION('',(0.,1.,0.));
#3716 = DIRECTION('',(0.,-0.,1.));
#3717 = PCURVE('',#91,#3718);
#3718 = DEFINITIONAL_REPRESENTATION('',(#3719),#3723);
#3719 = CIRCLE('',#3720,9.);
#3720 = AXIS2_PLACEMENT_2D('',#3721,#3722);
#3721 = CARTESIAN_POINT('',(489.09047691509,98.952035810108));
#3722 = DIRECTION('',(1.,0.));
#3723 = ( GEOMETRIC_REPRESENTATION_CONTEXT(2) 
PARAMETRIC_REPRESENTATION_CONTEXT() REPRESENTATION_CONTEXT('2D SPACE',''
  ) );
#3724 = PCURVE('',#928,#3725);
#3725 = DEFINITIONAL_REPRESENTATION('',(#3726),#3730);
#3726 = LINE('',#3727,#3728);
#3727 = CARTESIAN_POINT('',(0.,4.));
#3728 = VECTOR('',#3729,1.);
#3729 = DIRECTION('',(1.,0.));
#3730 = ( GEOMETRIC_REPRESENTATION_CONTEXT(2) 
PARAMETRIC_REPRESENTATION_CONTEXT() REPRESENTATION_CONTEXT('2D SPACE',''
  ) );
#3731 = ADVANCED_FACE('',(#3732),#821,.F.);
#3732 = FACE_BOUND('',#3733,.F.);
#3733 = EDGE_LOOP('',(#3734,#3735,#3736,#3737));
#3734 = ORIENTED_EDGE('',*,*,#3382,.F.);
#3735 = ORIENTED_EDGE('',*,*,#798,.F.);
#3736 = ORIENTED_EDGE('',*,*,#2798,.T.);
#3737 = ORIENTED_EDGE('',*,*,#857,.T.);
#3738 = ADVANCED_FACE('',(#3739),#714,.F.);
#3739 = FACE_BOUND('',#3740,.F.);
#3740 = EDGE_LOOP('',(#3741,#3742,#3743,#3744));
#3741 = ORIENTED_EDGE('',*,*,#3357,.F.);
#3742 = ORIENTED_EDGE('',*,*,#691,.F.);
#3743 = ORIENTED_EDGE('',*,*,#2773,.T.);
#3744 = ORIENTED_EDGE('',*,*,#750,.T.);
#3745 = ADVANCED_FACE('',(#3746),#607,.F.);
#3746 = FACE_BOUND('',#3747,.F.);
#3747 = EDGE_LOOP('',(#3748,#3749,#3750,#3751));
#3748 = ORIENTED_EDGE('',*,*,#3332,.F.);
#3749 = ORIENTED_EDGE('',*,*,#584,.F.);
#3750 = ORIENTED_EDGE('',*,*,#2748,.T.);
#3751 = ORIENTED_EDGE('',*,*,#643,.T.);
#3752 = ADVANCED_FACE('',(#3753),#500,.F.);
#3753 = FACE_BOUND('',#3754,.F.);
#3754 = EDGE_LOOP('',(#3755,#3756,#3757,#3758));
#3755 = ORIENTED_EDGE('',*,*,#3307,.F.);
#3756 = ORIENTED_EDGE('',*,*,#477,.F.);
#3757 = ORIENTED_EDGE('',*,*,#2723,.T.);
#3758 = ORIENTED_EDGE('',*,*,#536,.T.);
#3759 = ADVANCED_FACE('',(#3760),#393,.F.);
#3760 = FACE_BOUND('',#3761,.F.);
#3761 = EDGE_LOOP('',(#3762,#3763,#3764,#3765));
#3762 = ORIENTED_EDGE('',*,*,#3282,.F.);
#3763 = ORIENTED_EDGE('',*,*,#370,.F.);
#3764 = ORIENTED_EDGE('',*,*,#2698,.T.);
#3765 = ORIENTED_EDGE('',*,*,#429,.T.);
#3766 = ADVANCED_FACE('',(#3767),#286,.F.);
#3767 = FACE_BOUND('',#3768,.F.);
#3768 = EDGE_LOOP('',(#3769,#3770,#3771,#3772));
#3769 = ORIENTED_EDGE('',*,*,#3257,.F.);
#3770 = ORIENTED_EDGE('',*,*,#263,.F.);
#3771 = ORIENTED_EDGE('',*,*,#2673,.T.);
#3772 = ORIENTED_EDGE('',*,*,#322,.T.);
#3773 = ADVANCED_FACE('',(#3774),#179,.F.);
#3774 = FACE_BOUND('',#3775,.F.);
#3775 = EDGE_LOOP('',(#3776,#3777,#3778,#3779));
#3776 = ORIENTED_EDGE('',*,*,#3232,.F.);
#3777 = ORIENTED_EDGE('',*,*,#156,.F.);
#3778 = ORIENTED_EDGE('',*,*,#2648,.T.);
#3779 = ORIENTED_EDGE('',*,*,#215,.T.);
#3780 = ADVANCED_FACE('',(#3781),#62,.F.);
#3781 = FACE_BOUND('',#3782,.F.);
#3782 = EDGE_LOOP('',(#3783,#3784,#3785,#3786));
#3783 = ORIENTED_EDGE('',*,*,#3207,.F.);
#3784 = ORIENTED_EDGE('',*,*,#39,.F.);
#3785 = ORIENTED_EDGE('',*,*,#2623,.T.);
#3786 = ORIENTED_EDGE('',*,*,#103,.T.);
#3787 = ADVANCED_FACE('',(#3788),#1071,.T.);
#3788 = FACE_BOUND('',#3789,.T.);
#3789 = EDGE_LOOP('',(#3790,#3791,#3792,#3793));
#3790 = ORIENTED_EDGE('',*,*,#2824,.F.);
#3791 = ORIENTED_EDGE('',*,*,#1055,.F.);
#3792 = ORIENTED_EDGE('',*,*,#3409,.F.);
#3793 = ORIENTED_EDGE('',*,*,#1163,.F.);
#3794 = ADVANCED_FACE('',(#3795),#928,.T.);
#3795 = FACE_BOUND('',#3796,.T.);
#3796 = EDGE_LOOP('',(#3797,#3798,#3799,#3800));
#3797 = ORIENTED_EDGE('',*,*,#2852,.F.);
#3798 = ORIENTED_EDGE('',*,*,#905,.F.);
#3799 = ORIENTED_EDGE('',*,*,#3710,.F.);
#3800 = ORIENTED_EDGE('',*,*,#1246,.F.);
#3801 = ADVANCED_FACE('',(#3802),#1306,.T.);
#3802 = FACE_BOUND('',#3803,.T.);
#3803 = EDGE_LOOP('',(#3804,#3805,#3806,#3807));
#3804 = ORIENTED_EDGE('',*,*,#2879,.F.);
#3805 = ORIENTED_EDGE('',*,*,#1292,.F.);
#3806 = ORIENTED_EDGE('',*,*,#3687,.F.);
#3807 = ORIENTED_EDGE('',*,*,#1351,.F.);
#3808 = ADVANCED_FACE('',(#3809),#1465,.T.);
#3809 = FACE_BOUND('',#3810,.T.);
#3810 = EDGE_LOOP('',(#3811,#3812,#3813,#3814));
#3811 = ORIENTED_EDGE('',*,*,#2907,.F.);
#3812 = ORIENTED_EDGE('',*,*,#1449,.F.);
#3813 = ORIENTED_EDGE('',*,*,#3663,.F.);
#3814 = ORIENTED_EDGE('',*,*,#1532,.F.);
#3815 = ADVANCED_FACE('',(#3816),#1592,.T.);
#3816 = FACE_BOUND('',#3817,.T.);
#3817 = EDGE_LOOP('',(#3818,#3819,#3820,#3821));
#3818 = ORIENTED_EDGE('',*,*,#2934,.F.);
#3819 = ORIENTED_EDGE('',*,*,#1578,.F.);
#3820 = ORIENTED_EDGE('',*,*,#3640,.F.);
#3821 = ORIENTED_EDGE('',*,*,#1637,.F.);
#3822 = ADVANCED_FACE('',(#3823),#1697,.T.);
#3823 = FACE_BOUND('',#3824,.T.);
#3824 = EDGE_LOOP('',(#3825,#3826,#3827,#3828));
#3825 = ORIENTED_EDGE('',*,*,#2961,.F.);
#3826 = ORIENTED_EDGE('',*,*,#1683,.F.);
#3827 = ORIENTED_EDGE('',*,*,#3617,.F.);
#3828 = ORIENTED_EDGE('',*,*,#1742,.F.);
#3829 = ADVANCED_FACE('',(#3830),#1802,.T.);
#3830 = FACE_BOUND('',#3831,.T.);
#3831 = EDGE_LOOP('',(#3832,#3833,#3834,#3835));
#3832 = ORIENTED_EDGE('',*,*,#2988,.F.);
#3833 = ORIENTED_EDGE('',*,*,#1788,.F.);
#3834 = ORIENTED_EDGE('',*,*,#3594,.F.);
#3835 = ORIENTED_EDGE('',*,*,#1847,.F.);
#3836 = ADVANCED_FACE('',(#3837),#1907,.T.);
#3837 = FACE_BOUND('',#3838,.T.);
#3838 = EDGE_LOOP('',(#3839,#3840,#3841,#3842));
#3839 = ORIENTED_EDGE('',*,*,#3015,.F.);
#3840 = ORIENTED_EDGE('',*,*,#1893,.F.);
#3841 = ORIENTED_EDGE('',*,*,#3571,.F.);
#3842 = ORIENTED_EDGE('',*,*,#1952,.F.);
#3843 = ADVANCED_FACE('',(#3844),#2012,.T.);
#3844 = FACE_BOUND('',#3845,.T.);
#3845 = EDGE_LOOP('',(#3846,#3847,#3848,#3849));
#3846 = ORIENTED_EDGE('',*,*,#3042,.F.);
#3847 = ORIENTED_EDGE('',*,*,#1998,.F.);
#3848 = ORIENTED_EDGE('',*,*,#3548,.F.);
#3849 = ORIENTED_EDGE('',*,*,#2057,.F.);
#3850 = ADVANCED_FACE('',(#3851),#2117,.T.);
#3851 = FACE_BOUND('',#3852,.T.);
#3852 = EDGE_LOOP('',(#3853,#3854,#3855,#3856));
#3853 = ORIENTED_EDGE('',*,*,#3069,.F.);
#3854 = ORIENTED_EDGE('',*,*,#2103,.F.);
#3855 = ORIENTED_EDGE('',*,*,#3525,.F.);
#3856 = ORIENTED_EDGE('',*,*,#2162,.F.);
#3857 = ADVANCED_FACE('',(#3858),#2222,.T.);
#3858 = FACE_BOUND('',#3859,.T.);
#3859 = EDGE_LOOP('',(#3860,#3861,#3862,#3863));
#3860 = ORIENTED_EDGE('',*,*,#3096,.F.);
#3861 = ORIENTED_EDGE('',*,*,#2208,.F.);
#3862 = ORIENTED_EDGE('',*,*,#3502,.F.);
#3863 = ORIENTED_EDGE('',*,*,#2267,.F.);
#3864 = ADVANCED_FACE('',(#3865),#2327,.T.);
#3865 = FACE_BOUND('',#3866,.T.);
#3866 = EDGE_LOOP('',(#3867,#3868,#3869,#3870));
#3867 = ORIENTED_EDGE('',*,*,#3123,.F.);
#3868 = ORIENTED_EDGE('',*,*,#2313,.F.);
#3869 = ORIENTED_EDGE('',*,*,#3479,.F.);
#3870 = ORIENTED_EDGE('',*,*,#2372,.F.);
#3871 = ADVANCED_FACE('',(#3872),#2432,.T.);
#3872 = FACE_BOUND('',#3873,.T.);
#3873 = EDGE_LOOP('',(#3874,#3875,#3876,#3877));
#3874 = ORIENTED_EDGE('',*,*,#3150,.F.);
#3875 = ORIENTED_EDGE('',*,*,#2418,.F.);
#3876 = ORIENTED_EDGE('',*,*,#3456,.F.);
#3877 = ORIENTED_EDGE('',*,*,#2477,.F.);
#3878 = ADVANCED_FACE('',(#3879),#1120,.T.);
#3879 = FACE_BOUND('',#3880,.T.);
#3880 = EDGE_LOOP('',(#3881,#3882,#3883,#3884));
#3881 = ORIENTED_EDGE('',*,*,#3178,.F.);
#3882 = ORIENTED_EDGE('',*,*,#2575,.F.);
#3883 = ORIENTED_EDGE('',*,*,#3432,.F.);
#3884 = ORIENTED_EDGE('',*,*,#1106,.F.);
#3885 = ( GEOMETRIC_REPRESENTATION_CONTEXT(3) 
GLOBAL_UNCERTAINTY_ASSIGNED_CONTEXT((#3889)) 
GLOBAL_UNIT_ASSIGNED_CONTEXT((#3886,#3887,#3888)) REPRESENTATION_CONTEXT
('Context #1','3D Context with UNIT and UNCERTAINTY') );
#3886 = ( LENGTH_UNIT() NAMED_UNIT(*) SI_UNIT(.MILLI.,.METRE.) );
#3887 = ( NAMED_UNIT(*) PLANE_ANGLE_UNIT() SI_UNIT($,.RADIAN.) );
#3888 = ( NAMED_UNIT(*) SI_UNIT($,.STERADIAN.) SOLID_ANGLE_UNIT() );
#3889 = UNCERTAINTY_MEASURE_WITH_UNIT(LENGTH_MEASURE(1.E-07),#3886,
  'distance_accuracy_value','confusion accuracy');
#3890 = CONTEXT_DEPENDENT_SHAPE_REPRESENTATION(#3891,#3893);
#3891 = ( REPRESENTATION_RELATIONSHIP('','',#32,#10) 
REPRESENTATION_RELATIONSHIP_WITH_TRANSFORMATION(#3892) 
SHAPE_REPRESENTATION_RELATIONSHIP() );
#3892 = ITEM_DEFINED_TRANSFORMATION('','',#11,#15);
#3893 = PRODUCT_DEFINITION_SHAPE('Placement','Placement of an item',
  #3894);
#3894 = NEXT_ASSEMBLY_USAGE_OCCURRENCE('1','','',#5,#27,$);
#3895 = PRODUCT_RELATED_PRODUCT_CATEGORY('part',$,(#29));
#3896 = MECHANICAL_DESIGN_GEOMETRIC_PRESENTATION_REPRESENTATION('',(
    #3897),#3885);
#3897 = STYLED_ITEM('color',(#3898),#33);
#3898 = PRESENTATION_STYLE_ASSIGNMENT((#3899));
#3899 = SURFACE_STYLE_USAGE(.BOTH.,#3900);
#3900 = SURFACE_SIDE_STYLE('',(#3901));
#3901 = SURFACE_STYLE_FILL_AREA(#3902);
#3902 = FILL_AREA_STYLE('',(#3903));
#3903 = FILL_AREA_STYLE_COLOUR('',#3904);
#3904 = COLOUR_RGB('',0.302553795204,0.400662836512,0.679689715682);
ENDSEC;
END-ISO-10303-21;
