ISO-10303-21;
HEADER;
FILE_DESCRIPTION(('Open CASCADE Model'),'2;1');
FILE_NAME('Open CASCADE Shape Model','2026-04-01T17:19:41',('Author'),(
    'Open CASCADE'),'Open CASCADE STEP processor 7.7','Open CASCADE 7.7'
  ,'Unknown');
FILE_SCHEMA(('AUTOMOTIVE_DESIGN { 1 0 10303 214 1 1 1 1 }'));
ENDSEC;
DATA;
#1 = APPLICATION_PROTOCOL_DEFINITION('international standard',
  'automotive_design',2000,#2);
#2 = APPLICATION_CONTEXT(
  'core data for automotive mechanical design processes');
#3 = SHAPE_DEFINITION_REPRESENTATION(#4,#10);
#4 = PRODUCT_DEFINITION_SHAPE('','',#5);
#5 = PRODUCT_DEFINITION('design','',#6,#9);
#6 = PRODUCT_DEFINITION_FORMATION('','',#7);
#7 = PRODUCT('Configured_Manufacturing_Part',
  'Configured_Manufacturing_Part','',(#8));
#8 = PRODUCT_CONTEXT('',#2,'mechanical');
#9 = PRODUCT_DEFINITION_CONTEXT('part definition',#2,'design');
#10 = SHAPE_REPRESENTATION('',(#11,#15),#19);
#11 = AXIS2_PLACEMENT_3D('',#12,#13,#14);
#12 = CARTESIAN_POINT('',(0.,0.,0.));
#13 = DIRECTION('',(0.,0.,1.));
#14 = DIRECTION('',(1.,0.,-0.));
#15 = AXIS2_PLACEMENT_3D('',#16,#17,#18);
#16 = CARTESIAN_POINT('',(0.,0.,0.));
#17 = DIRECTION('',(0.,0.,1.));
#18 = DIRECTION('',(1.,0.,-0.));
#19 = ( GEOMETRIC_REPRESENTATION_CONTEXT(3) 
GLOBAL_UNCERTAINTY_ASSIGNED_CONTEXT((#23)) GLOBAL_UNIT_ASSIGNED_CONTEXT(
(#20,#21,#22)) REPRESENTATION_CONTEXT('Context #1',
  '3D Context with UNIT and UNCERTAINTY') );
#20 = ( LENGTH_UNIT() NAMED_UNIT(*) SI_UNIT(.MILLI.,.METRE.) );
#21 = ( NAMED_UNIT(*) PLANE_ANGLE_UNIT() SI_UNIT($,.RADIAN.) );
#22 = ( NAMED_UNIT(*) SI_UNIT($,.STERADIAN.) SOLID_ANGLE_UNIT() );
#23 = UNCERTAINTY_MEASURE_WITH_UNIT(LENGTH_MEASURE(2.E-07),#20,
  'distance_accuracy_value','confusion accuracy');
#24 = PRODUCT_RELATED_PRODUCT_CATEGORY('part',$,(#7));
#25 = SHAPE_DEFINITION_REPRESENTATION(#26,#32);
#26 = PRODUCT_DEFINITION_SHAPE('','',#27);
#27 = PRODUCT_DEFINITION('design','',#28,#31);
#28 = PRODUCT_DEFINITION_FORMATION('','',#29);
#29 = PRODUCT('Configured_Manufacturing_Part_part',
  'Configured_Manufacturing_Part_part','',(#30));
#30 = PRODUCT_CONTEXT('',#2,'mechanical');
#31 = PRODUCT_DEFINITION_CONTEXT('part definition',#2,'design');
#32 = ADVANCED_BREP_SHAPE_REPRESENTATION('',(#11,#33),#5129);
#33 = MANIFOLD_SOLID_BREP('',#34);
#34 = CLOSED_SHELL('',(#35,#487,#2029,#2077,#3308,#3342,#3574,#3653,
    #3682,#3709,#3736,#3763,#3790,#3817,#3844,#3871,#3898,#3925,#3952,
    #3979,#4006,#4033,#4060,#4087,#4114,#4141,#4168,#4195,#4222,#4249,
    #4276,#4303,#4330,#4357,#4384,#4411,#4438,#4465,#4492,#4519,#4552,
    #4599,#4606,#4653,#4660,#4707,#4714,#4761,#4768,#4815,#4822,#4869,
    #4876,#4923,#4930,#5120));
#35 = ADVANCED_FACE('',(#36),#51,.F.);
#36 = FACE_BOUND('',#37,.F.);
#37 = EDGE_LOOP('',(#38,#74,#267,#296));
#38 = ORIENTED_EDGE('',*,*,#39,.T.);
#39 = EDGE_CURVE('',#40,#42,#44,.T.);
#40 = VERTEX_POINT('',#41);
#41 = CARTESIAN_POINT('',(-65.43959166665,-4.,-414.7388670727));
#42 = VERTEX_POINT('',#43);
#43 = CARTESIAN_POINT('',(-65.43959166665,-4.,-410.7388228114));
#44 = SURFACE_CURVE('',#45,(#50,#62),.PCURVE_S1.);
#45 = CIRCLE('',#46,2.5);
#46 = AXIS2_PLACEMENT_3D('',#47,#48,#49);
#47 = CARTESIAN_POINT('',(-63.93962117464,-4.,-412.738844942));
#48 = DIRECTION('',(0.,1.,0.));
#49 = DIRECTION('',(0.,-0.,1.));
#50 = PCURVE('',#51,#56);
#51 = CYLINDRICAL_SURFACE('',#52,2.5);
#52 = AXIS2_PLACEMENT_3D('',#53,#54,#55);
#53 = CARTESIAN_POINT('',(-63.93962117464,-4.,-412.738844942));
#54 = DIRECTION('',(0.,1.,0.));
#55 = DIRECTION('',(0.,-0.,1.));
#56 = DEFINITIONAL_REPRESENTATION('',(#57),#61);
#57 = LINE('',#58,#59);
#58 = CARTESIAN_POINT('',(0.,0.));
#59 = VECTOR('',#60,1.);
#60 = DIRECTION('',(1.,0.));
#61 = ( GEOMETRIC_REPRESENTATION_CONTEXT(2) 
PARAMETRIC_REPRESENTATION_CONTEXT() REPRESENTATION_CONTEXT('2D SPACE',''
  ) );
#62 = PCURVE('',#63,#68);
#63 = PLANE('',#64);
#64 = AXIS2_PLACEMENT_3D('',#65,#66,#67);
#65 = CARTESIAN_POINT('',(5.060378825354,-4.,-1.159524301519E+03));
#66 = DIRECTION('',(0.,1.,0.));
#67 = DIRECTION('',(0.,-0.,1.));
#68 = DEFINITIONAL_REPRESENTATION('',(#69),#73);
#69 = CIRCLE('',#70,2.5);
#70 = AXIS2_PLACEMENT_2D('',#71,#72);
#71 = CARTESIAN_POINT('',(746.78545657646,-68.99999999999));
#72 = DIRECTION('',(1.,0.));
#73 = ( GEOMETRIC_REPRESENTATION_CONTEXT(2) 
PARAMETRIC_REPRESENTATION_CONTEXT() REPRESENTATION_CONTEXT('2D SPACE',''
  ) );
#74 = ORIENTED_EDGE('',*,*,#75,.F.);
#75 = EDGE_CURVE('',#76,#42,#78,.T.);
#76 = VERTEX_POINT('',#77);
#77 = CARTESIAN_POINT('',(-65.43959166665,0.,-410.7388228114));
#78 = SURFACE_CURVE('',#79,(#138,#200),.PCURVE_S1.);
#79 = B_SPLINE_CURVE_WITH_KNOTS('',8,(#80,#81,#82,#83,#84,#85,#86,#87,
    #88,#89,#90,#91,#92,#93,#94,#95,#96,#97,#98,#99,#100,#101,#102,#103,
    #104,#105,#106,#107,#108,#109,#110,#111,#112,#113,#114,#115,#116,
    #117,#118,#119,#120,#121,#122,#123,#124,#125,#126,#127,#128,#129,
    #130,#131,#132,#133,#134,#135,#136,#137),.UNSPECIFIED.,.F.,.F.,(9,7,
    7,7,7,7,7,7,9),(0.,0.264301054914,0.385184285686,0.506583528088,
    0.538334270622,0.568303628082,0.593777382784,0.690152974296,1.),
  .UNSPECIFIED.);
#80 = CARTESIAN_POINT('',(-65.43959086664,5.999999999062E-07,
    -410.7388222114));
#81 = CARTESIAN_POINT('',(-65.57399403713,-0.100801133851,
    -410.8396214069));
#82 = CARTESIAN_POINT('',(-65.69490014699,-0.20760824658,-410.9464257588
    ));
#83 = CARTESIAN_POINT('',(-65.80322207299,-0.318690961825,
    -411.0575054539));
#84 = CARTESIAN_POINT('',(-65.89993974819,-0.432806089927,
    -411.1716171788));
#85 = CARTESIAN_POINT('',(-65.98602657729,-0.549137939476,
    -411.2879451262));
#86 = CARTESIAN_POINT('',(-66.06238079977,-0.667240890278,
    -411.4060435347));
#87 = CARTESIAN_POINT('',(-66.1297618008,-0.786983627734,-411.5257807629
    ));
#88 = CARTESIAN_POINT('',(-66.21570224996,-0.964070647026,
    -411.7028571789));
#89 = CARTESIAN_POINT('',(-66.24086776077,-1.019921648693,
    -411.7587044996));
#90 = CARTESIAN_POINT('',(-66.26427037014,-1.076013567787,
    -411.8147922698));
#91 = CARTESIAN_POINT('',(-66.28594906143,-1.132316676055,-411.871090679
    ));
#92 = CARTESIAN_POINT('',(-66.30593925124,-1.1888059677,-411.9275746075)
  );
#93 = CARTESIAN_POINT('',(-66.32427270708,-1.245461134225,-411.984223536
    ));
#94 = CARTESIAN_POINT('',(-66.34097746512,-1.302266539291,-412.041021457
    ));
#95 = CARTESIAN_POINT('',(-66.3712424887,-1.416398926256,-412.1551351512
    ));
#96 = CARTESIAN_POINT('',(-66.38478761499,-1.473722210081,
    -412.2124466989));
#97 = CARTESIAN_POINT('',(-66.39673525439,-1.531157649729,
    -412.2698709946));
#98 = CARTESIAN_POINT('',(-66.40710502059,-1.588694657164,
    -412.3273837408));
#99 = CARTESIAN_POINT('',(-66.41591240324,-1.646302840488,-412.384980348
    ));
#100 = CARTESIAN_POINT('',(-66.42317072011,-1.70399093355,
    -412.4426230878));
#101 = CARTESIAN_POINT('',(-66.42888886716,-1.761724742292,
    -412.5003242617));
#102 = CARTESIAN_POINT('',(-66.43416697184,-1.834650672351,
    -412.5731038004));
#103 = CARTESIAN_POINT('',(-66.43514241727,-1.849582716546,
    -412.5880005964));
#104 = CARTESIAN_POINT('',(-66.43601535635,-1.864490599394,
    -412.6028633907));
#105 = CARTESIAN_POINT('',(-66.43678772147,-1.879416924473,
    -412.6177389136));
#106 = CARTESIAN_POINT('',(-66.43746326829,-1.894432961801,
    -412.6326853875));
#107 = CARTESIAN_POINT('',(-66.43804062005,-1.909605210158,
    -412.6477614515));
#108 = CARTESIAN_POINT('',(-66.43850796642,-1.924826292651,
    -412.6628554235));
#109 = CARTESIAN_POINT('',(-66.43920047123,-1.953460592791,
    -412.6909901094));
#110 = CARTESIAN_POINT('',(-66.43952254883,-1.971483504936,
    -412.7085507811));
#111 = CARTESIAN_POINT('',(-66.43978487156,-1.986593956261,
    -412.7239918643));
#112 = CARTESIAN_POINT('',(-66.43941823305,-2.008808975603,
    -412.7373363876));
#113 = CARTESIAN_POINT('',(-66.43972908995,-1.990100158106,
    -412.7387590328));
#114 = CARTESIAN_POINT('',(-66.43963116202,-2.018739988238,
    -412.7188036525));
#115 = CARTESIAN_POINT('',(-66.43943486665,-2.033007074599,
    -412.7041178982));
#116 = CARTESIAN_POINT('',(-66.43880607298,-2.064441286531,
    -412.6734756842));
#117 = CARTESIAN_POINT('',(-66.43840257412,-2.079849974777,
    -412.6582252847));
#118 = CARTESIAN_POINT('',(-66.43788127065,-2.095217689722,
    -412.6429764167));
#119 = CARTESIAN_POINT('',(-66.43726329765,-2.110285867848,
    -412.6279911853));
#120 = CARTESIAN_POINT('',(-66.43655501185,-2.125134256591,
    -412.6132001986));
#121 = CARTESIAN_POINT('',(-66.43575246937,-2.139900716175,
    -412.5984861773));
#122 = CARTESIAN_POINT('',(-66.43484954293,-2.154721061435,
    -412.5837055638));
#123 = CARTESIAN_POINT('',(-66.42987571362,-2.227705180632,
    -412.5108864896));
#124 = CARTESIAN_POINT('',(-66.4244130482,-2.285354347925,
    -412.4532686744));
#125 = CARTESIAN_POINT('',(-66.41741622704,-2.342962689853,
    -412.3957120446));
#126 = CARTESIAN_POINT('',(-66.40887694225,-2.400489551096,
    -412.3381939825));
#127 = CARTESIAN_POINT('',(-66.39878192182,-2.457951433133,
    -412.280759572));
#128 = CARTESIAN_POINT('',(-66.38711646447,-2.515312317366,
    -412.2234094223));
#129 = CARTESIAN_POINT('',(-66.3738614433,-2.572564060641,
    -412.1661700021));
#130 = CARTESIAN_POINT('',(-66.31120307632,-2.813313413873,
    -411.9254614421));
#131 = CARTESIAN_POINT('',(-66.24720468021,-2.993863336067,
    -411.7449225336));
#132 = CARTESIAN_POINT('',(-66.16642512468,-3.172219005317,
    -411.5665781774));
#133 = CARTESIAN_POINT('',(-66.06732411512,-3.348613498968,
    -411.3901911575));
#134 = CARTESIAN_POINT('',(-65.94771194622,-3.522312217175,
    -411.2164971909));
#135 = CARTESIAN_POINT('',(-65.80497916134,-3.6913811299,-411.047434007)
  );
#136 = CARTESIAN_POINT('',(-65.6363902207,-3.852402027457,
    -410.8864170672));
#137 = CARTESIAN_POINT('',(-65.43959086664,-4.0000006,-410.7388222114));
#138 = PCURVE('',#51,#139);
#139 = DEFINITIONAL_REPRESENTATION('',(#140),#199);
#140 = B_SPLINE_CURVE_WITH_KNOTS('',8,(#141,#142,#143,#144,#145,#146,
    #147,#148,#149,#150,#151,#152,#153,#154,#155,#156,#157,#158,#159,
    #160,#161,#162,#163,#164,#165,#166,#167,#168,#169,#170,#171,#172,
    #173,#174,#175,#176,#177,#178,#179,#180,#181,#182,#183,#184,#185,
    #186,#187,#188,#189,#190,#191,#192,#193,#194,#195,#196,#197,#198),
  .UNSPECIFIED.,.F.,.F.,(9,7,7,7,7,7,7,7,9),(0.,0.264301054914,
    0.385184285686,0.506583528088,0.538334270622,0.568303628082,
    0.593777382784,0.690152974296,1.),.UNSPECIFIED.);
#141 = CARTESIAN_POINT('',(5.639699352299,4.0000006));
#142 = CARTESIAN_POINT('',(5.572498530813,3.899198866149));
#143 = CARTESIAN_POINT('',(5.508175254757,3.79239175342));
#144 = CARTESIAN_POINT('',(5.44639180214,3.681309038175));
#145 = CARTESIAN_POINT('',(5.386833696498,3.567193910073));
#146 = CARTESIAN_POINT('',(5.329184886759,3.450862060524));
#147 = CARTESIAN_POINT('',(5.273111597313,3.332759109722));
#148 = CARTESIAN_POINT('',(5.218254848263,3.213016372266));
#149 = CARTESIAN_POINT('',(5.139523082986,3.035929352974));
#150 = CARTESIAN_POINT('',(5.11503084752,2.980078351307));
#151 = CARTESIAN_POINT('',(5.090736999158,2.923986432213));
#152 = CARTESIAN_POINT('',(5.066624144105,2.867683323945));
#153 = CARTESIAN_POINT('',(5.042675160668,2.8111940323));
#154 = CARTESIAN_POINT('',(5.018872924815,2.754538865775));
#155 = CARTESIAN_POINT('',(4.995200035743,2.697733460709));
#156 = CARTESIAN_POINT('',(4.947976470697,2.583601073744));
#157 = CARTESIAN_POINT('',(4.924428989929,2.526277789919));
#158 = CARTESIAN_POINT('',(4.900981515816,2.468842350271));
#159 = CARTESIAN_POINT('',(4.877622158109,2.411305342836));
#160 = CARTESIAN_POINT('',(4.854332116056,2.353697159512));
#161 = CARTESIAN_POINT('',(4.831106532036,2.29600906645));
#162 = CARTESIAN_POINT('',(4.807921078276,2.238275257708));
#163 = CARTESIAN_POINT('',(4.778732807631,2.165349327649));
#164 = CARTESIAN_POINT('',(4.772761472369,2.150417283454));
#165 = CARTESIAN_POINT('',(4.766806344413,2.135509400606));
#166 = CARTESIAN_POINT('',(4.760848377738,2.120583075527));
#167 = CARTESIAN_POINT('',(4.75486397201,2.105567038199));
#168 = CARTESIAN_POINT('',(4.748829383023,2.090394789842));
#169 = CARTESIAN_POINT('',(4.742789025026,2.075173707349));
#170 = CARTESIAN_POINT('',(4.73153174214,2.046539407209));
#171 = CARTESIAN_POINT('',(4.724506167931,2.028516495065));
#172 = CARTESIAN_POINT('',(4.718330246434,2.013406043739));
#173 = CARTESIAN_POINT('',(4.712992513912,1.991191024398));
#174 = CARTESIAN_POINT('',(4.712423438348,2.009899841894));
#175 = CARTESIAN_POINT('',(4.720405233136,1.981260011762));
#176 = CARTESIAN_POINT('',(4.726279842656,1.966992925401));
#177 = CARTESIAN_POINT('',(4.738539308629,1.935558713469));
#178 = CARTESIAN_POINT('',(4.744641491573,1.920150025223));
#179 = CARTESIAN_POINT('',(4.750744321524,1.904782310278));
#180 = CARTESIAN_POINT('',(4.756743209795,1.889714132152));
#181 = CARTESIAN_POINT('',(4.762666146045,1.874865743409));
#182 = CARTESIAN_POINT('',(4.768560277616,1.860099283825));
#183 = CARTESIAN_POINT('',(4.774483395545,1.845278938565));
#184 = CARTESIAN_POINT('',(4.803678892582,1.772294819368));
#185 = CARTESIAN_POINT('',(4.826821344062,1.714645652075));
#186 = CARTESIAN_POINT('',(4.849999970286,1.657037310147));
#187 = CARTESIAN_POINT('',(4.873243074706,1.599510448905));
#188 = CARTESIAN_POINT('',(4.896552418584,1.542048566866));
#189 = CARTESIAN_POINT('',(4.919948197396,1.484687682635));
#190 = CARTESIAN_POINT('',(4.943441214365,1.427435939359));
#191 = CARTESIAN_POINT('',(5.042933269765,1.186686586127));
#192 = CARTESIAN_POINT('',(5.119268533701,1.006136663933));
#193 = CARTESIAN_POINT('',(5.197111901127,0.827780994683));
#194 = CARTESIAN_POINT('',(5.277407435964,0.651386501032));
#195 = CARTESIAN_POINT('',(5.361008440894,0.477687782825));
#196 = CARTESIAN_POINT('',(5.448708118558,0.3086188701));
#197 = CARTESIAN_POINT('',(5.541300793602,0.147597972543));
#198 = CARTESIAN_POINT('',(5.639699352299,-6.E-07));
#199 = ( GEOMETRIC_REPRESENTATION_CONTEXT(2) 
PARAMETRIC_REPRESENTATION_CONTEXT() REPRESENTATION_CONTEXT('2D SPACE',''
  ) );
#200 = PCURVE('',#201,#206);
#201 = CYLINDRICAL_SURFACE('',#202,2.499995);
#202 = AXIS2_PLACEMENT_3D('',#203,#204,#205);
#203 = CARTESIAN_POINT('',(-63.9396,-2.,-512.7388));
#204 = DIRECTION('',(-0.,-0.,-1.));
#205 = DIRECTION('',(1.,0.,0.));
#206 = DEFINITIONAL_REPRESENTATION('',(#207),#266);
#207 = B_SPLINE_CURVE_WITH_KNOTS('',8,(#208,#209,#210,#211,#212,#213,
    #214,#215,#216,#217,#218,#219,#220,#221,#222,#223,#224,#225,#226,
    #227,#228,#229,#230,#231,#232,#233,#234,#235,#236,#237,#238,#239,
    #240,#241,#242,#243,#244,#245,#246,#247,#248,#249,#250,#251,#252,
    #253,#254,#255,#256,#257,#258,#259,#260,#261,#262,#263,#264,#265),
  .UNSPECIFIED.,.F.,.F.,(9,7,7,7,7,7,7,7,9),(0.,0.264301054914,
    0.385184285686,0.506583528088,0.538334270622,0.568303628082,
    0.593777382784,0.690152974296,1.),.UNSPECIFIED.);
#208 = CARTESIAN_POINT('',(-2.214294368909,-101.9999777885));
#209 = CARTESIAN_POINT('',(-2.281495933993,-101.899178593));
#210 = CARTESIAN_POINT('',(-2.345820064714,-101.7923742411));
#211 = CARTESIAN_POINT('',(-2.407604493258,-101.681294546));
#212 = CARTESIAN_POINT('',(-2.467163742264,-101.5671828211));
#213 = CARTESIAN_POINT('',(-2.524813906624,-101.4508548737));
#214 = CARTESIAN_POINT('',(-2.580888816205,-101.3327564652));
#215 = CARTESIAN_POINT('',(-2.635747579488,-101.213019237));
#216 = CARTESIAN_POINT('',(-2.714483317941,-101.035942821));
#217 = CARTESIAN_POINT('',(-2.738976942945,-100.9800955003));
#218 = CARTESIAN_POINT('',(-2.76327236916,-100.9240077302));
#219 = CARTESIAN_POINT('',(-2.787387023136,-100.8677093209));
#220 = CARTESIAN_POINT('',(-2.811338072131,-100.8112253924));
#221 = CARTESIAN_POINT('',(-2.835142724291,-100.7545764639));
#222 = CARTESIAN_POINT('',(-2.858818528831,-100.6977785429));
#223 = CARTESIAN_POINT('',(-2.906049415632,-100.5836648487));
#224 = CARTESIAN_POINT('',(-2.929601513645,-100.526353301));
#225 = CARTESIAN_POINT('',(-2.953053368711,-100.4689290053));
#226 = CARTESIAN_POINT('',(-2.976422354758,-100.4114162591));
#227 = CARTESIAN_POINT('',(-2.99971695149,-100.3538196519));
#228 = CARTESIAN_POINT('',(-3.022960601427,-100.2961769121));
#229 = CARTESIAN_POINT('',(-3.046159033948,-100.2384757382));
#230 = CARTESIAN_POINT('',(-3.075405766547,-100.1656961995));
#231 = CARTESIAN_POINT('',(-3.081391181741,-100.1507994035));
#232 = CARTESIAN_POINT('',(-3.087364325811,-100.1359366092));
#233 = CARTESIAN_POINT('',(-3.093342594061,-100.1210610863));
#234 = CARTESIAN_POINT('',(-3.099354805784,-100.1061146124));
#235 = CARTESIAN_POINT('',(-3.105427848957,-100.0910385484));
#236 = CARTESIAN_POINT('',(-3.111519031553,-100.0759445764));
#237 = CARTESIAN_POINT('',(-3.122976123603,-100.0478098905));
#238 = CARTESIAN_POINT('',(-3.130186592529,-100.0302492188));
#239 = CARTESIAN_POINT('',(-3.136230179006,-100.0148081356));
#240 = CARTESIAN_POINT('',(-3.145116057616,-100.0014636123));
#241 = CARTESIAN_POINT('',(-3.137633020086,-100.0000409671));
#242 = CARTESIAN_POINT('',(-3.149088306741,-100.0199963474));
#243 = CARTESIAN_POINT('',(-3.154795483642,-100.0346821017));
#244 = CARTESIAN_POINT('',(-3.167371708929,-100.0653243157));
#245 = CARTESIAN_POINT('',(-3.173537187603,-100.0805747152));
#246 = CARTESIAN_POINT('',(-3.179687536545,-100.0958235832));
#247 = CARTESIAN_POINT('',(-3.185719584088,-100.1108088146));
#248 = CARTESIAN_POINT('',(-3.191665461949,-100.1255998013));
#249 = CARTESIAN_POINT('',(-3.197580549747,-100.1403138226));
#250 = CARTESIAN_POINT('',(-3.203519541195,-100.1550944361));
#251 = CARTESIAN_POINT('',(-3.232780961636,-100.2279135103));
#252 = CARTESIAN_POINT('',(-3.255935878941,-100.2855313255));
#253 = CARTESIAN_POINT('',(-3.279135114745,-100.3430879553));
#254 = CARTESIAN_POINT('',(-3.302381663262,-100.4006060174));
#255 = CARTESIAN_POINT('',(-3.325701919791,-100.4580404279));
#256 = CARTESIAN_POINT('',(-3.349101916001,-100.5153905776));
#257 = CARTESIAN_POINT('',(-3.372599785217,-100.5726299978));
#258 = CARTESIAN_POINT('',(-3.472107830785,-100.8133385578));
#259 = CARTESIAN_POINT('',(-3.548447246425,-100.9938774663));
#260 = CARTESIAN_POINT('',(-3.626294876356,-101.1722218225));
#261 = CARTESIAN_POINT('',(-3.706593124463,-101.3486088424));
#262 = CARTESIAN_POINT('',(-3.790195735093,-101.522302809));
#263 = CARTESIAN_POINT('',(-3.877897384689,-101.6913659929));
#264 = CARTESIAN_POINT('',(-3.970491290763,-101.8523829327));
#265 = CARTESIAN_POINT('',(-4.06889093827,-101.9999777885));
#266 = ( GEOMETRIC_REPRESENTATION_CONTEXT(2) 
PARAMETRIC_REPRESENTATION_CONTEXT() REPRESENTATION_CONTEXT('2D SPACE',''
  ) );
#267 = ORIENTED_EDGE('',*,*,#268,.F.);
#268 = EDGE_CURVE('',#269,#76,#271,.T.);
#269 = VERTEX_POINT('',#270);
#270 = CARTESIAN_POINT('',(-65.43959166665,0.,-414.7388670727));
#271 = SURFACE_CURVE('',#272,(#277,#284),.PCURVE_S1.);
#272 = CIRCLE('',#273,2.5);
#273 = AXIS2_PLACEMENT_3D('',#274,#275,#276);
#274 = CARTESIAN_POINT('',(-63.93962117464,0.,-412.738844942));
#275 = DIRECTION('',(0.,1.,0.));
#276 = DIRECTION('',(0.,-0.,1.));
#277 = PCURVE('',#51,#278);
#278 = DEFINITIONAL_REPRESENTATION('',(#279),#283);
#279 = LINE('',#280,#281);
#280 = CARTESIAN_POINT('',(0.,4.));
#281 = VECTOR('',#282,1.);
#282 = DIRECTION('',(1.,0.));
#283 = ( GEOMETRIC_REPRESENTATION_CONTEXT(2) 
PARAMETRIC_REPRESENTATION_CONTEXT() REPRESENTATION_CONTEXT('2D SPACE',''
  ) );
#284 = PCURVE('',#285,#290);
#285 = PLANE('',#286);
#286 = AXIS2_PLACEMENT_3D('',#287,#288,#289);
#287 = CARTESIAN_POINT('',(5.060378825354,0.,-1.159524301519E+03));
#288 = DIRECTION('',(0.,1.,0.));
#289 = DIRECTION('',(0.,-0.,1.));
#290 = DEFINITIONAL_REPRESENTATION('',(#291),#295);
#291 = CIRCLE('',#292,2.5);
#292 = AXIS2_PLACEMENT_2D('',#293,#294);
#293 = CARTESIAN_POINT('',(746.78545657646,-68.99999999999));
#294 = DIRECTION('',(1.,0.));
#295 = ( GEOMETRIC_REPRESENTATION_CONTEXT(2) 
PARAMETRIC_REPRESENTATION_CONTEXT() REPRESENTATION_CONTEXT('2D SPACE',''
  ) );
#296 = ORIENTED_EDGE('',*,*,#297,.T.);
#297 = EDGE_CURVE('',#269,#40,#298,.T.);
#298 = SURFACE_CURVE('',#299,(#358,#420),.PCURVE_S1.);
#299 = B_SPLINE_CURVE_WITH_KNOTS('',8,(#300,#301,#302,#303,#304,#305,
    #306,#307,#308,#309,#310,#311,#312,#313,#314,#315,#316,#317,#318,
    #319,#320,#321,#322,#323,#324,#325,#326,#327,#328,#329,#330,#331,
    #332,#333,#334,#335,#336,#337,#338,#339,#340,#341,#342,#343,#344,
    #345,#346,#347,#348,#349,#350,#351,#352,#353,#354,#355,#356,#357),
  .UNSPECIFIED.,.F.,.F.,(9,7,7,7,7,7,7,7,9),(0.,0.264301059374,
    0.385184292185,0.506583534295,0.538334276302,0.568303633234,
    0.593777387391,0.690152978325,1.),.UNSPECIFIED.);
#300 = CARTESIAN_POINT('',(-65.43959086664,5.999999999062E-07,
    -414.7388676727));
#301 = CARTESIAN_POINT('',(-65.57399403713,-0.10080113385,
    -414.6380684772));
#302 = CARTESIAN_POINT('',(-65.69490014699,-0.20760824658,
    -414.5312641253));
#303 = CARTESIAN_POINT('',(-65.80322207299,-0.318690961825,
    -414.4201844302));
#304 = CARTESIAN_POINT('',(-65.89993974819,-0.432806089927,
    -414.3060727053));
#305 = CARTESIAN_POINT('',(-65.98602657729,-0.549137939476,
    -414.1897447578));
#306 = CARTESIAN_POINT('',(-66.06238079977,-0.667240890278,
    -414.0716463494));
#307 = CARTESIAN_POINT('',(-66.1297618008,-0.786983627734,
    -413.9519091211));
#308 = CARTESIAN_POINT('',(-66.21570224996,-0.964070647026,
    -413.7748327052));
#309 = CARTESIAN_POINT('',(-66.24086776077,-1.019921648693,
    -413.7189853845));
#310 = CARTESIAN_POINT('',(-66.26427037014,-1.076013567787,
    -413.6628976143));
#311 = CARTESIAN_POINT('',(-66.28594906143,-1.132316676055,
    -413.606599205));
#312 = CARTESIAN_POINT('',(-66.30593925124,-1.1888059677,-413.5501152766
    ));
#313 = CARTESIAN_POINT('',(-66.32427270708,-1.245461134225,
    -413.4934663481));
#314 = CARTESIAN_POINT('',(-66.34097746512,-1.302266539291,
    -413.4366684271));
#315 = CARTESIAN_POINT('',(-66.37124248841,-1.416398925154,
    -413.322554734));
#316 = CARTESIAN_POINT('',(-66.38478761572,-1.473722212594,
    -413.2652431827));
#317 = CARTESIAN_POINT('',(-66.39673525377,-1.531157648435,
    -413.2078188908));
#318 = CARTESIAN_POINT('',(-66.40710502062,-1.588694655646,
    -413.1503061448));
#319 = CARTESIAN_POINT('',(-66.41591240343,-1.646302841849,
    -413.0927095347));
#320 = CARTESIAN_POINT('',(-66.42317072012,-1.703990934316,
    -413.0350667955));
#321 = CARTESIAN_POINT('',(-66.42888886709,-1.761724741352,
    -412.9773656234));
#322 = CARTESIAN_POINT('',(-66.43416697184,-1.834650672382,
    -412.9045860837));
#323 = CARTESIAN_POINT('',(-66.43514241726,-1.8495827165,-412.8896892877
    ));
#324 = CARTESIAN_POINT('',(-66.43601535635,-1.864490599392,
    -412.8748264934));
#325 = CARTESIAN_POINT('',(-66.43678772147,-1.87941692451,
    -412.8599509704));
#326 = CARTESIAN_POINT('',(-66.43746326829,-1.894432961812,
    -412.8450044966));
#327 = CARTESIAN_POINT('',(-66.43804062005,-1.909605210135,
    -412.8299284326));
#328 = CARTESIAN_POINT('',(-66.43850796642,-1.924826292636,
    -412.8148344605));
#329 = CARTESIAN_POINT('',(-66.43920047123,-1.953460592791,
    -412.7866997746));
#330 = CARTESIAN_POINT('',(-66.43952254883,-1.971483504935,
    -412.769139103));
#331 = CARTESIAN_POINT('',(-66.43978487156,-1.986593956261,
    -412.7536980197));
#332 = CARTESIAN_POINT('',(-66.43941823305,-2.008808975602,
    -412.7403534965));
#333 = CARTESIAN_POINT('',(-66.43972908995,-1.990100158106,
    -412.7389308513));
#334 = CARTESIAN_POINT('',(-66.43963116202,-2.018739988238,
    -412.7588862316));
#335 = CARTESIAN_POINT('',(-66.43943486665,-2.033007074598,
    -412.7735719859));
#336 = CARTESIAN_POINT('',(-66.43880607298,-2.064441286476,
    -412.8042141999));
#337 = CARTESIAN_POINT('',(-66.43840257412,-2.079849974779,
    -412.8194645994));
#338 = CARTESIAN_POINT('',(-66.43788127065,-2.095217689772,
    -412.8347134674));
#339 = CARTESIAN_POINT('',(-66.43726329765,-2.110285867879,
    -412.8496986988));
#340 = CARTESIAN_POINT('',(-66.43655501185,-2.125134256555,
    -412.8644896855));
#341 = CARTESIAN_POINT('',(-66.43575246938,-2.139900716124,
    -412.8792037067));
#342 = CARTESIAN_POINT('',(-66.43484954293,-2.154721061485,
    -412.8939843203));
#343 = CARTESIAN_POINT('',(-66.42987571357,-2.227705181333,
    -412.9668033952));
#344 = CARTESIAN_POINT('',(-66.42441304829,-2.285354346092,
    -413.0244212078));
#345 = CARTESIAN_POINT('',(-66.41741622711,-2.342962691539,
    -413.0819778412));
#346 = CARTESIAN_POINT('',(-66.40887694183,-2.400489551295,
    -413.1394959018));
#347 = CARTESIAN_POINT('',(-66.39878192239,-2.457951431471,
    -413.1969303104));
#348 = CARTESIAN_POINT('',(-66.3871164641,-2.515312318703,
    -413.2542804631));
#349 = CARTESIAN_POINT('',(-66.3738614434,-2.57256406024,-413.3115198816
    ));
#350 = CARTESIAN_POINT('',(-66.31120307632,-2.813313413874,
    -413.5522284419));
#351 = CARTESIAN_POINT('',(-66.24720468021,-2.993863336066,
    -413.7327673505));
#352 = CARTESIAN_POINT('',(-66.16642512468,-3.172219005317,
    -413.9111117067));
#353 = CARTESIAN_POINT('',(-66.06732411512,-3.348613498968,
    -414.0874987266));
#354 = CARTESIAN_POINT('',(-65.94771194622,-3.522312217174,
    -414.2611926931));
#355 = CARTESIAN_POINT('',(-65.80497916134,-3.6913811299,-414.430255877)
  );
#356 = CARTESIAN_POINT('',(-65.6363902207,-3.852402027457,
    -414.5912728169));
#357 = CARTESIAN_POINT('',(-65.43959086664,-4.0000006,-414.7388676727));
#358 = PCURVE('',#51,#359);
#359 = DEFINITIONAL_REPRESENTATION('',(#360),#419);
#360 = B_SPLINE_CURVE_WITH_KNOTS('',8,(#361,#362,#363,#364,#365,#366,
    #367,#368,#369,#370,#371,#372,#373,#374,#375,#376,#377,#378,#379,
    #380,#381,#382,#383,#384,#385,#386,#387,#388,#389,#390,#391,#392,
    #393,#394,#395,#396,#397,#398,#399,#400,#401,#402,#403,#404,#405,
    #406,#407,#408,#409,#410,#411,#412,#413,#414,#415,#416,#417,#418),
  .UNSPECIFIED.,.F.,.F.,(9,7,7,7,7,7,7,7,9),(0.,0.264301059374,
    0.385184292185,0.506583534295,0.538334276302,0.568303633234,
    0.593777387391,0.690152978325,1.),.UNSPECIFIED.);
#361 = CARTESIAN_POINT('',(3.78507860847,4.0000006));
#362 = CARTESIAN_POINT('',(3.852279429956,3.89919886615));
#363 = CARTESIAN_POINT('',(3.916602706013,3.79239175342));
#364 = CARTESIAN_POINT('',(3.97838615863,3.681309038175));
#365 = CARTESIAN_POINT('',(4.037944264272,3.567193910073));
#366 = CARTESIAN_POINT('',(4.09559307401,3.450862060524));
#367 = CARTESIAN_POINT('',(4.151666363456,3.332759109722));
#368 = CARTESIAN_POINT('',(4.206523112506,3.213016372266));
#369 = CARTESIAN_POINT('',(4.285254877783,3.035929352974));
#370 = CARTESIAN_POINT('',(4.30974711325,2.980078351307));
#371 = CARTESIAN_POINT('',(4.334040961612,2.923986432213));
#372 = CARTESIAN_POINT('',(4.358153816664,2.867683323945));
#373 = CARTESIAN_POINT('',(4.382102800102,2.8111940323));
#374 = CARTESIAN_POINT('',(4.405905035955,2.754538865775));
#375 = CARTESIAN_POINT('',(4.429577925027,2.697733460709));
#376 = CARTESIAN_POINT('',(4.476801489616,2.583601074846));
#377 = CARTESIAN_POINT('',(4.500348971885,2.526277787406));
#378 = CARTESIAN_POINT('',(4.523796444394,2.468842351566));
#379 = CARTESIAN_POINT('',(4.547155802071,2.411305344353));
#380 = CARTESIAN_POINT('',(4.570445845257,2.353697158152));
#381 = CARTESIAN_POINT('',(4.593671429038,2.296009065684));
#382 = CARTESIAN_POINT('',(4.616856882117,2.238275258648));
#383 = CARTESIAN_POINT('',(4.646045153151,2.165349327618));
#384 = CARTESIAN_POINT('',(4.652016488382,2.1504172835));
#385 = CARTESIAN_POINT('',(4.657971616356,2.135509400608));
#386 = CARTESIAN_POINT('',(4.663929583047,2.12058307549));
#387 = CARTESIAN_POINT('',(4.669913988764,2.105567038188));
#388 = CARTESIAN_POINT('',(4.675948577737,2.090394789865));
#389 = CARTESIAN_POINT('',(4.681988935737,2.075173707364));
#390 = CARTESIAN_POINT('',(4.693246218629,2.046539407209));
#391 = CARTESIAN_POINT('',(4.700271792838,2.028516495065));
#392 = CARTESIAN_POINT('',(4.706447714335,2.013406043739));
#393 = CARTESIAN_POINT('',(4.711785446858,1.991191024397));
#394 = CARTESIAN_POINT('',(4.71235452242,2.009899841894));
#395 = CARTESIAN_POINT('',(4.704372727633,1.981260011762));
#396 = CARTESIAN_POINT('',(4.698498118114,1.966992925402));
#397 = CARTESIAN_POINT('',(4.686238652162,1.935558713524));
#398 = CARTESIAN_POINT('',(4.680136469196,1.920150025221));
#399 = CARTESIAN_POINT('',(4.674033639225,1.904782310228));
#400 = CARTESIAN_POINT('',(4.668034750962,1.889714132121));
#401 = CARTESIAN_POINT('',(4.662111814738,1.874865743445));
#402 = CARTESIAN_POINT('',(4.656217683174,1.860099283876));
#403 = CARTESIAN_POINT('',(4.650294565204,1.845278938515));
#404 = CARTESIAN_POINT('',(4.621099067907,1.772294818667));
#405 = CARTESIAN_POINT('',(4.597956617438,1.714645653908));
#406 = CARTESIAN_POINT('',(4.574777989822,1.65703730846));
#407 = CARTESIAN_POINT('',(4.551534885957,1.599510448705));
#408 = CARTESIAN_POINT('',(4.528225542881,1.542048568529));
#409 = CARTESIAN_POINT('',(4.50482976282,1.484687681297));
#410 = CARTESIAN_POINT('',(4.48133674657,1.42743593976));
#411 = CARTESIAN_POINT('',(4.381844691004,1.186686586126));
#412 = CARTESIAN_POINT('',(4.305509427069,1.006136663934));
#413 = CARTESIAN_POINT('',(4.227666059643,0.827780994683));
#414 = CARTESIAN_POINT('',(4.147370524805,0.651386501032));
#415 = CARTESIAN_POINT('',(4.063769519876,0.477687782826));
#416 = CARTESIAN_POINT('',(3.976069842211,0.3086188701));
#417 = CARTESIAN_POINT('',(3.883477167167,0.147597972543));
#418 = CARTESIAN_POINT('',(3.78507860847,-6.E-07));
#419 = ( GEOMETRIC_REPRESENTATION_CONTEXT(2) 
PARAMETRIC_REPRESENTATION_CONTEXT() REPRESENTATION_CONTEXT('2D SPACE',''
  ) );
#420 = PCURVE('',#421,#426);
#421 = CYLINDRICAL_SURFACE('',#422,2.499995);
#422 = AXIS2_PLACEMENT_3D('',#423,#424,#425);
#423 = CARTESIAN_POINT('',(-63.9396,-2.,-512.7388));
#424 = DIRECTION('',(-0.,-0.,-1.));
#425 = DIRECTION('',(1.,0.,0.));
#426 = DEFINITIONAL_REPRESENTATION('',(#427),#486);
#427 = B_SPLINE_CURVE_WITH_KNOTS('',8,(#428,#429,#430,#431,#432,#433,
    #434,#435,#436,#437,#438,#439,#440,#441,#442,#443,#444,#445,#446,
    #447,#448,#449,#450,#451,#452,#453,#454,#455,#456,#457,#458,#459,
    #460,#461,#462,#463,#464,#465,#466,#467,#468,#469,#470,#471,#472,
    #473,#474,#475,#476,#477,#478,#479,#480,#481,#482,#483,#484,#485),
  .UNSPECIFIED.,.F.,.F.,(9,7,7,7,7,7,7,7,9),(0.,0.264301059374,
    0.385184292185,0.506583534295,0.538334276302,0.568303633234,
    0.593777387391,0.690152978325,1.),.UNSPECIFIED.);
#428 = CARTESIAN_POINT('',(-2.214294368909,-97.99993232727));
#429 = CARTESIAN_POINT('',(-2.281495933993,-98.10073152277));
#430 = CARTESIAN_POINT('',(-2.345820064714,-98.20753587466));
#431 = CARTESIAN_POINT('',(-2.407604493258,-98.31861556972));
#432 = CARTESIAN_POINT('',(-2.467163742264,-98.43272729468));
#433 = CARTESIAN_POINT('',(-2.524813906624,-98.5490552421));
#434 = CARTESIAN_POINT('',(-2.580888816205,-98.66715365056));
#435 = CARTESIAN_POINT('',(-2.635747579488,-98.78689087881));
#436 = CARTESIAN_POINT('',(-2.714483317941,-98.96396729479));
#437 = CARTESIAN_POINT('',(-2.738976942945,-99.01981461544));
#438 = CARTESIAN_POINT('',(-2.76327236916,-99.07590238562));
#439 = CARTESIAN_POINT('',(-2.787387023136,-99.13220079492));
#440 = CARTESIAN_POINT('',(-2.811338072131,-99.18868472335));
#441 = CARTESIAN_POINT('',(-2.835142724291,-99.24533365188));
#442 = CARTESIAN_POINT('',(-2.858818528831,-99.30213157289));
#443 = CARTESIAN_POINT('',(-2.906049415176,-99.41624526595));
#444 = CARTESIAN_POINT('',(-2.929601514691,-99.47355681728));
#445 = CARTESIAN_POINT('',(-2.95305336815,-99.53098110916));
#446 = CARTESIAN_POINT('',(-2.97642235417,-99.58849385515));
#447 = CARTESIAN_POINT('',(-2.999716952032,-99.64609046528));
#448 = CARTESIAN_POINT('',(-3.022960601734,-99.7037332044));
#449 = CARTESIAN_POINT('',(-3.046159033571,-99.76143437659));
#450 = CARTESIAN_POINT('',(-3.07540576656,-99.83421391627));
#451 = CARTESIAN_POINT('',(-3.081391181723,-99.8491107122));
#452 = CARTESIAN_POINT('',(-3.08736432581,-99.86397350658));
#453 = CARTESIAN_POINT('',(-3.093342594075,-99.87884902951));
#454 = CARTESIAN_POINT('',(-3.099354805788,-99.89379550336));
#455 = CARTESIAN_POINT('',(-3.105427848948,-99.90887156734));
#456 = CARTESIAN_POINT('',(-3.111519031547,-99.9239655394));
#457 = CARTESIAN_POINT('',(-3.122976123603,-99.9521002253));
#458 = CARTESIAN_POINT('',(-3.130186592529,-99.96966089693));
#459 = CARTESIAN_POINT('',(-3.136230179006,-99.98510198021));
#460 = CARTESIAN_POINT('',(-3.145116057616,-99.99844650345));
#461 = CARTESIAN_POINT('',(-3.137633020086,-99.99986914864));
#462 = CARTESIAN_POINT('',(-3.149088306741,-99.97991376839));
#463 = CARTESIAN_POINT('',(-3.154795483642,-99.96522801407));
#464 = CARTESIAN_POINT('',(-3.167371708906,-99.93458580009));
#465 = CARTESIAN_POINT('',(-3.173537187604,-99.91933540058));
#466 = CARTESIAN_POINT('',(-3.179687536565,-99.9040865325));
#467 = CARTESIAN_POINT('',(-3.1857195841,-99.88910130116));
#468 = CARTESIAN_POINT('',(-3.191665461935,-99.87431031447));
#469 = CARTESIAN_POINT('',(-3.197580549726,-99.8595962932));
#470 = CARTESIAN_POINT('',(-3.203519541215,-99.84481567961));
#471 = CARTESIAN_POINT('',(-3.232780961917,-99.77199660476));
#472 = CARTESIAN_POINT('',(-3.255935878209,-99.71437879213));
#473 = CARTESIAN_POINT('',(-3.279135115409,-99.65682215876));
#474 = CARTESIAN_POINT('',(-3.302381663367,-99.59930409817));
#475 = CARTESIAN_POINT('',(-3.325701919096,-99.54186968952));
#476 = CARTESIAN_POINT('',(-3.349101916555,-99.48451953685));
#477 = CARTESIAN_POINT('',(-3.372599785051,-99.42728011838));
#478 = CARTESIAN_POINT('',(-3.472107830785,-99.186571558));
#479 = CARTESIAN_POINT('',(-3.548447246425,-99.00603264945));
#480 = CARTESIAN_POINT('',(-3.626294876356,-98.82768829326));
#481 = CARTESIAN_POINT('',(-3.706593124464,-98.65130127339));
#482 = CARTESIAN_POINT('',(-3.790195735092,-98.4776073068));
#483 = CARTESIAN_POINT('',(-3.877897384689,-98.3085441229));
#484 = CARTESIAN_POINT('',(-3.970491290763,-98.14752718305));
#485 = CARTESIAN_POINT('',(-4.06889093827,-97.99993232727));
#486 = ( GEOMETRIC_REPRESENTATION_CONTEXT(2) 
PARAMETRIC_REPRESENTATION_CONTEXT() REPRESENTATION_CONTEXT('2D SPACE',''
  ) );
#487 = ADVANCED_FACE('',(#488,#1609,#1669,#1729,#1789,#1849,#1909,#1969)
  ,#63,.F.);
#488 = FACE_BOUND('',#489,.F.);
#489 = EDGE_LOOP('',(#490,#521,#547,#575,#608,#636,#669,#697,#730,#758,
    #791,#819,#852,#880,#913,#941,#969,#1002,#1030,#1063,#1096,#1129,
    #1162,#1190,#1223,#1251,#1279,#1312,#1340,#1373,#1401,#1434,#1462,
    #1495,#1523,#1542,#1543,#1564,#1590));
#490 = ORIENTED_EDGE('',*,*,#491,.F.);
#491 = EDGE_CURVE('',#492,#494,#496,.T.);
#492 = VERTEX_POINT('',#493);
#493 = CARTESIAN_POINT('',(-62.43960833334,-4.,-410.7388545731));
#494 = VERTEX_POINT('',#495);
#495 = CARTESIAN_POINT('',(-62.43960833334,-4.,-414.738835311));
#496 = SURFACE_CURVE('',#497,(#502,#509),.PCURVE_S1.);
#497 = CIRCLE('',#498,2.5);
#498 = AXIS2_PLACEMENT_3D('',#499,#500,#501);
#499 = CARTESIAN_POINT('',(-63.93962117464,-4.,-412.738844942));
#500 = DIRECTION('',(0.,1.,0.));
#501 = DIRECTION('',(0.,-0.,1.));
#502 = PCURVE('',#63,#503);
#503 = DEFINITIONAL_REPRESENTATION('',(#504),#508);
#504 = CIRCLE('',#505,2.5);
#505 = AXIS2_PLACEMENT_2D('',#506,#507);
#506 = CARTESIAN_POINT('',(746.78545657646,-68.99999999999));
#507 = DIRECTION('',(1.,0.));
#508 = ( GEOMETRIC_REPRESENTATION_CONTEXT(2) 
PARAMETRIC_REPRESENTATION_CONTEXT() REPRESENTATION_CONTEXT('2D SPACE',''
  ) );
#509 = PCURVE('',#510,#515);
#510 = CYLINDRICAL_SURFACE('',#511,2.5);
#511 = AXIS2_PLACEMENT_3D('',#512,#513,#514);
#512 = CARTESIAN_POINT('',(-63.93962117464,-4.,-412.738844942));
#513 = DIRECTION('',(0.,1.,0.));
#514 = DIRECTION('',(0.,-0.,1.));
#515 = DEFINITIONAL_REPRESENTATION('',(#516),#520);
#516 = LINE('',#517,#518);
#517 = CARTESIAN_POINT('',(0.,0.));
#518 = VECTOR('',#519,1.);
#519 = DIRECTION('',(1.,0.));
#520 = ( GEOMETRIC_REPRESENTATION_CONTEXT(2) 
PARAMETRIC_REPRESENTATION_CONTEXT() REPRESENTATION_CONTEXT('2D SPACE',''
  ) );
#521 = ORIENTED_EDGE('',*,*,#522,.F.);
#522 = EDGE_CURVE('',#523,#492,#525,.T.);
#523 = VERTEX_POINT('',#524);
#524 = CARTESIAN_POINT('',(-62.43960833334,-4.,-404.6842499894));
#525 = SURFACE_CURVE('',#526,(#530,#536),.PCURVE_S1.);
#526 = LINE('',#527,#528);
#527 = CARTESIAN_POINT('',(-62.43960833334,-4.,-512.7388));
#528 = VECTOR('',#529,1.);
#529 = DIRECTION('',(-0.,-0.,-1.));
#530 = PCURVE('',#63,#531);
#531 = DEFINITIONAL_REPRESENTATION('',(#532),#535);
#532 = B_SPLINE_CURVE_WITH_KNOTS('',1,(#533,#534),.UNSPECIFIED.,.F.,.F.,
  (2,2),(-137.3705927146,6.000000212225E-07),.PIECEWISE_BEZIER_KNOTS.);
#533 = CARTESIAN_POINT('',(784.15609423325,-67.4999871587));
#534 = CARTESIAN_POINT('',(646.78550091855,-67.4999871587));
#535 = ( GEOMETRIC_REPRESENTATION_CONTEXT(2) 
PARAMETRIC_REPRESENTATION_CONTEXT() REPRESENTATION_CONTEXT('2D SPACE',''
  ) );
#536 = PCURVE('',#537,#542);
#537 = CYLINDRICAL_SURFACE('',#538,2.499995);
#538 = AXIS2_PLACEMENT_3D('',#539,#540,#541);
#539 = CARTESIAN_POINT('',(-63.9396,-2.,-512.7388));
#540 = DIRECTION('',(-0.,-0.,-1.));
#541 = DIRECTION('',(1.,0.,0.));
#542 = DEFINITIONAL_REPRESENTATION('',(#543),#546);
#543 = B_SPLINE_CURVE_WITH_KNOTS('',1,(#544,#545),.UNSPECIFIED.,.F.,.F.,
  (2,2),(-137.3705927146,6.000000212225E-07),.PIECEWISE_BEZIER_KNOTS.);
#544 = CARTESIAN_POINT('',(-5.355887422501,-137.3705927146));
#545 = CARTESIAN_POINT('',(-5.355887422501,6.000000212225E-07));
#546 = ( GEOMETRIC_REPRESENTATION_CONTEXT(2) 
PARAMETRIC_REPRESENTATION_CONTEXT() REPRESENTATION_CONTEXT('2D SPACE',''
  ) );
#547 = ORIENTED_EDGE('',*,*,#548,.T.);
#548 = EDGE_CURVE('',#523,#549,#551,.T.);
#549 = VERTEX_POINT('',#550);
#550 = CARTESIAN_POINT('',(-43.70218219038,-4.,-403.0447899833));
#551 = SURFACE_CURVE('',#552,(#556,#563),.PCURVE_S1.);
#552 = LINE('',#553,#554);
#553 = CARTESIAN_POINT('',(-81.97355109141,-4.,-406.3934024456));
#554 = VECTOR('',#555,1.);
#555 = DIRECTION('',(0.996194016565,0.,8.716353228437E-02));
#556 = PCURVE('',#63,#557);
#557 = DEFINITIONAL_REPRESENTATION('',(#558),#562);
#558 = LINE('',#559,#560);
#559 = CARTESIAN_POINT('',(753.13089907289,-87.03392991676));
#560 = VECTOR('',#561,1.);
#561 = DIRECTION('',(8.716353228437E-02,0.996194016565));
#562 = ( GEOMETRIC_REPRESENTATION_CONTEXT(2) 
PARAMETRIC_REPRESENTATION_CONTEXT() REPRESENTATION_CONTEXT('2D SPACE',''
  ) );
#563 = PCURVE('',#564,#569);
#564 = PLANE('',#565);
#565 = AXIS2_PLACEMENT_3D('',#566,#567,#568);
#566 = CARTESIAN_POINT('',(-81.97355109141,-4.,-406.3934024456));
#567 = DIRECTION('',(-8.716353228437E-02,0.,0.996194016565));
#568 = DIRECTION('',(0.996194016565,0.,8.716353228437E-02));
#569 = DEFINITIONAL_REPRESENTATION('',(#570),#574);
#570 = LINE('',#571,#572);
#571 = CARTESIAN_POINT('',(0.,0.));
#572 = VECTOR('',#573,1.);
#573 = DIRECTION('',(1.,0.));
#574 = ( GEOMETRIC_REPRESENTATION_CONTEXT(2) 
PARAMETRIC_REPRESENTATION_CONTEXT() REPRESENTATION_CONTEXT('2D SPACE',''
  ) );
#575 = ORIENTED_EDGE('',*,*,#576,.F.);
#576 = EDGE_CURVE('',#577,#549,#579,.T.);
#577 = VERTEX_POINT('',#578);
#578 = CARTESIAN_POINT('',(-42.91771039982,-4.,-403.0105361324));
#579 = SURFACE_CURVE('',#580,(#585,#596),.PCURVE_S1.);
#580 = CIRCLE('',#581,9.);
#581 = AXIS2_PLACEMENT_3D('',#582,#583,#584);
#582 = CARTESIAN_POINT('',(-42.91771039982,-4.,-412.0105361324));
#583 = DIRECTION('',(0.,-1.,0.));
#584 = DIRECTION('',(0.,0.,1.));
#585 = PCURVE('',#63,#586);
#586 = DEFINITIONAL_REPRESENTATION('',(#587),#595);
#587 = ( BOUNDED_CURVE() B_SPLINE_CURVE(2,(#588,#589,#590,#591,#592,#593
,#594),.UNSPECIFIED.,.T.,.F.) B_SPLINE_CURVE_WITH_KNOTS((1,2,2,2,2,1),(
    -2.094395102393,0.,2.094395102393,4.188790204786,6.28318530718,
8.377580409573),.UNSPECIFIED.) CURVE() GEOMETRIC_REPRESENTATION_ITEM() 
RATIONAL_B_SPLINE_CURVE((1.,0.5,1.,0.5,1.,0.5,1.)) REPRESENTATION_ITEM(
  '') );
#588 = CARTESIAN_POINT('',(756.51376538614,-47.97808922518));
#589 = CARTESIAN_POINT('',(756.51376538614,-63.5665464933));
#590 = CARTESIAN_POINT('',(743.01376538614,-55.77231785924));
#591 = CARTESIAN_POINT('',(729.51376538614,-47.97808922518));
#592 = CARTESIAN_POINT('',(743.01376538614,-40.18386059112));
#593 = CARTESIAN_POINT('',(756.51376538614,-32.38963195706));
#594 = CARTESIAN_POINT('',(756.51376538614,-47.97808922518));
#595 = ( GEOMETRIC_REPRESENTATION_CONTEXT(2) 
PARAMETRIC_REPRESENTATION_CONTEXT() REPRESENTATION_CONTEXT('2D SPACE',''
  ) );
#596 = PCURVE('',#597,#602);
#597 = CYLINDRICAL_SURFACE('',#598,9.);
#598 = AXIS2_PLACEMENT_3D('',#599,#600,#601);
#599 = CARTESIAN_POINT('',(-42.91771039982,-4.,-412.0105361324));
#600 = DIRECTION('',(0.,1.,-0.));
#601 = DIRECTION('',(0.,0.,1.));
#602 = DEFINITIONAL_REPRESENTATION('',(#603),#607);
#603 = LINE('',#604,#605);
#604 = CARTESIAN_POINT('',(6.28318530718,0.));
#605 = VECTOR('',#606,1.);
#606 = DIRECTION('',(-1.,0.));
#607 = ( GEOMETRIC_REPRESENTATION_CONTEXT(2) 
PARAMETRIC_REPRESENTATION_CONTEXT() REPRESENTATION_CONTEXT('2D SPACE',''
  ) );
#608 = ORIENTED_EDGE('',*,*,#609,.T.);
#609 = EDGE_CURVE('',#577,#610,#612,.T.);
#610 = VERTEX_POINT('',#611);
#611 = CARTESIAN_POINT('',(53.038468050539,-4.,-403.0105361324));
#612 = SURFACE_CURVE('',#613,(#617,#624),.PCURVE_S1.);
#613 = LINE('',#614,#615);
#614 = CARTESIAN_POINT('',(-43.31069413991,-4.,-403.0105361324));
#615 = VECTOR('',#616,1.);
#616 = DIRECTION('',(1.,0.,0.));
#617 = PCURVE('',#63,#618);
#618 = DEFINITIONAL_REPRESENTATION('',(#619),#623);
#619 = LINE('',#620,#621);
#620 = CARTESIAN_POINT('',(756.51376538614,-48.37107296526));
#621 = VECTOR('',#622,1.);
#622 = DIRECTION('',(0.,1.));
#623 = ( GEOMETRIC_REPRESENTATION_CONTEXT(2) 
PARAMETRIC_REPRESENTATION_CONTEXT() REPRESENTATION_CONTEXT('2D SPACE',''
  ) );
#624 = PCURVE('',#625,#630);
#625 = PLANE('',#626);
#626 = AXIS2_PLACEMENT_3D('',#627,#628,#629);
#627 = CARTESIAN_POINT('',(-43.31069413991,-4.,-403.0105361324));
#628 = DIRECTION('',(0.,0.,1.));
#629 = DIRECTION('',(1.,0.,-0.));
#630 = DEFINITIONAL_REPRESENTATION('',(#631),#635);
#631 = LINE('',#632,#633);
#632 = CARTESIAN_POINT('',(0.,0.));
#633 = VECTOR('',#634,1.);
#634 = DIRECTION('',(1.,0.));
#635 = ( GEOMETRIC_REPRESENTATION_CONTEXT(2) 
PARAMETRIC_REPRESENTATION_CONTEXT() REPRESENTATION_CONTEXT('2D SPACE',''
  ) );
#636 = ORIENTED_EDGE('',*,*,#637,.F.);
#637 = EDGE_CURVE('',#638,#610,#640,.T.);
#638 = VERTEX_POINT('',#639);
#639 = CARTESIAN_POINT('',(53.822939841098,-4.,-403.0447899833));
#640 = SURFACE_CURVE('',#641,(#646,#657),.PCURVE_S1.);
#641 = CIRCLE('',#642,9.);
#642 = AXIS2_PLACEMENT_3D('',#643,#644,#645);
#643 = CARTESIAN_POINT('',(53.038468050539,-4.,-412.0105361324));
#644 = DIRECTION('',(-0.,-1.,0.));
#645 = DIRECTION('',(-1.233581138472E-14,0.,1.));
#646 = PCURVE('',#63,#647);
#647 = DEFINITIONAL_REPRESENTATION('',(#648),#656);
#648 = ( BOUNDED_CURVE() B_SPLINE_CURVE(2,(#649,#650,#651,#652,#653,#654
,#655),.UNSPECIFIED.,.T.,.F.) B_SPLINE_CURVE_WITH_KNOTS((1,2,2,2,2,1),(
    -2.094395102393,0.,2.094395102393,4.188790204786,6.28318530718,
8.377580409573),.UNSPECIFIED.) CURVE() GEOMETRIC_REPRESENTATION_ITEM() 
RATIONAL_B_SPLINE_CURVE((1.,0.5,1.,0.5,1.,0.5,1.)) REPRESENTATION_ITEM(
  '') );
#649 = CARTESIAN_POINT('',(756.51376538614,47.978089225185));
#650 = CARTESIAN_POINT('',(756.51376538614,32.389631957065));
#651 = CARTESIAN_POINT('',(743.01376538614,40.183860591125));
#652 = CARTESIAN_POINT('',(729.51376538614,47.978089225185));
#653 = CARTESIAN_POINT('',(743.01376538614,55.772317859245));
#654 = CARTESIAN_POINT('',(756.51376538614,63.566546493305));
#655 = CARTESIAN_POINT('',(756.51376538614,47.978089225185));
#656 = ( GEOMETRIC_REPRESENTATION_CONTEXT(2) 
PARAMETRIC_REPRESENTATION_CONTEXT() REPRESENTATION_CONTEXT('2D SPACE',''
  ) );
#657 = PCURVE('',#658,#663);
#658 = CYLINDRICAL_SURFACE('',#659,9.);
#659 = AXIS2_PLACEMENT_3D('',#660,#661,#662);
#660 = CARTESIAN_POINT('',(53.038468050539,-4.,-412.0105361324));
#661 = DIRECTION('',(0.,1.,-0.));
#662 = DIRECTION('',(0.,0.,1.));
#663 = DEFINITIONAL_REPRESENTATION('',(#664),#668);
#664 = LINE('',#665,#666);
#665 = CARTESIAN_POINT('',(6.28318530718,0.));
#666 = VECTOR('',#667,1.);
#667 = DIRECTION('',(-1.,0.));
#668 = ( GEOMETRIC_REPRESENTATION_CONTEXT(2) 
PARAMETRIC_REPRESENTATION_CONTEXT() REPRESENTATION_CONTEXT('2D SPACE',''
  ) );
#669 = ORIENTED_EDGE('',*,*,#670,.T.);
#670 = EDGE_CURVE('',#638,#671,#673,.T.);
#671 = VERTEX_POINT('',#672);
#672 = CARTESIAN_POINT('',(90.60242449266,-4.,-406.2628677317));
#673 = SURFACE_CURVE('',#674,(#678,#685),.PCURVE_S1.);
#674 = LINE('',#675,#676);
#675 = CARTESIAN_POINT('',(92.094308742123,-4.,-406.3934024456));
#676 = VECTOR('',#677,1.);
#677 = DIRECTION('',(0.996194016565,-0.,-8.716353228437E-02));
#678 = PCURVE('',#63,#679);
#679 = DEFINITIONAL_REPRESENTATION('',(#680),#684);
#680 = LINE('',#681,#682);
#681 = CARTESIAN_POINT('',(753.13089907289,87.033929916769));
#682 = VECTOR('',#683,1.);
#683 = DIRECTION('',(-8.716353228437E-02,0.996194016565));
#684 = ( GEOMETRIC_REPRESENTATION_CONTEXT(2) 
PARAMETRIC_REPRESENTATION_CONTEXT() REPRESENTATION_CONTEXT('2D SPACE',''
  ) );
#685 = PCURVE('',#686,#691);
#686 = PLANE('',#687);
#687 = AXIS2_PLACEMENT_3D('',#688,#689,#690);
#688 = CARTESIAN_POINT('',(92.094308742123,-4.,-406.3934024456));
#689 = DIRECTION('',(8.716353228437E-02,-0.,0.996194016565));
#690 = DIRECTION('',(0.996194016565,0.,-8.716353228437E-02));
#691 = DEFINITIONAL_REPRESENTATION('',(#692),#696);
#692 = LINE('',#693,#694);
#693 = CARTESIAN_POINT('',(0.,0.));
#694 = VECTOR('',#695,1.);
#695 = DIRECTION('',(1.,0.));
#696 = ( GEOMETRIC_REPRESENTATION_CONTEXT(2) 
PARAMETRIC_REPRESENTATION_CONTEXT() REPRESENTATION_CONTEXT('2D SPACE',''
  ) );
#697 = ORIENTED_EDGE('',*,*,#698,.F.);
#698 = EDGE_CURVE('',#699,#671,#701,.T.);
#699 = VERTEX_POINT('',#700);
#700 = CARTESIAN_POINT('',(93.463532097668,-4.,-407.0000203879));
#701 = SURFACE_CURVE('',#702,(#707,#718),.PCURVE_S1.);
#702 = CIRCLE('',#703,9.);
#703 = AXIS2_PLACEMENT_3D('',#704,#705,#706);
#704 = CARTESIAN_POINT('',(89.817952702101,-4.,-415.2286138808));
#705 = DIRECTION('',(-0.,-1.,0.));
#706 = DIRECTION('',(4.625929269271E-15,-0.,1.));
#707 = PCURVE('',#63,#708);
#708 = DEFINITIONAL_REPRESENTATION('',(#709),#717);
#709 = ( BOUNDED_CURVE() B_SPLINE_CURVE(2,(#710,#711,#712,#713,#714,#715
,#716),.UNSPECIFIED.,.T.,.F.) B_SPLINE_CURVE_WITH_KNOTS((1,2,2,2,2,1),(
    -2.094395102393,0.,2.094395102393,4.188790204786,6.28318530718,
8.377580409573),.UNSPECIFIED.) CURVE() GEOMETRIC_REPRESENTATION_ITEM() 
RATIONAL_B_SPLINE_CURVE((1.,0.5,1.,0.5,1.,0.5,1.)) REPRESENTATION_ITEM(
  '') );
#710 = CARTESIAN_POINT('',(753.29568763771,84.757573876747));
#711 = CARTESIAN_POINT('',(753.29568763771,69.169116608627));
#712 = CARTESIAN_POINT('',(739.79568763771,76.963345242687));
#713 = CARTESIAN_POINT('',(726.29568763771,84.757573876747));
#714 = CARTESIAN_POINT('',(739.79568763771,92.551802510807));
#715 = CARTESIAN_POINT('',(753.29568763771,100.34603114486));
#716 = CARTESIAN_POINT('',(753.29568763771,84.757573876747));
#717 = ( GEOMETRIC_REPRESENTATION_CONTEXT(2) 
PARAMETRIC_REPRESENTATION_CONTEXT() REPRESENTATION_CONTEXT('2D SPACE',''
  ) );
#718 = PCURVE('',#719,#724);
#719 = CYLINDRICAL_SURFACE('',#720,9.);
#720 = AXIS2_PLACEMENT_3D('',#721,#722,#723);
#721 = CARTESIAN_POINT('',(89.817952702101,-4.,-415.2286138808));
#722 = DIRECTION('',(0.,1.,0.));
#723 = DIRECTION('',(0.,-0.,1.));
#724 = DEFINITIONAL_REPRESENTATION('',(#725),#729);
#725 = LINE('',#726,#727);
#726 = CARTESIAN_POINT('',(6.28318530718,0.));
#727 = VECTOR('',#728,1.);
#728 = DIRECTION('',(-1.,0.));
#729 = ( GEOMETRIC_REPRESENTATION_CONTEXT(2) 
PARAMETRIC_REPRESENTATION_CONTEXT() REPRESENTATION_CONTEXT('2D SPACE',''
  ) );
#730 = ORIENTED_EDGE('',*,*,#731,.T.);
#731 = EDGE_CURVE('',#699,#732,#734,.T.);
#732 = VERTEX_POINT('',#733);
#733 = CARTESIAN_POINT('',(98.694184237225,-4.,-409.3173979181));
#734 = SURFACE_CURVE('',#735,(#739,#746),.PCURVE_S1.);
#735 = LINE('',#736,#737);
#736 = CARTESIAN_POINT('',(101.87013260288,-4.,-410.7244636497));
#737 = VECTOR('',#738,1.);
#738 = DIRECTION('',(0.914288165872,-0.,-0.405064377285));
#739 = PCURVE('',#63,#740);
#740 = DEFINITIONAL_REPRESENTATION('',(#741),#745);
#741 = LINE('',#742,#743);
#742 = CARTESIAN_POINT('',(748.79983786876,96.809753777533));
#743 = VECTOR('',#744,1.);
#744 = DIRECTION('',(-0.405064377285,0.914288165872));
#745 = ( GEOMETRIC_REPRESENTATION_CONTEXT(2) 
PARAMETRIC_REPRESENTATION_CONTEXT() REPRESENTATION_CONTEXT('2D SPACE',''
  ) );
#746 = PCURVE('',#747,#752);
#747 = PLANE('',#748);
#748 = AXIS2_PLACEMENT_3D('',#749,#750,#751);
#749 = CARTESIAN_POINT('',(101.87013260288,-4.,-410.7244636497));
#750 = DIRECTION('',(0.405064377285,-0.,0.914288165872));
#751 = DIRECTION('',(0.914288165872,0.,-0.405064377285));
#752 = DEFINITIONAL_REPRESENTATION('',(#753),#757);
#753 = LINE('',#754,#755);
#754 = CARTESIAN_POINT('',(0.,0.));
#755 = VECTOR('',#756,1.);
#756 = DIRECTION('',(1.,0.));
#757 = ( GEOMETRIC_REPRESENTATION_CONTEXT(2) 
PARAMETRIC_REPRESENTATION_CONTEXT() REPRESENTATION_CONTEXT('2D SPACE',''
  ) );
#758 = ORIENTED_EDGE('',*,*,#759,.F.);
#759 = EDGE_CURVE('',#760,#732,#762,.T.);
#760 = VERTEX_POINT('',#761);
#761 = CARTESIAN_POINT('',(103.2771983345,-4.,-413.9004120154));
#762 = SURFACE_CURVE('',#763,(#768,#779),.PCURVE_S1.);
#763 = CIRCLE('',#764,9.);
#764 = AXIS2_PLACEMENT_3D('',#765,#766,#767);
#765 = CARTESIAN_POINT('',(95.048604841657,-4.,-417.545991411));
#766 = DIRECTION('',(-0.,-1.,0.));
#767 = DIRECTION('',(-1.079383496163E-14,0.,1.));
#768 = PCURVE('',#63,#769);
#769 = DEFINITIONAL_REPRESENTATION('',(#770),#778);
#770 = ( BOUNDED_CURVE() B_SPLINE_CURVE(2,(#771,#772,#773,#774,#775,#776
,#777),.UNSPECIFIED.,.T.,.F.) B_SPLINE_CURVE_WITH_KNOTS((1,2,2,2,2,1),(
    -2.094395102393,0.,2.094395102393,4.188790204786,6.28318530718,
8.377580409573),.UNSPECIFIED.) CURVE() GEOMETRIC_REPRESENTATION_ITEM() 
RATIONAL_B_SPLINE_CURVE((1.,0.5,1.,0.5,1.,0.5,1.)) REPRESENTATION_ITEM(
  '') );
#771 = CARTESIAN_POINT('',(750.97831010753,89.988226016303));
#772 = CARTESIAN_POINT('',(750.97831010753,74.399768748183));
#773 = CARTESIAN_POINT('',(737.47831010753,82.193997382243));
#774 = CARTESIAN_POINT('',(723.97831010753,89.988226016303));
#775 = CARTESIAN_POINT('',(737.47831010753,97.782454650363));
#776 = CARTESIAN_POINT('',(750.97831010753,105.57668328442));
#777 = CARTESIAN_POINT('',(750.97831010753,89.988226016303));
#778 = ( GEOMETRIC_REPRESENTATION_CONTEXT(2) 
PARAMETRIC_REPRESENTATION_CONTEXT() REPRESENTATION_CONTEXT('2D SPACE',''
  ) );
#779 = PCURVE('',#780,#785);
#780 = CYLINDRICAL_SURFACE('',#781,9.);
#781 = AXIS2_PLACEMENT_3D('',#782,#783,#784);
#782 = CARTESIAN_POINT('',(95.048604841657,-4.,-417.545991411));
#783 = DIRECTION('',(0.,1.,0.));
#784 = DIRECTION('',(0.,-0.,1.));
#785 = DEFINITIONAL_REPRESENTATION('',(#786),#790);
#786 = LINE('',#787,#788);
#787 = CARTESIAN_POINT('',(6.28318530718,0.));
#788 = VECTOR('',#789,1.);
#789 = DIRECTION('',(-1.,0.));
#790 = ( GEOMETRIC_REPRESENTATION_CONTEXT(2) 
PARAMETRIC_REPRESENTATION_CONTEXT() REPRESENTATION_CONTEXT('2D SPACE',''
  ) );
#791 = ORIENTED_EDGE('',*,*,#792,.T.);
#792 = EDGE_CURVE('',#760,#793,#795,.T.);
#793 = VERTEX_POINT('',#794);
#794 = CARTESIAN_POINT('',(117.39781858454,-4.,-445.7726691512));
#795 = SURFACE_CURVE('',#796,(#800,#807),.PCURVE_S1.);
#796 = LINE('',#797,#798);
#797 = CARTESIAN_POINT('',(117.7248533433,-4.,-446.510833321));
#798 = VECTOR('',#799,1.);
#799 = DIRECTION('',(0.405064377285,-0.,-0.914288165872));
#800 = PCURVE('',#63,#801);
#801 = DEFINITIONAL_REPRESENTATION('',(#802),#806);
#802 = LINE('',#803,#804);
#803 = CARTESIAN_POINT('',(713.01346819753,112.66447451794));
#804 = VECTOR('',#805,1.);
#805 = DIRECTION('',(-0.914288165872,0.405064377285));
#806 = ( GEOMETRIC_REPRESENTATION_CONTEXT(2) 
PARAMETRIC_REPRESENTATION_CONTEXT() REPRESENTATION_CONTEXT('2D SPACE',''
  ) );
#807 = PCURVE('',#808,#813);
#808 = PLANE('',#809);
#809 = AXIS2_PLACEMENT_3D('',#810,#811,#812);
#810 = CARTESIAN_POINT('',(117.7248533433,-4.,-446.510833321));
#811 = DIRECTION('',(0.914288165872,-0.,0.405064377285));
#812 = DIRECTION('',(0.405064377285,0.,-0.914288165872));
#813 = DEFINITIONAL_REPRESENTATION('',(#814),#818);
#814 = LINE('',#815,#816);
#815 = CARTESIAN_POINT('',(0.,0.));
#816 = VECTOR('',#817,1.);
#817 = DIRECTION('',(1.,0.));
#818 = ( GEOMETRIC_REPRESENTATION_CONTEXT(2) 
PARAMETRIC_REPRESENTATION_CONTEXT() REPRESENTATION_CONTEXT('2D SPACE',''
  ) );
#819 = ORIENTED_EDGE('',*,*,#820,.F.);
#820 = EDGE_CURVE('',#821,#793,#823,.T.);
#821 = VERTEX_POINT('',#822);
#822 = CARTESIAN_POINT('',(117.91528654155,-4.,-447.2954180978));
#823 = SURFACE_CURVE('',#824,(#829,#840),.PCURVE_S1.);
#824 = CIRCLE('',#825,9.);
#825 = AXIS2_PLACEMENT_3D('',#826,#827,#828);
#826 = CARTESIAN_POINT('',(109.16922509169,-4.,-449.4182485468));
#827 = DIRECTION('',(-0.,-1.,0.));
#828 = DIRECTION('',(1.850371707709E-14,-0.,1.));
#829 = PCURVE('',#63,#830);
#830 = DEFINITIONAL_REPRESENTATION('',(#831),#839);
#831 = ( BOUNDED_CURVE() B_SPLINE_CURVE(2,(#832,#833,#834,#835,#836,#837
,#838),.UNSPECIFIED.,.T.,.F.) B_SPLINE_CURVE_WITH_KNOTS((1,2,2,2,2,1),(
    -2.094395102393,0.,2.094395102393,4.188790204786,6.28318530718,
8.377580409573),.UNSPECIFIED.) CURVE() GEOMETRIC_REPRESENTATION_ITEM() 
RATIONAL_B_SPLINE_CURVE((1.,0.5,1.,0.5,1.,0.5,1.)) REPRESENTATION_ITEM(
  '') );
#832 = CARTESIAN_POINT('',(719.10605297174,104.10884626633));
#833 = CARTESIAN_POINT('',(719.10605297174,88.520388998216));
#834 = CARTESIAN_POINT('',(705.60605297174,96.314617632276));
#835 = CARTESIAN_POINT('',(692.10605297174,104.10884626633));
#836 = CARTESIAN_POINT('',(705.60605297174,111.90307490039));
#837 = CARTESIAN_POINT('',(719.10605297174,119.69730353445));
#838 = CARTESIAN_POINT('',(719.10605297174,104.10884626633));
#839 = ( GEOMETRIC_REPRESENTATION_CONTEXT(2) 
PARAMETRIC_REPRESENTATION_CONTEXT() REPRESENTATION_CONTEXT('2D SPACE',''
  ) );
#840 = PCURVE('',#841,#846);
#841 = CYLINDRICAL_SURFACE('',#842,9.);
#842 = AXIS2_PLACEMENT_3D('',#843,#844,#845);
#843 = CARTESIAN_POINT('',(109.16922509169,-4.,-449.4182485468));
#844 = DIRECTION('',(0.,1.,0.));
#845 = DIRECTION('',(0.,-0.,1.));
#846 = DEFINITIONAL_REPRESENTATION('',(#847),#851);
#847 = LINE('',#848,#849);
#848 = CARTESIAN_POINT('',(6.28318530718,0.));
#849 = VECTOR('',#850,1.);
#850 = DIRECTION('',(-1.,0.));
#851 = ( GEOMETRIC_REPRESENTATION_CONTEXT(2) 
PARAMETRIC_REPRESENTATION_CONTEXT() REPRESENTATION_CONTEXT('2D SPACE',''
  ) );
#852 = ORIENTED_EDGE('',*,*,#853,.T.);
#853 = EDGE_CURVE('',#821,#854,#856,.T.);
#854 = VERTEX_POINT('',#855);
#855 = CARTESIAN_POINT('',(123.1333150576,-4.,-468.7936955839));
#856 = SURFACE_CURVE('',#857,(#861,#868),.PCURVE_S1.);
#857 = LINE('',#858,#859);
#858 = CARTESIAN_POINT('',(123.38725360773,-4.,-469.8399224104));
#859 = VECTOR('',#860,1.);
#860 = DIRECTION('',(0.235870049888,-0.,-0.971784605541));
#861 = PCURVE('',#63,#862);
#862 = DEFINITIONAL_REPRESENTATION('',(#863),#867);
#863 = LINE('',#864,#865);
#864 = CARTESIAN_POINT('',(689.68437910806,118.32687478238));
#865 = VECTOR('',#866,1.);
#866 = DIRECTION('',(-0.971784605541,0.235870049888));
#867 = ( GEOMETRIC_REPRESENTATION_CONTEXT(2) 
PARAMETRIC_REPRESENTATION_CONTEXT() REPRESENTATION_CONTEXT('2D SPACE',''
  ) );
#868 = PCURVE('',#869,#874);
#869 = PLANE('',#870);
#870 = AXIS2_PLACEMENT_3D('',#871,#872,#873);
#871 = CARTESIAN_POINT('',(123.38725360773,-4.,-469.8399224104));
#872 = DIRECTION('',(0.971784605541,-0.,0.235870049888));
#873 = DIRECTION('',(0.235870049888,0.,-0.971784605541));
#874 = DEFINITIONAL_REPRESENTATION('',(#875),#879);
#875 = LINE('',#876,#877);
#876 = CARTESIAN_POINT('',(0.,0.));
#877 = VECTOR('',#878,1.);
#878 = DIRECTION('',(1.,0.));
#879 = ( GEOMETRIC_REPRESENTATION_CONTEXT(2) 
PARAMETRIC_REPRESENTATION_CONTEXT() REPRESENTATION_CONTEXT('2D SPACE',''
  ) );
#880 = ORIENTED_EDGE('',*,*,#881,.F.);
#881 = EDGE_CURVE('',#882,#854,#884,.T.);
#882 = VERTEX_POINT('',#883);
#883 = CARTESIAN_POINT('',(123.38725360773,-4.,-470.9165260329));
#884 = SURFACE_CURVE('',#885,(#890,#901),.PCURVE_S1.);
#885 = CIRCLE('',#886,9.);
#886 = AXIS2_PLACEMENT_3D('',#887,#888,#889);
#887 = CARTESIAN_POINT('',(114.38725360773,-4.,-470.9165260329));
#888 = DIRECTION('',(-0.,-1.,0.));
#889 = DIRECTION('',(-4.625929269271E-15,0.,1.));
#890 = PCURVE('',#63,#891);
#891 = DEFINITIONAL_REPRESENTATION('',(#892),#900);
#892 = ( BOUNDED_CURVE() B_SPLINE_CURVE(2,(#893,#894,#895,#896,#897,#898
,#899),.UNSPECIFIED.,.T.,.F.) B_SPLINE_CURVE_WITH_KNOTS((1,2,2,2,2,1),(
    -2.094395102393,0.,2.094395102393,4.188790204786,6.28318530718,
8.377580409573),.UNSPECIFIED.) CURVE() GEOMETRIC_REPRESENTATION_ITEM() 
RATIONAL_B_SPLINE_CURVE((1.,0.5,1.,0.5,1.,0.5,1.)) REPRESENTATION_ITEM(
  '') );
#893 = CARTESIAN_POINT('',(697.60777548562,109.32687478238));
#894 = CARTESIAN_POINT('',(697.60777548562,93.738417514264));
#895 = CARTESIAN_POINT('',(684.10777548562,101.53264614832));
#896 = CARTESIAN_POINT('',(670.60777548562,109.32687478238));
#897 = CARTESIAN_POINT('',(684.10777548562,117.12110341644));
#898 = CARTESIAN_POINT('',(697.60777548562,124.9153320505));
#899 = CARTESIAN_POINT('',(697.60777548562,109.32687478238));
#900 = ( GEOMETRIC_REPRESENTATION_CONTEXT(2) 
PARAMETRIC_REPRESENTATION_CONTEXT() REPRESENTATION_CONTEXT('2D SPACE',''
  ) );
#901 = PCURVE('',#902,#907);
#902 = CYLINDRICAL_SURFACE('',#903,9.);
#903 = AXIS2_PLACEMENT_3D('',#904,#905,#906);
#904 = CARTESIAN_POINT('',(114.38725360773,-4.,-470.9165260329));
#905 = DIRECTION('',(0.,1.,0.));
#906 = DIRECTION('',(0.,-0.,1.));
#907 = DEFINITIONAL_REPRESENTATION('',(#908),#912);
#908 = LINE('',#909,#910);
#909 = CARTESIAN_POINT('',(6.28318530718,0.));
#910 = VECTOR('',#911,1.);
#911 = DIRECTION('',(-1.,0.));
#912 = ( GEOMETRIC_REPRESENTATION_CONTEXT(2) 
PARAMETRIC_REPRESENTATION_CONTEXT() REPRESENTATION_CONTEXT('2D SPACE',''
  ) );
#913 = ORIENTED_EDGE('',*,*,#914,.T.);
#914 = EDGE_CURVE('',#882,#915,#917,.T.);
#915 = VERTEX_POINT('',#916);
#916 = CARTESIAN_POINT('',(123.38725360773,-4.,-589.8399224104));
#917 = SURFACE_CURVE('',#918,(#922,#929),.PCURVE_S1.);
#918 = LINE('',#919,#920);
#919 = CARTESIAN_POINT('',(123.38725360773,-4.,-469.8399224104));
#920 = VECTOR('',#921,1.);
#921 = DIRECTION('',(-1.052398908759E-14,0.,-1.));
#922 = PCURVE('',#63,#923);
#923 = DEFINITIONAL_REPRESENTATION('',(#924),#928);
#924 = LINE('',#925,#926);
#925 = CARTESIAN_POINT('',(689.68437910806,118.32687478238));
#926 = VECTOR('',#927,1.);
#927 = DIRECTION('',(-1.,-1.052398908759E-14));
#928 = ( GEOMETRIC_REPRESENTATION_CONTEXT(2) 
PARAMETRIC_REPRESENTATION_CONTEXT() REPRESENTATION_CONTEXT('2D SPACE',''
  ) );
#929 = PCURVE('',#930,#935);
#930 = PLANE('',#931);
#931 = AXIS2_PLACEMENT_3D('',#932,#933,#934);
#932 = CARTESIAN_POINT('',(123.38725360773,-4.,-469.8399224104));
#933 = DIRECTION('',(1.,0.,-1.052398908759E-14));
#934 = DIRECTION('',(-1.052398908759E-14,0.,-1.));
#935 = DEFINITIONAL_REPRESENTATION('',(#936),#940);
#936 = LINE('',#937,#938);
#937 = CARTESIAN_POINT('',(0.,0.));
#938 = VECTOR('',#939,1.);
#939 = DIRECTION('',(1.,0.));
#940 = ( GEOMETRIC_REPRESENTATION_CONTEXT(2) 
PARAMETRIC_REPRESENTATION_CONTEXT() REPRESENTATION_CONTEXT('2D SPACE',''
  ) );
#941 = ORIENTED_EDGE('',*,*,#942,.T.);
#942 = EDGE_CURVE('',#915,#943,#945,.T.);
#943 = VERTEX_POINT('',#944);
#944 = CARTESIAN_POINT('',(127.60791767905,-4.,-669.9603701963));
#945 = SURFACE_CURVE('',#946,(#950,#957),.PCURVE_S1.);
#946 = LINE('',#947,#948);
#947 = CARTESIAN_POINT('',(128.10696966581,-4.,-679.4338246034));
#948 = VECTOR('',#949,1.);
#949 = DIRECTION('',(5.260604523924E-02,-0.,-0.998615343365));
#950 = PCURVE('',#63,#951);
#951 = DEFINITIONAL_REPRESENTATION('',(#952),#956);
#952 = LINE('',#953,#954);
#953 = CARTESIAN_POINT('',(480.09047691509,123.04659084046));
#954 = VECTOR('',#955,1.);
#955 = DIRECTION('',(-0.998615343365,5.260604523924E-02));
#956 = ( GEOMETRIC_REPRESENTATION_CONTEXT(2) 
PARAMETRIC_REPRESENTATION_CONTEXT() REPRESENTATION_CONTEXT('2D SPACE',''
  ) );
#957 = PCURVE('',#958,#963);
#958 = PLANE('',#959);
#959 = AXIS2_PLACEMENT_3D('',#960,#961,#962);
#960 = CARTESIAN_POINT('',(128.10696966581,-4.,-679.4338246034));
#961 = DIRECTION('',(0.998615343365,-0.,5.260604523924E-02));
#962 = DIRECTION('',(5.260604523924E-02,0.,-0.998615343365));
#963 = DEFINITIONAL_REPRESENTATION('',(#964),#968);
#964 = LINE('',#965,#966);
#965 = CARTESIAN_POINT('',(0.,0.));
#966 = VECTOR('',#967,1.);
#967 = DIRECTION('',(1.,0.));
#968 = ( GEOMETRIC_REPRESENTATION_CONTEXT(2) 
PARAMETRIC_REPRESENTATION_CONTEXT() REPRESENTATION_CONTEXT('2D SPACE',''
  ) );
#969 = ORIENTED_EDGE('',*,*,#970,.F.);
#970 = EDGE_CURVE('',#971,#943,#973,.T.);
#971 = VERTEX_POINT('',#972);
#972 = CARTESIAN_POINT('',(118.62037958876,-4.,-679.4338246034));
#973 = SURFACE_CURVE('',#974,(#979,#990),.PCURVE_S1.);
#974 = CIRCLE('',#975,9.);
#975 = AXIS2_PLACEMENT_3D('',#976,#977,#978);
#976 = CARTESIAN_POINT('',(118.62037958876,-4.,-670.4338246034));
#977 = DIRECTION('',(0.,-1.,0.));
#978 = DIRECTION('',(0.,0.,1.));
#979 = PCURVE('',#63,#980);
#980 = DEFINITIONAL_REPRESENTATION('',(#981),#989);
#981 = ( BOUNDED_CURVE() B_SPLINE_CURVE(2,(#982,#983,#984,#985,#986,#987
,#988),.UNSPECIFIED.,.T.,.F.) B_SPLINE_CURVE_WITH_KNOTS((1,2,2,2,2,1),(
    -2.094395102393,0.,2.094395102393,4.188790204786,6.28318530718,
8.377580409573),.UNSPECIFIED.) CURVE() GEOMETRIC_REPRESENTATION_ITEM() 
RATIONAL_B_SPLINE_CURVE((1.,0.5,1.,0.5,1.,0.5,1.)) REPRESENTATION_ITEM(
  '') );
#982 = CARTESIAN_POINT('',(498.09047691509,113.56000076341));
#983 = CARTESIAN_POINT('',(498.09047691509,97.971543495295));
#984 = CARTESIAN_POINT('',(484.59047691509,105.76577212935));
#985 = CARTESIAN_POINT('',(471.09047691509,113.56000076341));
#986 = CARTESIAN_POINT('',(484.59047691509,121.35422939747));
#987 = CARTESIAN_POINT('',(498.09047691509,129.14845803153));
#988 = CARTESIAN_POINT('',(498.09047691509,113.56000076341));
#989 = ( GEOMETRIC_REPRESENTATION_CONTEXT(2) 
PARAMETRIC_REPRESENTATION_CONTEXT() REPRESENTATION_CONTEXT('2D SPACE',''
  ) );
#990 = PCURVE('',#991,#996);
#991 = CYLINDRICAL_SURFACE('',#992,9.);
#992 = AXIS2_PLACEMENT_3D('',#993,#994,#995);
#993 = CARTESIAN_POINT('',(118.62037958876,-4.,-670.4338246034));
#994 = DIRECTION('',(0.,1.,0.));
#995 = DIRECTION('',(0.,-0.,1.));
#996 = DEFINITIONAL_REPRESENTATION('',(#997),#1001);
#997 = LINE('',#998,#999);
#998 = CARTESIAN_POINT('',(6.28318530718,0.));
#999 = VECTOR('',#1000,1.);
#1000 = DIRECTION('',(-1.,0.));
#1001 = ( GEOMETRIC_REPRESENTATION_CONTEXT(2) 
PARAMETRIC_REPRESENTATION_CONTEXT() REPRESENTATION_CONTEXT('2D SPACE',''
  ) );
#1002 = ORIENTED_EDGE('',*,*,#1003,.T.);
#1003 = EDGE_CURVE('',#971,#1004,#1006,.T.);
#1004 = VERTEX_POINT('',#1005);
#1005 = CARTESIAN_POINT('',(104.01241463546,-4.,-679.4338246034));
#1006 = SURFACE_CURVE('',#1007,(#1011,#1018),.PCURVE_S1.);
#1007 = LINE('',#1008,#1009);
#1008 = CARTESIAN_POINT('',(128.10696966581,-4.,-679.4338246034));
#1009 = VECTOR('',#1010,1.);
#1010 = DIRECTION('',(-1.,0.,0.));
#1011 = PCURVE('',#63,#1012);
#1012 = DEFINITIONAL_REPRESENTATION('',(#1013),#1017);
#1013 = LINE('',#1014,#1015);
#1014 = CARTESIAN_POINT('',(480.09047691509,123.04659084046));
#1015 = VECTOR('',#1016,1.);
#1016 = DIRECTION('',(0.,-1.));
#1017 = ( GEOMETRIC_REPRESENTATION_CONTEXT(2) 
PARAMETRIC_REPRESENTATION_CONTEXT() REPRESENTATION_CONTEXT('2D SPACE',''
  ) );
#1018 = PCURVE('',#1019,#1024);
#1019 = PLANE('',#1020);
#1020 = AXIS2_PLACEMENT_3D('',#1021,#1022,#1023);
#1021 = CARTESIAN_POINT('',(128.10696966581,-4.,-679.4338246034));
#1022 = DIRECTION('',(0.,0.,-1.));
#1023 = DIRECTION('',(-1.,0.,-0.));
#1024 = DEFINITIONAL_REPRESENTATION('',(#1025),#1029);
#1025 = LINE('',#1026,#1027);
#1026 = CARTESIAN_POINT('',(0.,0.));
#1027 = VECTOR('',#1028,1.);
#1028 = DIRECTION('',(1.,0.));
#1029 = ( GEOMETRIC_REPRESENTATION_CONTEXT(2) 
PARAMETRIC_REPRESENTATION_CONTEXT() REPRESENTATION_CONTEXT('2D SPACE',''
  ) );
#1030 = ORIENTED_EDGE('',*,*,#1031,.F.);
#1031 = EDGE_CURVE('',#1032,#1004,#1034,.T.);
#1032 = VERTEX_POINT('',#1033);
#1033 = CARTESIAN_POINT('',(102.22770857876,-4.,-679.2550957301));
#1034 = SURFACE_CURVE('',#1035,(#1040,#1051),.PCURVE_S1.);
#1035 = CIRCLE('',#1036,9.);
#1036 = AXIS2_PLACEMENT_3D('',#1037,#1038,#1039);
#1037 = CARTESIAN_POINT('',(104.01241463546,-4.,-670.4338246034));
#1038 = DIRECTION('',(0.,-1.,0.));
#1039 = DIRECTION('',(0.,0.,1.));
#1040 = PCURVE('',#63,#1041);
#1041 = DEFINITIONAL_REPRESENTATION('',(#1042),#1050);
#1042 = ( BOUNDED_CURVE() B_SPLINE_CURVE(2,(#1043,#1044,#1045,#1046,
#1047,#1048,#1049),.UNSPECIFIED.,.T.,.F.) B_SPLINE_CURVE_WITH_KNOTS((1,2
    ,2,2,2,1),(-2.094395102393,0.,2.094395102393,4.188790204786,
6.28318530718,8.377580409573),.UNSPECIFIED.) CURVE() 
GEOMETRIC_REPRESENTATION_ITEM() RATIONAL_B_SPLINE_CURVE((1.,0.5,1.,0.5,
1.,0.5,1.)) REPRESENTATION_ITEM('') );
#1043 = CARTESIAN_POINT('',(498.09047691509,98.952035810108));
#1044 = CARTESIAN_POINT('',(498.09047691509,83.363578541989));
#1045 = CARTESIAN_POINT('',(484.59047691509,91.157807176049));
#1046 = CARTESIAN_POINT('',(471.09047691509,98.952035810108));
#1047 = CARTESIAN_POINT('',(484.59047691509,106.74626444416));
#1048 = CARTESIAN_POINT('',(498.09047691509,114.54049307822));
#1049 = CARTESIAN_POINT('',(498.09047691509,98.952035810108));
#1050 = ( GEOMETRIC_REPRESENTATION_CONTEXT(2) 
PARAMETRIC_REPRESENTATION_CONTEXT() REPRESENTATION_CONTEXT('2D SPACE',''
  ) );
#1051 = PCURVE('',#1052,#1057);
#1052 = CYLINDRICAL_SURFACE('',#1053,9.);
#1053 = AXIS2_PLACEMENT_3D('',#1054,#1055,#1056);
#1054 = CARTESIAN_POINT('',(104.01241463546,-4.,-670.4338246034));
#1055 = DIRECTION('',(0.,1.,0.));
#1056 = DIRECTION('',(0.,-0.,1.));
#1057 = DEFINITIONAL_REPRESENTATION('',(#1058),#1062);
#1058 = LINE('',#1059,#1060);
#1059 = CARTESIAN_POINT('',(6.28318530718,0.));
#1060 = VECTOR('',#1061,1.);
#1061 = DIRECTION('',(-1.,0.));
#1062 = ( GEOMETRIC_REPRESENTATION_CONTEXT(2) 
PARAMETRIC_REPRESENTATION_CONTEXT() REPRESENTATION_CONTEXT('2D SPACE',''
  ) );
#1063 = ORIENTED_EDGE('',*,*,#1064,.T.);
#1064 = EDGE_CURVE('',#1032,#1065,#1067,.T.);
#1065 = VERTEX_POINT('',#1066);
#1066 = CARTESIAN_POINT('',(5.060378825354,-4.,-669.5243015185));
#1067 = SURFACE_CURVE('',#1068,(#1073,#1084),.PCURVE_S1.);
#1068 = CIRCLE('',#1069,490.);
#1069 = AXIS2_PLACEMENT_3D('',#1070,#1071,#1072);
#1070 = CARTESIAN_POINT('',(5.060378825354,-4.,-1.159524301519E+03));
#1071 = DIRECTION('',(0.,-1.,0.));
#1072 = DIRECTION('',(0.,0.,1.));
#1073 = PCURVE('',#63,#1074);
#1074 = DEFINITIONAL_REPRESENTATION('',(#1075),#1083);
#1075 = ( BOUNDED_CURVE() B_SPLINE_CURVE(2,(#1076,#1077,#1078,#1079,
#1080,#1081,#1082),.UNSPECIFIED.,.T.,.F.) B_SPLINE_CURVE_WITH_KNOTS((1,2
    ,2,2,2,1),(-2.094395102393,0.,2.094395102393,4.188790204786,
6.28318530718,8.377580409573),.UNSPECIFIED.) CURVE() 
GEOMETRIC_REPRESENTATION_ITEM() RATIONAL_B_SPLINE_CURVE((1.,0.5,1.,0.5,
1.,0.5,1.)) REPRESENTATION_ITEM('') );
#1076 = CARTESIAN_POINT('',(490.,0.));
#1077 = CARTESIAN_POINT('',(490.,-848.7048957087));
#1078 = CARTESIAN_POINT('',(-245.,-424.3524478543));
#1079 = CARTESIAN_POINT('',(-980.,-1.200153863164E-13));
#1080 = CARTESIAN_POINT('',(-245.,424.35244785437));
#1081 = CARTESIAN_POINT('',(489.99999999999,848.70489570875));
#1082 = CARTESIAN_POINT('',(490.,0.));
#1083 = ( GEOMETRIC_REPRESENTATION_CONTEXT(2) 
PARAMETRIC_REPRESENTATION_CONTEXT() REPRESENTATION_CONTEXT('2D SPACE',''
  ) );
#1084 = PCURVE('',#1085,#1090);
#1085 = CYLINDRICAL_SURFACE('',#1086,490.);
#1086 = AXIS2_PLACEMENT_3D('',#1087,#1088,#1089);
#1087 = CARTESIAN_POINT('',(5.060378825354,-4.,-1.159524301519E+03));
#1088 = DIRECTION('',(0.,1.,0.));
#1089 = DIRECTION('',(0.,-0.,1.));
#1090 = DEFINITIONAL_REPRESENTATION('',(#1091),#1095);
#1091 = LINE('',#1092,#1093);
#1092 = CARTESIAN_POINT('',(6.28318530718,0.));
#1093 = VECTOR('',#1094,1.);
#1094 = DIRECTION('',(-1.,0.));
#1095 = ( GEOMETRIC_REPRESENTATION_CONTEXT(2) 
PARAMETRIC_REPRESENTATION_CONTEXT() REPRESENTATION_CONTEXT('2D SPACE',''
  ) );
#1096 = ORIENTED_EDGE('',*,*,#1097,.T.);
#1097 = EDGE_CURVE('',#1065,#1098,#1100,.T.);
#1098 = VERTEX_POINT('',#1099);
#1099 = CARTESIAN_POINT('',(-92.10695092805,-4.,-679.2550957301));
#1100 = SURFACE_CURVE('',#1101,(#1106,#1117),.PCURVE_S1.);
#1101 = CIRCLE('',#1102,490.);
#1102 = AXIS2_PLACEMENT_3D('',#1103,#1104,#1105);
#1103 = CARTESIAN_POINT('',(5.060378825354,-4.,-1.159524301519E+03));
#1104 = DIRECTION('',(0.,-1.,0.));
#1105 = DIRECTION('',(0.,0.,1.));
#1106 = PCURVE('',#63,#1107);
#1107 = DEFINITIONAL_REPRESENTATION('',(#1108),#1116);
#1108 = ( BOUNDED_CURVE() B_SPLINE_CURVE(2,(#1109,#1110,#1111,#1112,
#1113,#1114,#1115),.UNSPECIFIED.,.T.,.F.) B_SPLINE_CURVE_WITH_KNOTS((1,2
    ,2,2,2,1),(-2.094395102393,0.,2.094395102393,4.188790204786,
6.28318530718,8.377580409573),.UNSPECIFIED.) CURVE() 
GEOMETRIC_REPRESENTATION_ITEM() RATIONAL_B_SPLINE_CURVE((1.,0.5,1.,0.5,
1.,0.5,1.)) REPRESENTATION_ITEM('') );
#1109 = CARTESIAN_POINT('',(490.,0.));
#1110 = CARTESIAN_POINT('',(490.,-848.7048957087));
#1111 = CARTESIAN_POINT('',(-245.,-424.3524478543));
#1112 = CARTESIAN_POINT('',(-980.,-1.200153863164E-13));
#1113 = CARTESIAN_POINT('',(-245.,424.35244785437));
#1114 = CARTESIAN_POINT('',(489.99999999999,848.70489570875));
#1115 = CARTESIAN_POINT('',(490.,0.));
#1116 = ( GEOMETRIC_REPRESENTATION_CONTEXT(2) 
PARAMETRIC_REPRESENTATION_CONTEXT() REPRESENTATION_CONTEXT('2D SPACE',''
  ) );
#1117 = PCURVE('',#1118,#1123);
#1118 = CYLINDRICAL_SURFACE('',#1119,490.);
#1119 = AXIS2_PLACEMENT_3D('',#1120,#1121,#1122);
#1120 = CARTESIAN_POINT('',(5.060378825354,-4.,-1.159524301519E+03));
#1121 = DIRECTION('',(0.,1.,0.));
#1122 = DIRECTION('',(0.,-0.,1.));
#1123 = DEFINITIONAL_REPRESENTATION('',(#1124),#1128);
#1124 = LINE('',#1125,#1126);
#1125 = CARTESIAN_POINT('',(6.28318530718,0.));
#1126 = VECTOR('',#1127,1.);
#1127 = DIRECTION('',(-1.,0.));
#1128 = ( GEOMETRIC_REPRESENTATION_CONTEXT(2) 
PARAMETRIC_REPRESENTATION_CONTEXT() REPRESENTATION_CONTEXT('2D SPACE',''
  ) );
#1129 = ORIENTED_EDGE('',*,*,#1130,.F.);
#1130 = EDGE_CURVE('',#1131,#1098,#1133,.T.);
#1131 = VERTEX_POINT('',#1132);
#1132 = CARTESIAN_POINT('',(-93.89165698475,-4.,-679.4338246034));
#1133 = SURFACE_CURVE('',#1134,(#1139,#1150),.PCURVE_S1.);
#1134 = CIRCLE('',#1135,9.);
#1135 = AXIS2_PLACEMENT_3D('',#1136,#1137,#1138);
#1136 = CARTESIAN_POINT('',(-93.89165698475,-4.,-670.4338246034));
#1137 = DIRECTION('',(0.,-1.,0.));
#1138 = DIRECTION('',(0.,0.,1.));
#1139 = PCURVE('',#63,#1140);
#1140 = DEFINITIONAL_REPRESENTATION('',(#1141),#1149);
#1141 = ( BOUNDED_CURVE() B_SPLINE_CURVE(2,(#1142,#1143,#1144,#1145,
#1146,#1147,#1148),.UNSPECIFIED.,.T.,.F.) B_SPLINE_CURVE_WITH_KNOTS((1,2
    ,2,2,2,1),(-2.094395102393,0.,2.094395102393,4.188790204786,
6.28318530718,8.377580409573),.UNSPECIFIED.) CURVE() 
GEOMETRIC_REPRESENTATION_ITEM() RATIONAL_B_SPLINE_CURVE((1.,0.5,1.,0.5,
1.,0.5,1.)) REPRESENTATION_ITEM('') );
#1142 = CARTESIAN_POINT('',(498.09047691509,-98.9520358101));
#1143 = CARTESIAN_POINT('',(498.09047691509,-114.5404930782));
#1144 = CARTESIAN_POINT('',(484.59047691509,-106.7462644441));
#1145 = CARTESIAN_POINT('',(471.09047691509,-98.9520358101));
#1146 = CARTESIAN_POINT('',(484.59047691509,-91.15780717604));
#1147 = CARTESIAN_POINT('',(498.09047691509,-83.36357854198));
#1148 = CARTESIAN_POINT('',(498.09047691509,-98.9520358101));
#1149 = ( GEOMETRIC_REPRESENTATION_CONTEXT(2) 
PARAMETRIC_REPRESENTATION_CONTEXT() REPRESENTATION_CONTEXT('2D SPACE',''
  ) );
#1150 = PCURVE('',#1151,#1156);
#1151 = CYLINDRICAL_SURFACE('',#1152,9.);
#1152 = AXIS2_PLACEMENT_3D('',#1153,#1154,#1155);
#1153 = CARTESIAN_POINT('',(-93.89165698475,-4.,-670.4338246034));
#1154 = DIRECTION('',(0.,1.,0.));
#1155 = DIRECTION('',(0.,-0.,1.));
#1156 = DEFINITIONAL_REPRESENTATION('',(#1157),#1161);
#1157 = LINE('',#1158,#1159);
#1158 = CARTESIAN_POINT('',(6.28318530718,0.));
#1159 = VECTOR('',#1160,1.);
#1160 = DIRECTION('',(-1.,0.));
#1161 = ( GEOMETRIC_REPRESENTATION_CONTEXT(2) 
PARAMETRIC_REPRESENTATION_CONTEXT() REPRESENTATION_CONTEXT('2D SPACE',''
  ) );
#1162 = ORIENTED_EDGE('',*,*,#1163,.T.);
#1163 = EDGE_CURVE('',#1131,#1164,#1166,.T.);
#1164 = VERTEX_POINT('',#1165);
#1165 = CARTESIAN_POINT('',(-108.499621938,-4.,-679.4338246034));
#1166 = SURFACE_CURVE('',#1167,(#1171,#1178),.PCURVE_S1.);
#1167 = LINE('',#1168,#1169);
#1168 = CARTESIAN_POINT('',(-117.9862120151,-4.,-679.4338246034));
#1169 = VECTOR('',#1170,1.);
#1170 = DIRECTION('',(-1.,-0.,-4.440892098501E-15));
#1171 = PCURVE('',#63,#1172);
#1172 = DEFINITIONAL_REPRESENTATION('',(#1173),#1177);
#1173 = LINE('',#1174,#1175);
#1174 = CARTESIAN_POINT('',(480.09047691509,-123.0465908404));
#1175 = VECTOR('',#1176,1.);
#1176 = DIRECTION('',(-4.440892098501E-15,-1.));
#1177 = ( GEOMETRIC_REPRESENTATION_CONTEXT(2) 
PARAMETRIC_REPRESENTATION_CONTEXT() REPRESENTATION_CONTEXT('2D SPACE',''
  ) );
#1178 = PCURVE('',#1179,#1184);
#1179 = PLANE('',#1180);
#1180 = AXIS2_PLACEMENT_3D('',#1181,#1182,#1183);
#1181 = CARTESIAN_POINT('',(-117.9862120151,-4.,-679.4338246034));
#1182 = DIRECTION('',(4.440892098501E-15,0.,-1.));
#1183 = DIRECTION('',(-1.,0.,-4.440892098501E-15));
#1184 = DEFINITIONAL_REPRESENTATION('',(#1185),#1189);
#1185 = LINE('',#1186,#1187);
#1186 = CARTESIAN_POINT('',(0.,0.));
#1187 = VECTOR('',#1188,1.);
#1188 = DIRECTION('',(1.,-0.));
#1189 = ( GEOMETRIC_REPRESENTATION_CONTEXT(2) 
PARAMETRIC_REPRESENTATION_CONTEXT() REPRESENTATION_CONTEXT('2D SPACE',''
  ) );
#1190 = ORIENTED_EDGE('',*,*,#1191,.F.);
#1191 = EDGE_CURVE('',#1192,#1164,#1194,.T.);
#1192 = VERTEX_POINT('',#1193);
#1193 = CARTESIAN_POINT('',(-117.4871600283,-4.,-669.9603701963));
#1194 = SURFACE_CURVE('',#1195,(#1200,#1211),.PCURVE_S1.);
#1195 = CIRCLE('',#1196,9.);
#1196 = AXIS2_PLACEMENT_3D('',#1197,#1198,#1199);
#1197 = CARTESIAN_POINT('',(-108.499621938,-4.,-670.4338246034));
#1198 = DIRECTION('',(0.,-1.,0.));
#1199 = DIRECTION('',(0.,0.,1.));
#1200 = PCURVE('',#63,#1201);
#1201 = DEFINITIONAL_REPRESENTATION('',(#1202),#1210);
#1202 = ( BOUNDED_CURVE() B_SPLINE_CURVE(2,(#1203,#1204,#1205,#1206,
#1207,#1208,#1209),.UNSPECIFIED.,.T.,.F.) B_SPLINE_CURVE_WITH_KNOTS((1,2
    ,2,2,2,1),(-2.094395102393,0.,2.094395102393,4.188790204786,
6.28318530718,8.377580409573),.UNSPECIFIED.) CURVE() 
GEOMETRIC_REPRESENTATION_ITEM() RATIONAL_B_SPLINE_CURVE((1.,0.5,1.,0.5,
1.,0.5,1.)) REPRESENTATION_ITEM('') );
#1203 = CARTESIAN_POINT('',(498.09047691509,-113.5600007634));
#1204 = CARTESIAN_POINT('',(498.09047691509,-129.1484580315));
#1205 = CARTESIAN_POINT('',(484.59047691509,-121.3542293974));
#1206 = CARTESIAN_POINT('',(471.09047691509,-113.5600007634));
#1207 = CARTESIAN_POINT('',(484.59047691509,-105.7657721293));
#1208 = CARTESIAN_POINT('',(498.09047691509,-97.97154349529));
#1209 = CARTESIAN_POINT('',(498.09047691509,-113.5600007634));
#1210 = ( GEOMETRIC_REPRESENTATION_CONTEXT(2) 
PARAMETRIC_REPRESENTATION_CONTEXT() REPRESENTATION_CONTEXT('2D SPACE',''
  ) );
#1211 = PCURVE('',#1212,#1217);
#1212 = CYLINDRICAL_SURFACE('',#1213,9.);
#1213 = AXIS2_PLACEMENT_3D('',#1214,#1215,#1216);
#1214 = CARTESIAN_POINT('',(-108.499621938,-4.,-670.4338246034));
#1215 = DIRECTION('',(0.,1.,0.));
#1216 = DIRECTION('',(0.,-0.,1.));
#1217 = DEFINITIONAL_REPRESENTATION('',(#1218),#1222);
#1218 = LINE('',#1219,#1220);
#1219 = CARTESIAN_POINT('',(6.28318530718,0.));
#1220 = VECTOR('',#1221,1.);
#1221 = DIRECTION('',(-1.,0.));
#1222 = ( GEOMETRIC_REPRESENTATION_CONTEXT(2) 
PARAMETRIC_REPRESENTATION_CONTEXT() REPRESENTATION_CONTEXT('2D SPACE',''
  ) );
#1223 = ORIENTED_EDGE('',*,*,#1224,.T.);
#1224 = EDGE_CURVE('',#1192,#1225,#1227,.T.);
#1225 = VERTEX_POINT('',#1226);
#1226 = CARTESIAN_POINT('',(-113.266495957,-4.,-589.8399224104));
#1227 = SURFACE_CURVE('',#1228,(#1232,#1239),.PCURVE_S1.);
#1228 = LINE('',#1229,#1230);
#1229 = CARTESIAN_POINT('',(-117.9862120151,-4.,-679.4338246034));
#1230 = VECTOR('',#1231,1.);
#1231 = DIRECTION('',(5.260604523924E-02,0.,0.998615343365));
#1232 = PCURVE('',#63,#1233);
#1233 = DEFINITIONAL_REPRESENTATION('',(#1234),#1238);
#1234 = LINE('',#1235,#1236);
#1235 = CARTESIAN_POINT('',(480.09047691509,-123.0465908404));
#1236 = VECTOR('',#1237,1.);
#1237 = DIRECTION('',(0.998615343365,5.260604523924E-02));
#1238 = ( GEOMETRIC_REPRESENTATION_CONTEXT(2) 
PARAMETRIC_REPRESENTATION_CONTEXT() REPRESENTATION_CONTEXT('2D SPACE',''
  ) );
#1239 = PCURVE('',#1240,#1245);
#1240 = PLANE('',#1241);
#1241 = AXIS2_PLACEMENT_3D('',#1242,#1243,#1244);
#1242 = CARTESIAN_POINT('',(-117.9862120151,-4.,-679.4338246034));
#1243 = DIRECTION('',(-0.998615343365,0.,5.260604523924E-02));
#1244 = DIRECTION('',(5.260604523924E-02,0.,0.998615343365));
#1245 = DEFINITIONAL_REPRESENTATION('',(#1246),#1250);
#1246 = LINE('',#1247,#1248);
#1247 = CARTESIAN_POINT('',(0.,0.));
#1248 = VECTOR('',#1249,1.);
#1249 = DIRECTION('',(1.,0.));
#1250 = ( GEOMETRIC_REPRESENTATION_CONTEXT(2) 
PARAMETRIC_REPRESENTATION_CONTEXT() REPRESENTATION_CONTEXT('2D SPACE',''
  ) );
#1251 = ORIENTED_EDGE('',*,*,#1252,.T.);
#1252 = EDGE_CURVE('',#1225,#1253,#1255,.T.);
#1253 = VERTEX_POINT('',#1254);
#1254 = CARTESIAN_POINT('',(-113.266495957,-4.,-470.9165260329));
#1255 = SURFACE_CURVE('',#1256,(#1260,#1267),.PCURVE_S1.);
#1256 = LINE('',#1257,#1258);
#1257 = CARTESIAN_POINT('',(-113.266495957,-4.,-469.8399224104));
#1258 = VECTOR('',#1259,1.);
#1259 = DIRECTION('',(1.052398908759E-14,-0.,1.));
#1260 = PCURVE('',#63,#1261);
#1261 = DEFINITIONAL_REPRESENTATION('',(#1262),#1266);
#1262 = LINE('',#1263,#1264);
#1263 = CARTESIAN_POINT('',(689.68437910806,-118.3268747823));
#1264 = VECTOR('',#1265,1.);
#1265 = DIRECTION('',(1.,1.052398908759E-14));
#1266 = ( GEOMETRIC_REPRESENTATION_CONTEXT(2) 
PARAMETRIC_REPRESENTATION_CONTEXT() REPRESENTATION_CONTEXT('2D SPACE',''
  ) );
#1267 = PCURVE('',#1268,#1273);
#1268 = PLANE('',#1269);
#1269 = AXIS2_PLACEMENT_3D('',#1270,#1271,#1272);
#1270 = CARTESIAN_POINT('',(-113.266495957,-4.,-469.8399224104));
#1271 = DIRECTION('',(-1.,0.,1.052398908759E-14));
#1272 = DIRECTION('',(1.052398908759E-14,0.,1.));
#1273 = DEFINITIONAL_REPRESENTATION('',(#1274),#1278);
#1274 = LINE('',#1275,#1276);
#1275 = CARTESIAN_POINT('',(0.,0.));
#1276 = VECTOR('',#1277,1.);
#1277 = DIRECTION('',(1.,0.));
#1278 = ( GEOMETRIC_REPRESENTATION_CONTEXT(2) 
PARAMETRIC_REPRESENTATION_CONTEXT() REPRESENTATION_CONTEXT('2D SPACE',''
  ) );
#1279 = ORIENTED_EDGE('',*,*,#1280,.F.);
#1280 = EDGE_CURVE('',#1281,#1253,#1283,.T.);
#1281 = VERTEX_POINT('',#1282);
#1282 = CARTESIAN_POINT('',(-113.0125574068,-4.,-468.7936955839));
#1283 = SURFACE_CURVE('',#1284,(#1289,#1300),.PCURVE_S1.);
#1284 = CIRCLE('',#1285,9.);
#1285 = AXIS2_PLACEMENT_3D('',#1286,#1287,#1288);
#1286 = CARTESIAN_POINT('',(-104.266495957,-4.,-470.9165260329));
#1287 = DIRECTION('',(0.,-1.,0.));
#1288 = DIRECTION('',(0.,0.,1.));
#1289 = PCURVE('',#63,#1290);
#1290 = DEFINITIONAL_REPRESENTATION('',(#1291),#1299);
#1291 = ( BOUNDED_CURVE() B_SPLINE_CURVE(2,(#1292,#1293,#1294,#1295,
#1296,#1297,#1298),.UNSPECIFIED.,.T.,.F.) B_SPLINE_CURVE_WITH_KNOTS((1,2
    ,2,2,2,1),(-2.094395102393,0.,2.094395102393,4.188790204786,
6.28318530718,8.377580409573),.UNSPECIFIED.) CURVE() 
GEOMETRIC_REPRESENTATION_ITEM() RATIONAL_B_SPLINE_CURVE((1.,0.5,1.,0.5,
1.,0.5,1.)) REPRESENTATION_ITEM('') );
#1292 = CARTESIAN_POINT('',(697.60777548562,-109.3268747823));
#1293 = CARTESIAN_POINT('',(697.60777548562,-124.9153320505));
#1294 = CARTESIAN_POINT('',(684.10777548562,-117.1211034164));
#1295 = CARTESIAN_POINT('',(670.60777548562,-109.3268747823));
#1296 = CARTESIAN_POINT('',(684.10777548562,-101.5326461483));
#1297 = CARTESIAN_POINT('',(697.60777548562,-93.73841751426));
#1298 = CARTESIAN_POINT('',(697.60777548562,-109.3268747823));
#1299 = ( GEOMETRIC_REPRESENTATION_CONTEXT(2) 
PARAMETRIC_REPRESENTATION_CONTEXT() REPRESENTATION_CONTEXT('2D SPACE',''
  ) );
#1300 = PCURVE('',#1301,#1306);
#1301 = CYLINDRICAL_SURFACE('',#1302,9.);
#1302 = AXIS2_PLACEMENT_3D('',#1303,#1304,#1305);
#1303 = CARTESIAN_POINT('',(-104.266495957,-4.,-470.9165260329));
#1304 = DIRECTION('',(0.,1.,0.));
#1305 = DIRECTION('',(0.,-0.,1.));
#1306 = DEFINITIONAL_REPRESENTATION('',(#1307),#1311);
#1307 = LINE('',#1308,#1309);
#1308 = CARTESIAN_POINT('',(6.28318530718,0.));
#1309 = VECTOR('',#1310,1.);
#1310 = DIRECTION('',(-1.,0.));
#1311 = ( GEOMETRIC_REPRESENTATION_CONTEXT(2) 
PARAMETRIC_REPRESENTATION_CONTEXT() REPRESENTATION_CONTEXT('2D SPACE',''
  ) );
#1312 = ORIENTED_EDGE('',*,*,#1313,.T.);
#1313 = EDGE_CURVE('',#1281,#1314,#1316,.T.);
#1314 = VERTEX_POINT('',#1315);
#1315 = CARTESIAN_POINT('',(-107.7945288908,-4.,-447.2954180978));
#1316 = SURFACE_CURVE('',#1317,(#1321,#1328),.PCURVE_S1.);
#1317 = LINE('',#1318,#1319);
#1318 = CARTESIAN_POINT('',(-113.266495957,-4.,-469.8399224104));
#1319 = VECTOR('',#1320,1.);
#1320 = DIRECTION('',(0.235870049888,0.,0.971784605541));
#1321 = PCURVE('',#63,#1322);
#1322 = DEFINITIONAL_REPRESENTATION('',(#1323),#1327);
#1323 = LINE('',#1324,#1325);
#1324 = CARTESIAN_POINT('',(689.68437910806,-118.3268747823));
#1325 = VECTOR('',#1326,1.);
#1326 = DIRECTION('',(0.971784605541,0.235870049888));
#1327 = ( GEOMETRIC_REPRESENTATION_CONTEXT(2) 
PARAMETRIC_REPRESENTATION_CONTEXT() REPRESENTATION_CONTEXT('2D SPACE',''
  ) );
#1328 = PCURVE('',#1329,#1334);
#1329 = PLANE('',#1330);
#1330 = AXIS2_PLACEMENT_3D('',#1331,#1332,#1333);
#1331 = CARTESIAN_POINT('',(-113.266495957,-4.,-469.8399224104));
#1332 = DIRECTION('',(-0.971784605541,0.,0.235870049888));
#1333 = DIRECTION('',(0.235870049888,0.,0.971784605541));
#1334 = DEFINITIONAL_REPRESENTATION('',(#1335),#1339);
#1335 = LINE('',#1336,#1337);
#1336 = CARTESIAN_POINT('',(0.,0.));
#1337 = VECTOR('',#1338,1.);
#1338 = DIRECTION('',(1.,0.));
#1339 = ( GEOMETRIC_REPRESENTATION_CONTEXT(2) 
PARAMETRIC_REPRESENTATION_CONTEXT() REPRESENTATION_CONTEXT('2D SPACE',''
  ) );
#1340 = ORIENTED_EDGE('',*,*,#1341,.F.);
#1341 = EDGE_CURVE('',#1342,#1314,#1344,.T.);
#1342 = VERTEX_POINT('',#1343);
#1343 = CARTESIAN_POINT('',(-107.2770609338,-4.,-445.7726691512));
#1344 = SURFACE_CURVE('',#1345,(#1350,#1361),.PCURVE_S1.);
#1345 = CIRCLE('',#1346,9.);
#1346 = AXIS2_PLACEMENT_3D('',#1347,#1348,#1349);
#1347 = CARTESIAN_POINT('',(-99.04846744097,-4.,-449.4182485468));
#1348 = DIRECTION('',(0.,-1.,0.));
#1349 = DIRECTION('',(0.,0.,1.));
#1350 = PCURVE('',#63,#1351);
#1351 = DEFINITIONAL_REPRESENTATION('',(#1352),#1360);
#1352 = ( BOUNDED_CURVE() B_SPLINE_CURVE(2,(#1353,#1354,#1355,#1356,
#1357,#1358,#1359),.UNSPECIFIED.,.T.,.F.) B_SPLINE_CURVE_WITH_KNOTS((1,2
    ,2,2,2,1),(-2.094395102393,0.,2.094395102393,4.188790204786,
6.28318530718,8.377580409573),.UNSPECIFIED.) CURVE() 
GEOMETRIC_REPRESENTATION_ITEM() RATIONAL_B_SPLINE_CURVE((1.,0.5,1.,0.5,
1.,0.5,1.)) REPRESENTATION_ITEM('') );
#1353 = CARTESIAN_POINT('',(719.10605297174,-104.1088462663));
#1354 = CARTESIAN_POINT('',(719.10605297174,-119.6973035344));
#1355 = CARTESIAN_POINT('',(705.60605297174,-111.9030749003));
#1356 = CARTESIAN_POINT('',(692.10605297174,-104.1088462663));
#1357 = CARTESIAN_POINT('',(705.60605297174,-96.31461763227));
#1358 = CARTESIAN_POINT('',(719.10605297174,-88.52038899821));
#1359 = CARTESIAN_POINT('',(719.10605297174,-104.1088462663));
#1360 = ( GEOMETRIC_REPRESENTATION_CONTEXT(2) 
PARAMETRIC_REPRESENTATION_CONTEXT() REPRESENTATION_CONTEXT('2D SPACE',''
  ) );
#1361 = PCURVE('',#1362,#1367);
#1362 = CYLINDRICAL_SURFACE('',#1363,9.);
#1363 = AXIS2_PLACEMENT_3D('',#1364,#1365,#1366);
#1364 = CARTESIAN_POINT('',(-99.04846744097,-4.,-449.4182485468));
#1365 = DIRECTION('',(0.,1.,0.));
#1366 = DIRECTION('',(0.,-0.,1.));
#1367 = DEFINITIONAL_REPRESENTATION('',(#1368),#1372);
#1368 = LINE('',#1369,#1370);
#1369 = CARTESIAN_POINT('',(6.28318530718,0.));
#1370 = VECTOR('',#1371,1.);
#1371 = DIRECTION('',(-1.,0.));
#1372 = ( GEOMETRIC_REPRESENTATION_CONTEXT(2) 
PARAMETRIC_REPRESENTATION_CONTEXT() REPRESENTATION_CONTEXT('2D SPACE',''
  ) );
#1373 = ORIENTED_EDGE('',*,*,#1374,.T.);
#1374 = EDGE_CURVE('',#1342,#1375,#1377,.T.);
#1375 = VERTEX_POINT('',#1376);
#1376 = CARTESIAN_POINT('',(-93.15644068379,-4.,-413.9004120154));
#1377 = SURFACE_CURVE('',#1378,(#1382,#1389),.PCURVE_S1.);
#1378 = LINE('',#1379,#1380);
#1379 = CARTESIAN_POINT('',(-107.6040956925,-4.,-446.510833321));
#1380 = VECTOR('',#1381,1.);
#1381 = DIRECTION('',(0.405064377285,0.,0.914288165872));
#1382 = PCURVE('',#63,#1383);
#1383 = DEFINITIONAL_REPRESENTATION('',(#1384),#1388);
#1384 = LINE('',#1385,#1386);
#1385 = CARTESIAN_POINT('',(713.01346819753,-112.6644745179));
#1386 = VECTOR('',#1387,1.);
#1387 = DIRECTION('',(0.914288165872,0.405064377285));
#1388 = ( GEOMETRIC_REPRESENTATION_CONTEXT(2) 
PARAMETRIC_REPRESENTATION_CONTEXT() REPRESENTATION_CONTEXT('2D SPACE',''
  ) );
#1389 = PCURVE('',#1390,#1395);
#1390 = PLANE('',#1391);
#1391 = AXIS2_PLACEMENT_3D('',#1392,#1393,#1394);
#1392 = CARTESIAN_POINT('',(-107.6040956925,-4.,-446.510833321));
#1393 = DIRECTION('',(-0.914288165872,0.,0.405064377285));
#1394 = DIRECTION('',(0.405064377285,0.,0.914288165872));
#1395 = DEFINITIONAL_REPRESENTATION('',(#1396),#1400);
#1396 = LINE('',#1397,#1398);
#1397 = CARTESIAN_POINT('',(0.,0.));
#1398 = VECTOR('',#1399,1.);
#1399 = DIRECTION('',(1.,0.));
#1400 = ( GEOMETRIC_REPRESENTATION_CONTEXT(2) 
PARAMETRIC_REPRESENTATION_CONTEXT() REPRESENTATION_CONTEXT('2D SPACE',''
  ) );
#1401 = ORIENTED_EDGE('',*,*,#1402,.F.);
#1402 = EDGE_CURVE('',#1403,#1375,#1405,.T.);
#1403 = VERTEX_POINT('',#1404);
#1404 = CARTESIAN_POINT('',(-88.57342658651,-4.,-409.3173979181));
#1405 = SURFACE_CURVE('',#1406,(#1411,#1422),.PCURVE_S1.);
#1406 = CIRCLE('',#1407,9.);
#1407 = AXIS2_PLACEMENT_3D('',#1408,#1409,#1410);
#1408 = CARTESIAN_POINT('',(-84.92784719094,-4.,-417.545991411));
#1409 = DIRECTION('',(0.,-1.,0.));
#1410 = DIRECTION('',(0.,0.,1.));
#1411 = PCURVE('',#63,#1412);
#1412 = DEFINITIONAL_REPRESENTATION('',(#1413),#1421);
#1413 = ( BOUNDED_CURVE() B_SPLINE_CURVE(2,(#1414,#1415,#1416,#1417,
#1418,#1419,#1420),.UNSPECIFIED.,.T.,.F.) B_SPLINE_CURVE_WITH_KNOTS((1,2
    ,2,2,2,1),(-2.094395102393,0.,2.094395102393,4.188790204786,
6.28318530718,8.377580409573),.UNSPECIFIED.) CURVE() 
GEOMETRIC_REPRESENTATION_ITEM() RATIONAL_B_SPLINE_CURVE((1.,0.5,1.,0.5,
1.,0.5,1.)) REPRESENTATION_ITEM('') );
#1414 = CARTESIAN_POINT('',(750.97831010753,-89.9882260163));
#1415 = CARTESIAN_POINT('',(750.97831010753,-105.5766832844));
#1416 = CARTESIAN_POINT('',(737.47831010753,-97.78245465036));
#1417 = CARTESIAN_POINT('',(723.97831010753,-89.9882260163));
#1418 = CARTESIAN_POINT('',(737.47831010753,-82.19399738224));
#1419 = CARTESIAN_POINT('',(750.97831010753,-74.39976874818));
#1420 = CARTESIAN_POINT('',(750.97831010753,-89.9882260163));
#1421 = ( GEOMETRIC_REPRESENTATION_CONTEXT(2) 
PARAMETRIC_REPRESENTATION_CONTEXT() REPRESENTATION_CONTEXT('2D SPACE',''
  ) );
#1422 = PCURVE('',#1423,#1428);
#1423 = CYLINDRICAL_SURFACE('',#1424,9.);
#1424 = AXIS2_PLACEMENT_3D('',#1425,#1426,#1427);
#1425 = CARTESIAN_POINT('',(-84.92784719094,-4.,-417.545991411));
#1426 = DIRECTION('',(0.,1.,0.));
#1427 = DIRECTION('',(0.,-0.,1.));
#1428 = DEFINITIONAL_REPRESENTATION('',(#1429),#1433);
#1429 = LINE('',#1430,#1431);
#1430 = CARTESIAN_POINT('',(6.28318530718,0.));
#1431 = VECTOR('',#1432,1.);
#1432 = DIRECTION('',(-1.,0.));
#1433 = ( GEOMETRIC_REPRESENTATION_CONTEXT(2) 
PARAMETRIC_REPRESENTATION_CONTEXT() REPRESENTATION_CONTEXT('2D SPACE',''
  ) );
#1434 = ORIENTED_EDGE('',*,*,#1435,.T.);
#1435 = EDGE_CURVE('',#1403,#1436,#1438,.T.);
#1436 = VERTEX_POINT('',#1437);
#1437 = CARTESIAN_POINT('',(-83.34277444695,-4.,-407.0000203879));
#1438 = SURFACE_CURVE('',#1439,(#1443,#1450),.PCURVE_S1.);
#1439 = LINE('',#1440,#1441);
#1440 = CARTESIAN_POINT('',(-91.74937495217,-4.,-410.7244636497));
#1441 = VECTOR('',#1442,1.);
#1442 = DIRECTION('',(0.914288165872,0.,0.405064377285));
#1443 = PCURVE('',#63,#1444);
#1444 = DEFINITIONAL_REPRESENTATION('',(#1445),#1449);
#1445 = LINE('',#1446,#1447);
#1446 = CARTESIAN_POINT('',(748.79983786876,-96.80975377753));
#1447 = VECTOR('',#1448,1.);
#1448 = DIRECTION('',(0.405064377285,0.914288165872));
#1449 = ( GEOMETRIC_REPRESENTATION_CONTEXT(2) 
PARAMETRIC_REPRESENTATION_CONTEXT() REPRESENTATION_CONTEXT('2D SPACE',''
  ) );
#1450 = PCURVE('',#1451,#1456);
#1451 = PLANE('',#1452);
#1452 = AXIS2_PLACEMENT_3D('',#1453,#1454,#1455);
#1453 = CARTESIAN_POINT('',(-91.74937495217,-4.,-410.7244636497));
#1454 = DIRECTION('',(-0.405064377285,0.,0.914288165872));
#1455 = DIRECTION('',(0.914288165872,0.,0.405064377285));
#1456 = DEFINITIONAL_REPRESENTATION('',(#1457),#1461);
#1457 = LINE('',#1458,#1459);
#1458 = CARTESIAN_POINT('',(0.,0.));
#1459 = VECTOR('',#1460,1.);
#1460 = DIRECTION('',(1.,0.));
#1461 = ( GEOMETRIC_REPRESENTATION_CONTEXT(2) 
PARAMETRIC_REPRESENTATION_CONTEXT() REPRESENTATION_CONTEXT('2D SPACE',''
  ) );
#1462 = ORIENTED_EDGE('',*,*,#1463,.F.);
#1463 = EDGE_CURVE('',#1464,#1436,#1466,.T.);
#1464 = VERTEX_POINT('',#1465);
#1465 = CARTESIAN_POINT('',(-80.48166684195,-4.,-406.2628677317));
#1466 = SURFACE_CURVE('',#1467,(#1472,#1483),.PCURVE_S1.);
#1467 = CIRCLE('',#1468,9.);
#1468 = AXIS2_PLACEMENT_3D('',#1469,#1470,#1471);
#1469 = CARTESIAN_POINT('',(-79.69719505139,-4.,-415.2286138808));
#1470 = DIRECTION('',(0.,-1.,0.));
#1471 = DIRECTION('',(0.,0.,1.));
#1472 = PCURVE('',#63,#1473);
#1473 = DEFINITIONAL_REPRESENTATION('',(#1474),#1482);
#1474 = ( BOUNDED_CURVE() B_SPLINE_CURVE(2,(#1475,#1476,#1477,#1478,
#1479,#1480,#1481),.UNSPECIFIED.,.T.,.F.) B_SPLINE_CURVE_WITH_KNOTS((1,2
    ,2,2,2,1),(-2.094395102393,0.,2.094395102393,4.188790204786,
6.28318530718,8.377580409573),.UNSPECIFIED.) CURVE() 
GEOMETRIC_REPRESENTATION_ITEM() RATIONAL_B_SPLINE_CURVE((1.,0.5,1.,0.5,
1.,0.5,1.)) REPRESENTATION_ITEM('') );
#1475 = CARTESIAN_POINT('',(753.29568763771,-84.75757387674));
#1476 = CARTESIAN_POINT('',(753.29568763771,-100.3460311448));
#1477 = CARTESIAN_POINT('',(739.79568763771,-92.5518025108));
#1478 = CARTESIAN_POINT('',(726.29568763771,-84.75757387674));
#1479 = CARTESIAN_POINT('',(739.79568763771,-76.96334524268));
#1480 = CARTESIAN_POINT('',(753.29568763771,-69.16911660862));
#1481 = CARTESIAN_POINT('',(753.29568763771,-84.75757387674));
#1482 = ( GEOMETRIC_REPRESENTATION_CONTEXT(2) 
PARAMETRIC_REPRESENTATION_CONTEXT() REPRESENTATION_CONTEXT('2D SPACE',''
  ) );
#1483 = PCURVE('',#1484,#1489);
#1484 = CYLINDRICAL_SURFACE('',#1485,9.);
#1485 = AXIS2_PLACEMENT_3D('',#1486,#1487,#1488);
#1486 = CARTESIAN_POINT('',(-79.69719505139,-4.,-415.2286138808));
#1487 = DIRECTION('',(0.,1.,0.));
#1488 = DIRECTION('',(0.,-0.,1.));
#1489 = DEFINITIONAL_REPRESENTATION('',(#1490),#1494);
#1490 = LINE('',#1491,#1492);
#1491 = CARTESIAN_POINT('',(6.28318530718,0.));
#1492 = VECTOR('',#1493,1.);
#1493 = DIRECTION('',(-1.,0.));
#1494 = ( GEOMETRIC_REPRESENTATION_CONTEXT(2) 
PARAMETRIC_REPRESENTATION_CONTEXT() REPRESENTATION_CONTEXT('2D SPACE',''
  ) );
#1495 = ORIENTED_EDGE('',*,*,#1496,.T.);
#1496 = EDGE_CURVE('',#1464,#1497,#1499,.T.);
#1497 = VERTEX_POINT('',#1498);
#1498 = CARTESIAN_POINT('',(-65.43959166665,-4.,-404.9467381592));
#1499 = SURFACE_CURVE('',#1500,(#1504,#1511),.PCURVE_S1.);
#1500 = LINE('',#1501,#1502);
#1501 = CARTESIAN_POINT('',(-81.97355109141,-4.,-406.3934024456));
#1502 = VECTOR('',#1503,1.);
#1503 = DIRECTION('',(0.996194016565,0.,8.716353228437E-02));
#1504 = PCURVE('',#63,#1505);
#1505 = DEFINITIONAL_REPRESENTATION('',(#1506),#1510);
#1506 = LINE('',#1507,#1508);
#1507 = CARTESIAN_POINT('',(753.13089907289,-87.03392991676));
#1508 = VECTOR('',#1509,1.);
#1509 = DIRECTION('',(8.716353228437E-02,0.996194016565));
#1510 = ( GEOMETRIC_REPRESENTATION_CONTEXT(2) 
PARAMETRIC_REPRESENTATION_CONTEXT() REPRESENTATION_CONTEXT('2D SPACE',''
  ) );
#1511 = PCURVE('',#1512,#1517);
#1512 = PLANE('',#1513);
#1513 = AXIS2_PLACEMENT_3D('',#1514,#1515,#1516);
#1514 = CARTESIAN_POINT('',(-81.97355109141,-4.,-406.3934024456));
#1515 = DIRECTION('',(-8.716353228437E-02,0.,0.996194016565));
#1516 = DIRECTION('',(0.996194016565,0.,8.716353228437E-02));
#1517 = DEFINITIONAL_REPRESENTATION('',(#1518),#1522);
#1518 = LINE('',#1519,#1520);
#1519 = CARTESIAN_POINT('',(0.,0.));
#1520 = VECTOR('',#1521,1.);
#1521 = DIRECTION('',(1.,0.));
#1522 = ( GEOMETRIC_REPRESENTATION_CONTEXT(2) 
PARAMETRIC_REPRESENTATION_CONTEXT() REPRESENTATION_CONTEXT('2D SPACE',''
  ) );
#1523 = ORIENTED_EDGE('',*,*,#1524,.T.);
#1524 = EDGE_CURVE('',#1497,#42,#1525,.T.);
#1525 = SURFACE_CURVE('',#1526,(#1530,#1536),.PCURVE_S1.);
#1526 = LINE('',#1527,#1528);
#1527 = CARTESIAN_POINT('',(-65.43959166665,-4.,-512.7388));
#1528 = VECTOR('',#1529,1.);
#1529 = DIRECTION('',(-0.,-0.,-1.));
#1530 = PCURVE('',#63,#1531);
#1531 = DEFINITIONAL_REPRESENTATION('',(#1532),#1535);
#1532 = B_SPLINE_CURVE_WITH_KNOTS('',1,(#1533,#1534),.UNSPECIFIED.,.F.,
  .F.,(2,2),(-137.3705927146,6.000000212225E-07),
  .PIECEWISE_BEZIER_KNOTS.);
#1533 = CARTESIAN_POINT('',(784.15609423325,-70.499970492));
#1534 = CARTESIAN_POINT('',(646.78550091855,-70.499970492));
#1535 = ( GEOMETRIC_REPRESENTATION_CONTEXT(2) 
PARAMETRIC_REPRESENTATION_CONTEXT() REPRESENTATION_CONTEXT('2D SPACE',''
  ) );
#1536 = PCURVE('',#201,#1537);
#1537 = DEFINITIONAL_REPRESENTATION('',(#1538),#1541);
#1538 = B_SPLINE_CURVE_WITH_KNOTS('',1,(#1539,#1540),.UNSPECIFIED.,.F.,
  .F.,(2,2),(-137.3705927146,6.000000212225E-07),
  .PIECEWISE_BEZIER_KNOTS.);
#1539 = CARTESIAN_POINT('',(-4.068890538268,-137.3705927146));
#1540 = CARTESIAN_POINT('',(-4.068890538268,6.000000212225E-07));
#1541 = ( GEOMETRIC_REPRESENTATION_CONTEXT(2) 
PARAMETRIC_REPRESENTATION_CONTEXT() REPRESENTATION_CONTEXT('2D SPACE',''
  ) );
#1542 = ORIENTED_EDGE('',*,*,#39,.F.);
#1543 = ORIENTED_EDGE('',*,*,#1544,.T.);
#1544 = EDGE_CURVE('',#40,#1545,#1547,.T.);
#1545 = VERTEX_POINT('',#1546);
#1546 = CARTESIAN_POINT('',(-65.43959166665,-4.,-512.7388));
#1547 = SURFACE_CURVE('',#1548,(#1552,#1558),.PCURVE_S1.);
#1548 = LINE('',#1549,#1550);
#1549 = CARTESIAN_POINT('',(-65.43959166665,-4.,-512.7388));
#1550 = VECTOR('',#1551,1.);
#1551 = DIRECTION('',(-0.,-0.,-1.));
#1552 = PCURVE('',#63,#1553);
#1553 = DEFINITIONAL_REPRESENTATION('',(#1554),#1557);
#1554 = B_SPLINE_CURVE_WITH_KNOTS('',1,(#1555,#1556),.UNSPECIFIED.,.F.,
  .F.,(2,2),(-137.3705927146,6.000000212225E-07),
  .PIECEWISE_BEZIER_KNOTS.);
#1555 = CARTESIAN_POINT('',(784.15609423325,-70.499970492));
#1556 = CARTESIAN_POINT('',(646.78550091855,-70.499970492));
#1557 = ( GEOMETRIC_REPRESENTATION_CONTEXT(2) 
PARAMETRIC_REPRESENTATION_CONTEXT() REPRESENTATION_CONTEXT('2D SPACE',''
  ) );
#1558 = PCURVE('',#421,#1559);
#1559 = DEFINITIONAL_REPRESENTATION('',(#1560),#1563);
#1560 = B_SPLINE_CURVE_WITH_KNOTS('',1,(#1561,#1562),.UNSPECIFIED.,.F.,
  .F.,(2,2),(-137.3705927146,6.000000212225E-07),
  .PIECEWISE_BEZIER_KNOTS.);
#1561 = CARTESIAN_POINT('',(-4.068890538268,-137.3705927146));
#1562 = CARTESIAN_POINT('',(-4.068890538268,6.000000212225E-07));
#1563 = ( GEOMETRIC_REPRESENTATION_CONTEXT(2) 
PARAMETRIC_REPRESENTATION_CONTEXT() REPRESENTATION_CONTEXT('2D SPACE',''
  ) );
#1564 = ORIENTED_EDGE('',*,*,#1565,.T.);
#1565 = EDGE_CURVE('',#1545,#1566,#1568,.T.);
#1566 = VERTEX_POINT('',#1567);
#1567 = CARTESIAN_POINT('',(-62.43960833334,-4.,-512.7388));
#1568 = SURFACE_CURVE('',#1569,(#1573,#1579),.PCURVE_S1.);
#1569 = LINE('',#1570,#1571);
#1570 = CARTESIAN_POINT('',(-29.43961058732,-4.,-512.7388));
#1571 = VECTOR('',#1572,1.);
#1572 = DIRECTION('',(1.,0.,0.));
#1573 = PCURVE('',#63,#1574);
#1574 = DEFINITIONAL_REPRESENTATION('',(#1575),#1578);
#1575 = B_SPLINE_CURVE_WITH_KNOTS('',1,(#1576,#1577),.UNSPECIFIED.,.F.,
  .F.,(2,2),(-36.99998441267,-31.99999441267),.PIECEWISE_BEZIER_KNOTS.);
#1576 = CARTESIAN_POINT('',(646.78550151855,-71.49997382535));
#1577 = CARTESIAN_POINT('',(646.78550151855,-66.49998382535));
#1578 = ( GEOMETRIC_REPRESENTATION_CONTEXT(2) 
PARAMETRIC_REPRESENTATION_CONTEXT() REPRESENTATION_CONTEXT('2D SPACE',''
  ) );
#1579 = PCURVE('',#1580,#1585);
#1580 = PLANE('',#1581);
#1581 = AXIS2_PLACEMENT_3D('',#1582,#1583,#1584);
#1582 = CARTESIAN_POINT('',(-63.9396,-2.,-512.7388));
#1583 = DIRECTION('',(0.,0.,1.));
#1584 = DIRECTION('',(1.,0.,-0.));
#1585 = DEFINITIONAL_REPRESENTATION('',(#1586),#1589);
#1586 = B_SPLINE_CURVE_WITH_KNOTS('',1,(#1587,#1588),.UNSPECIFIED.,.F.,
  .F.,(2,2),(-36.99998441267,-31.99999441267),.PIECEWISE_BEZIER_KNOTS.);
#1587 = CARTESIAN_POINT('',(-2.499995,-2.));
#1588 = CARTESIAN_POINT('',(2.499995,-2.));
#1589 = ( GEOMETRIC_REPRESENTATION_CONTEXT(2) 
PARAMETRIC_REPRESENTATION_CONTEXT() REPRESENTATION_CONTEXT('2D SPACE',''
  ) );
#1590 = ORIENTED_EDGE('',*,*,#1591,.F.);
#1591 = EDGE_CURVE('',#494,#1566,#1592,.T.);
#1592 = SURFACE_CURVE('',#1593,(#1597,#1603),.PCURVE_S1.);
#1593 = LINE('',#1594,#1595);
#1594 = CARTESIAN_POINT('',(-62.43960833334,-4.,-512.7388));
#1595 = VECTOR('',#1596,1.);
#1596 = DIRECTION('',(-0.,-0.,-1.));
#1597 = PCURVE('',#63,#1598);
#1598 = DEFINITIONAL_REPRESENTATION('',(#1599),#1602);
#1599 = B_SPLINE_CURVE_WITH_KNOTS('',1,(#1600,#1601),.UNSPECIFIED.,.F.,
  .F.,(2,2),(-137.3705927146,6.000000212225E-07),
  .PIECEWISE_BEZIER_KNOTS.);
#1600 = CARTESIAN_POINT('',(784.15609423325,-67.4999871587));
#1601 = CARTESIAN_POINT('',(646.78550091855,-67.4999871587));
#1602 = ( GEOMETRIC_REPRESENTATION_CONTEXT(2) 
PARAMETRIC_REPRESENTATION_CONTEXT() REPRESENTATION_CONTEXT('2D SPACE',''
  ) );
#1603 = PCURVE('',#537,#1604);
#1604 = DEFINITIONAL_REPRESENTATION('',(#1605),#1608);
#1605 = B_SPLINE_CURVE_WITH_KNOTS('',1,(#1606,#1607),.UNSPECIFIED.,.F.,
  .F.,(2,2),(-137.3705927146,6.000000212225E-07),
  .PIECEWISE_BEZIER_KNOTS.);
#1606 = CARTESIAN_POINT('',(-5.355887422501,-137.3705927146));
#1607 = CARTESIAN_POINT('',(-5.355887422501,6.000000212225E-07));
#1608 = ( GEOMETRIC_REPRESENTATION_CONTEXT(2) 
PARAMETRIC_REPRESENTATION_CONTEXT() REPRESENTATION_CONTEXT('2D SPACE',''
  ) );
#1609 = FACE_BOUND('',#1610,.F.);
#1610 = EDGE_LOOP('',(#1611,#1642));
#1611 = ORIENTED_EDGE('',*,*,#1612,.F.);
#1612 = EDGE_CURVE('',#1613,#1615,#1617,.T.);
#1613 = VERTEX_POINT('',#1614);
#1614 = CARTESIAN_POINT('',(-105.9396211746,-4.,-664.488844942));
#1615 = VERTEX_POINT('',#1616);
#1616 = CARTESIAN_POINT('',(-105.9396211746,-4.,-670.988844942));
#1617 = SURFACE_CURVE('',#1618,(#1623,#1630),.PCURVE_S1.);
#1618 = CIRCLE('',#1619,3.25);
#1619 = AXIS2_PLACEMENT_3D('',#1620,#1621,#1622);
#1620 = CARTESIAN_POINT('',(-105.9396211746,-4.,-667.738844942));
#1621 = DIRECTION('',(0.,1.,0.));
#1622 = DIRECTION('',(0.,-0.,1.));
#1623 = PCURVE('',#63,#1624);
#1624 = DEFINITIONAL_REPRESENTATION('',(#1625),#1629);
#1625 = CIRCLE('',#1626,3.25);
#1626 = AXIS2_PLACEMENT_2D('',#1627,#1628);
#1627 = CARTESIAN_POINT('',(491.78545657646,-111.));
#1628 = DIRECTION('',(1.,0.));
#1629 = ( GEOMETRIC_REPRESENTATION_CONTEXT(2) 
PARAMETRIC_REPRESENTATION_CONTEXT() REPRESENTATION_CONTEXT('2D SPACE',''
  ) );
#1630 = PCURVE('',#1631,#1636);
#1631 = CYLINDRICAL_SURFACE('',#1632,3.25);
#1632 = AXIS2_PLACEMENT_3D('',#1633,#1634,#1635);
#1633 = CARTESIAN_POINT('',(-105.9396211746,-4.,-667.738844942));
#1634 = DIRECTION('',(0.,1.,0.));
#1635 = DIRECTION('',(0.,-0.,1.));
#1636 = DEFINITIONAL_REPRESENTATION('',(#1637),#1641);
#1637 = LINE('',#1638,#1639);
#1638 = CARTESIAN_POINT('',(0.,0.));
#1639 = VECTOR('',#1640,1.);
#1640 = DIRECTION('',(1.,0.));
#1641 = ( GEOMETRIC_REPRESENTATION_CONTEXT(2) 
PARAMETRIC_REPRESENTATION_CONTEXT() REPRESENTATION_CONTEXT('2D SPACE',''
  ) );
#1642 = ORIENTED_EDGE('',*,*,#1643,.F.);
#1643 = EDGE_CURVE('',#1615,#1613,#1644,.T.);
#1644 = SURFACE_CURVE('',#1645,(#1650,#1657),.PCURVE_S1.);
#1645 = CIRCLE('',#1646,3.25);
#1646 = AXIS2_PLACEMENT_3D('',#1647,#1648,#1649);
#1647 = CARTESIAN_POINT('',(-105.9396211746,-4.,-667.738844942));
#1648 = DIRECTION('',(0.,1.,0.));
#1649 = DIRECTION('',(0.,-0.,1.));
#1650 = PCURVE('',#63,#1651);
#1651 = DEFINITIONAL_REPRESENTATION('',(#1652),#1656);
#1652 = CIRCLE('',#1653,3.25);
#1653 = AXIS2_PLACEMENT_2D('',#1654,#1655);
#1654 = CARTESIAN_POINT('',(491.78545657646,-111.));
#1655 = DIRECTION('',(1.,0.));
#1656 = ( GEOMETRIC_REPRESENTATION_CONTEXT(2) 
PARAMETRIC_REPRESENTATION_CONTEXT() REPRESENTATION_CONTEXT('2D SPACE',''
  ) );
#1657 = PCURVE('',#1658,#1663);
#1658 = CYLINDRICAL_SURFACE('',#1659,3.25);
#1659 = AXIS2_PLACEMENT_3D('',#1660,#1661,#1662);
#1660 = CARTESIAN_POINT('',(-105.9396211746,-4.,-667.738844942));
#1661 = DIRECTION('',(0.,1.,0.));
#1662 = DIRECTION('',(0.,-0.,1.));
#1663 = DEFINITIONAL_REPRESENTATION('',(#1664),#1668);
#1664 = LINE('',#1665,#1666);
#1665 = CARTESIAN_POINT('',(0.,0.));
#1666 = VECTOR('',#1667,1.);
#1667 = DIRECTION('',(1.,0.));
#1668 = ( GEOMETRIC_REPRESENTATION_CONTEXT(2) 
PARAMETRIC_REPRESENTATION_CONTEXT() REPRESENTATION_CONTEXT('2D SPACE',''
  ) );
#1669 = FACE_BOUND('',#1670,.F.);
#1670 = EDGE_LOOP('',(#1671,#1702));
#1671 = ORIENTED_EDGE('',*,*,#1672,.F.);
#1672 = EDGE_CURVE('',#1673,#1675,#1677,.T.);
#1673 = VERTEX_POINT('',#1674);
#1674 = CARTESIAN_POINT('',(-105.9396211746,-4.,-545.238844942));
#1675 = VERTEX_POINT('',#1676);
#1676 = CARTESIAN_POINT('',(-105.9396211746,-4.,-550.238844942));
#1677 = SURFACE_CURVE('',#1678,(#1683,#1690),.PCURVE_S1.);
#1678 = CIRCLE('',#1679,2.5);
#1679 = AXIS2_PLACEMENT_3D('',#1680,#1681,#1682);
#1680 = CARTESIAN_POINT('',(-105.9396211746,-4.,-547.738844942));
#1681 = DIRECTION('',(0.,1.,0.));
#1682 = DIRECTION('',(0.,-0.,1.));
#1683 = PCURVE('',#63,#1684);
#1684 = DEFINITIONAL_REPRESENTATION('',(#1685),#1689);
#1685 = CIRCLE('',#1686,2.5);
#1686 = AXIS2_PLACEMENT_2D('',#1687,#1688);
#1687 = CARTESIAN_POINT('',(611.78545657646,-110.9999999999));
#1688 = DIRECTION('',(1.,0.));
#1689 = ( GEOMETRIC_REPRESENTATION_CONTEXT(2) 
PARAMETRIC_REPRESENTATION_CONTEXT() REPRESENTATION_CONTEXT('2D SPACE',''
  ) );
#1690 = PCURVE('',#1691,#1696);
#1691 = CYLINDRICAL_SURFACE('',#1692,2.5);
#1692 = AXIS2_PLACEMENT_3D('',#1693,#1694,#1695);
#1693 = CARTESIAN_POINT('',(-105.9396211746,-4.,-547.738844942));
#1694 = DIRECTION('',(0.,1.,0.));
#1695 = DIRECTION('',(0.,-0.,1.));
#1696 = DEFINITIONAL_REPRESENTATION('',(#1697),#1701);
#1697 = LINE('',#1698,#1699);
#1698 = CARTESIAN_POINT('',(0.,0.));
#1699 = VECTOR('',#1700,1.);
#1700 = DIRECTION('',(1.,0.));
#1701 = ( GEOMETRIC_REPRESENTATION_CONTEXT(2) 
PARAMETRIC_REPRESENTATION_CONTEXT() REPRESENTATION_CONTEXT('2D SPACE',''
  ) );
#1702 = ORIENTED_EDGE('',*,*,#1703,.F.);
#1703 = EDGE_CURVE('',#1675,#1673,#1704,.T.);
#1704 = SURFACE_CURVE('',#1705,(#1710,#1717),.PCURVE_S1.);
#1705 = CIRCLE('',#1706,2.5);
#1706 = AXIS2_PLACEMENT_3D('',#1707,#1708,#1709);
#1707 = CARTESIAN_POINT('',(-105.9396211746,-4.,-547.738844942));
#1708 = DIRECTION('',(0.,1.,0.));
#1709 = DIRECTION('',(0.,-0.,1.));
#1710 = PCURVE('',#63,#1711);
#1711 = DEFINITIONAL_REPRESENTATION('',(#1712),#1716);
#1712 = CIRCLE('',#1713,2.5);
#1713 = AXIS2_PLACEMENT_2D('',#1714,#1715);
#1714 = CARTESIAN_POINT('',(611.78545657646,-110.9999999999));
#1715 = DIRECTION('',(1.,0.));
#1716 = ( GEOMETRIC_REPRESENTATION_CONTEXT(2) 
PARAMETRIC_REPRESENTATION_CONTEXT() REPRESENTATION_CONTEXT('2D SPACE',''
  ) );
#1717 = PCURVE('',#1718,#1723);
#1718 = CYLINDRICAL_SURFACE('',#1719,2.5);
#1719 = AXIS2_PLACEMENT_3D('',#1720,#1721,#1722);
#1720 = CARTESIAN_POINT('',(-105.9396211746,-4.,-547.738844942));
#1721 = DIRECTION('',(0.,1.,0.));
#1722 = DIRECTION('',(0.,-0.,1.));
#1723 = DEFINITIONAL_REPRESENTATION('',(#1724),#1728);
#1724 = LINE('',#1725,#1726);
#1725 = CARTESIAN_POINT('',(0.,0.));
#1726 = VECTOR('',#1727,1.);
#1727 = DIRECTION('',(1.,0.));
#1728 = ( GEOMETRIC_REPRESENTATION_CONTEXT(2) 
PARAMETRIC_REPRESENTATION_CONTEXT() REPRESENTATION_CONTEXT('2D SPACE',''
  ) );
#1729 = FACE_BOUND('',#1730,.F.);
#1730 = EDGE_LOOP('',(#1731,#1762));
#1731 = ORIENTED_EDGE('',*,*,#1732,.F.);
#1732 = EDGE_CURVE('',#1733,#1735,#1737,.T.);
#1733 = VERTEX_POINT('',#1734);
#1734 = CARTESIAN_POINT('',(-63.93962117464,-4.,-529.488844942));
#1735 = VERTEX_POINT('',#1736);
#1736 = CARTESIAN_POINT('',(-63.93962117464,-4.,-535.988844942));
#1737 = SURFACE_CURVE('',#1738,(#1743,#1750),.PCURVE_S1.);
#1738 = CIRCLE('',#1739,3.25);
#1739 = AXIS2_PLACEMENT_3D('',#1740,#1741,#1742);
#1740 = CARTESIAN_POINT('',(-63.93962117464,-4.,-532.738844942));
#1741 = DIRECTION('',(0.,1.,0.));
#1742 = DIRECTION('',(0.,-0.,1.));
#1743 = PCURVE('',#63,#1744);
#1744 = DEFINITIONAL_REPRESENTATION('',(#1745),#1749);
#1745 = CIRCLE('',#1746,3.25);
#1746 = AXIS2_PLACEMENT_2D('',#1747,#1748);
#1747 = CARTESIAN_POINT('',(626.78545657646,-69.));
#1748 = DIRECTION('',(1.,0.));
#1749 = ( GEOMETRIC_REPRESENTATION_CONTEXT(2) 
PARAMETRIC_REPRESENTATION_CONTEXT() REPRESENTATION_CONTEXT('2D SPACE',''
  ) );
#1750 = PCURVE('',#1751,#1756);
#1751 = CYLINDRICAL_SURFACE('',#1752,3.25);
#1752 = AXIS2_PLACEMENT_3D('',#1753,#1754,#1755);
#1753 = CARTESIAN_POINT('',(-63.93962117464,-4.,-532.738844942));
#1754 = DIRECTION('',(0.,1.,0.));
#1755 = DIRECTION('',(0.,-0.,1.));
#1756 = DEFINITIONAL_REPRESENTATION('',(#1757),#1761);
#1757 = LINE('',#1758,#1759);
#1758 = CARTESIAN_POINT('',(0.,0.));
#1759 = VECTOR('',#1760,1.);
#1760 = DIRECTION('',(1.,0.));
#1761 = ( GEOMETRIC_REPRESENTATION_CONTEXT(2) 
PARAMETRIC_REPRESENTATION_CONTEXT() REPRESENTATION_CONTEXT('2D SPACE',''
  ) );
#1762 = ORIENTED_EDGE('',*,*,#1763,.F.);
#1763 = EDGE_CURVE('',#1735,#1733,#1764,.T.);
#1764 = SURFACE_CURVE('',#1765,(#1770,#1777),.PCURVE_S1.);
#1765 = CIRCLE('',#1766,3.25);
#1766 = AXIS2_PLACEMENT_3D('',#1767,#1768,#1769);
#1767 = CARTESIAN_POINT('',(-63.93962117464,-4.,-532.738844942));
#1768 = DIRECTION('',(0.,1.,0.));
#1769 = DIRECTION('',(0.,-0.,1.));
#1770 = PCURVE('',#63,#1771);
#1771 = DEFINITIONAL_REPRESENTATION('',(#1772),#1776);
#1772 = CIRCLE('',#1773,3.25);
#1773 = AXIS2_PLACEMENT_2D('',#1774,#1775);
#1774 = CARTESIAN_POINT('',(626.78545657646,-69.));
#1775 = DIRECTION('',(1.,0.));
#1776 = ( GEOMETRIC_REPRESENTATION_CONTEXT(2) 
PARAMETRIC_REPRESENTATION_CONTEXT() REPRESENTATION_CONTEXT('2D SPACE',''
  ) );
#1777 = PCURVE('',#1778,#1783);
#1778 = CYLINDRICAL_SURFACE('',#1779,3.25);
#1779 = AXIS2_PLACEMENT_3D('',#1780,#1781,#1782);
#1780 = CARTESIAN_POINT('',(-63.93962117464,-4.,-532.738844942));
#1781 = DIRECTION('',(0.,1.,0.));
#1782 = DIRECTION('',(0.,-0.,1.));
#1783 = DEFINITIONAL_REPRESENTATION('',(#1784),#1788);
#1784 = LINE('',#1785,#1786);
#1785 = CARTESIAN_POINT('',(0.,0.));
#1786 = VECTOR('',#1787,1.);
#1787 = DIRECTION('',(1.,0.));
#1788 = ( GEOMETRIC_REPRESENTATION_CONTEXT(2) 
PARAMETRIC_REPRESENTATION_CONTEXT() REPRESENTATION_CONTEXT('2D SPACE',''
  ) );
#1789 = FACE_BOUND('',#1790,.F.);
#1790 = EDGE_LOOP('',(#1791,#1822));
#1791 = ORIENTED_EDGE('',*,*,#1792,.F.);
#1792 = EDGE_CURVE('',#1793,#1795,#1797,.T.);
#1793 = VERTEX_POINT('',#1794);
#1794 = CARTESIAN_POINT('',(116.06037882535,-4.,-664.488844942));
#1795 = VERTEX_POINT('',#1796);
#1796 = CARTESIAN_POINT('',(116.06037882535,-4.,-670.988844942));
#1797 = SURFACE_CURVE('',#1798,(#1803,#1810),.PCURVE_S1.);
#1798 = CIRCLE('',#1799,3.25);
#1799 = AXIS2_PLACEMENT_3D('',#1800,#1801,#1802);
#1800 = CARTESIAN_POINT('',(116.06037882535,-4.,-667.738844942));
#1801 = DIRECTION('',(0.,1.,0.));
#1802 = DIRECTION('',(0.,-0.,1.));
#1803 = PCURVE('',#63,#1804);
#1804 = DEFINITIONAL_REPRESENTATION('',(#1805),#1809);
#1805 = CIRCLE('',#1806,3.25);
#1806 = AXIS2_PLACEMENT_2D('',#1807,#1808);
#1807 = CARTESIAN_POINT('',(491.78545657646,111.));
#1808 = DIRECTION('',(1.,0.));
#1809 = ( GEOMETRIC_REPRESENTATION_CONTEXT(2) 
PARAMETRIC_REPRESENTATION_CONTEXT() REPRESENTATION_CONTEXT('2D SPACE',''
  ) );
#1810 = PCURVE('',#1811,#1816);
#1811 = CYLINDRICAL_SURFACE('',#1812,3.25);
#1812 = AXIS2_PLACEMENT_3D('',#1813,#1814,#1815);
#1813 = CARTESIAN_POINT('',(116.06037882535,-4.,-667.738844942));
#1814 = DIRECTION('',(0.,1.,0.));
#1815 = DIRECTION('',(0.,-0.,1.));
#1816 = DEFINITIONAL_REPRESENTATION('',(#1817),#1821);
#1817 = LINE('',#1818,#1819);
#1818 = CARTESIAN_POINT('',(0.,0.));
#1819 = VECTOR('',#1820,1.);
#1820 = DIRECTION('',(1.,0.));
#1821 = ( GEOMETRIC_REPRESENTATION_CONTEXT(2) 
PARAMETRIC_REPRESENTATION_CONTEXT() REPRESENTATION_CONTEXT('2D SPACE',''
  ) );
#1822 = ORIENTED_EDGE('',*,*,#1823,.F.);
#1823 = EDGE_CURVE('',#1795,#1793,#1824,.T.);
#1824 = SURFACE_CURVE('',#1825,(#1830,#1837),.PCURVE_S1.);
#1825 = CIRCLE('',#1826,3.25);
#1826 = AXIS2_PLACEMENT_3D('',#1827,#1828,#1829);
#1827 = CARTESIAN_POINT('',(116.06037882535,-4.,-667.738844942));
#1828 = DIRECTION('',(0.,1.,0.));
#1829 = DIRECTION('',(0.,-0.,1.));
#1830 = PCURVE('',#63,#1831);
#1831 = DEFINITIONAL_REPRESENTATION('',(#1832),#1836);
#1832 = CIRCLE('',#1833,3.25);
#1833 = AXIS2_PLACEMENT_2D('',#1834,#1835);
#1834 = CARTESIAN_POINT('',(491.78545657646,111.));
#1835 = DIRECTION('',(1.,0.));
#1836 = ( GEOMETRIC_REPRESENTATION_CONTEXT(2) 
PARAMETRIC_REPRESENTATION_CONTEXT() REPRESENTATION_CONTEXT('2D SPACE',''
  ) );
#1837 = PCURVE('',#1838,#1843);
#1838 = CYLINDRICAL_SURFACE('',#1839,3.25);
#1839 = AXIS2_PLACEMENT_3D('',#1840,#1841,#1842);
#1840 = CARTESIAN_POINT('',(116.06037882535,-4.,-667.738844942));
#1841 = DIRECTION('',(0.,1.,0.));
#1842 = DIRECTION('',(0.,-0.,1.));
#1843 = DEFINITIONAL_REPRESENTATION('',(#1844),#1848);
#1844 = LINE('',#1845,#1846);
#1845 = CARTESIAN_POINT('',(0.,0.));
#1846 = VECTOR('',#1847,1.);
#1847 = DIRECTION('',(1.,0.));
#1848 = ( GEOMETRIC_REPRESENTATION_CONTEXT(2) 
PARAMETRIC_REPRESENTATION_CONTEXT() REPRESENTATION_CONTEXT('2D SPACE',''
  ) );
#1849 = FACE_BOUND('',#1850,.F.);
#1850 = EDGE_LOOP('',(#1851,#1882));
#1851 = ORIENTED_EDGE('',*,*,#1852,.F.);
#1852 = EDGE_CURVE('',#1853,#1855,#1857,.T.);
#1853 = VERTEX_POINT('',#1854);
#1854 = CARTESIAN_POINT('',(116.06037882535,-4.,-545.238844942));
#1855 = VERTEX_POINT('',#1856);
#1856 = CARTESIAN_POINT('',(116.06037882535,-4.,-550.238844942));
#1857 = SURFACE_CURVE('',#1858,(#1863,#1870),.PCURVE_S1.);
#1858 = CIRCLE('',#1859,2.5);
#1859 = AXIS2_PLACEMENT_3D('',#1860,#1861,#1862);
#1860 = CARTESIAN_POINT('',(116.06037882535,-4.,-547.738844942));
#1861 = DIRECTION('',(0.,1.,0.));
#1862 = DIRECTION('',(0.,-0.,1.));
#1863 = PCURVE('',#63,#1864);
#1864 = DEFINITIONAL_REPRESENTATION('',(#1865),#1869);
#1865 = CIRCLE('',#1866,2.5);
#1866 = AXIS2_PLACEMENT_2D('',#1867,#1868);
#1867 = CARTESIAN_POINT('',(611.78545657646,111.));
#1868 = DIRECTION('',(1.,0.));
#1869 = ( GEOMETRIC_REPRESENTATION_CONTEXT(2) 
PARAMETRIC_REPRESENTATION_CONTEXT() REPRESENTATION_CONTEXT('2D SPACE',''
  ) );
#1870 = PCURVE('',#1871,#1876);
#1871 = CYLINDRICAL_SURFACE('',#1872,2.5);
#1872 = AXIS2_PLACEMENT_3D('',#1873,#1874,#1875);
#1873 = CARTESIAN_POINT('',(116.06037882535,-4.,-547.738844942));
#1874 = DIRECTION('',(0.,1.,0.));
#1875 = DIRECTION('',(0.,-0.,1.));
#1876 = DEFINITIONAL_REPRESENTATION('',(#1877),#1881);
#1877 = LINE('',#1878,#1879);
#1878 = CARTESIAN_POINT('',(0.,0.));
#1879 = VECTOR('',#1880,1.);
#1880 = DIRECTION('',(1.,0.));
#1881 = ( GEOMETRIC_REPRESENTATION_CONTEXT(2) 
PARAMETRIC_REPRESENTATION_CONTEXT() REPRESENTATION_CONTEXT('2D SPACE',''
  ) );
#1882 = ORIENTED_EDGE('',*,*,#1883,.F.);
#1883 = EDGE_CURVE('',#1855,#1853,#1884,.T.);
#1884 = SURFACE_CURVE('',#1885,(#1890,#1897),.PCURVE_S1.);
#1885 = CIRCLE('',#1886,2.5);
#1886 = AXIS2_PLACEMENT_3D('',#1887,#1888,#1889);
#1887 = CARTESIAN_POINT('',(116.06037882535,-4.,-547.738844942));
#1888 = DIRECTION('',(0.,1.,0.));
#1889 = DIRECTION('',(0.,-0.,1.));
#1890 = PCURVE('',#63,#1891);
#1891 = DEFINITIONAL_REPRESENTATION('',(#1892),#1896);
#1892 = CIRCLE('',#1893,2.5);
#1893 = AXIS2_PLACEMENT_2D('',#1894,#1895);
#1894 = CARTESIAN_POINT('',(611.78545657646,111.));
#1895 = DIRECTION('',(1.,0.));
#1896 = ( GEOMETRIC_REPRESENTATION_CONTEXT(2) 
PARAMETRIC_REPRESENTATION_CONTEXT() REPRESENTATION_CONTEXT('2D SPACE',''
  ) );
#1897 = PCURVE('',#1898,#1903);
#1898 = CYLINDRICAL_SURFACE('',#1899,2.5);
#1899 = AXIS2_PLACEMENT_3D('',#1900,#1901,#1902);
#1900 = CARTESIAN_POINT('',(116.06037882535,-4.,-547.738844942));
#1901 = DIRECTION('',(0.,1.,0.));
#1902 = DIRECTION('',(0.,-0.,1.));
#1903 = DEFINITIONAL_REPRESENTATION('',(#1904),#1908);
#1904 = LINE('',#1905,#1906);
#1905 = CARTESIAN_POINT('',(0.,0.));
#1906 = VECTOR('',#1907,1.);
#1907 = DIRECTION('',(1.,0.));
#1908 = ( GEOMETRIC_REPRESENTATION_CONTEXT(2) 
PARAMETRIC_REPRESENTATION_CONTEXT() REPRESENTATION_CONTEXT('2D SPACE',''
  ) );
#1909 = FACE_BOUND('',#1910,.F.);
#1910 = EDGE_LOOP('',(#1911,#1942));
#1911 = ORIENTED_EDGE('',*,*,#1912,.F.);
#1912 = EDGE_CURVE('',#1913,#1915,#1917,.T.);
#1913 = VERTEX_POINT('',#1914);
#1914 = CARTESIAN_POINT('',(74.060378825354,-4.,-529.488844942));
#1915 = VERTEX_POINT('',#1916);
#1916 = CARTESIAN_POINT('',(74.060378825354,-4.,-535.988844942));
#1917 = SURFACE_CURVE('',#1918,(#1923,#1930),.PCURVE_S1.);
#1918 = CIRCLE('',#1919,3.25);
#1919 = AXIS2_PLACEMENT_3D('',#1920,#1921,#1922);
#1920 = CARTESIAN_POINT('',(74.060378825354,-4.,-532.738844942));
#1921 = DIRECTION('',(0.,1.,0.));
#1922 = DIRECTION('',(0.,-0.,1.));
#1923 = PCURVE('',#63,#1924);
#1924 = DEFINITIONAL_REPRESENTATION('',(#1925),#1929);
#1925 = CIRCLE('',#1926,3.25);
#1926 = AXIS2_PLACEMENT_2D('',#1927,#1928);
#1927 = CARTESIAN_POINT('',(626.78545657646,69.));
#1928 = DIRECTION('',(1.,0.));
#1929 = ( GEOMETRIC_REPRESENTATION_CONTEXT(2) 
PARAMETRIC_REPRESENTATION_CONTEXT() REPRESENTATION_CONTEXT('2D SPACE',''
  ) );
#1930 = PCURVE('',#1931,#1936);
#1931 = CYLINDRICAL_SURFACE('',#1932,3.25);
#1932 = AXIS2_PLACEMENT_3D('',#1933,#1934,#1935);
#1933 = CARTESIAN_POINT('',(74.060378825354,-4.,-532.738844942));
#1934 = DIRECTION('',(0.,1.,0.));
#1935 = DIRECTION('',(0.,-0.,1.));
#1936 = DEFINITIONAL_REPRESENTATION('',(#1937),#1941);
#1937 = LINE('',#1938,#1939);
#1938 = CARTESIAN_POINT('',(0.,0.));
#1939 = VECTOR('',#1940,1.);
#1940 = DIRECTION('',(1.,0.));
#1941 = ( GEOMETRIC_REPRESENTATION_CONTEXT(2) 
PARAMETRIC_REPRESENTATION_CONTEXT() REPRESENTATION_CONTEXT('2D SPACE',''
  ) );
#1942 = ORIENTED_EDGE('',*,*,#1943,.F.);
#1943 = EDGE_CURVE('',#1915,#1913,#1944,.T.);
#1944 = SURFACE_CURVE('',#1945,(#1950,#1957),.PCURVE_S1.);
#1945 = CIRCLE('',#1946,3.25);
#1946 = AXIS2_PLACEMENT_3D('',#1947,#1948,#1949);
#1947 = CARTESIAN_POINT('',(74.060378825354,-4.,-532.738844942));
#1948 = DIRECTION('',(0.,1.,0.));
#1949 = DIRECTION('',(0.,-0.,1.));
#1950 = PCURVE('',#63,#1951);
#1951 = DEFINITIONAL_REPRESENTATION('',(#1952),#1956);
#1952 = CIRCLE('',#1953,3.25);
#1953 = AXIS2_PLACEMENT_2D('',#1954,#1955);
#1954 = CARTESIAN_POINT('',(626.78545657646,69.));
#1955 = DIRECTION('',(1.,0.));
#1956 = ( GEOMETRIC_REPRESENTATION_CONTEXT(2) 
PARAMETRIC_REPRESENTATION_CONTEXT() REPRESENTATION_CONTEXT('2D SPACE',''
  ) );
#1957 = PCURVE('',#1958,#1963);
#1958 = CYLINDRICAL_SURFACE('',#1959,3.25);
#1959 = AXIS2_PLACEMENT_3D('',#1960,#1961,#1962);
#1960 = CARTESIAN_POINT('',(74.060378825354,-4.,-532.738844942));
#1961 = DIRECTION('',(0.,1.,0.));
#1962 = DIRECTION('',(0.,-0.,1.));
#1963 = DEFINITIONAL_REPRESENTATION('',(#1964),#1968);
#1964 = LINE('',#1965,#1966);
#1965 = CARTESIAN_POINT('',(0.,0.));
#1966 = VECTOR('',#1967,1.);
#1967 = DIRECTION('',(1.,0.));
#1968 = ( GEOMETRIC_REPRESENTATION_CONTEXT(2) 
PARAMETRIC_REPRESENTATION_CONTEXT() REPRESENTATION_CONTEXT('2D SPACE',''
  ) );
#1969 = FACE_BOUND('',#1970,.F.);
#1970 = EDGE_LOOP('',(#1971,#2002));
#1971 = ORIENTED_EDGE('',*,*,#1972,.F.);
#1972 = EDGE_CURVE('',#1973,#1975,#1977,.T.);
#1973 = VERTEX_POINT('',#1974);
#1974 = CARTESIAN_POINT('',(74.060378825355,-4.,-410.238844942));
#1975 = VERTEX_POINT('',#1976);
#1976 = CARTESIAN_POINT('',(74.060378825355,-4.,-415.238844942));
#1977 = SURFACE_CURVE('',#1978,(#1983,#1990),.PCURVE_S1.);
#1978 = CIRCLE('',#1979,2.5);
#1979 = AXIS2_PLACEMENT_3D('',#1980,#1981,#1982);
#1980 = CARTESIAN_POINT('',(74.060378825355,-4.,-412.738844942));
#1981 = DIRECTION('',(0.,1.,0.));
#1982 = DIRECTION('',(0.,-0.,1.));
#1983 = PCURVE('',#63,#1984);
#1984 = DEFINITIONAL_REPRESENTATION('',(#1985),#1989);
#1985 = CIRCLE('',#1986,2.5);
#1986 = AXIS2_PLACEMENT_2D('',#1987,#1988);
#1987 = CARTESIAN_POINT('',(746.78545657646,69.000000000001));
#1988 = DIRECTION('',(1.,0.));
#1989 = ( GEOMETRIC_REPRESENTATION_CONTEXT(2) 
PARAMETRIC_REPRESENTATION_CONTEXT() REPRESENTATION_CONTEXT('2D SPACE',''
  ) );
#1990 = PCURVE('',#1991,#1996);
#1991 = CYLINDRICAL_SURFACE('',#1992,2.5);
#1992 = AXIS2_PLACEMENT_3D('',#1993,#1994,#1995);
#1993 = CARTESIAN_POINT('',(74.060378825355,-4.,-412.738844942));
#1994 = DIRECTION('',(0.,1.,0.));
#1995 = DIRECTION('',(0.,-0.,1.));
#1996 = DEFINITIONAL_REPRESENTATION('',(#1997),#2001);
#1997 = LINE('',#1998,#1999);
#1998 = CARTESIAN_POINT('',(0.,0.));
#1999 = VECTOR('',#2000,1.);
#2000 = DIRECTION('',(1.,0.));
#2001 = ( GEOMETRIC_REPRESENTATION_CONTEXT(2) 
PARAMETRIC_REPRESENTATION_CONTEXT() REPRESENTATION_CONTEXT('2D SPACE',''
  ) );
#2002 = ORIENTED_EDGE('',*,*,#2003,.F.);
#2003 = EDGE_CURVE('',#1975,#1973,#2004,.T.);
#2004 = SURFACE_CURVE('',#2005,(#2010,#2017),.PCURVE_S1.);
#2005 = CIRCLE('',#2006,2.5);
#2006 = AXIS2_PLACEMENT_3D('',#2007,#2008,#2009);
#2007 = CARTESIAN_POINT('',(74.060378825355,-4.,-412.738844942));
#2008 = DIRECTION('',(0.,1.,0.));
#2009 = DIRECTION('',(0.,-0.,1.));
#2010 = PCURVE('',#63,#2011);
#2011 = DEFINITIONAL_REPRESENTATION('',(#2012),#2016);
#2012 = CIRCLE('',#2013,2.5);
#2013 = AXIS2_PLACEMENT_2D('',#2014,#2015);
#2014 = CARTESIAN_POINT('',(746.78545657646,69.000000000001));
#2015 = DIRECTION('',(1.,0.));
#2016 = ( GEOMETRIC_REPRESENTATION_CONTEXT(2) 
PARAMETRIC_REPRESENTATION_CONTEXT() REPRESENTATION_CONTEXT('2D SPACE',''
  ) );
#2017 = PCURVE('',#2018,#2023);
#2018 = CYLINDRICAL_SURFACE('',#2019,2.5);
#2019 = AXIS2_PLACEMENT_3D('',#2020,#2021,#2022);
#2020 = CARTESIAN_POINT('',(74.060378825355,-4.,-412.738844942));
#2021 = DIRECTION('',(0.,1.,0.));
#2022 = DIRECTION('',(0.,-0.,1.));
#2023 = DEFINITIONAL_REPRESENTATION('',(#2024),#2028);
#2024 = LINE('',#2025,#2026);
#2025 = CARTESIAN_POINT('',(0.,0.));
#2026 = VECTOR('',#2027,1.);
#2027 = DIRECTION('',(1.,0.));
#2028 = ( GEOMETRIC_REPRESENTATION_CONTEXT(2) 
PARAMETRIC_REPRESENTATION_CONTEXT() REPRESENTATION_CONTEXT('2D SPACE',''
  ) );
#2029 = ADVANCED_FACE('',(#2030),#421,.F.);
#2030 = FACE_BOUND('',#2031,.T.);
#2031 = EDGE_LOOP('',(#2032,#2056,#2075,#2076));
#2032 = ORIENTED_EDGE('',*,*,#2033,.F.);
#2033 = EDGE_CURVE('',#2034,#1545,#2036,.T.);
#2034 = VERTEX_POINT('',#2035);
#2035 = CARTESIAN_POINT('',(-65.43959166665,0.,-512.7388));
#2036 = SURFACE_CURVE('',#2037,(#2042,#2049),.PCURVE_S1.);
#2037 = CIRCLE('',#2038,2.499995);
#2038 = AXIS2_PLACEMENT_3D('',#2039,#2040,#2041);
#2039 = CARTESIAN_POINT('',(-63.9396,-2.,-512.7388));
#2040 = DIRECTION('',(0.,0.,1.));
#2041 = DIRECTION('',(1.,0.,0.));
#2042 = PCURVE('',#421,#2043);
#2043 = DEFINITIONAL_REPRESENTATION('',(#2044),#2048);
#2044 = LINE('',#2045,#2046);
#2045 = CARTESIAN_POINT('',(-0.,0.));
#2046 = VECTOR('',#2047,1.);
#2047 = DIRECTION('',(-1.,0.));
#2048 = ( GEOMETRIC_REPRESENTATION_CONTEXT(2) 
PARAMETRIC_REPRESENTATION_CONTEXT() REPRESENTATION_CONTEXT('2D SPACE',''
  ) );
#2049 = PCURVE('',#1580,#2050);
#2050 = DEFINITIONAL_REPRESENTATION('',(#2051),#2055);
#2051 = CIRCLE('',#2052,2.499995);
#2052 = AXIS2_PLACEMENT_2D('',#2053,#2054);
#2053 = CARTESIAN_POINT('',(7.105427357601E-15,4.440892098501E-16));
#2054 = DIRECTION('',(1.,0.));
#2055 = ( GEOMETRIC_REPRESENTATION_CONTEXT(2) 
PARAMETRIC_REPRESENTATION_CONTEXT() REPRESENTATION_CONTEXT('2D SPACE',''
  ) );
#2056 = ORIENTED_EDGE('',*,*,#2057,.F.);
#2057 = EDGE_CURVE('',#269,#2034,#2058,.T.);
#2058 = SURFACE_CURVE('',#2059,(#2063,#2069),.PCURVE_S1.);
#2059 = LINE('',#2060,#2061);
#2060 = CARTESIAN_POINT('',(-65.43959166665,0.,-512.7388));
#2061 = VECTOR('',#2062,1.);
#2062 = DIRECTION('',(-0.,-0.,-1.));
#2063 = PCURVE('',#421,#2064);
#2064 = DEFINITIONAL_REPRESENTATION('',(#2065),#2068);
#2065 = B_SPLINE_CURVE_WITH_KNOTS('',1,(#2066,#2067),.UNSPECIFIED.,.F.,
  .F.,(2,2),(-137.3705927146,6.000000212225E-07),
  .PIECEWISE_BEZIER_KNOTS.);
#2066 = CARTESIAN_POINT('',(-2.214294768911,-137.3705927146));
#2067 = CARTESIAN_POINT('',(-2.214294768911,6.000000212225E-07));
#2068 = ( GEOMETRIC_REPRESENTATION_CONTEXT(2) 
PARAMETRIC_REPRESENTATION_CONTEXT() REPRESENTATION_CONTEXT('2D SPACE',''
  ) );
#2069 = PCURVE('',#285,#2070);
#2070 = DEFINITIONAL_REPRESENTATION('',(#2071),#2074);
#2071 = B_SPLINE_CURVE_WITH_KNOTS('',1,(#2072,#2073),.UNSPECIFIED.,.F.,
  .F.,(2,2),(-137.3705927146,6.000000212225E-07),
  .PIECEWISE_BEZIER_KNOTS.);
#2072 = CARTESIAN_POINT('',(784.15609423325,-70.499970492));
#2073 = CARTESIAN_POINT('',(646.78550091855,-70.499970492));
#2074 = ( GEOMETRIC_REPRESENTATION_CONTEXT(2) 
PARAMETRIC_REPRESENTATION_CONTEXT() REPRESENTATION_CONTEXT('2D SPACE',''
  ) );
#2075 = ORIENTED_EDGE('',*,*,#297,.T.);
#2076 = ORIENTED_EDGE('',*,*,#1544,.T.);
#2077 = ADVANCED_FACE('',(#2078,#2958,#3008,#3058,#3108,#3158,#3208,
    #3258),#285,.T.);
#2078 = FACE_BOUND('',#2079,.T.);
#2079 = EDGE_LOOP('',(#2080,#2111,#2137,#2160,#2184,#2207,#2231,#2254,
    #2278,#2301,#2325,#2348,#2372,#2395,#2419,#2442,#2465,#2489,#2512,
    #2536,#2564,#2592,#2616,#2639,#2663,#2686,#2709,#2733,#2756,#2780,
    #2803,#2827,#2850,#2874,#2897,#2916,#2917,#2918,#2939));
#2080 = ORIENTED_EDGE('',*,*,#2081,.F.);
#2081 = EDGE_CURVE('',#2082,#2084,#2086,.T.);
#2082 = VERTEX_POINT('',#2083);
#2083 = CARTESIAN_POINT('',(-62.43960833334,0.,-410.7388545731));
#2084 = VERTEX_POINT('',#2085);
#2085 = CARTESIAN_POINT('',(-62.43960833334,0.,-414.738835311));
#2086 = SURFACE_CURVE('',#2087,(#2092,#2099),.PCURVE_S1.);
#2087 = CIRCLE('',#2088,2.5);
#2088 = AXIS2_PLACEMENT_3D('',#2089,#2090,#2091);
#2089 = CARTESIAN_POINT('',(-63.93962117464,0.,-412.738844942));
#2090 = DIRECTION('',(0.,1.,0.));
#2091 = DIRECTION('',(0.,-0.,1.));
#2092 = PCURVE('',#285,#2093);
#2093 = DEFINITIONAL_REPRESENTATION('',(#2094),#2098);
#2094 = CIRCLE('',#2095,2.5);
#2095 = AXIS2_PLACEMENT_2D('',#2096,#2097);
#2096 = CARTESIAN_POINT('',(746.78545657646,-68.99999999999));
#2097 = DIRECTION('',(1.,0.));
#2098 = ( GEOMETRIC_REPRESENTATION_CONTEXT(2) 
PARAMETRIC_REPRESENTATION_CONTEXT() REPRESENTATION_CONTEXT('2D SPACE',''
  ) );
#2099 = PCURVE('',#2100,#2105);
#2100 = CYLINDRICAL_SURFACE('',#2101,2.5);
#2101 = AXIS2_PLACEMENT_3D('',#2102,#2103,#2104);
#2102 = CARTESIAN_POINT('',(-63.93962117464,-4.,-412.738844942));
#2103 = DIRECTION('',(0.,1.,0.));
#2104 = DIRECTION('',(0.,-0.,1.));
#2105 = DEFINITIONAL_REPRESENTATION('',(#2106),#2110);
#2106 = LINE('',#2107,#2108);
#2107 = CARTESIAN_POINT('',(0.,4.));
#2108 = VECTOR('',#2109,1.);
#2109 = DIRECTION('',(1.,0.));
#2110 = ( GEOMETRIC_REPRESENTATION_CONTEXT(2) 
PARAMETRIC_REPRESENTATION_CONTEXT() REPRESENTATION_CONTEXT('2D SPACE',''
  ) );
#2111 = ORIENTED_EDGE('',*,*,#2112,.F.);
#2112 = EDGE_CURVE('',#2113,#2082,#2115,.T.);
#2113 = VERTEX_POINT('',#2114);
#2114 = CARTESIAN_POINT('',(-62.43960833334,0.,-404.6842499894));
#2115 = SURFACE_CURVE('',#2116,(#2120,#2126),.PCURVE_S1.);
#2116 = LINE('',#2117,#2118);
#2117 = CARTESIAN_POINT('',(-62.43960833334,0.,-512.7388));
#2118 = VECTOR('',#2119,1.);
#2119 = DIRECTION('',(-0.,-0.,-1.));
#2120 = PCURVE('',#285,#2121);
#2121 = DEFINITIONAL_REPRESENTATION('',(#2122),#2125);
#2122 = B_SPLINE_CURVE_WITH_KNOTS('',1,(#2123,#2124),.UNSPECIFIED.,.F.,
  .F.,(2,2),(-137.3705927146,6.000000212225E-07),
  .PIECEWISE_BEZIER_KNOTS.);
#2123 = CARTESIAN_POINT('',(784.15609423325,-67.4999871587));
#2124 = CARTESIAN_POINT('',(646.78550091855,-67.4999871587));
#2125 = ( GEOMETRIC_REPRESENTATION_CONTEXT(2) 
PARAMETRIC_REPRESENTATION_CONTEXT() REPRESENTATION_CONTEXT('2D SPACE',''
  ) );
#2126 = PCURVE('',#2127,#2132);
#2127 = CYLINDRICAL_SURFACE('',#2128,2.499995);
#2128 = AXIS2_PLACEMENT_3D('',#2129,#2130,#2131);
#2129 = CARTESIAN_POINT('',(-63.9396,-2.,-512.7388));
#2130 = DIRECTION('',(-0.,-0.,-1.));
#2131 = DIRECTION('',(1.,0.,0.));
#2132 = DEFINITIONAL_REPRESENTATION('',(#2133),#2136);
#2133 = B_SPLINE_CURVE_WITH_KNOTS('',1,(#2134,#2135),.UNSPECIFIED.,.F.,
  .F.,(2,2),(-137.3705927146,6.000000212225E-07),
  .PIECEWISE_BEZIER_KNOTS.);
#2134 = CARTESIAN_POINT('',(-0.927297884678,-137.3705927146));
#2135 = CARTESIAN_POINT('',(-0.927297884678,6.000000212225E-07));
#2136 = ( GEOMETRIC_REPRESENTATION_CONTEXT(2) 
PARAMETRIC_REPRESENTATION_CONTEXT() REPRESENTATION_CONTEXT('2D SPACE',''
  ) );
#2137 = ORIENTED_EDGE('',*,*,#2138,.T.);
#2138 = EDGE_CURVE('',#2113,#2139,#2141,.T.);
#2139 = VERTEX_POINT('',#2140);
#2140 = CARTESIAN_POINT('',(-43.70218219038,0.,-403.0447899833));
#2141 = SURFACE_CURVE('',#2142,(#2146,#2153),.PCURVE_S1.);
#2142 = LINE('',#2143,#2144);
#2143 = CARTESIAN_POINT('',(-81.97355109141,0.,-406.3934024456));
#2144 = VECTOR('',#2145,1.);
#2145 = DIRECTION('',(0.996194016565,0.,8.716353228437E-02));
#2146 = PCURVE('',#285,#2147);
#2147 = DEFINITIONAL_REPRESENTATION('',(#2148),#2152);
#2148 = LINE('',#2149,#2150);
#2149 = CARTESIAN_POINT('',(753.13089907289,-87.03392991676));
#2150 = VECTOR('',#2151,1.);
#2151 = DIRECTION('',(8.716353228437E-02,0.996194016565));
#2152 = ( GEOMETRIC_REPRESENTATION_CONTEXT(2) 
PARAMETRIC_REPRESENTATION_CONTEXT() REPRESENTATION_CONTEXT('2D SPACE',''
  ) );
#2153 = PCURVE('',#564,#2154);
#2154 = DEFINITIONAL_REPRESENTATION('',(#2155),#2159);
#2155 = LINE('',#2156,#2157);
#2156 = CARTESIAN_POINT('',(0.,4.));
#2157 = VECTOR('',#2158,1.);
#2158 = DIRECTION('',(1.,0.));
#2159 = ( GEOMETRIC_REPRESENTATION_CONTEXT(2) 
PARAMETRIC_REPRESENTATION_CONTEXT() REPRESENTATION_CONTEXT('2D SPACE',''
  ) );
#2160 = ORIENTED_EDGE('',*,*,#2161,.T.);
#2161 = EDGE_CURVE('',#2139,#2162,#2164,.T.);
#2162 = VERTEX_POINT('',#2163);
#2163 = CARTESIAN_POINT('',(-42.91771039982,0.,-403.0105361324));
#2164 = SURFACE_CURVE('',#2165,(#2170,#2177),.PCURVE_S1.);
#2165 = CIRCLE('',#2166,9.);
#2166 = AXIS2_PLACEMENT_3D('',#2167,#2168,#2169);
#2167 = CARTESIAN_POINT('',(-42.91771039982,0.,-412.0105361324));
#2168 = DIRECTION('',(0.,1.,0.));
#2169 = DIRECTION('',(0.,-0.,1.));
#2170 = PCURVE('',#285,#2171);
#2171 = DEFINITIONAL_REPRESENTATION('',(#2172),#2176);
#2172 = CIRCLE('',#2173,9.);
#2173 = AXIS2_PLACEMENT_2D('',#2174,#2175);
#2174 = CARTESIAN_POINT('',(747.51376538614,-47.97808922518));
#2175 = DIRECTION('',(1.,0.));
#2176 = ( GEOMETRIC_REPRESENTATION_CONTEXT(2) 
PARAMETRIC_REPRESENTATION_CONTEXT() REPRESENTATION_CONTEXT('2D SPACE',''
  ) );
#2177 = PCURVE('',#597,#2178);
#2178 = DEFINITIONAL_REPRESENTATION('',(#2179),#2183);
#2179 = LINE('',#2180,#2181);
#2180 = CARTESIAN_POINT('',(0.,4.));
#2181 = VECTOR('',#2182,1.);
#2182 = DIRECTION('',(1.,0.));
#2183 = ( GEOMETRIC_REPRESENTATION_CONTEXT(2) 
PARAMETRIC_REPRESENTATION_CONTEXT() REPRESENTATION_CONTEXT('2D SPACE',''
  ) );
#2184 = ORIENTED_EDGE('',*,*,#2185,.T.);
#2185 = EDGE_CURVE('',#2162,#2186,#2188,.T.);
#2186 = VERTEX_POINT('',#2187);
#2187 = CARTESIAN_POINT('',(53.038468050539,0.,-403.0105361324));
#2188 = SURFACE_CURVE('',#2189,(#2193,#2200),.PCURVE_S1.);
#2189 = LINE('',#2190,#2191);
#2190 = CARTESIAN_POINT('',(-43.31069413991,0.,-403.0105361324));
#2191 = VECTOR('',#2192,1.);
#2192 = DIRECTION('',(1.,0.,0.));
#2193 = PCURVE('',#285,#2194);
#2194 = DEFINITIONAL_REPRESENTATION('',(#2195),#2199);
#2195 = LINE('',#2196,#2197);
#2196 = CARTESIAN_POINT('',(756.51376538614,-48.37107296526));
#2197 = VECTOR('',#2198,1.);
#2198 = DIRECTION('',(0.,1.));
#2199 = ( GEOMETRIC_REPRESENTATION_CONTEXT(2) 
PARAMETRIC_REPRESENTATION_CONTEXT() REPRESENTATION_CONTEXT('2D SPACE',''
  ) );
#2200 = PCURVE('',#625,#2201);
#2201 = DEFINITIONAL_REPRESENTATION('',(#2202),#2206);
#2202 = LINE('',#2203,#2204);
#2203 = CARTESIAN_POINT('',(0.,4.));
#2204 = VECTOR('',#2205,1.);
#2205 = DIRECTION('',(1.,0.));
#2206 = ( GEOMETRIC_REPRESENTATION_CONTEXT(2) 
PARAMETRIC_REPRESENTATION_CONTEXT() REPRESENTATION_CONTEXT('2D SPACE',''
  ) );
#2207 = ORIENTED_EDGE('',*,*,#2208,.T.);
#2208 = EDGE_CURVE('',#2186,#2209,#2211,.T.);
#2209 = VERTEX_POINT('',#2210);
#2210 = CARTESIAN_POINT('',(53.822939841098,0.,-403.0447899833));
#2211 = SURFACE_CURVE('',#2212,(#2217,#2224),.PCURVE_S1.);
#2212 = CIRCLE('',#2213,9.);
#2213 = AXIS2_PLACEMENT_3D('',#2214,#2215,#2216);
#2214 = CARTESIAN_POINT('',(53.038468050539,0.,-412.0105361324));
#2215 = DIRECTION('',(0.,1.,0.));
#2216 = DIRECTION('',(0.,-0.,1.));
#2217 = PCURVE('',#285,#2218);
#2218 = DEFINITIONAL_REPRESENTATION('',(#2219),#2223);
#2219 = CIRCLE('',#2220,9.);
#2220 = AXIS2_PLACEMENT_2D('',#2221,#2222);
#2221 = CARTESIAN_POINT('',(747.51376538614,47.978089225185));
#2222 = DIRECTION('',(1.,0.));
#2223 = ( GEOMETRIC_REPRESENTATION_CONTEXT(2) 
PARAMETRIC_REPRESENTATION_CONTEXT() REPRESENTATION_CONTEXT('2D SPACE',''
  ) );
#2224 = PCURVE('',#658,#2225);
#2225 = DEFINITIONAL_REPRESENTATION('',(#2226),#2230);
#2226 = LINE('',#2227,#2228);
#2227 = CARTESIAN_POINT('',(0.,4.));
#2228 = VECTOR('',#2229,1.);
#2229 = DIRECTION('',(1.,0.));
#2230 = ( GEOMETRIC_REPRESENTATION_CONTEXT(2) 
PARAMETRIC_REPRESENTATION_CONTEXT() REPRESENTATION_CONTEXT('2D SPACE',''
  ) );
#2231 = ORIENTED_EDGE('',*,*,#2232,.T.);
#2232 = EDGE_CURVE('',#2209,#2233,#2235,.T.);
#2233 = VERTEX_POINT('',#2234);
#2234 = CARTESIAN_POINT('',(90.60242449266,0.,-406.2628677317));
#2235 = SURFACE_CURVE('',#2236,(#2240,#2247),.PCURVE_S1.);
#2236 = LINE('',#2237,#2238);
#2237 = CARTESIAN_POINT('',(92.094308742123,0.,-406.3934024456));
#2238 = VECTOR('',#2239,1.);
#2239 = DIRECTION('',(0.996194016565,-0.,-8.716353228437E-02));
#2240 = PCURVE('',#285,#2241);
#2241 = DEFINITIONAL_REPRESENTATION('',(#2242),#2246);
#2242 = LINE('',#2243,#2244);
#2243 = CARTESIAN_POINT('',(753.13089907289,87.033929916769));
#2244 = VECTOR('',#2245,1.);
#2245 = DIRECTION('',(-8.716353228437E-02,0.996194016565));
#2246 = ( GEOMETRIC_REPRESENTATION_CONTEXT(2) 
PARAMETRIC_REPRESENTATION_CONTEXT() REPRESENTATION_CONTEXT('2D SPACE',''
  ) );
#2247 = PCURVE('',#686,#2248);
#2248 = DEFINITIONAL_REPRESENTATION('',(#2249),#2253);
#2249 = LINE('',#2250,#2251);
#2250 = CARTESIAN_POINT('',(0.,4.));
#2251 = VECTOR('',#2252,1.);
#2252 = DIRECTION('',(1.,0.));
#2253 = ( GEOMETRIC_REPRESENTATION_CONTEXT(2) 
PARAMETRIC_REPRESENTATION_CONTEXT() REPRESENTATION_CONTEXT('2D SPACE',''
  ) );
#2254 = ORIENTED_EDGE('',*,*,#2255,.T.);
#2255 = EDGE_CURVE('',#2233,#2256,#2258,.T.);
#2256 = VERTEX_POINT('',#2257);
#2257 = CARTESIAN_POINT('',(93.463532097668,0.,-407.0000203879));
#2258 = SURFACE_CURVE('',#2259,(#2264,#2271),.PCURVE_S1.);
#2259 = CIRCLE('',#2260,9.);
#2260 = AXIS2_PLACEMENT_3D('',#2261,#2262,#2263);
#2261 = CARTESIAN_POINT('',(89.817952702101,0.,-415.2286138808));
#2262 = DIRECTION('',(0.,1.,0.));
#2263 = DIRECTION('',(0.,-0.,1.));
#2264 = PCURVE('',#285,#2265);
#2265 = DEFINITIONAL_REPRESENTATION('',(#2266),#2270);
#2266 = CIRCLE('',#2267,9.);
#2267 = AXIS2_PLACEMENT_2D('',#2268,#2269);
#2268 = CARTESIAN_POINT('',(744.29568763771,84.757573876747));
#2269 = DIRECTION('',(1.,0.));
#2270 = ( GEOMETRIC_REPRESENTATION_CONTEXT(2) 
PARAMETRIC_REPRESENTATION_CONTEXT() REPRESENTATION_CONTEXT('2D SPACE',''
  ) );
#2271 = PCURVE('',#719,#2272);
#2272 = DEFINITIONAL_REPRESENTATION('',(#2273),#2277);
#2273 = LINE('',#2274,#2275);
#2274 = CARTESIAN_POINT('',(5.689893001204E-16,4.));
#2275 = VECTOR('',#2276,1.);
#2276 = DIRECTION('',(1.,0.));
#2277 = ( GEOMETRIC_REPRESENTATION_CONTEXT(2) 
PARAMETRIC_REPRESENTATION_CONTEXT() REPRESENTATION_CONTEXT('2D SPACE',''
  ) );
#2278 = ORIENTED_EDGE('',*,*,#2279,.T.);
#2279 = EDGE_CURVE('',#2256,#2280,#2282,.T.);
#2280 = VERTEX_POINT('',#2281);
#2281 = CARTESIAN_POINT('',(98.694184237225,0.,-409.3173979181));
#2282 = SURFACE_CURVE('',#2283,(#2287,#2294),.PCURVE_S1.);
#2283 = LINE('',#2284,#2285);
#2284 = CARTESIAN_POINT('',(101.87013260288,0.,-410.7244636497));
#2285 = VECTOR('',#2286,1.);
#2286 = DIRECTION('',(0.914288165872,-0.,-0.405064377285));
#2287 = PCURVE('',#285,#2288);
#2288 = DEFINITIONAL_REPRESENTATION('',(#2289),#2293);
#2289 = LINE('',#2290,#2291);
#2290 = CARTESIAN_POINT('',(748.79983786876,96.809753777533));
#2291 = VECTOR('',#2292,1.);
#2292 = DIRECTION('',(-0.405064377285,0.914288165872));
#2293 = ( GEOMETRIC_REPRESENTATION_CONTEXT(2) 
PARAMETRIC_REPRESENTATION_CONTEXT() REPRESENTATION_CONTEXT('2D SPACE',''
  ) );
#2294 = PCURVE('',#747,#2295);
#2295 = DEFINITIONAL_REPRESENTATION('',(#2296),#2300);
#2296 = LINE('',#2297,#2298);
#2297 = CARTESIAN_POINT('',(0.,4.));
#2298 = VECTOR('',#2299,1.);
#2299 = DIRECTION('',(1.,0.));
#2300 = ( GEOMETRIC_REPRESENTATION_CONTEXT(2) 
PARAMETRIC_REPRESENTATION_CONTEXT() REPRESENTATION_CONTEXT('2D SPACE',''
  ) );
#2301 = ORIENTED_EDGE('',*,*,#2302,.T.);
#2302 = EDGE_CURVE('',#2280,#2303,#2305,.T.);
#2303 = VERTEX_POINT('',#2304);
#2304 = CARTESIAN_POINT('',(103.2771983345,0.,-413.9004120154));
#2305 = SURFACE_CURVE('',#2306,(#2311,#2318),.PCURVE_S1.);
#2306 = CIRCLE('',#2307,9.);
#2307 = AXIS2_PLACEMENT_3D('',#2308,#2309,#2310);
#2308 = CARTESIAN_POINT('',(95.048604841657,0.,-417.545991411));
#2309 = DIRECTION('',(0.,1.,0.));
#2310 = DIRECTION('',(0.,-0.,1.));
#2311 = PCURVE('',#285,#2312);
#2312 = DEFINITIONAL_REPRESENTATION('',(#2313),#2317);
#2313 = CIRCLE('',#2314,9.);
#2314 = AXIS2_PLACEMENT_2D('',#2315,#2316);
#2315 = CARTESIAN_POINT('',(741.97831010753,89.988226016303));
#2316 = DIRECTION('',(1.,0.));
#2317 = ( GEOMETRIC_REPRESENTATION_CONTEXT(2) 
PARAMETRIC_REPRESENTATION_CONTEXT() REPRESENTATION_CONTEXT('2D SPACE',''
  ) );
#2318 = PCURVE('',#780,#2319);
#2319 = DEFINITIONAL_REPRESENTATION('',(#2320),#2324);
#2320 = LINE('',#2321,#2322);
#2321 = CARTESIAN_POINT('',(0.,4.));
#2322 = VECTOR('',#2323,1.);
#2323 = DIRECTION('',(1.,0.));
#2324 = ( GEOMETRIC_REPRESENTATION_CONTEXT(2) 
PARAMETRIC_REPRESENTATION_CONTEXT() REPRESENTATION_CONTEXT('2D SPACE',''
  ) );
#2325 = ORIENTED_EDGE('',*,*,#2326,.T.);
#2326 = EDGE_CURVE('',#2303,#2327,#2329,.T.);
#2327 = VERTEX_POINT('',#2328);
#2328 = CARTESIAN_POINT('',(117.39781858454,0.,-445.7726691512));
#2329 = SURFACE_CURVE('',#2330,(#2334,#2341),.PCURVE_S1.);
#2330 = LINE('',#2331,#2332);
#2331 = CARTESIAN_POINT('',(117.7248533433,0.,-446.510833321));
#2332 = VECTOR('',#2333,1.);
#2333 = DIRECTION('',(0.405064377285,-0.,-0.914288165872));
#2334 = PCURVE('',#285,#2335);
#2335 = DEFINITIONAL_REPRESENTATION('',(#2336),#2340);
#2336 = LINE('',#2337,#2338);
#2337 = CARTESIAN_POINT('',(713.01346819753,112.66447451794));
#2338 = VECTOR('',#2339,1.);
#2339 = DIRECTION('',(-0.914288165872,0.405064377285));
#2340 = ( GEOMETRIC_REPRESENTATION_CONTEXT(2) 
PARAMETRIC_REPRESENTATION_CONTEXT() REPRESENTATION_CONTEXT('2D SPACE',''
  ) );
#2341 = PCURVE('',#808,#2342);
#2342 = DEFINITIONAL_REPRESENTATION('',(#2343),#2347);
#2343 = LINE('',#2344,#2345);
#2344 = CARTESIAN_POINT('',(0.,4.));
#2345 = VECTOR('',#2346,1.);
#2346 = DIRECTION('',(1.,0.));
#2347 = ( GEOMETRIC_REPRESENTATION_CONTEXT(2) 
PARAMETRIC_REPRESENTATION_CONTEXT() REPRESENTATION_CONTEXT('2D SPACE',''
  ) );
#2348 = ORIENTED_EDGE('',*,*,#2349,.T.);
#2349 = EDGE_CURVE('',#2327,#2350,#2352,.T.);
#2350 = VERTEX_POINT('',#2351);
#2351 = CARTESIAN_POINT('',(117.91528654155,0.,-447.2954180978));
#2352 = SURFACE_CURVE('',#2353,(#2358,#2365),.PCURVE_S1.);
#2353 = CIRCLE('',#2354,9.);
#2354 = AXIS2_PLACEMENT_3D('',#2355,#2356,#2357);
#2355 = CARTESIAN_POINT('',(109.16922509169,0.,-449.4182485468));
#2356 = DIRECTION('',(0.,1.,0.));
#2357 = DIRECTION('',(0.,-0.,1.));
#2358 = PCURVE('',#285,#2359);
#2359 = DEFINITIONAL_REPRESENTATION('',(#2360),#2364);
#2360 = CIRCLE('',#2361,9.);
#2361 = AXIS2_PLACEMENT_2D('',#2362,#2363);
#2362 = CARTESIAN_POINT('',(710.10605297174,104.10884626633));
#2363 = DIRECTION('',(1.,0.));
#2364 = ( GEOMETRIC_REPRESENTATION_CONTEXT(2) 
PARAMETRIC_REPRESENTATION_CONTEXT() REPRESENTATION_CONTEXT('2D SPACE',''
  ) );
#2365 = PCURVE('',#841,#2366);
#2366 = DEFINITIONAL_REPRESENTATION('',(#2367),#2371);
#2367 = LINE('',#2368,#2369);
#2368 = CARTESIAN_POINT('',(6.661338147751E-16,4.));
#2369 = VECTOR('',#2370,1.);
#2370 = DIRECTION('',(1.,0.));
#2371 = ( GEOMETRIC_REPRESENTATION_CONTEXT(2) 
PARAMETRIC_REPRESENTATION_CONTEXT() REPRESENTATION_CONTEXT('2D SPACE',''
  ) );
#2372 = ORIENTED_EDGE('',*,*,#2373,.T.);
#2373 = EDGE_CURVE('',#2350,#2374,#2376,.T.);
#2374 = VERTEX_POINT('',#2375);
#2375 = CARTESIAN_POINT('',(123.1333150576,0.,-468.7936955839));
#2376 = SURFACE_CURVE('',#2377,(#2381,#2388),.PCURVE_S1.);
#2377 = LINE('',#2378,#2379);
#2378 = CARTESIAN_POINT('',(123.38725360773,0.,-469.8399224104));
#2379 = VECTOR('',#2380,1.);
#2380 = DIRECTION('',(0.235870049888,-0.,-0.971784605541));
#2381 = PCURVE('',#285,#2382);
#2382 = DEFINITIONAL_REPRESENTATION('',(#2383),#2387);
#2383 = LINE('',#2384,#2385);
#2384 = CARTESIAN_POINT('',(689.68437910806,118.32687478238));
#2385 = VECTOR('',#2386,1.);
#2386 = DIRECTION('',(-0.971784605541,0.235870049888));
#2387 = ( GEOMETRIC_REPRESENTATION_CONTEXT(2) 
PARAMETRIC_REPRESENTATION_CONTEXT() REPRESENTATION_CONTEXT('2D SPACE',''
  ) );
#2388 = PCURVE('',#869,#2389);
#2389 = DEFINITIONAL_REPRESENTATION('',(#2390),#2394);
#2390 = LINE('',#2391,#2392);
#2391 = CARTESIAN_POINT('',(0.,4.));
#2392 = VECTOR('',#2393,1.);
#2393 = DIRECTION('',(1.,0.));
#2394 = ( GEOMETRIC_REPRESENTATION_CONTEXT(2) 
PARAMETRIC_REPRESENTATION_CONTEXT() REPRESENTATION_CONTEXT('2D SPACE',''
  ) );
#2395 = ORIENTED_EDGE('',*,*,#2396,.T.);
#2396 = EDGE_CURVE('',#2374,#2397,#2399,.T.);
#2397 = VERTEX_POINT('',#2398);
#2398 = CARTESIAN_POINT('',(123.38725360773,0.,-470.9165260329));
#2399 = SURFACE_CURVE('',#2400,(#2405,#2412),.PCURVE_S1.);
#2400 = CIRCLE('',#2401,9.);
#2401 = AXIS2_PLACEMENT_3D('',#2402,#2403,#2404);
#2402 = CARTESIAN_POINT('',(114.38725360773,0.,-470.9165260329));
#2403 = DIRECTION('',(0.,1.,0.));
#2404 = DIRECTION('',(0.,-0.,1.));
#2405 = PCURVE('',#285,#2406);
#2406 = DEFINITIONAL_REPRESENTATION('',(#2407),#2411);
#2407 = CIRCLE('',#2408,9.);
#2408 = AXIS2_PLACEMENT_2D('',#2409,#2410);
#2409 = CARTESIAN_POINT('',(688.60777548562,109.32687478238));
#2410 = DIRECTION('',(1.,0.));
#2411 = ( GEOMETRIC_REPRESENTATION_CONTEXT(2) 
PARAMETRIC_REPRESENTATION_CONTEXT() REPRESENTATION_CONTEXT('2D SPACE',''
  ) );
#2412 = PCURVE('',#902,#2413);
#2413 = DEFINITIONAL_REPRESENTATION('',(#2414),#2418);
#2414 = LINE('',#2415,#2416);
#2415 = CARTESIAN_POINT('',(0.,4.));
#2416 = VECTOR('',#2417,1.);
#2417 = DIRECTION('',(1.,0.));
#2418 = ( GEOMETRIC_REPRESENTATION_CONTEXT(2) 
PARAMETRIC_REPRESENTATION_CONTEXT() REPRESENTATION_CONTEXT('2D SPACE',''
  ) );
#2419 = ORIENTED_EDGE('',*,*,#2420,.T.);
#2420 = EDGE_CURVE('',#2397,#2421,#2423,.T.);
#2421 = VERTEX_POINT('',#2422);
#2422 = CARTESIAN_POINT('',(123.38725360773,0.,-589.8399224104));
#2423 = SURFACE_CURVE('',#2424,(#2428,#2435),.PCURVE_S1.);
#2424 = LINE('',#2425,#2426);
#2425 = CARTESIAN_POINT('',(123.38725360773,0.,-469.8399224104));
#2426 = VECTOR('',#2427,1.);
#2427 = DIRECTION('',(-1.052398908759E-14,0.,-1.));
#2428 = PCURVE('',#285,#2429);
#2429 = DEFINITIONAL_REPRESENTATION('',(#2430),#2434);
#2430 = LINE('',#2431,#2432);
#2431 = CARTESIAN_POINT('',(689.68437910806,118.32687478238));
#2432 = VECTOR('',#2433,1.);
#2433 = DIRECTION('',(-1.,-1.052398908759E-14));
#2434 = ( GEOMETRIC_REPRESENTATION_CONTEXT(2) 
PARAMETRIC_REPRESENTATION_CONTEXT() REPRESENTATION_CONTEXT('2D SPACE',''
  ) );
#2435 = PCURVE('',#930,#2436);
#2436 = DEFINITIONAL_REPRESENTATION('',(#2437),#2441);
#2437 = LINE('',#2438,#2439);
#2438 = CARTESIAN_POINT('',(0.,4.));
#2439 = VECTOR('',#2440,1.);
#2440 = DIRECTION('',(1.,0.));
#2441 = ( GEOMETRIC_REPRESENTATION_CONTEXT(2) 
PARAMETRIC_REPRESENTATION_CONTEXT() REPRESENTATION_CONTEXT('2D SPACE',''
  ) );
#2442 = ORIENTED_EDGE('',*,*,#2443,.T.);
#2443 = EDGE_CURVE('',#2421,#2444,#2446,.T.);
#2444 = VERTEX_POINT('',#2445);
#2445 = CARTESIAN_POINT('',(127.60791767905,0.,-669.9603701963));
#2446 = SURFACE_CURVE('',#2447,(#2451,#2458),.PCURVE_S1.);
#2447 = LINE('',#2448,#2449);
#2448 = CARTESIAN_POINT('',(128.10696966581,0.,-679.4338246034));
#2449 = VECTOR('',#2450,1.);
#2450 = DIRECTION('',(5.260604523924E-02,-0.,-0.998615343365));
#2451 = PCURVE('',#285,#2452);
#2452 = DEFINITIONAL_REPRESENTATION('',(#2453),#2457);
#2453 = LINE('',#2454,#2455);
#2454 = CARTESIAN_POINT('',(480.09047691509,123.04659084046));
#2455 = VECTOR('',#2456,1.);
#2456 = DIRECTION('',(-0.998615343365,5.260604523924E-02));
#2457 = ( GEOMETRIC_REPRESENTATION_CONTEXT(2) 
PARAMETRIC_REPRESENTATION_CONTEXT() REPRESENTATION_CONTEXT('2D SPACE',''
  ) );
#2458 = PCURVE('',#958,#2459);
#2459 = DEFINITIONAL_REPRESENTATION('',(#2460),#2464);
#2460 = LINE('',#2461,#2462);
#2461 = CARTESIAN_POINT('',(0.,4.));
#2462 = VECTOR('',#2463,1.);
#2463 = DIRECTION('',(1.,0.));
#2464 = ( GEOMETRIC_REPRESENTATION_CONTEXT(2) 
PARAMETRIC_REPRESENTATION_CONTEXT() REPRESENTATION_CONTEXT('2D SPACE',''
  ) );
#2465 = ORIENTED_EDGE('',*,*,#2466,.T.);
#2466 = EDGE_CURVE('',#2444,#2467,#2469,.T.);
#2467 = VERTEX_POINT('',#2468);
#2468 = CARTESIAN_POINT('',(118.62037958876,0.,-679.4338246034));
#2469 = SURFACE_CURVE('',#2470,(#2475,#2482),.PCURVE_S1.);
#2470 = CIRCLE('',#2471,9.);
#2471 = AXIS2_PLACEMENT_3D('',#2472,#2473,#2474);
#2472 = CARTESIAN_POINT('',(118.62037958876,0.,-670.4338246034));
#2473 = DIRECTION('',(0.,1.,0.));
#2474 = DIRECTION('',(0.,-0.,1.));
#2475 = PCURVE('',#285,#2476);
#2476 = DEFINITIONAL_REPRESENTATION('',(#2477),#2481);
#2477 = CIRCLE('',#2478,9.);
#2478 = AXIS2_PLACEMENT_2D('',#2479,#2480);
#2479 = CARTESIAN_POINT('',(489.09047691509,113.56000076341));
#2480 = DIRECTION('',(1.,0.));
#2481 = ( GEOMETRIC_REPRESENTATION_CONTEXT(2) 
PARAMETRIC_REPRESENTATION_CONTEXT() REPRESENTATION_CONTEXT('2D SPACE',''
  ) );
#2482 = PCURVE('',#991,#2483);
#2483 = DEFINITIONAL_REPRESENTATION('',(#2484),#2488);
#2484 = LINE('',#2485,#2486);
#2485 = CARTESIAN_POINT('',(-2.22044604925E-16,4.));
#2486 = VECTOR('',#2487,1.);
#2487 = DIRECTION('',(1.,0.));
#2488 = ( GEOMETRIC_REPRESENTATION_CONTEXT(2) 
PARAMETRIC_REPRESENTATION_CONTEXT() REPRESENTATION_CONTEXT('2D SPACE',''
  ) );
#2489 = ORIENTED_EDGE('',*,*,#2490,.T.);
#2490 = EDGE_CURVE('',#2467,#2491,#2493,.T.);
#2491 = VERTEX_POINT('',#2492);
#2492 = CARTESIAN_POINT('',(104.01241463546,0.,-679.4338246034));
#2493 = SURFACE_CURVE('',#2494,(#2498,#2505),.PCURVE_S1.);
#2494 = LINE('',#2495,#2496);
#2495 = CARTESIAN_POINT('',(128.10696966581,0.,-679.4338246034));
#2496 = VECTOR('',#2497,1.);
#2497 = DIRECTION('',(-1.,0.,0.));
#2498 = PCURVE('',#285,#2499);
#2499 = DEFINITIONAL_REPRESENTATION('',(#2500),#2504);
#2500 = LINE('',#2501,#2502);
#2501 = CARTESIAN_POINT('',(480.09047691509,123.04659084046));
#2502 = VECTOR('',#2503,1.);
#2503 = DIRECTION('',(0.,-1.));
#2504 = ( GEOMETRIC_REPRESENTATION_CONTEXT(2) 
PARAMETRIC_REPRESENTATION_CONTEXT() REPRESENTATION_CONTEXT('2D SPACE',''
  ) );
#2505 = PCURVE('',#1019,#2506);
#2506 = DEFINITIONAL_REPRESENTATION('',(#2507),#2511);
#2507 = LINE('',#2508,#2509);
#2508 = CARTESIAN_POINT('',(0.,4.));
#2509 = VECTOR('',#2510,1.);
#2510 = DIRECTION('',(1.,0.));
#2511 = ( GEOMETRIC_REPRESENTATION_CONTEXT(2) 
PARAMETRIC_REPRESENTATION_CONTEXT() REPRESENTATION_CONTEXT('2D SPACE',''
  ) );
#2512 = ORIENTED_EDGE('',*,*,#2513,.T.);
#2513 = EDGE_CURVE('',#2491,#2514,#2516,.T.);
#2514 = VERTEX_POINT('',#2515);
#2515 = CARTESIAN_POINT('',(102.22770857876,0.,-679.2550957301));
#2516 = SURFACE_CURVE('',#2517,(#2522,#2529),.PCURVE_S1.);
#2517 = CIRCLE('',#2518,9.);
#2518 = AXIS2_PLACEMENT_3D('',#2519,#2520,#2521);
#2519 = CARTESIAN_POINT('',(104.01241463546,0.,-670.4338246034));
#2520 = DIRECTION('',(0.,1.,0.));
#2521 = DIRECTION('',(0.,-0.,1.));
#2522 = PCURVE('',#285,#2523);
#2523 = DEFINITIONAL_REPRESENTATION('',(#2524),#2528);
#2524 = CIRCLE('',#2525,9.);
#2525 = AXIS2_PLACEMENT_2D('',#2526,#2527);
#2526 = CARTESIAN_POINT('',(489.09047691509,98.952035810108));
#2527 = DIRECTION('',(1.,0.));
#2528 = ( GEOMETRIC_REPRESENTATION_CONTEXT(2) 
PARAMETRIC_REPRESENTATION_CONTEXT() REPRESENTATION_CONTEXT('2D SPACE',''
  ) );
#2529 = PCURVE('',#1052,#2530);
#2530 = DEFINITIONAL_REPRESENTATION('',(#2531),#2535);
#2531 = LINE('',#2532,#2533);
#2532 = CARTESIAN_POINT('',(0.,4.));
#2533 = VECTOR('',#2534,1.);
#2534 = DIRECTION('',(1.,0.));
#2535 = ( GEOMETRIC_REPRESENTATION_CONTEXT(2) 
PARAMETRIC_REPRESENTATION_CONTEXT() REPRESENTATION_CONTEXT('2D SPACE',''
  ) );
#2536 = ORIENTED_EDGE('',*,*,#2537,.T.);
#2537 = EDGE_CURVE('',#2514,#2538,#2540,.T.);
#2538 = VERTEX_POINT('',#2539);
#2539 = CARTESIAN_POINT('',(5.060378825354,0.,-669.5243015185));
#2540 = SURFACE_CURVE('',#2541,(#2546,#2557),.PCURVE_S1.);
#2541 = CIRCLE('',#2542,490.);
#2542 = AXIS2_PLACEMENT_3D('',#2543,#2544,#2545);
#2543 = CARTESIAN_POINT('',(5.060378825354,0.,-1.159524301519E+03));
#2544 = DIRECTION('',(0.,-1.,0.));
#2545 = DIRECTION('',(0.,0.,1.));
#2546 = PCURVE('',#285,#2547);
#2547 = DEFINITIONAL_REPRESENTATION('',(#2548),#2556);
#2548 = ( BOUNDED_CURVE() B_SPLINE_CURVE(2,(#2549,#2550,#2551,#2552,
#2553,#2554,#2555),.UNSPECIFIED.,.T.,.F.) B_SPLINE_CURVE_WITH_KNOTS((1,2
    ,2,2,2,1),(-2.094395102393,0.,2.094395102393,4.188790204786,
6.28318530718,8.377580409573),.UNSPECIFIED.) CURVE() 
GEOMETRIC_REPRESENTATION_ITEM() RATIONAL_B_SPLINE_CURVE((1.,0.5,1.,0.5,
1.,0.5,1.)) REPRESENTATION_ITEM('') );
#2549 = CARTESIAN_POINT('',(490.,0.));
#2550 = CARTESIAN_POINT('',(490.,-848.7048957087));
#2551 = CARTESIAN_POINT('',(-245.,-424.3524478543));
#2552 = CARTESIAN_POINT('',(-980.,-1.200153863164E-13));
#2553 = CARTESIAN_POINT('',(-245.,424.35244785437));
#2554 = CARTESIAN_POINT('',(489.99999999999,848.70489570875));
#2555 = CARTESIAN_POINT('',(490.,0.));
#2556 = ( GEOMETRIC_REPRESENTATION_CONTEXT(2) 
PARAMETRIC_REPRESENTATION_CONTEXT() REPRESENTATION_CONTEXT('2D SPACE',''
  ) );
#2557 = PCURVE('',#1085,#2558);
#2558 = DEFINITIONAL_REPRESENTATION('',(#2559),#2563);
#2559 = LINE('',#2560,#2561);
#2560 = CARTESIAN_POINT('',(6.28318530718,4.));
#2561 = VECTOR('',#2562,1.);
#2562 = DIRECTION('',(-1.,0.));
#2563 = ( GEOMETRIC_REPRESENTATION_CONTEXT(2) 
PARAMETRIC_REPRESENTATION_CONTEXT() REPRESENTATION_CONTEXT('2D SPACE',''
  ) );
#2564 = ORIENTED_EDGE('',*,*,#2565,.T.);
#2565 = EDGE_CURVE('',#2538,#2566,#2568,.T.);
#2566 = VERTEX_POINT('',#2567);
#2567 = CARTESIAN_POINT('',(-92.10695092805,0.,-679.2550957301));
#2568 = SURFACE_CURVE('',#2569,(#2574,#2585),.PCURVE_S1.);
#2569 = CIRCLE('',#2570,490.);
#2570 = AXIS2_PLACEMENT_3D('',#2571,#2572,#2573);
#2571 = CARTESIAN_POINT('',(5.060378825354,0.,-1.159524301519E+03));
#2572 = DIRECTION('',(0.,-1.,0.));
#2573 = DIRECTION('',(0.,0.,1.));
#2574 = PCURVE('',#285,#2575);
#2575 = DEFINITIONAL_REPRESENTATION('',(#2576),#2584);
#2576 = ( BOUNDED_CURVE() B_SPLINE_CURVE(2,(#2577,#2578,#2579,#2580,
#2581,#2582,#2583),.UNSPECIFIED.,.T.,.F.) B_SPLINE_CURVE_WITH_KNOTS((1,2
    ,2,2,2,1),(-2.094395102393,0.,2.094395102393,4.188790204786,
6.28318530718,8.377580409573),.UNSPECIFIED.) CURVE() 
GEOMETRIC_REPRESENTATION_ITEM() RATIONAL_B_SPLINE_CURVE((1.,0.5,1.,0.5,
1.,0.5,1.)) REPRESENTATION_ITEM('') );
#2577 = CARTESIAN_POINT('',(490.,0.));
#2578 = CARTESIAN_POINT('',(490.,-848.7048957087));
#2579 = CARTESIAN_POINT('',(-245.,-424.3524478543));
#2580 = CARTESIAN_POINT('',(-980.,-1.200153863164E-13));
#2581 = CARTESIAN_POINT('',(-245.,424.35244785437));
#2582 = CARTESIAN_POINT('',(489.99999999999,848.70489570875));
#2583 = CARTESIAN_POINT('',(490.,0.));
#2584 = ( GEOMETRIC_REPRESENTATION_CONTEXT(2) 
PARAMETRIC_REPRESENTATION_CONTEXT() REPRESENTATION_CONTEXT('2D SPACE',''
  ) );
#2585 = PCURVE('',#1118,#2586);
#2586 = DEFINITIONAL_REPRESENTATION('',(#2587),#2591);
#2587 = LINE('',#2588,#2589);
#2588 = CARTESIAN_POINT('',(6.28318530718,4.));
#2589 = VECTOR('',#2590,1.);
#2590 = DIRECTION('',(-1.,0.));
#2591 = ( GEOMETRIC_REPRESENTATION_CONTEXT(2) 
PARAMETRIC_REPRESENTATION_CONTEXT() REPRESENTATION_CONTEXT('2D SPACE',''
  ) );
#2592 = ORIENTED_EDGE('',*,*,#2593,.T.);
#2593 = EDGE_CURVE('',#2566,#2594,#2596,.T.);
#2594 = VERTEX_POINT('',#2595);
#2595 = CARTESIAN_POINT('',(-93.89165698475,0.,-679.4338246034));
#2596 = SURFACE_CURVE('',#2597,(#2602,#2609),.PCURVE_S1.);
#2597 = CIRCLE('',#2598,9.);
#2598 = AXIS2_PLACEMENT_3D('',#2599,#2600,#2601);
#2599 = CARTESIAN_POINT('',(-93.89165698475,0.,-670.4338246034));
#2600 = DIRECTION('',(0.,1.,0.));
#2601 = DIRECTION('',(0.,-0.,1.));
#2602 = PCURVE('',#285,#2603);
#2603 = DEFINITIONAL_REPRESENTATION('',(#2604),#2608);
#2604 = CIRCLE('',#2605,9.);
#2605 = AXIS2_PLACEMENT_2D('',#2606,#2607);
#2606 = CARTESIAN_POINT('',(489.09047691509,-98.9520358101));
#2607 = DIRECTION('',(1.,0.));
#2608 = ( GEOMETRIC_REPRESENTATION_CONTEXT(2) 
PARAMETRIC_REPRESENTATION_CONTEXT() REPRESENTATION_CONTEXT('2D SPACE',''
  ) );
#2609 = PCURVE('',#1151,#2610);
#2610 = DEFINITIONAL_REPRESENTATION('',(#2611),#2615);
#2611 = LINE('',#2612,#2613);
#2612 = CARTESIAN_POINT('',(0.,4.));
#2613 = VECTOR('',#2614,1.);
#2614 = DIRECTION('',(1.,0.));
#2615 = ( GEOMETRIC_REPRESENTATION_CONTEXT(2) 
PARAMETRIC_REPRESENTATION_CONTEXT() REPRESENTATION_CONTEXT('2D SPACE',''
  ) );
#2616 = ORIENTED_EDGE('',*,*,#2617,.T.);
#2617 = EDGE_CURVE('',#2594,#2618,#2620,.T.);
#2618 = VERTEX_POINT('',#2619);
#2619 = CARTESIAN_POINT('',(-108.499621938,0.,-679.4338246034));
#2620 = SURFACE_CURVE('',#2621,(#2625,#2632),.PCURVE_S1.);
#2621 = LINE('',#2622,#2623);
#2622 = CARTESIAN_POINT('',(-117.9862120151,0.,-679.4338246034));
#2623 = VECTOR('',#2624,1.);
#2624 = DIRECTION('',(-1.,-0.,-4.440892098501E-15));
#2625 = PCURVE('',#285,#2626);
#2626 = DEFINITIONAL_REPRESENTATION('',(#2627),#2631);
#2627 = LINE('',#2628,#2629);
#2628 = CARTESIAN_POINT('',(480.09047691509,-123.0465908404));
#2629 = VECTOR('',#2630,1.);
#2630 = DIRECTION('',(-4.440892098501E-15,-1.));
#2631 = ( GEOMETRIC_REPRESENTATION_CONTEXT(2) 
PARAMETRIC_REPRESENTATION_CONTEXT() REPRESENTATION_CONTEXT('2D SPACE',''
  ) );
#2632 = PCURVE('',#1179,#2633);
#2633 = DEFINITIONAL_REPRESENTATION('',(#2634),#2638);
#2634 = LINE('',#2635,#2636);
#2635 = CARTESIAN_POINT('',(0.,4.));
#2636 = VECTOR('',#2637,1.);
#2637 = DIRECTION('',(1.,-0.));
#2638 = ( GEOMETRIC_REPRESENTATION_CONTEXT(2) 
PARAMETRIC_REPRESENTATION_CONTEXT() REPRESENTATION_CONTEXT('2D SPACE',''
  ) );
#2639 = ORIENTED_EDGE('',*,*,#2640,.T.);
#2640 = EDGE_CURVE('',#2618,#2641,#2643,.T.);
#2641 = VERTEX_POINT('',#2642);
#2642 = CARTESIAN_POINT('',(-117.4871600283,0.,-669.9603701963));
#2643 = SURFACE_CURVE('',#2644,(#2649,#2656),.PCURVE_S1.);
#2644 = CIRCLE('',#2645,9.);
#2645 = AXIS2_PLACEMENT_3D('',#2646,#2647,#2648);
#2646 = CARTESIAN_POINT('',(-108.499621938,0.,-670.4338246034));
#2647 = DIRECTION('',(0.,1.,0.));
#2648 = DIRECTION('',(0.,-0.,1.));
#2649 = PCURVE('',#285,#2650);
#2650 = DEFINITIONAL_REPRESENTATION('',(#2651),#2655);
#2651 = CIRCLE('',#2652,9.);
#2652 = AXIS2_PLACEMENT_2D('',#2653,#2654);
#2653 = CARTESIAN_POINT('',(489.09047691509,-113.5600007634));
#2654 = DIRECTION('',(1.,0.));
#2655 = ( GEOMETRIC_REPRESENTATION_CONTEXT(2) 
PARAMETRIC_REPRESENTATION_CONTEXT() REPRESENTATION_CONTEXT('2D SPACE',''
  ) );
#2656 = PCURVE('',#1212,#2657);
#2657 = DEFINITIONAL_REPRESENTATION('',(#2658),#2662);
#2658 = LINE('',#2659,#2660);
#2659 = CARTESIAN_POINT('',(0.,4.));
#2660 = VECTOR('',#2661,1.);
#2661 = DIRECTION('',(1.,0.));
#2662 = ( GEOMETRIC_REPRESENTATION_CONTEXT(2) 
PARAMETRIC_REPRESENTATION_CONTEXT() REPRESENTATION_CONTEXT('2D SPACE',''
  ) );
#2663 = ORIENTED_EDGE('',*,*,#2664,.T.);
#2664 = EDGE_CURVE('',#2641,#2665,#2667,.T.);
#2665 = VERTEX_POINT('',#2666);
#2666 = CARTESIAN_POINT('',(-113.266495957,0.,-589.8399224104));
#2667 = SURFACE_CURVE('',#2668,(#2672,#2679),.PCURVE_S1.);
#2668 = LINE('',#2669,#2670);
#2669 = CARTESIAN_POINT('',(-117.9862120151,0.,-679.4338246034));
#2670 = VECTOR('',#2671,1.);
#2671 = DIRECTION('',(5.260604523924E-02,0.,0.998615343365));
#2672 = PCURVE('',#285,#2673);
#2673 = DEFINITIONAL_REPRESENTATION('',(#2674),#2678);
#2674 = LINE('',#2675,#2676);
#2675 = CARTESIAN_POINT('',(480.09047691509,-123.0465908404));
#2676 = VECTOR('',#2677,1.);
#2677 = DIRECTION('',(0.998615343365,5.260604523924E-02));
#2678 = ( GEOMETRIC_REPRESENTATION_CONTEXT(2) 
PARAMETRIC_REPRESENTATION_CONTEXT() REPRESENTATION_CONTEXT('2D SPACE',''
  ) );
#2679 = PCURVE('',#1240,#2680);
#2680 = DEFINITIONAL_REPRESENTATION('',(#2681),#2685);
#2681 = LINE('',#2682,#2683);
#2682 = CARTESIAN_POINT('',(0.,4.));
#2683 = VECTOR('',#2684,1.);
#2684 = DIRECTION('',(1.,0.));
#2685 = ( GEOMETRIC_REPRESENTATION_CONTEXT(2) 
PARAMETRIC_REPRESENTATION_CONTEXT() REPRESENTATION_CONTEXT('2D SPACE',''
  ) );
#2686 = ORIENTED_EDGE('',*,*,#2687,.T.);
#2687 = EDGE_CURVE('',#2665,#2688,#2690,.T.);
#2688 = VERTEX_POINT('',#2689);
#2689 = CARTESIAN_POINT('',(-113.266495957,0.,-470.9165260329));
#2690 = SURFACE_CURVE('',#2691,(#2695,#2702),.PCURVE_S1.);
#2691 = LINE('',#2692,#2693);
#2692 = CARTESIAN_POINT('',(-113.266495957,0.,-469.8399224104));
#2693 = VECTOR('',#2694,1.);
#2694 = DIRECTION('',(1.052398908759E-14,-0.,1.));
#2695 = PCURVE('',#285,#2696);
#2696 = DEFINITIONAL_REPRESENTATION('',(#2697),#2701);
#2697 = LINE('',#2698,#2699);
#2698 = CARTESIAN_POINT('',(689.68437910806,-118.3268747823));
#2699 = VECTOR('',#2700,1.);
#2700 = DIRECTION('',(1.,1.052398908759E-14));
#2701 = ( GEOMETRIC_REPRESENTATION_CONTEXT(2) 
PARAMETRIC_REPRESENTATION_CONTEXT() REPRESENTATION_CONTEXT('2D SPACE',''
  ) );
#2702 = PCURVE('',#1268,#2703);
#2703 = DEFINITIONAL_REPRESENTATION('',(#2704),#2708);
#2704 = LINE('',#2705,#2706);
#2705 = CARTESIAN_POINT('',(0.,4.));
#2706 = VECTOR('',#2707,1.);
#2707 = DIRECTION('',(1.,0.));
#2708 = ( GEOMETRIC_REPRESENTATION_CONTEXT(2) 
PARAMETRIC_REPRESENTATION_CONTEXT() REPRESENTATION_CONTEXT('2D SPACE',''
  ) );
#2709 = ORIENTED_EDGE('',*,*,#2710,.T.);
#2710 = EDGE_CURVE('',#2688,#2711,#2713,.T.);
#2711 = VERTEX_POINT('',#2712);
#2712 = CARTESIAN_POINT('',(-113.0125574068,0.,-468.7936955839));
#2713 = SURFACE_CURVE('',#2714,(#2719,#2726),.PCURVE_S1.);
#2714 = CIRCLE('',#2715,9.);
#2715 = AXIS2_PLACEMENT_3D('',#2716,#2717,#2718);
#2716 = CARTESIAN_POINT('',(-104.266495957,0.,-470.9165260329));
#2717 = DIRECTION('',(0.,1.,0.));
#2718 = DIRECTION('',(0.,-0.,1.));
#2719 = PCURVE('',#285,#2720);
#2720 = DEFINITIONAL_REPRESENTATION('',(#2721),#2725);
#2721 = CIRCLE('',#2722,9.);
#2722 = AXIS2_PLACEMENT_2D('',#2723,#2724);
#2723 = CARTESIAN_POINT('',(688.60777548562,-109.3268747823));
#2724 = DIRECTION('',(1.,0.));
#2725 = ( GEOMETRIC_REPRESENTATION_CONTEXT(2) 
PARAMETRIC_REPRESENTATION_CONTEXT() REPRESENTATION_CONTEXT('2D SPACE',''
  ) );
#2726 = PCURVE('',#1301,#2727);
#2727 = DEFINITIONAL_REPRESENTATION('',(#2728),#2732);
#2728 = LINE('',#2729,#2730);
#2729 = CARTESIAN_POINT('',(0.,4.));
#2730 = VECTOR('',#2731,1.);
#2731 = DIRECTION('',(1.,0.));
#2732 = ( GEOMETRIC_REPRESENTATION_CONTEXT(2) 
PARAMETRIC_REPRESENTATION_CONTEXT() REPRESENTATION_CONTEXT('2D SPACE',''
  ) );
#2733 = ORIENTED_EDGE('',*,*,#2734,.T.);
#2734 = EDGE_CURVE('',#2711,#2735,#2737,.T.);
#2735 = VERTEX_POINT('',#2736);
#2736 = CARTESIAN_POINT('',(-107.7945288908,0.,-447.2954180978));
#2737 = SURFACE_CURVE('',#2738,(#2742,#2749),.PCURVE_S1.);
#2738 = LINE('',#2739,#2740);
#2739 = CARTESIAN_POINT('',(-113.266495957,0.,-469.8399224104));
#2740 = VECTOR('',#2741,1.);
#2741 = DIRECTION('',(0.235870049888,0.,0.971784605541));
#2742 = PCURVE('',#285,#2743);
#2743 = DEFINITIONAL_REPRESENTATION('',(#2744),#2748);
#2744 = LINE('',#2745,#2746);
#2745 = CARTESIAN_POINT('',(689.68437910806,-118.3268747823));
#2746 = VECTOR('',#2747,1.);
#2747 = DIRECTION('',(0.971784605541,0.235870049888));
#2748 = ( GEOMETRIC_REPRESENTATION_CONTEXT(2) 
PARAMETRIC_REPRESENTATION_CONTEXT() REPRESENTATION_CONTEXT('2D SPACE',''
  ) );
#2749 = PCURVE('',#1329,#2750);
#2750 = DEFINITIONAL_REPRESENTATION('',(#2751),#2755);
#2751 = LINE('',#2752,#2753);
#2752 = CARTESIAN_POINT('',(0.,4.));
#2753 = VECTOR('',#2754,1.);
#2754 = DIRECTION('',(1.,0.));
#2755 = ( GEOMETRIC_REPRESENTATION_CONTEXT(2) 
PARAMETRIC_REPRESENTATION_CONTEXT() REPRESENTATION_CONTEXT('2D SPACE',''
  ) );
#2756 = ORIENTED_EDGE('',*,*,#2757,.T.);
#2757 = EDGE_CURVE('',#2735,#2758,#2760,.T.);
#2758 = VERTEX_POINT('',#2759);
#2759 = CARTESIAN_POINT('',(-107.2770609338,0.,-445.7726691512));
#2760 = SURFACE_CURVE('',#2761,(#2766,#2773),.PCURVE_S1.);
#2761 = CIRCLE('',#2762,9.);
#2762 = AXIS2_PLACEMENT_3D('',#2763,#2764,#2765);
#2763 = CARTESIAN_POINT('',(-99.04846744097,0.,-449.4182485468));
#2764 = DIRECTION('',(0.,1.,0.));
#2765 = DIRECTION('',(0.,-0.,1.));
#2766 = PCURVE('',#285,#2767);
#2767 = DEFINITIONAL_REPRESENTATION('',(#2768),#2772);
#2768 = CIRCLE('',#2769,9.);
#2769 = AXIS2_PLACEMENT_2D('',#2770,#2771);
#2770 = CARTESIAN_POINT('',(710.10605297174,-104.1088462663));
#2771 = DIRECTION('',(1.,0.));
#2772 = ( GEOMETRIC_REPRESENTATION_CONTEXT(2) 
PARAMETRIC_REPRESENTATION_CONTEXT() REPRESENTATION_CONTEXT('2D SPACE',''
  ) );
#2773 = PCURVE('',#1362,#2774);
#2774 = DEFINITIONAL_REPRESENTATION('',(#2775),#2779);
#2775 = LINE('',#2776,#2777);
#2776 = CARTESIAN_POINT('',(0.,4.));
#2777 = VECTOR('',#2778,1.);
#2778 = DIRECTION('',(1.,0.));
#2779 = ( GEOMETRIC_REPRESENTATION_CONTEXT(2) 
PARAMETRIC_REPRESENTATION_CONTEXT() REPRESENTATION_CONTEXT('2D SPACE',''
  ) );
#2780 = ORIENTED_EDGE('',*,*,#2781,.T.);
#2781 = EDGE_CURVE('',#2758,#2782,#2784,.T.);
#2782 = VERTEX_POINT('',#2783);
#2783 = CARTESIAN_POINT('',(-93.15644068379,0.,-413.9004120154));
#2784 = SURFACE_CURVE('',#2785,(#2789,#2796),.PCURVE_S1.);
#2785 = LINE('',#2786,#2787);
#2786 = CARTESIAN_POINT('',(-107.6040956925,0.,-446.510833321));
#2787 = VECTOR('',#2788,1.);
#2788 = DIRECTION('',(0.405064377285,0.,0.914288165872));
#2789 = PCURVE('',#285,#2790);
#2790 = DEFINITIONAL_REPRESENTATION('',(#2791),#2795);
#2791 = LINE('',#2792,#2793);
#2792 = CARTESIAN_POINT('',(713.01346819753,-112.6644745179));
#2793 = VECTOR('',#2794,1.);
#2794 = DIRECTION('',(0.914288165872,0.405064377285));
#2795 = ( GEOMETRIC_REPRESENTATION_CONTEXT(2) 
PARAMETRIC_REPRESENTATION_CONTEXT() REPRESENTATION_CONTEXT('2D SPACE',''
  ) );
#2796 = PCURVE('',#1390,#2797);
#2797 = DEFINITIONAL_REPRESENTATION('',(#2798),#2802);
#2798 = LINE('',#2799,#2800);
#2799 = CARTESIAN_POINT('',(0.,4.));
#2800 = VECTOR('',#2801,1.);
#2801 = DIRECTION('',(1.,0.));
#2802 = ( GEOMETRIC_REPRESENTATION_CONTEXT(2) 
PARAMETRIC_REPRESENTATION_CONTEXT() REPRESENTATION_CONTEXT('2D SPACE',''
  ) );
#2803 = ORIENTED_EDGE('',*,*,#2804,.T.);
#2804 = EDGE_CURVE('',#2782,#2805,#2807,.T.);
#2805 = VERTEX_POINT('',#2806);
#2806 = CARTESIAN_POINT('',(-88.57342658651,0.,-409.3173979181));
#2807 = SURFACE_CURVE('',#2808,(#2813,#2820),.PCURVE_S1.);
#2808 = CIRCLE('',#2809,9.);
#2809 = AXIS2_PLACEMENT_3D('',#2810,#2811,#2812);
#2810 = CARTESIAN_POINT('',(-84.92784719094,0.,-417.545991411));
#2811 = DIRECTION('',(0.,1.,0.));
#2812 = DIRECTION('',(0.,-0.,1.));
#2813 = PCURVE('',#285,#2814);
#2814 = DEFINITIONAL_REPRESENTATION('',(#2815),#2819);
#2815 = CIRCLE('',#2816,9.);
#2816 = AXIS2_PLACEMENT_2D('',#2817,#2818);
#2817 = CARTESIAN_POINT('',(741.97831010753,-89.9882260163));
#2818 = DIRECTION('',(1.,0.));
#2819 = ( GEOMETRIC_REPRESENTATION_CONTEXT(2) 
PARAMETRIC_REPRESENTATION_CONTEXT() REPRESENTATION_CONTEXT('2D SPACE',''
  ) );
#2820 = PCURVE('',#1423,#2821);
#2821 = DEFINITIONAL_REPRESENTATION('',(#2822),#2826);
#2822 = LINE('',#2823,#2824);
#2823 = CARTESIAN_POINT('',(-8.881784197001E-16,4.));
#2824 = VECTOR('',#2825,1.);
#2825 = DIRECTION('',(1.,0.));
#2826 = ( GEOMETRIC_REPRESENTATION_CONTEXT(2) 
PARAMETRIC_REPRESENTATION_CONTEXT() REPRESENTATION_CONTEXT('2D SPACE',''
  ) );
#2827 = ORIENTED_EDGE('',*,*,#2828,.T.);
#2828 = EDGE_CURVE('',#2805,#2829,#2831,.T.);
#2829 = VERTEX_POINT('',#2830);
#2830 = CARTESIAN_POINT('',(-83.34277444695,0.,-407.0000203879));
#2831 = SURFACE_CURVE('',#2832,(#2836,#2843),.PCURVE_S1.);
#2832 = LINE('',#2833,#2834);
#2833 = CARTESIAN_POINT('',(-91.74937495217,0.,-410.7244636497));
#2834 = VECTOR('',#2835,1.);
#2835 = DIRECTION('',(0.914288165872,0.,0.405064377285));
#2836 = PCURVE('',#285,#2837);
#2837 = DEFINITIONAL_REPRESENTATION('',(#2838),#2842);
#2838 = LINE('',#2839,#2840);
#2839 = CARTESIAN_POINT('',(748.79983786876,-96.80975377753));
#2840 = VECTOR('',#2841,1.);
#2841 = DIRECTION('',(0.405064377285,0.914288165872));
#2842 = ( GEOMETRIC_REPRESENTATION_CONTEXT(2) 
PARAMETRIC_REPRESENTATION_CONTEXT() REPRESENTATION_CONTEXT('2D SPACE',''
  ) );
#2843 = PCURVE('',#1451,#2844);
#2844 = DEFINITIONAL_REPRESENTATION('',(#2845),#2849);
#2845 = LINE('',#2846,#2847);
#2846 = CARTESIAN_POINT('',(0.,4.));
#2847 = VECTOR('',#2848,1.);
#2848 = DIRECTION('',(1.,0.));
#2849 = ( GEOMETRIC_REPRESENTATION_CONTEXT(2) 
PARAMETRIC_REPRESENTATION_CONTEXT() REPRESENTATION_CONTEXT('2D SPACE',''
  ) );
#2850 = ORIENTED_EDGE('',*,*,#2851,.T.);
#2851 = EDGE_CURVE('',#2829,#2852,#2854,.T.);
#2852 = VERTEX_POINT('',#2853);
#2853 = CARTESIAN_POINT('',(-80.48166684195,0.,-406.2628677317));
#2854 = SURFACE_CURVE('',#2855,(#2860,#2867),.PCURVE_S1.);
#2855 = CIRCLE('',#2856,9.);
#2856 = AXIS2_PLACEMENT_3D('',#2857,#2858,#2859);
#2857 = CARTESIAN_POINT('',(-79.69719505139,0.,-415.2286138808));
#2858 = DIRECTION('',(0.,1.,0.));
#2859 = DIRECTION('',(0.,-0.,1.));
#2860 = PCURVE('',#285,#2861);
#2861 = DEFINITIONAL_REPRESENTATION('',(#2862),#2866);
#2862 = CIRCLE('',#2863,9.);
#2863 = AXIS2_PLACEMENT_2D('',#2864,#2865);
#2864 = CARTESIAN_POINT('',(744.29568763771,-84.75757387674));
#2865 = DIRECTION('',(1.,0.));
#2866 = ( GEOMETRIC_REPRESENTATION_CONTEXT(2) 
PARAMETRIC_REPRESENTATION_CONTEXT() REPRESENTATION_CONTEXT('2D SPACE',''
  ) );
#2867 = PCURVE('',#1484,#2868);
#2868 = DEFINITIONAL_REPRESENTATION('',(#2869),#2873);
#2869 = LINE('',#2870,#2871);
#2870 = CARTESIAN_POINT('',(0.,4.));
#2871 = VECTOR('',#2872,1.);
#2872 = DIRECTION('',(1.,0.));
#2873 = ( GEOMETRIC_REPRESENTATION_CONTEXT(2) 
PARAMETRIC_REPRESENTATION_CONTEXT() REPRESENTATION_CONTEXT('2D SPACE',''
  ) );
#2874 = ORIENTED_EDGE('',*,*,#2875,.T.);
#2875 = EDGE_CURVE('',#2852,#2876,#2878,.T.);
#2876 = VERTEX_POINT('',#2877);
#2877 = CARTESIAN_POINT('',(-65.43959166665,0.,-404.9467381592));
#2878 = SURFACE_CURVE('',#2879,(#2883,#2890),.PCURVE_S1.);
#2879 = LINE('',#2880,#2881);
#2880 = CARTESIAN_POINT('',(-81.97355109141,0.,-406.3934024456));
#2881 = VECTOR('',#2882,1.);
#2882 = DIRECTION('',(0.996194016565,0.,8.716353228437E-02));
#2883 = PCURVE('',#285,#2884);
#2884 = DEFINITIONAL_REPRESENTATION('',(#2885),#2889);
#2885 = LINE('',#2886,#2887);
#2886 = CARTESIAN_POINT('',(753.13089907289,-87.03392991676));
#2887 = VECTOR('',#2888,1.);
#2888 = DIRECTION('',(8.716353228437E-02,0.996194016565));
#2889 = ( GEOMETRIC_REPRESENTATION_CONTEXT(2) 
PARAMETRIC_REPRESENTATION_CONTEXT() REPRESENTATION_CONTEXT('2D SPACE',''
  ) );
#2890 = PCURVE('',#1512,#2891);
#2891 = DEFINITIONAL_REPRESENTATION('',(#2892),#2896);
#2892 = LINE('',#2893,#2894);
#2893 = CARTESIAN_POINT('',(0.,4.));
#2894 = VECTOR('',#2895,1.);
#2895 = DIRECTION('',(1.,0.));
#2896 = ( GEOMETRIC_REPRESENTATION_CONTEXT(2) 
PARAMETRIC_REPRESENTATION_CONTEXT() REPRESENTATION_CONTEXT('2D SPACE',''
  ) );
#2897 = ORIENTED_EDGE('',*,*,#2898,.T.);
#2898 = EDGE_CURVE('',#2876,#76,#2899,.T.);
#2899 = SURFACE_CURVE('',#2900,(#2904,#2910),.PCURVE_S1.);
#2900 = LINE('',#2901,#2902);
#2901 = CARTESIAN_POINT('',(-65.43959166665,0.,-512.7388));
#2902 = VECTOR('',#2903,1.);
#2903 = DIRECTION('',(-0.,-0.,-1.));
#2904 = PCURVE('',#285,#2905);
#2905 = DEFINITIONAL_REPRESENTATION('',(#2906),#2909);
#2906 = B_SPLINE_CURVE_WITH_KNOTS('',1,(#2907,#2908),.UNSPECIFIED.,.F.,
  .F.,(2,2),(-137.3705927146,6.000000212225E-07),
  .PIECEWISE_BEZIER_KNOTS.);
#2907 = CARTESIAN_POINT('',(784.15609423325,-70.499970492));
#2908 = CARTESIAN_POINT('',(646.78550091855,-70.499970492));
#2909 = ( GEOMETRIC_REPRESENTATION_CONTEXT(2) 
PARAMETRIC_REPRESENTATION_CONTEXT() REPRESENTATION_CONTEXT('2D SPACE',''
  ) );
#2910 = PCURVE('',#201,#2911);
#2911 = DEFINITIONAL_REPRESENTATION('',(#2912),#2915);
#2912 = B_SPLINE_CURVE_WITH_KNOTS('',1,(#2913,#2914),.UNSPECIFIED.,.F.,
  .F.,(2,2),(-137.3705927146,6.000000212225E-07),
  .PIECEWISE_BEZIER_KNOTS.);
#2913 = CARTESIAN_POINT('',(-2.214294768911,-137.3705927146));
#2914 = CARTESIAN_POINT('',(-2.214294768911,6.000000212225E-07));
#2915 = ( GEOMETRIC_REPRESENTATION_CONTEXT(2) 
PARAMETRIC_REPRESENTATION_CONTEXT() REPRESENTATION_CONTEXT('2D SPACE',''
  ) );
#2916 = ORIENTED_EDGE('',*,*,#268,.F.);
#2917 = ORIENTED_EDGE('',*,*,#2057,.T.);
#2918 = ORIENTED_EDGE('',*,*,#2919,.T.);
#2919 = EDGE_CURVE('',#2034,#2920,#2922,.T.);
#2920 = VERTEX_POINT('',#2921);
#2921 = CARTESIAN_POINT('',(-62.43960833334,0.,-512.7388));
#2922 = SURFACE_CURVE('',#2923,(#2927,#2933),.PCURVE_S1.);
#2923 = LINE('',#2924,#2925);
#2924 = CARTESIAN_POINT('',(-29.43961058732,0.,-512.7388));
#2925 = VECTOR('',#2926,1.);
#2926 = DIRECTION('',(1.,0.,0.));
#2927 = PCURVE('',#285,#2928);
#2928 = DEFINITIONAL_REPRESENTATION('',(#2929),#2932);
#2929 = B_SPLINE_CURVE_WITH_KNOTS('',1,(#2930,#2931),.UNSPECIFIED.,.F.,
  .F.,(2,2),(-36.99998441267,-31.99999441267),.PIECEWISE_BEZIER_KNOTS.);
#2930 = CARTESIAN_POINT('',(646.78550151855,-71.49997382535));
#2931 = CARTESIAN_POINT('',(646.78550151855,-66.49998382535));
#2932 = ( GEOMETRIC_REPRESENTATION_CONTEXT(2) 
PARAMETRIC_REPRESENTATION_CONTEXT() REPRESENTATION_CONTEXT('2D SPACE',''
  ) );
#2933 = PCURVE('',#1580,#2934);
#2934 = DEFINITIONAL_REPRESENTATION('',(#2935),#2938);
#2935 = B_SPLINE_CURVE_WITH_KNOTS('',1,(#2936,#2937),.UNSPECIFIED.,.F.,
  .F.,(2,2),(-36.99998441267,-31.99999441267),.PIECEWISE_BEZIER_KNOTS.);
#2936 = CARTESIAN_POINT('',(-2.499995,2.));
#2937 = CARTESIAN_POINT('',(2.499995,2.));
#2938 = ( GEOMETRIC_REPRESENTATION_CONTEXT(2) 
PARAMETRIC_REPRESENTATION_CONTEXT() REPRESENTATION_CONTEXT('2D SPACE',''
  ) );
#2939 = ORIENTED_EDGE('',*,*,#2940,.F.);
#2940 = EDGE_CURVE('',#2084,#2920,#2941,.T.);
#2941 = SURFACE_CURVE('',#2942,(#2946,#2952),.PCURVE_S1.);
#2942 = LINE('',#2943,#2944);
#2943 = CARTESIAN_POINT('',(-62.43960833334,0.,-512.7388));
#2944 = VECTOR('',#2945,1.);
#2945 = DIRECTION('',(-0.,-0.,-1.));
#2946 = PCURVE('',#285,#2947);
#2947 = DEFINITIONAL_REPRESENTATION('',(#2948),#2951);
#2948 = B_SPLINE_CURVE_WITH_KNOTS('',1,(#2949,#2950),.UNSPECIFIED.,.F.,
  .F.,(2,2),(-137.3705927146,6.000000212225E-07),
  .PIECEWISE_BEZIER_KNOTS.);
#2949 = CARTESIAN_POINT('',(784.15609423325,-67.4999871587));
#2950 = CARTESIAN_POINT('',(646.78550091855,-67.4999871587));
#2951 = ( GEOMETRIC_REPRESENTATION_CONTEXT(2) 
PARAMETRIC_REPRESENTATION_CONTEXT() REPRESENTATION_CONTEXT('2D SPACE',''
  ) );
#2952 = PCURVE('',#2127,#2953);
#2953 = DEFINITIONAL_REPRESENTATION('',(#2954),#2957);
#2954 = B_SPLINE_CURVE_WITH_KNOTS('',1,(#2955,#2956),.UNSPECIFIED.,.F.,
  .F.,(2,2),(-137.3705927146,6.000000212225E-07),
  .PIECEWISE_BEZIER_KNOTS.);
#2955 = CARTESIAN_POINT('',(-0.927297884678,-137.3705927146));
#2956 = CARTESIAN_POINT('',(-0.927297884678,6.000000212225E-07));
#2957 = ( GEOMETRIC_REPRESENTATION_CONTEXT(2) 
PARAMETRIC_REPRESENTATION_CONTEXT() REPRESENTATION_CONTEXT('2D SPACE',''
  ) );
#2958 = FACE_BOUND('',#2959,.T.);
#2959 = EDGE_LOOP('',(#2960,#2986));
#2960 = ORIENTED_EDGE('',*,*,#2961,.F.);
#2961 = EDGE_CURVE('',#2962,#2964,#2966,.T.);
#2962 = VERTEX_POINT('',#2963);
#2963 = CARTESIAN_POINT('',(-105.9396211746,0.,-664.488844942));
#2964 = VERTEX_POINT('',#2965);
#2965 = CARTESIAN_POINT('',(-105.9396211746,0.,-670.988844942));
#2966 = SURFACE_CURVE('',#2967,(#2972,#2979),.PCURVE_S1.);
#2967 = CIRCLE('',#2968,3.25);
#2968 = AXIS2_PLACEMENT_3D('',#2969,#2970,#2971);
#2969 = CARTESIAN_POINT('',(-105.9396211746,0.,-667.738844942));
#2970 = DIRECTION('',(0.,1.,0.));
#2971 = DIRECTION('',(0.,-0.,1.));
#2972 = PCURVE('',#285,#2973);
#2973 = DEFINITIONAL_REPRESENTATION('',(#2974),#2978);
#2974 = CIRCLE('',#2975,3.25);
#2975 = AXIS2_PLACEMENT_2D('',#2976,#2977);
#2976 = CARTESIAN_POINT('',(491.78545657646,-111.));
#2977 = DIRECTION('',(1.,0.));
#2978 = ( GEOMETRIC_REPRESENTATION_CONTEXT(2) 
PARAMETRIC_REPRESENTATION_CONTEXT() REPRESENTATION_CONTEXT('2D SPACE',''
  ) );
#2979 = PCURVE('',#1631,#2980);
#2980 = DEFINITIONAL_REPRESENTATION('',(#2981),#2985);
#2981 = LINE('',#2982,#2983);
#2982 = CARTESIAN_POINT('',(0.,4.));
#2983 = VECTOR('',#2984,1.);
#2984 = DIRECTION('',(1.,0.));
#2985 = ( GEOMETRIC_REPRESENTATION_CONTEXT(2) 
PARAMETRIC_REPRESENTATION_CONTEXT() REPRESENTATION_CONTEXT('2D SPACE',''
  ) );
#2986 = ORIENTED_EDGE('',*,*,#2987,.F.);
#2987 = EDGE_CURVE('',#2964,#2962,#2988,.T.);
#2988 = SURFACE_CURVE('',#2989,(#2994,#3001),.PCURVE_S1.);
#2989 = CIRCLE('',#2990,3.25);
#2990 = AXIS2_PLACEMENT_3D('',#2991,#2992,#2993);
#2991 = CARTESIAN_POINT('',(-105.9396211746,0.,-667.738844942));
#2992 = DIRECTION('',(0.,1.,0.));
#2993 = DIRECTION('',(0.,-0.,1.));
#2994 = PCURVE('',#285,#2995);
#2995 = DEFINITIONAL_REPRESENTATION('',(#2996),#3000);
#2996 = CIRCLE('',#2997,3.25);
#2997 = AXIS2_PLACEMENT_2D('',#2998,#2999);
#2998 = CARTESIAN_POINT('',(491.78545657646,-111.));
#2999 = DIRECTION('',(1.,0.));
#3000 = ( GEOMETRIC_REPRESENTATION_CONTEXT(2) 
PARAMETRIC_REPRESENTATION_CONTEXT() REPRESENTATION_CONTEXT('2D SPACE',''
  ) );
#3001 = PCURVE('',#1658,#3002);
#3002 = DEFINITIONAL_REPRESENTATION('',(#3003),#3007);
#3003 = LINE('',#3004,#3005);
#3004 = CARTESIAN_POINT('',(0.,4.));
#3005 = VECTOR('',#3006,1.);
#3006 = DIRECTION('',(1.,0.));
#3007 = ( GEOMETRIC_REPRESENTATION_CONTEXT(2) 
PARAMETRIC_REPRESENTATION_CONTEXT() REPRESENTATION_CONTEXT('2D SPACE',''
  ) );
#3008 = FACE_BOUND('',#3009,.T.);
#3009 = EDGE_LOOP('',(#3010,#3036));
#3010 = ORIENTED_EDGE('',*,*,#3011,.F.);
#3011 = EDGE_CURVE('',#3012,#3014,#3016,.T.);
#3012 = VERTEX_POINT('',#3013);
#3013 = CARTESIAN_POINT('',(-105.9396211746,0.,-545.238844942));
#3014 = VERTEX_POINT('',#3015);
#3015 = CARTESIAN_POINT('',(-105.9396211746,0.,-550.238844942));
#3016 = SURFACE_CURVE('',#3017,(#3022,#3029),.PCURVE_S1.);
#3017 = CIRCLE('',#3018,2.5);
#3018 = AXIS2_PLACEMENT_3D('',#3019,#3020,#3021);
#3019 = CARTESIAN_POINT('',(-105.9396211746,0.,-547.738844942));
#3020 = DIRECTION('',(0.,1.,0.));
#3021 = DIRECTION('',(0.,-0.,1.));
#3022 = PCURVE('',#285,#3023);
#3023 = DEFINITIONAL_REPRESENTATION('',(#3024),#3028);
#3024 = CIRCLE('',#3025,2.5);
#3025 = AXIS2_PLACEMENT_2D('',#3026,#3027);
#3026 = CARTESIAN_POINT('',(611.78545657646,-110.9999999999));
#3027 = DIRECTION('',(1.,0.));
#3028 = ( GEOMETRIC_REPRESENTATION_CONTEXT(2) 
PARAMETRIC_REPRESENTATION_CONTEXT() REPRESENTATION_CONTEXT('2D SPACE',''
  ) );
#3029 = PCURVE('',#1691,#3030);
#3030 = DEFINITIONAL_REPRESENTATION('',(#3031),#3035);
#3031 = LINE('',#3032,#3033);
#3032 = CARTESIAN_POINT('',(0.,4.));
#3033 = VECTOR('',#3034,1.);
#3034 = DIRECTION('',(1.,0.));
#3035 = ( GEOMETRIC_REPRESENTATION_CONTEXT(2) 
PARAMETRIC_REPRESENTATION_CONTEXT() REPRESENTATION_CONTEXT('2D SPACE',''
  ) );
#3036 = ORIENTED_EDGE('',*,*,#3037,.F.);
#3037 = EDGE_CURVE('',#3014,#3012,#3038,.T.);
#3038 = SURFACE_CURVE('',#3039,(#3044,#3051),.PCURVE_S1.);
#3039 = CIRCLE('',#3040,2.5);
#3040 = AXIS2_PLACEMENT_3D('',#3041,#3042,#3043);
#3041 = CARTESIAN_POINT('',(-105.9396211746,0.,-547.738844942));
#3042 = DIRECTION('',(0.,1.,0.));
#3043 = DIRECTION('',(0.,-0.,1.));
#3044 = PCURVE('',#285,#3045);
#3045 = DEFINITIONAL_REPRESENTATION('',(#3046),#3050);
#3046 = CIRCLE('',#3047,2.5);
#3047 = AXIS2_PLACEMENT_2D('',#3048,#3049);
#3048 = CARTESIAN_POINT('',(611.78545657646,-110.9999999999));
#3049 = DIRECTION('',(1.,0.));
#3050 = ( GEOMETRIC_REPRESENTATION_CONTEXT(2) 
PARAMETRIC_REPRESENTATION_CONTEXT() REPRESENTATION_CONTEXT('2D SPACE',''
  ) );
#3051 = PCURVE('',#1718,#3052);
#3052 = DEFINITIONAL_REPRESENTATION('',(#3053),#3057);
#3053 = LINE('',#3054,#3055);
#3054 = CARTESIAN_POINT('',(0.,4.));
#3055 = VECTOR('',#3056,1.);
#3056 = DIRECTION('',(1.,0.));
#3057 = ( GEOMETRIC_REPRESENTATION_CONTEXT(2) 
PARAMETRIC_REPRESENTATION_CONTEXT() REPRESENTATION_CONTEXT('2D SPACE',''
  ) );
#3058 = FACE_BOUND('',#3059,.T.);
#3059 = EDGE_LOOP('',(#3060,#3086));
#3060 = ORIENTED_EDGE('',*,*,#3061,.F.);
#3061 = EDGE_CURVE('',#3062,#3064,#3066,.T.);
#3062 = VERTEX_POINT('',#3063);
#3063 = CARTESIAN_POINT('',(-63.93962117464,0.,-529.488844942));
#3064 = VERTEX_POINT('',#3065);
#3065 = CARTESIAN_POINT('',(-63.93962117464,0.,-535.988844942));
#3066 = SURFACE_CURVE('',#3067,(#3072,#3079),.PCURVE_S1.);
#3067 = CIRCLE('',#3068,3.25);
#3068 = AXIS2_PLACEMENT_3D('',#3069,#3070,#3071);
#3069 = CARTESIAN_POINT('',(-63.93962117464,0.,-532.738844942));
#3070 = DIRECTION('',(0.,1.,0.));
#3071 = DIRECTION('',(0.,-0.,1.));
#3072 = PCURVE('',#285,#3073);
#3073 = DEFINITIONAL_REPRESENTATION('',(#3074),#3078);
#3074 = CIRCLE('',#3075,3.25);
#3075 = AXIS2_PLACEMENT_2D('',#3076,#3077);
#3076 = CARTESIAN_POINT('',(626.78545657646,-69.));
#3077 = DIRECTION('',(1.,0.));
#3078 = ( GEOMETRIC_REPRESENTATION_CONTEXT(2) 
PARAMETRIC_REPRESENTATION_CONTEXT() REPRESENTATION_CONTEXT('2D SPACE',''
  ) );
#3079 = PCURVE('',#1751,#3080);
#3080 = DEFINITIONAL_REPRESENTATION('',(#3081),#3085);
#3081 = LINE('',#3082,#3083);
#3082 = CARTESIAN_POINT('',(0.,4.));
#3083 = VECTOR('',#3084,1.);
#3084 = DIRECTION('',(1.,0.));
#3085 = ( GEOMETRIC_REPRESENTATION_CONTEXT(2) 
PARAMETRIC_REPRESENTATION_CONTEXT() REPRESENTATION_CONTEXT('2D SPACE',''
  ) );
#3086 = ORIENTED_EDGE('',*,*,#3087,.F.);
#3087 = EDGE_CURVE('',#3064,#3062,#3088,.T.);
#3088 = SURFACE_CURVE('',#3089,(#3094,#3101),.PCURVE_S1.);
#3089 = CIRCLE('',#3090,3.25);
#3090 = AXIS2_PLACEMENT_3D('',#3091,#3092,#3093);
#3091 = CARTESIAN_POINT('',(-63.93962117464,0.,-532.738844942));
#3092 = DIRECTION('',(0.,1.,0.));
#3093 = DIRECTION('',(0.,-0.,1.));
#3094 = PCURVE('',#285,#3095);
#3095 = DEFINITIONAL_REPRESENTATION('',(#3096),#3100);
#3096 = CIRCLE('',#3097,3.25);
#3097 = AXIS2_PLACEMENT_2D('',#3098,#3099);
#3098 = CARTESIAN_POINT('',(626.78545657646,-69.));
#3099 = DIRECTION('',(1.,0.));
#3100 = ( GEOMETRIC_REPRESENTATION_CONTEXT(2) 
PARAMETRIC_REPRESENTATION_CONTEXT() REPRESENTATION_CONTEXT('2D SPACE',''
  ) );
#3101 = PCURVE('',#1778,#3102);
#3102 = DEFINITIONAL_REPRESENTATION('',(#3103),#3107);
#3103 = LINE('',#3104,#3105);
#3104 = CARTESIAN_POINT('',(0.,4.));
#3105 = VECTOR('',#3106,1.);
#3106 = DIRECTION('',(1.,0.));
#3107 = ( GEOMETRIC_REPRESENTATION_CONTEXT(2) 
PARAMETRIC_REPRESENTATION_CONTEXT() REPRESENTATION_CONTEXT('2D SPACE',''
  ) );
#3108 = FACE_BOUND('',#3109,.T.);
#3109 = EDGE_LOOP('',(#3110,#3136));
#3110 = ORIENTED_EDGE('',*,*,#3111,.F.);
#3111 = EDGE_CURVE('',#3112,#3114,#3116,.T.);
#3112 = VERTEX_POINT('',#3113);
#3113 = CARTESIAN_POINT('',(116.06037882535,0.,-664.488844942));
#3114 = VERTEX_POINT('',#3115);
#3115 = CARTESIAN_POINT('',(116.06037882535,0.,-670.988844942));
#3116 = SURFACE_CURVE('',#3117,(#3122,#3129),.PCURVE_S1.);
#3117 = CIRCLE('',#3118,3.25);
#3118 = AXIS2_PLACEMENT_3D('',#3119,#3120,#3121);
#3119 = CARTESIAN_POINT('',(116.06037882535,0.,-667.738844942));
#3120 = DIRECTION('',(0.,1.,0.));
#3121 = DIRECTION('',(0.,-0.,1.));
#3122 = PCURVE('',#285,#3123);
#3123 = DEFINITIONAL_REPRESENTATION('',(#3124),#3128);
#3124 = CIRCLE('',#3125,3.25);
#3125 = AXIS2_PLACEMENT_2D('',#3126,#3127);
#3126 = CARTESIAN_POINT('',(491.78545657646,111.));
#3127 = DIRECTION('',(1.,0.));
#3128 = ( GEOMETRIC_REPRESENTATION_CONTEXT(2) 
PARAMETRIC_REPRESENTATION_CONTEXT() REPRESENTATION_CONTEXT('2D SPACE',''
  ) );
#3129 = PCURVE('',#1811,#3130);
#3130 = DEFINITIONAL_REPRESENTATION('',(#3131),#3135);
#3131 = LINE('',#3132,#3133);
#3132 = CARTESIAN_POINT('',(0.,4.));
#3133 = VECTOR('',#3134,1.);
#3134 = DIRECTION('',(1.,0.));
#3135 = ( GEOMETRIC_REPRESENTATION_CONTEXT(2) 
PARAMETRIC_REPRESENTATION_CONTEXT() REPRESENTATION_CONTEXT('2D SPACE',''
  ) );
#3136 = ORIENTED_EDGE('',*,*,#3137,.F.);
#3137 = EDGE_CURVE('',#3114,#3112,#3138,.T.);
#3138 = SURFACE_CURVE('',#3139,(#3144,#3151),.PCURVE_S1.);
#3139 = CIRCLE('',#3140,3.25);
#3140 = AXIS2_PLACEMENT_3D('',#3141,#3142,#3143);
#3141 = CARTESIAN_POINT('',(116.06037882535,0.,-667.738844942));
#3142 = DIRECTION('',(0.,1.,0.));
#3143 = DIRECTION('',(0.,-0.,1.));
#3144 = PCURVE('',#285,#3145);
#3145 = DEFINITIONAL_REPRESENTATION('',(#3146),#3150);
#3146 = CIRCLE('',#3147,3.25);
#3147 = AXIS2_PLACEMENT_2D('',#3148,#3149);
#3148 = CARTESIAN_POINT('',(491.78545657646,111.));
#3149 = DIRECTION('',(1.,0.));
#3150 = ( GEOMETRIC_REPRESENTATION_CONTEXT(2) 
PARAMETRIC_REPRESENTATION_CONTEXT() REPRESENTATION_CONTEXT('2D SPACE',''
  ) );
#3151 = PCURVE('',#1838,#3152);
#3152 = DEFINITIONAL_REPRESENTATION('',(#3153),#3157);
#3153 = LINE('',#3154,#3155);
#3154 = CARTESIAN_POINT('',(0.,4.));
#3155 = VECTOR('',#3156,1.);
#3156 = DIRECTION('',(1.,0.));
#3157 = ( GEOMETRIC_REPRESENTATION_CONTEXT(2) 
PARAMETRIC_REPRESENTATION_CONTEXT() REPRESENTATION_CONTEXT('2D SPACE',''
  ) );
#3158 = FACE_BOUND('',#3159,.T.);
#3159 = EDGE_LOOP('',(#3160,#3186));
#3160 = ORIENTED_EDGE('',*,*,#3161,.F.);
#3161 = EDGE_CURVE('',#3162,#3164,#3166,.T.);
#3162 = VERTEX_POINT('',#3163);
#3163 = CARTESIAN_POINT('',(116.06037882535,0.,-545.238844942));
#3164 = VERTEX_POINT('',#3165);
#3165 = CARTESIAN_POINT('',(116.06037882535,0.,-550.238844942));
#3166 = SURFACE_CURVE('',#3167,(#3172,#3179),.PCURVE_S1.);
#3167 = CIRCLE('',#3168,2.5);
#3168 = AXIS2_PLACEMENT_3D('',#3169,#3170,#3171);
#3169 = CARTESIAN_POINT('',(116.06037882535,0.,-547.738844942));
#3170 = DIRECTION('',(0.,1.,0.));
#3171 = DIRECTION('',(0.,-0.,1.));
#3172 = PCURVE('',#285,#3173);
#3173 = DEFINITIONAL_REPRESENTATION('',(#3174),#3178);
#3174 = CIRCLE('',#3175,2.5);
#3175 = AXIS2_PLACEMENT_2D('',#3176,#3177);
#3176 = CARTESIAN_POINT('',(611.78545657646,111.));
#3177 = DIRECTION('',(1.,0.));
#3178 = ( GEOMETRIC_REPRESENTATION_CONTEXT(2) 
PARAMETRIC_REPRESENTATION_CONTEXT() REPRESENTATION_CONTEXT('2D SPACE',''
  ) );
#3179 = PCURVE('',#1871,#3180);
#3180 = DEFINITIONAL_REPRESENTATION('',(#3181),#3185);
#3181 = LINE('',#3182,#3183);
#3182 = CARTESIAN_POINT('',(0.,4.));
#3183 = VECTOR('',#3184,1.);
#3184 = DIRECTION('',(1.,0.));
#3185 = ( GEOMETRIC_REPRESENTATION_CONTEXT(2) 
PARAMETRIC_REPRESENTATION_CONTEXT() REPRESENTATION_CONTEXT('2D SPACE',''
  ) );
#3186 = ORIENTED_EDGE('',*,*,#3187,.F.);
#3187 = EDGE_CURVE('',#3164,#3162,#3188,.T.);
#3188 = SURFACE_CURVE('',#3189,(#3194,#3201),.PCURVE_S1.);
#3189 = CIRCLE('',#3190,2.5);
#3190 = AXIS2_PLACEMENT_3D('',#3191,#3192,#3193);
#3191 = CARTESIAN_POINT('',(116.06037882535,0.,-547.738844942));
#3192 = DIRECTION('',(0.,1.,0.));
#3193 = DIRECTION('',(0.,-0.,1.));
#3194 = PCURVE('',#285,#3195);
#3195 = DEFINITIONAL_REPRESENTATION('',(#3196),#3200);
#3196 = CIRCLE('',#3197,2.5);
#3197 = AXIS2_PLACEMENT_2D('',#3198,#3199);
#3198 = CARTESIAN_POINT('',(611.78545657646,111.));
#3199 = DIRECTION('',(1.,0.));
#3200 = ( GEOMETRIC_REPRESENTATION_CONTEXT(2) 
PARAMETRIC_REPRESENTATION_CONTEXT() REPRESENTATION_CONTEXT('2D SPACE',''
  ) );
#3201 = PCURVE('',#1898,#3202);
#3202 = DEFINITIONAL_REPRESENTATION('',(#3203),#3207);
#3203 = LINE('',#3204,#3205);
#3204 = CARTESIAN_POINT('',(0.,4.));
#3205 = VECTOR('',#3206,1.);
#3206 = DIRECTION('',(1.,0.));
#3207 = ( GEOMETRIC_REPRESENTATION_CONTEXT(2) 
PARAMETRIC_REPRESENTATION_CONTEXT() REPRESENTATION_CONTEXT('2D SPACE',''
  ) );
#3208 = FACE_BOUND('',#3209,.T.);
#3209 = EDGE_LOOP('',(#3210,#3236));
#3210 = ORIENTED_EDGE('',*,*,#3211,.F.);
#3211 = EDGE_CURVE('',#3212,#3214,#3216,.T.);
#3212 = VERTEX_POINT('',#3213);
#3213 = CARTESIAN_POINT('',(74.060378825354,0.,-529.488844942));
#3214 = VERTEX_POINT('',#3215);
#3215 = CARTESIAN_POINT('',(74.060378825354,0.,-535.988844942));
#3216 = SURFACE_CURVE('',#3217,(#3222,#3229),.PCURVE_S1.);
#3217 = CIRCLE('',#3218,3.25);
#3218 = AXIS2_PLACEMENT_3D('',#3219,#3220,#3221);
#3219 = CARTESIAN_POINT('',(74.060378825354,0.,-532.738844942));
#3220 = DIRECTION('',(0.,1.,0.));
#3221 = DIRECTION('',(0.,-0.,1.));
#3222 = PCURVE('',#285,#3223);
#3223 = DEFINITIONAL_REPRESENTATION('',(#3224),#3228);
#3224 = CIRCLE('',#3225,3.25);
#3225 = AXIS2_PLACEMENT_2D('',#3226,#3227);
#3226 = CARTESIAN_POINT('',(626.78545657646,69.));
#3227 = DIRECTION('',(1.,0.));
#3228 = ( GEOMETRIC_REPRESENTATION_CONTEXT(2) 
PARAMETRIC_REPRESENTATION_CONTEXT() REPRESENTATION_CONTEXT('2D SPACE',''
  ) );
#3229 = PCURVE('',#1931,#3230);
#3230 = DEFINITIONAL_REPRESENTATION('',(#3231),#3235);
#3231 = LINE('',#3232,#3233);
#3232 = CARTESIAN_POINT('',(0.,4.));
#3233 = VECTOR('',#3234,1.);
#3234 = DIRECTION('',(1.,0.));
#3235 = ( GEOMETRIC_REPRESENTATION_CONTEXT(2) 
PARAMETRIC_REPRESENTATION_CONTEXT() REPRESENTATION_CONTEXT('2D SPACE',''
  ) );
#3236 = ORIENTED_EDGE('',*,*,#3237,.F.);
#3237 = EDGE_CURVE('',#3214,#3212,#3238,.T.);
#3238 = SURFACE_CURVE('',#3239,(#3244,#3251),.PCURVE_S1.);
#3239 = CIRCLE('',#3240,3.25);
#3240 = AXIS2_PLACEMENT_3D('',#3241,#3242,#3243);
#3241 = CARTESIAN_POINT('',(74.060378825354,0.,-532.738844942));
#3242 = DIRECTION('',(0.,1.,0.));
#3243 = DIRECTION('',(0.,-0.,1.));
#3244 = PCURVE('',#285,#3245);
#3245 = DEFINITIONAL_REPRESENTATION('',(#3246),#3250);
#3246 = CIRCLE('',#3247,3.25);
#3247 = AXIS2_PLACEMENT_2D('',#3248,#3249);
#3248 = CARTESIAN_POINT('',(626.78545657646,69.));
#3249 = DIRECTION('',(1.,0.));
#3250 = ( GEOMETRIC_REPRESENTATION_CONTEXT(2) 
PARAMETRIC_REPRESENTATION_CONTEXT() REPRESENTATION_CONTEXT('2D SPACE',''
  ) );
#3251 = PCURVE('',#1958,#3252);
#3252 = DEFINITIONAL_REPRESENTATION('',(#3253),#3257);
#3253 = LINE('',#3254,#3255);
#3254 = CARTESIAN_POINT('',(0.,4.));
#3255 = VECTOR('',#3256,1.);
#3256 = DIRECTION('',(1.,0.));
#3257 = ( GEOMETRIC_REPRESENTATION_CONTEXT(2) 
PARAMETRIC_REPRESENTATION_CONTEXT() REPRESENTATION_CONTEXT('2D SPACE',''
  ) );
#3258 = FACE_BOUND('',#3259,.T.);
#3259 = EDGE_LOOP('',(#3260,#3286));
#3260 = ORIENTED_EDGE('',*,*,#3261,.F.);
#3261 = EDGE_CURVE('',#3262,#3264,#3266,.T.);
#3262 = VERTEX_POINT('',#3263);
#3263 = CARTESIAN_POINT('',(74.060378825355,0.,-410.238844942));
#3264 = VERTEX_POINT('',#3265);
#3265 = CARTESIAN_POINT('',(74.060378825355,0.,-415.238844942));
#3266 = SURFACE_CURVE('',#3267,(#3272,#3279),.PCURVE_S1.);
#3267 = CIRCLE('',#3268,2.5);
#3268 = AXIS2_PLACEMENT_3D('',#3269,#3270,#3271);
#3269 = CARTESIAN_POINT('',(74.060378825355,0.,-412.738844942));
#3270 = DIRECTION('',(0.,1.,0.));
#3271 = DIRECTION('',(0.,-0.,1.));
#3272 = PCURVE('',#285,#3273);
#3273 = DEFINITIONAL_REPRESENTATION('',(#3274),#3278);
#3274 = CIRCLE('',#3275,2.5);
#3275 = AXIS2_PLACEMENT_2D('',#3276,#3277);
#3276 = CARTESIAN_POINT('',(746.78545657646,69.000000000001));
#3277 = DIRECTION('',(1.,0.));
#3278 = ( GEOMETRIC_REPRESENTATION_CONTEXT(2) 
PARAMETRIC_REPRESENTATION_CONTEXT() REPRESENTATION_CONTEXT('2D SPACE',''
  ) );
#3279 = PCURVE('',#1991,#3280);
#3280 = DEFINITIONAL_REPRESENTATION('',(#3281),#3285);
#3281 = LINE('',#3282,#3283);
#3282 = CARTESIAN_POINT('',(0.,4.));
#3283 = VECTOR('',#3284,1.);
#3284 = DIRECTION('',(1.,0.));
#3285 = ( GEOMETRIC_REPRESENTATION_CONTEXT(2) 
PARAMETRIC_REPRESENTATION_CONTEXT() REPRESENTATION_CONTEXT('2D SPACE',''
  ) );
#3286 = ORIENTED_EDGE('',*,*,#3287,.F.);
#3287 = EDGE_CURVE('',#3264,#3262,#3288,.T.);
#3288 = SURFACE_CURVE('',#3289,(#3294,#3301),.PCURVE_S1.);
#3289 = CIRCLE('',#3290,2.5);
#3290 = AXIS2_PLACEMENT_3D('',#3291,#3292,#3293);
#3291 = CARTESIAN_POINT('',(74.060378825355,0.,-412.738844942));
#3292 = DIRECTION('',(0.,1.,0.));
#3293 = DIRECTION('',(0.,-0.,1.));
#3294 = PCURVE('',#285,#3295);
#3295 = DEFINITIONAL_REPRESENTATION('',(#3296),#3300);
#3296 = CIRCLE('',#3297,2.5);
#3297 = AXIS2_PLACEMENT_2D('',#3298,#3299);
#3298 = CARTESIAN_POINT('',(746.78545657646,69.000000000001));
#3299 = DIRECTION('',(1.,0.));
#3300 = ( GEOMETRIC_REPRESENTATION_CONTEXT(2) 
PARAMETRIC_REPRESENTATION_CONTEXT() REPRESENTATION_CONTEXT('2D SPACE',''
  ) );
#3301 = PCURVE('',#2018,#3302);
#3302 = DEFINITIONAL_REPRESENTATION('',(#3303),#3307);
#3303 = LINE('',#3304,#3305);
#3304 = CARTESIAN_POINT('',(0.,4.));
#3305 = VECTOR('',#3306,1.);
#3306 = DIRECTION('',(1.,0.));
#3307 = ( GEOMETRIC_REPRESENTATION_CONTEXT(2) 
PARAMETRIC_REPRESENTATION_CONTEXT() REPRESENTATION_CONTEXT('2D SPACE',''
  ) );
#3308 = ADVANCED_FACE('',(#3309),#201,.F.);
#3309 = FACE_BOUND('',#3310,.T.);
#3310 = EDGE_LOOP('',(#3311,#3312,#3313,#3341));
#3311 = ORIENTED_EDGE('',*,*,#75,.F.);
#3312 = ORIENTED_EDGE('',*,*,#2898,.F.);
#3313 = ORIENTED_EDGE('',*,*,#3314,.T.);
#3314 = EDGE_CURVE('',#2876,#1497,#3315,.T.);
#3315 = SURFACE_CURVE('',#3316,(#3321,#3334),.PCURVE_S1.);
#3316 = ELLIPSE('',#3317,2.509546291616,2.499995);
#3317 = AXIS2_PLACEMENT_3D('',#3318,#3319,#3320);
#3318 = CARTESIAN_POINT('',(-63.9396,-2.,-404.8154940743));
#3319 = DIRECTION('',(-8.716353228437E-02,0.,0.996194016565));
#3320 = DIRECTION('',(-0.996194016565,0.,-8.716353228437E-02));
#3321 = PCURVE('',#201,#3322);
#3322 = DEFINITIONAL_REPRESENTATION('',(#3323),#3333);
#3323 = B_SPLINE_CURVE_WITH_KNOTS('',8,(#3324,#3325,#3326,#3327,#3328,
    #3329,#3330,#3331,#3332),.UNSPECIFIED.,.F.,.F.,(9,9),(4.996176232356
    ,7.570194382003),.PIECEWISE_BEZIER_KNOTS.);
#3324 = CARTESIAN_POINT('',(-1.854583578766,-107.8620599082));
#3325 = CARTESIAN_POINT('',(-2.176335847472,-107.7944946015));
#3326 = CARTESIAN_POINT('',(-2.498088116175,-107.7341754446));
#3327 = CARTESIAN_POINT('',(-2.819840384891,-107.6917620998));
#3328 = CARTESIAN_POINT('',(-3.141592653574,-107.6763061329));
#3329 = CARTESIAN_POINT('',(-3.463344922304,-107.6917620995));
#3330 = CARTESIAN_POINT('',(-3.785097190999,-107.7341754445));
#3331 = CARTESIAN_POINT('',(-4.106849459708,-107.7944946015));
#3332 = CARTESIAN_POINT('',(-4.428601728413,-107.8620599082));
#3333 = ( GEOMETRIC_REPRESENTATION_CONTEXT(2) 
PARAMETRIC_REPRESENTATION_CONTEXT() REPRESENTATION_CONTEXT('2D SPACE',''
  ) );
#3334 = PCURVE('',#1512,#3335);
#3335 = DEFINITIONAL_REPRESENTATION('',(#3336),#3340);
#3336 = ELLIPSE('',#3337,2.509546291616,2.499995);
#3337 = AXIS2_PLACEMENT_2D('',#3338,#3339);
#3338 = CARTESIAN_POINT('',(18.102850239552,2.));
#3339 = DIRECTION('',(-1.,0.));
#3340 = ( GEOMETRIC_REPRESENTATION_CONTEXT(2) 
PARAMETRIC_REPRESENTATION_CONTEXT() REPRESENTATION_CONTEXT('2D SPACE',''
  ) );
#3341 = ORIENTED_EDGE('',*,*,#1524,.T.);
#3342 = ADVANCED_FACE('',(#3343),#510,.F.);
#3343 = FACE_BOUND('',#3344,.F.);
#3344 = EDGE_LOOP('',(#3345,#3573));
#3345 = ORIENTED_EDGE('',*,*,#3346,.F.);
#3346 = EDGE_CURVE('',#492,#494,#3347,.T.);
#3347 = SURFACE_CURVE('',#3348,(#3421,#3497),.PCURVE_S1.);
#3348 = B_SPLINE_CURVE_WITH_KNOTS('',8,(#3349,#3350,#3351,#3352,#3353,
    #3354,#3355,#3356,#3357,#3358,#3359,#3360,#3361,#3362,#3363,#3364,
    #3365,#3366,#3367,#3368,#3369,#3370,#3371,#3372,#3373,#3374,#3375,
    #3376,#3377,#3378,#3379,#3380,#3381,#3382,#3383,#3384,#3385,#3386,
    #3387,#3388,#3389,#3390,#3391,#3392,#3393,#3394,#3395,#3396,#3397,
    #3398,#3399,#3400,#3401,#3402,#3403,#3404,#3405,#3406,#3407,#3408,
    #3409,#3410,#3411,#3412,#3413,#3414,#3415,#3416,#3417,#3418,#3419,
    #3420),.UNSPECIFIED.,.F.,.F.,(9,7,7,7,7,7,7,7,7,7,9),(0.,
    0.174768386346,0.255582985328,0.335035721847,0.358681055714,
    0.362749751393,0.368031093812,0.379536803,0.415995609162,
    0.551777688522,1.),.UNSPECIFIED.);
#3349 = CARTESIAN_POINT('',(-62.43960913335,-4.0000006,-410.7388539731)
  );
#3350 = CARTESIAN_POINT('',(-62.30382965027,-3.898166638305,
    -410.8406898627));
#3351 = CARTESIAN_POINT('',(-62.181817964,-3.790198378068,
    -410.9486601635));
#3352 = CARTESIAN_POINT('',(-62.07263660342,-3.677878952434,
    -411.0609817704));
#3353 = CARTESIAN_POINT('',(-61.97527840069,-3.56248695698,
    -411.1763761726));
#3354 = CARTESIAN_POINT('',(-61.88874329918,-3.444858228039,
    -411.2940076114));
#3355 = CARTESIAN_POINT('',(-61.81210996764,-3.325445979382,
    -411.4134229653));
#3356 = CARTESIAN_POINT('',(-61.74460222042,-3.204379297266,
    -411.5344933624));
#3357 = CARTESIAN_POINT('',(-61.65839027749,-3.024708658851,-411.7141711
    ));
#3358 = CARTESIAN_POINT('',(-61.63300772065,-2.967614246419,
    -411.7712679883));
#3359 = CARTESIAN_POINT('',(-61.60945794399,-2.910273171721,
    -411.8286118527));
#3360 = CARTESIAN_POINT('',(-61.58770009577,-2.85271678316,
    -411.8861713997));
#3361 = CARTESIAN_POINT('',(-61.56769719053,-2.794971450347,
    -411.9439203362));
#3362 = CARTESIAN_POINT('',(-61.54941619782,-2.737058652108,
    -412.0018373319));
#3363 = CARTESIAN_POINT('',(-61.53282813089,-2.678995064482,
    -412.0599059807));
#3364 = CARTESIAN_POINT('',(-61.50323956692,-2.563571041965,
    -412.1753426287));
#3365 = CARTESIAN_POINT('',(-61.49018477109,-2.506220986987,
    -412.2327007898));
#3366 = CARTESIAN_POINT('',(-61.47872237216,-2.44876206583,
    -412.2901659388));
#3367 = CARTESIAN_POINT('',(-61.46883356878,-2.391219151134,
    -412.3477284861));
#3368 = CARTESIAN_POINT('',(-61.46050360085,-2.333594447598,
    -412.4053560766));
#3369 = CARTESIAN_POINT('',(-61.45371994212,-2.275927892211,
    -412.4630596367));
#3370 = CARTESIAN_POINT('',(-61.44847436195,-2.218203912299,
    -412.5208014368));
#3371 = CARTESIAN_POINT('',(-61.44365669702,-2.143311814725,
    -412.5958117077));
#3372 = CARTESIAN_POINT('',(-61.44277970252,-2.127566917343,
    -412.6115896748));
#3373 = CARTESIAN_POINT('',(-61.4420259628,-2.1122614036,-412.6269242752
    ));
#3374 = CARTESIAN_POINT('',(-61.44133398614,-2.096241814376,
    -412.643020359));
#3375 = CARTESIAN_POINT('',(-61.44074467928,-2.079490245713,
    -412.6597932495));
#3376 = CARTESIAN_POINT('',(-61.44026859553,-2.062261892126,
    -412.677203123));
#3377 = CARTESIAN_POINT('',(-61.43996244995,-2.044563132885,
    -412.694981702));
#3378 = CARTESIAN_POINT('',(-61.43976108168,-2.028040459463,
    -412.7122749938));
#3379 = CARTESIAN_POINT('',(-61.43973752973,-2.025885192995,
    -412.714552754));
#3380 = CARTESIAN_POINT('',(-61.43971599631,-2.023766572905,
    -412.7168134778));
#3381 = CARTESIAN_POINT('',(-61.43969547354,-2.021549643474,
    -412.7192078825));
#3382 = CARTESIAN_POINT('',(-61.43967659766,-2.019227150269,
    -412.7217633588));
#3383 = CARTESIAN_POINT('',(-61.43966051918,-2.016908769367,
    -412.7244009263));
#3384 = CARTESIAN_POINT('',(-61.43964798337,-2.014770689009,
    -412.7269991569));
#3385 = CARTESIAN_POINT('',(-61.43962646905,-2.010622387279,
    -412.7327578469));
#3386 = CARTESIAN_POINT('',(-61.43961816478,-2.008551289716,
    -412.7362513032));
#3387 = CARTESIAN_POINT('',(-61.43961800694,-2.007671485615,
    -412.7393746276));
#3388 = CARTESIAN_POINT('',(-61.43961969255,-2.008369929895,
    -412.7419234738));
#3389 = CARTESIAN_POINT('',(-61.43962314468,-2.010591124781,
    -412.7454876574));
#3390 = CARTESIAN_POINT('',(-61.43963853784,-2.013469234813,
    -412.7491361475));
#3391 = CARTESIAN_POINT('',(-61.43965773985,-2.016321736913,
    -412.7524989363));
#3392 = CARTESIAN_POINT('',(-61.4396952953,-2.0215475499,-412.7585354573
    ));
#3393 = CARTESIAN_POINT('',(-61.43973097338,-2.025724639147,
    -412.7630447418));
#3394 = CARTESIAN_POINT('',(-61.43977878853,-2.030163186043,
    -412.7676962552));
#3395 = CARTESIAN_POINT('',(-61.43983394414,-2.034403976066,
    -412.7720853814));
#3396 = CARTESIAN_POINT('',(-61.43989169519,-2.038254472683,
    -412.7760472713));
#3397 = CARTESIAN_POINT('',(-61.43995198873,-2.041919977704,
    -412.7798029298));
#3398 = CARTESIAN_POINT('',(-61.44002169767,-2.045873961162,
    -412.7838366818));
#3399 = CARTESIAN_POINT('',(-61.44040835076,-2.065023565452,
    -412.8032978296));
#3400 = CARTESIAN_POINT('',(-61.44081705504,-2.080445386102,
    -412.8188123234));
#3401 = CARTESIAN_POINT('',(-61.44133614131,-2.095631008131,
    -412.8340741148));
#3402 = CARTESIAN_POINT('',(-61.44195393047,-2.110659616992,
    -412.8491545323));
#3403 = CARTESIAN_POINT('',(-61.44266560344,-2.125581124185,
    -412.8641100125));
#3404 = CARTESIAN_POINT('',(-61.44347436215,-2.140396014597,
    -412.8789588254));
#3405 = CARTESIAN_POINT('',(-61.4443887339,-2.155327693594,
    -412.8939148129));
#3406 = CARTESIAN_POINT('',(-61.44928489695,-2.226956069666,
    -412.9656433488));
#3407 = CARTESIAN_POINT('',(-61.45461246687,-2.283421785173,
    -413.0221292999));
#3408 = CARTESIAN_POINT('',(-61.46141306586,-2.339835578074,
    -413.0785742421));
#3409 = CARTESIAN_POINT('',(-61.46969480769,-2.396204031586,
    -413.1349490556));
#3410 = CARTESIAN_POINT('',(-61.47946943706,-2.452495918504,
    -413.1912575678));
#3411 = CARTESIAN_POINT('',(-61.49075107478,-2.508705289078,
    -413.2474739141));
#3412 = CARTESIAN_POINT('',(-61.50355727806,-2.564810422773,
    -413.3035867717));
#3413 = CARTESIAN_POINT('',(-61.56528091424,-2.805592313288,
    -413.5443949998));
#3414 = CARTESIAN_POINT('',(-61.6290373035,-2.987301139586,
    -413.726110933));
#3415 = CARTESIAN_POINT('',(-61.70974265682,-3.166808530579,
    -413.9056258269));
#3416 = CARTESIAN_POINT('',(-61.80895060738,-3.344362935049,
    -414.083185251));
#3417 = CARTESIAN_POINT('',(-61.92887960283,-3.519224808662,
    -414.2580503994));
#3418 = CARTESIAN_POINT('',(-62.07217833444,-3.689431618858,
    -414.4282612277));
#3419 = CARTESIAN_POINT('',(-62.24162547425,-3.851513804346,
    -414.5903463042));
#3420 = CARTESIAN_POINT('',(-62.43960913335,-4.0000006,-414.738835911));
#3421 = PCURVE('',#510,#3422);
#3422 = DEFINITIONAL_REPRESENTATION('',(#3423),#3496);
#3423 = B_SPLINE_CURVE_WITH_KNOTS('',8,(#3424,#3425,#3426,#3427,#3428,
    #3429,#3430,#3431,#3432,#3433,#3434,#3435,#3436,#3437,#3438,#3439,
    #3440,#3441,#3442,#3443,#3444,#3445,#3446,#3447,#3448,#3449,#3450,
    #3451,#3452,#3453,#3454,#3455,#3456,#3457,#3458,#3459,#3460,#3461,
    #3462,#3463,#3464,#3465,#3466,#3467,#3468,#3469,#3470,#3471,#3472,
    #3473,#3474,#3475,#3476,#3477,#3478,#3479,#3480,#3481,#3482,#3483,
    #3484,#3485,#3486,#3487,#3488,#3489,#3490,#3491,#3492,#3493,#3494,
    #3495),.UNSPECIFIED.,.F.,.F.,(9,7,7,7,7,7,7,7,7,7,9),(0.,
    0.174768386346,0.255582985328,0.335035721847,0.358681055714,
    0.362749751393,0.368031093812,0.379536803,0.415995609162,
    0.551777688522,1.),.UNSPECIFIED.);
#3424 = CARTESIAN_POINT('',(0.643507129453,-6.E-07));
#3425 = CARTESIAN_POINT('',(0.711397177549,0.101833361695));
#3426 = CARTESIAN_POINT('',(0.776354199008,0.209801621932));
#3427 = CARTESIAN_POINT('',(0.838725243124,0.322121047566));
#3428 = CARTESIAN_POINT('',(0.898832923078,0.437513043019));
#3429 = CARTESIAN_POINT('',(0.957001383949,0.555141771961));
#3430 = CARTESIAN_POINT('',(1.01357320294,0.674554020618));
#3431 = CARTESIAN_POINT('',(1.068917221837,0.795620702734));
#3432 = CARTESIAN_POINT('',(1.148633306555,0.975291341149));
#3433 = CARTESIAN_POINT('',(1.173616613647,1.032385753581));
#3434 = CARTESIAN_POINT('',(1.198396240031,1.089726828279));
#3435 = CARTESIAN_POINT('',(1.222990579009,1.14728321684));
#3436 = CARTESIAN_POINT('',(1.247417734518,1.205028549653));
#3437 = CARTESIAN_POINT('',(1.271695845546,1.262941347892));
#3438 = CARTESIAN_POINT('',(1.295843410548,1.321004935518));
#3439 = CARTESIAN_POINT('',(1.343510762594,1.436428958035));
#3440 = CARTESIAN_POINT('',(1.367032127837,1.493779013013));
#3441 = CARTESIAN_POINT('',(1.390456884345,1.55123793417));
#3442 = CARTESIAN_POINT('',(1.413802588979,1.608780848866));
#3443 = CARTESIAN_POINT('',(1.437076766218,1.666405552402));
#3444 = CARTESIAN_POINT('',(1.460303601179,1.724072107789));
#3445 = CARTESIAN_POINT('',(1.483487316142,1.781796087701));
#3446 = CARTESIAN_POINT('',(1.513553245375,1.856688185275));
#3447 = CARTESIAN_POINT('',(1.51987393943,1.872433082657));
#3448 = CARTESIAN_POINT('',(1.526014995256,1.8877385964));
#3449 = CARTESIAN_POINT('',(1.532459051552,1.903758185623));
#3450 = CARTESIAN_POINT('',(1.539171976337,1.920509754288));
#3451 = CARTESIAN_POINT('',(1.54613799472,1.937738107874));
#3452 = CARTESIAN_POINT('',(1.553250367588,1.955436867115));
#3453 = CARTESIAN_POINT('',(1.560168153243,1.971959540537));
#3454 = CARTESIAN_POINT('',(1.561079305366,1.974114807005));
#3455 = CARTESIAN_POINT('',(1.561983635186,1.976233427095));
#3456 = CARTESIAN_POINT('',(1.562941431299,1.978450356526));
#3457 = CARTESIAN_POINT('',(1.563963648253,1.980772849731));
#3458 = CARTESIAN_POINT('',(1.565018693298,1.983091230633));
#3459 = CARTESIAN_POINT('',(1.566057997064,1.985229310991));
#3460 = CARTESIAN_POINT('',(1.56836148911,1.989377612721));
#3461 = CARTESIAN_POINT('',(1.56975887441,1.991448710284));
#3462 = CARTESIAN_POINT('',(1.571008198418,1.992328514385));
#3463 = CARTESIAN_POINT('',(1.572027741781,1.991630070105));
#3464 = CARTESIAN_POINT('',(1.573453407307,1.989408875219));
#3465 = CARTESIAN_POINT('',(1.57491281237,1.986530765187));
#3466 = CARTESIAN_POINT('',(1.576257949949,1.983678263087));
#3467 = CARTESIAN_POINT('',(1.578672605044,1.9784524501));
#3468 = CARTESIAN_POINT('',(1.58047637259,1.974275360853));
#3469 = CARTESIAN_POINT('',(1.582337067998,1.969836813957));
#3470 = CARTESIAN_POINT('',(1.584092849204,1.965596023934));
#3471 = CARTESIAN_POINT('',(1.585677769189,1.961745527317));
#3472 = CARTESIAN_POINT('',(1.5871802232,1.958080022296));
#3473 = CARTESIAN_POINT('',(1.588793960731,1.954126038838));
#3474 = CARTESIAN_POINT('',(1.596579956093,1.934976434548));
#3475 = CARTESIAN_POINT('',(1.602787774394,1.919554613898));
#3476 = CARTESIAN_POINT('',(1.608895738204,1.904368991869));
#3477 = CARTESIAN_POINT('',(1.614932672229,1.889340383008));
#3478 = CARTESIAN_POINT('',(1.620921387528,1.874418875815));
#3479 = CARTESIAN_POINT('',(1.626869471304,1.859603985403));
#3480 = CARTESIAN_POINT('',(1.632862892612,1.844672306406));
#3481 = CARTESIAN_POINT('',(1.661621071332,1.773043930334));
#3482 = CARTESIAN_POINT('',(1.68430812292,1.716578214827));
#3483 = CARTESIAN_POINT('',(1.707036687677,1.660164421926));
#3484 = CARTESIAN_POINT('',(1.729813246257,1.603795968414));
#3485 = CARTESIAN_POINT('',(1.752657921269,1.547504081497));
#3486 = CARTESIAN_POINT('',(1.775579573598,1.491294710921));
#3487 = CARTESIAN_POINT('',(1.798593725535,1.435189577227));
#3488 = CARTESIAN_POINT('',(1.898030869477,1.194407686712));
#3489 = CARTESIAN_POINT('',(1.974773018328,1.012698860414));
#3490 = CARTESIAN_POINT('',(2.053023659688,0.83319146942));
#3491 = CARTESIAN_POINT('',(2.133739454935,0.655637064951));
#3492 = CARTESIAN_POINT('',(2.217786244966,0.480775191338));
#3493 = CARTESIAN_POINT('',(2.305969381164,0.310568381142));
#3494 = CARTESIAN_POINT('',(2.399093247585,0.148486195654));
#3495 = CARTESIAN_POINT('',(2.498085524137,-6.E-07));
#3496 = ( GEOMETRIC_REPRESENTATION_CONTEXT(2) 
PARAMETRIC_REPRESENTATION_CONTEXT() REPRESENTATION_CONTEXT('2D SPACE',''
  ) );
#3497 = PCURVE('',#537,#3498);
#3498 = DEFINITIONAL_REPRESENTATION('',(#3499),#3572);
#3499 = B_SPLINE_CURVE_WITH_KNOTS('',8,(#3500,#3501,#3502,#3503,#3504,
    #3505,#3506,#3507,#3508,#3509,#3510,#3511,#3512,#3513,#3514,#3515,
    #3516,#3517,#3518,#3519,#3520,#3521,#3522,#3523,#3524,#3525,#3526,
    #3527,#3528,#3529,#3530,#3531,#3532,#3533,#3534,#3535,#3536,#3537,
    #3538,#3539,#3540,#3541,#3542,#3543,#3544,#3545,#3546,#3547,#3548,
    #3549,#3550,#3551,#3552,#3553,#3554,#3555,#3556,#3557,#3558,#3559,
    #3560,#3561,#3562,#3563,#3564,#3565,#3566,#3567,#3568,#3569,#3570,
    #3571),.UNSPECIFIED.,.F.,.F.,(9,7,7,7,7,7,7,7,7,7,9),(0.,
    0.174768386346,0.255582985328,0.335035721847,0.358681055714,
    0.362749751393,0.368031093812,0.379536803,0.415995609162,
    0.551777688522,1.),.UNSPECIFIED.);
#3500 = CARTESIAN_POINT('',(-5.355887022499,-101.9999460268));
#3501 = CARTESIAN_POINT('',(-5.42377674367,-101.8981101372));
#3502 = CARTESIAN_POINT('',(-5.488733356737,-101.7901398364));
#3503 = CARTESIAN_POINT('',(-5.551103907323,-101.6778182295));
#3504 = CARTESIAN_POINT('',(-5.611210980121,-101.5624238273));
#3505 = CARTESIAN_POINT('',(-5.669378693436,-101.4447923885));
#3506 = CARTESIAN_POINT('',(-5.725949591304,-101.3253770346));
#3507 = CARTESIAN_POINT('',(-5.781292433207,-101.2043066375));
#3508 = CARTESIAN_POINT('',(-5.861006117121,-101.0246288999));
#3509 = CARTESIAN_POINT('',(-5.885988570511,-100.9675320116));
#3510 = CARTESIAN_POINT('',(-5.910767215723,-100.9101881472));
#3511 = CARTESIAN_POINT('',(-5.935360424334,-100.8526286002));
#3512 = CARTESIAN_POINT('',(-5.959786269792,-100.7948796637));
#3513 = CARTESIAN_POINT('',(-5.984062831896,-100.736962668));
#3514 = CARTESIAN_POINT('',(-6.008208501272,-100.6788940192));
#3515 = CARTESIAN_POINT('',(-6.055871056613,-100.5634573712));
#3516 = CARTESIAN_POINT('',(-6.079389304095,-100.5060992101));
#3517 = CARTESIAN_POINT('',(-6.102811693209,-100.4486340611));
#3518 = CARTESIAN_POINT('',(-6.126149667828,-100.3910715138));
#3519 = CARTESIAN_POINT('',(-6.149422812704,-100.3334439233));
#3520 = CARTESIAN_POINT('',(-6.172634967717,-100.2757403632));
#3521 = CARTESIAN_POINT('',(-6.195811676159,-100.2179985631));
#3522 = CARTESIAN_POINT('',(-6.225830493464,-100.1429882922));
#3523 = CARTESIAN_POINT('',(-6.232137992695,-100.1272103251));
#3524 = CARTESIAN_POINT('',(-6.238267445993,-100.1118757247));
#3525 = CARTESIAN_POINT('',(-6.24468093807,-100.0957796409));
#3526 = CARTESIAN_POINT('',(-6.251385369244,-100.0790067504));
#3527 = CARTESIAN_POINT('',(-6.258278815876,-100.0615968769));
#3528 = CARTESIAN_POINT('',(-6.265359297961,-100.0438182979));
#3529 = CARTESIAN_POINT('',(-6.271968871361,-100.0265250061));
#3530 = CARTESIAN_POINT('',(-6.272831030577,-100.0242472459));
#3531 = CARTESIAN_POINT('',(-6.273678523458,-100.0219865221));
#3532 = CARTESIAN_POINT('',(-6.274565334223,-100.0195921174));
#3533 = CARTESIAN_POINT('',(-6.275494362921,-100.0170366411));
#3534 = CARTESIAN_POINT('',(-6.276421738375,-100.0143990736));
#3535 = CARTESIAN_POINT('',(-6.277276986799,-100.011800843));
#3536 = CARTESIAN_POINT('',(-6.278936333126,-100.006042153));
#3537 = CARTESIAN_POINT('',(-6.279764779458,-100.0025486967));
#3538 = CARTESIAN_POINT('',(-6.280116700984,-99.9994253723));
#3539 = CARTESIAN_POINT('',(-6.279837320072,-99.99687652616));
#3540 = CARTESIAN_POINT('',(-6.278948842575,-99.99331234256));
#3541 = CARTESIAN_POINT('',(-6.27779758376,-99.98966385243));
#3542 = CARTESIAN_POINT('',(-6.276656554483,-99.9863010636));
#3543 = CARTESIAN_POINT('',(-6.274566171129,-99.98026454268));
#3544 = CARTESIAN_POINT('',(-6.272895272729,-99.97575525817));
#3545 = CARTESIAN_POINT('',(-6.271119754498,-99.97110374476));
#3546 = CARTESIAN_POINT('',(-6.269423298805,-99.96671461852));
#3547 = CARTESIAN_POINT('',(-6.267882927969,-99.96275272869));
#3548 = CARTESIAN_POINT('',(-6.266416527634,-99.95899707014));
#3549 = CARTESIAN_POINT('',(-6.264834689176,-99.95496331817));
#3550 = CARTESIAN_POINT('',(-6.2571732709,-99.93550217039));
#3551 = CARTESIAN_POINT('',(-6.251002489506,-99.91998767655));
#3552 = CARTESIAN_POINT('',(-6.244924961588,-99.90472588511));
#3553 = CARTESIAN_POINT('',(-6.238908719443,-99.88964546769));
#3554 = CARTESIAN_POINT('',(-6.232933562058,-99.87468998742));
#3555 = CARTESIAN_POINT('',(-6.226999016172,-99.85984117451));
#3556 = CARTESIAN_POINT('',(-6.221015286874,-99.84488518706));
#3557 = CARTESIAN_POINT('',(-6.192297021494,-99.77315665119));
#3558 = CARTESIAN_POINT('',(-6.169617945177,-99.71667070006));
#3559 = CARTESIAN_POINT('',(-6.146901720812,-99.66022575785));
#3560 = CARTESIAN_POINT('',(-6.124127586402,-99.60385094436));
#3561 = CARTESIAN_POINT('',(-6.101289441112,-99.54754243211));
#3562 = CARTESIAN_POINT('',(-6.078370457923,-99.49132608585));
#3563 = CARTESIAN_POINT('',(-6.05535927358,-99.43521322824));
#3564 = CARTESIAN_POINT('',(-5.955932135871,-99.19440500017));
#3565 = CARTESIAN_POINT('',(-5.879192417226,-99.01268906691));
#3566 = CARTESIAN_POINT('',(-5.800944349925,-98.83317417305));
#3567 = CARTESIAN_POINT('',(-5.72023011348,-98.65561474891));
#3568 = CARTESIAN_POINT('',(-5.636184153823,-98.48074960052));
#3569 = CARTESIAN_POINT('',(-5.548002105122,-98.31053877223));
#3570 = CARTESIAN_POINT('',(-5.454878822353,-98.14845369576));
#3571 = CARTESIAN_POINT('',(-5.355887022499,-97.99996408893));
#3572 = ( GEOMETRIC_REPRESENTATION_CONTEXT(2) 
PARAMETRIC_REPRESENTATION_CONTEXT() REPRESENTATION_CONTEXT('2D SPACE',''
  ) );
#3573 = ORIENTED_EDGE('',*,*,#491,.T.);
#3574 = ADVANCED_FACE('',(#3575),#537,.F.);
#3575 = FACE_BOUND('',#3576,.T.);
#3576 = EDGE_LOOP('',(#3577,#3602,#3624,#3625,#3626,#3627));
#3577 = ORIENTED_EDGE('',*,*,#3578,.F.);
#3578 = EDGE_CURVE('',#3579,#3581,#3583,.T.);
#3579 = VERTEX_POINT('',#3580);
#3580 = CARTESIAN_POINT('',(-61.439605,-2.,-512.7388));
#3581 = VERTEX_POINT('',#3582);
#3582 = CARTESIAN_POINT('',(-61.439605,-2.,-404.5967531551));
#3583 = SURFACE_CURVE('',#3584,(#3588,#3595),.PCURVE_S1.);
#3584 = LINE('',#3585,#3586);
#3585 = CARTESIAN_POINT('',(-61.439605,-2.,-512.7388));
#3586 = VECTOR('',#3587,1.);
#3587 = DIRECTION('',(0.,0.,1.));
#3588 = PCURVE('',#537,#3589);
#3589 = DEFINITIONAL_REPRESENTATION('',(#3590),#3594);
#3590 = LINE('',#3591,#3592);
#3591 = CARTESIAN_POINT('',(-6.28318530718,0.));
#3592 = VECTOR('',#3593,1.);
#3593 = DIRECTION('',(-0.,-1.));
#3594 = ( GEOMETRIC_REPRESENTATION_CONTEXT(2) 
PARAMETRIC_REPRESENTATION_CONTEXT() REPRESENTATION_CONTEXT('2D SPACE',''
  ) );
#3595 = PCURVE('',#2127,#3596);
#3596 = DEFINITIONAL_REPRESENTATION('',(#3597),#3601);
#3597 = LINE('',#3598,#3599);
#3598 = CARTESIAN_POINT('',(-0.,0.));
#3599 = VECTOR('',#3600,1.);
#3600 = DIRECTION('',(-0.,-1.));
#3601 = ( GEOMETRIC_REPRESENTATION_CONTEXT(2) 
PARAMETRIC_REPRESENTATION_CONTEXT() REPRESENTATION_CONTEXT('2D SPACE',''
  ) );
#3602 = ORIENTED_EDGE('',*,*,#3603,.F.);
#3603 = EDGE_CURVE('',#1566,#3579,#3604,.T.);
#3604 = SURFACE_CURVE('',#3605,(#3610,#3617),.PCURVE_S1.);
#3605 = CIRCLE('',#3606,2.499995);
#3606 = AXIS2_PLACEMENT_3D('',#3607,#3608,#3609);
#3607 = CARTESIAN_POINT('',(-63.9396,-2.,-512.7388));
#3608 = DIRECTION('',(0.,0.,1.));
#3609 = DIRECTION('',(1.,0.,0.));
#3610 = PCURVE('',#537,#3611);
#3611 = DEFINITIONAL_REPRESENTATION('',(#3612),#3616);
#3612 = LINE('',#3613,#3614);
#3613 = CARTESIAN_POINT('',(-0.,0.));
#3614 = VECTOR('',#3615,1.);
#3615 = DIRECTION('',(-1.,0.));
#3616 = ( GEOMETRIC_REPRESENTATION_CONTEXT(2) 
PARAMETRIC_REPRESENTATION_CONTEXT() REPRESENTATION_CONTEXT('2D SPACE',''
  ) );
#3617 = PCURVE('',#1580,#3618);
#3618 = DEFINITIONAL_REPRESENTATION('',(#3619),#3623);
#3619 = CIRCLE('',#3620,2.499995);
#3620 = AXIS2_PLACEMENT_2D('',#3621,#3622);
#3621 = CARTESIAN_POINT('',(7.105427357601E-15,4.440892098501E-16));
#3622 = DIRECTION('',(1.,0.));
#3623 = ( GEOMETRIC_REPRESENTATION_CONTEXT(2) 
PARAMETRIC_REPRESENTATION_CONTEXT() REPRESENTATION_CONTEXT('2D SPACE',''
  ) );
#3624 = ORIENTED_EDGE('',*,*,#1591,.F.);
#3625 = ORIENTED_EDGE('',*,*,#3346,.F.);
#3626 = ORIENTED_EDGE('',*,*,#522,.F.);
#3627 = ORIENTED_EDGE('',*,*,#3628,.T.);
#3628 = EDGE_CURVE('',#523,#3581,#3629,.T.);
#3629 = SURFACE_CURVE('',#3630,(#3635,#3646),.PCURVE_S1.);
#3630 = ELLIPSE('',#3631,2.509546291616,2.499995);
#3631 = AXIS2_PLACEMENT_3D('',#3632,#3633,#3634);
#3632 = CARTESIAN_POINT('',(-63.9396,-2.,-404.8154940743));
#3633 = DIRECTION('',(-8.716353228437E-02,0.,0.996194016565));
#3634 = DIRECTION('',(-0.996194016565,0.,-8.716353228437E-02));
#3635 = PCURVE('',#537,#3636);
#3636 = DEFINITIONAL_REPRESENTATION('',(#3637),#3645);
#3637 = B_SPLINE_CURVE_WITH_KNOTS('',6,(#3638,#3639,#3640,#3641,#3642,
    #3643,#3644),.UNSPECIFIED.,.F.,.F.,(7,7),(1.854583578766,
    3.14159265359),.PIECEWISE_BEZIER_KNOTS.);
#3638 = CARTESIAN_POINT('',(-4.996176232356,-107.984551943));
#3639 = CARTESIAN_POINT('',(-5.210677744827,-108.0295954808));
#3640 = CARTESIAN_POINT('',(-5.425179257297,-108.0712565032));
#3641 = CARTESIAN_POINT('',(-5.639680769768,-108.1058115367));
#3642 = CARTESIAN_POINT('',(-5.854182282238,-108.1299702839));
#3643 = CARTESIAN_POINT('',(-6.068683794709,-108.1420468448));
#3644 = CARTESIAN_POINT('',(-6.28318530718,-108.1420468448));
#3645 = ( GEOMETRIC_REPRESENTATION_CONTEXT(2) 
PARAMETRIC_REPRESENTATION_CONTEXT() REPRESENTATION_CONTEXT('2D SPACE',''
  ) );
#3646 = PCURVE('',#564,#3647);
#3647 = DEFINITIONAL_REPRESENTATION('',(#3648),#3652);
#3648 = ELLIPSE('',#3649,2.509546291616,2.499995);
#3649 = AXIS2_PLACEMENT_2D('',#3650,#3651);
#3650 = CARTESIAN_POINT('',(18.102850239552,2.));
#3651 = DIRECTION('',(-1.,0.));
#3652 = ( GEOMETRIC_REPRESENTATION_CONTEXT(2) 
PARAMETRIC_REPRESENTATION_CONTEXT() REPRESENTATION_CONTEXT('2D SPACE',''
  ) );
#3653 = ADVANCED_FACE('',(#3654),#1580,.T.);
#3654 = FACE_BOUND('',#3655,.T.);
#3655 = EDGE_LOOP('',(#3656,#3657,#3679,#3680,#3681));
#3656 = ORIENTED_EDGE('',*,*,#3603,.T.);
#3657 = ORIENTED_EDGE('',*,*,#3658,.T.);
#3658 = EDGE_CURVE('',#3579,#2920,#3659,.T.);
#3659 = SURFACE_CURVE('',#3660,(#3665,#3672),.PCURVE_S1.);
#3660 = CIRCLE('',#3661,2.499995);
#3661 = AXIS2_PLACEMENT_3D('',#3662,#3663,#3664);
#3662 = CARTESIAN_POINT('',(-63.9396,-2.,-512.7388));
#3663 = DIRECTION('',(0.,0.,1.));
#3664 = DIRECTION('',(1.,0.,0.));
#3665 = PCURVE('',#1580,#3666);
#3666 = DEFINITIONAL_REPRESENTATION('',(#3667),#3671);
#3667 = CIRCLE('',#3668,2.499995);
#3668 = AXIS2_PLACEMENT_2D('',#3669,#3670);
#3669 = CARTESIAN_POINT('',(7.105427357601E-15,4.440892098501E-16));
#3670 = DIRECTION('',(1.,0.));
#3671 = ( GEOMETRIC_REPRESENTATION_CONTEXT(2) 
PARAMETRIC_REPRESENTATION_CONTEXT() REPRESENTATION_CONTEXT('2D SPACE',''
  ) );
#3672 = PCURVE('',#2127,#3673);
#3673 = DEFINITIONAL_REPRESENTATION('',(#3674),#3678);
#3674 = LINE('',#3675,#3676);
#3675 = CARTESIAN_POINT('',(-0.,0.));
#3676 = VECTOR('',#3677,1.);
#3677 = DIRECTION('',(-1.,0.));
#3678 = ( GEOMETRIC_REPRESENTATION_CONTEXT(2) 
PARAMETRIC_REPRESENTATION_CONTEXT() REPRESENTATION_CONTEXT('2D SPACE',''
  ) );
#3679 = ORIENTED_EDGE('',*,*,#2919,.F.);
#3680 = ORIENTED_EDGE('',*,*,#2033,.T.);
#3681 = ORIENTED_EDGE('',*,*,#1565,.T.);
#3682 = ADVANCED_FACE('',(#3683),#1512,.T.);
#3683 = FACE_BOUND('',#3684,.T.);
#3684 = EDGE_LOOP('',(#3685,#3706,#3707,#3708));
#3685 = ORIENTED_EDGE('',*,*,#3686,.T.);
#3686 = EDGE_CURVE('',#2852,#1464,#3687,.T.);
#3687 = SURFACE_CURVE('',#3688,(#3692,#3699),.PCURVE_S1.);
#3688 = LINE('',#3689,#3690);
#3689 = CARTESIAN_POINT('',(-80.48166684195,-4.,-406.2628677317));
#3690 = VECTOR('',#3691,1.);
#3691 = DIRECTION('',(-0.,-1.,-0.));
#3692 = PCURVE('',#1512,#3693);
#3693 = DEFINITIONAL_REPRESENTATION('',(#3694),#3698);
#3694 = LINE('',#3695,#3696);
#3695 = CARTESIAN_POINT('',(1.497584029472,0.));
#3696 = VECTOR('',#3697,1.);
#3697 = DIRECTION('',(0.,-1.));
#3698 = ( GEOMETRIC_REPRESENTATION_CONTEXT(2) 
PARAMETRIC_REPRESENTATION_CONTEXT() REPRESENTATION_CONTEXT('2D SPACE',''
  ) );
#3699 = PCURVE('',#1484,#3700);
#3700 = DEFINITIONAL_REPRESENTATION('',(#3701),#3705);
#3701 = LINE('',#3702,#3703);
#3702 = CARTESIAN_POINT('',(6.195911025286,0.));
#3703 = VECTOR('',#3704,1.);
#3704 = DIRECTION('',(0.,-1.));
#3705 = ( GEOMETRIC_REPRESENTATION_CONTEXT(2) 
PARAMETRIC_REPRESENTATION_CONTEXT() REPRESENTATION_CONTEXT('2D SPACE',''
  ) );
#3706 = ORIENTED_EDGE('',*,*,#1496,.T.);
#3707 = ORIENTED_EDGE('',*,*,#3314,.F.);
#3708 = ORIENTED_EDGE('',*,*,#2875,.F.);
#3709 = ADVANCED_FACE('',(#3710),#1484,.T.);
#3710 = FACE_BOUND('',#3711,.T.);
#3711 = EDGE_LOOP('',(#3712,#3713,#3714,#3715));
#3712 = ORIENTED_EDGE('',*,*,#1463,.F.);
#3713 = ORIENTED_EDGE('',*,*,#3686,.F.);
#3714 = ORIENTED_EDGE('',*,*,#2851,.F.);
#3715 = ORIENTED_EDGE('',*,*,#3716,.F.);
#3716 = EDGE_CURVE('',#1436,#2829,#3717,.T.);
#3717 = SURFACE_CURVE('',#3718,(#3722,#3729),.PCURVE_S1.);
#3718 = LINE('',#3719,#3720);
#3719 = CARTESIAN_POINT('',(-83.34277444695,-4.,-407.0000203879));
#3720 = VECTOR('',#3721,1.);
#3721 = DIRECTION('',(0.,1.,0.));
#3722 = PCURVE('',#1484,#3723);
#3723 = DEFINITIONAL_REPRESENTATION('',(#3724),#3728);
#3724 = LINE('',#3725,#3726);
#3725 = CARTESIAN_POINT('',(5.866136065191,0.));
#3726 = VECTOR('',#3727,1.);
#3727 = DIRECTION('',(0.,1.));
#3728 = ( GEOMETRIC_REPRESENTATION_CONTEXT(2) 
PARAMETRIC_REPRESENTATION_CONTEXT() REPRESENTATION_CONTEXT('2D SPACE',''
  ) );
#3729 = PCURVE('',#1451,#3730);
#3730 = DEFINITIONAL_REPRESENTATION('',(#3731),#3735);
#3731 = LINE('',#3732,#3733);
#3732 = CARTESIAN_POINT('',(9.194694647717,0.));
#3733 = VECTOR('',#3734,1.);
#3734 = DIRECTION('',(0.,1.));
#3735 = ( GEOMETRIC_REPRESENTATION_CONTEXT(2) 
PARAMETRIC_REPRESENTATION_CONTEXT() REPRESENTATION_CONTEXT('2D SPACE',''
  ) );
#3736 = ADVANCED_FACE('',(#3737),#1451,.T.);
#3737 = FACE_BOUND('',#3738,.T.);
#3738 = EDGE_LOOP('',(#3739,#3740,#3741,#3742));
#3739 = ORIENTED_EDGE('',*,*,#1435,.T.);
#3740 = ORIENTED_EDGE('',*,*,#3716,.T.);
#3741 = ORIENTED_EDGE('',*,*,#2828,.F.);
#3742 = ORIENTED_EDGE('',*,*,#3743,.T.);
#3743 = EDGE_CURVE('',#2805,#1403,#3744,.T.);
#3744 = SURFACE_CURVE('',#3745,(#3749,#3756),.PCURVE_S1.);
#3745 = LINE('',#3746,#3747);
#3746 = CARTESIAN_POINT('',(-88.57342658651,-4.,-409.3173979181));
#3747 = VECTOR('',#3748,1.);
#3748 = DIRECTION('',(-0.,-1.,-0.));
#3749 = PCURVE('',#1451,#3750);
#3750 = DEFINITIONAL_REPRESENTATION('',(#3751),#3755);
#3751 = LINE('',#3752,#3753);
#3752 = CARTESIAN_POINT('',(3.473684210526,0.));
#3753 = VECTOR('',#3754,1.);
#3754 = DIRECTION('',(0.,-1.));
#3755 = ( GEOMETRIC_REPRESENTATION_CONTEXT(2) 
PARAMETRIC_REPRESENTATION_CONTEXT() REPRESENTATION_CONTEXT('2D SPACE',''
  ) );
#3756 = PCURVE('',#1423,#3757);
#3757 = DEFINITIONAL_REPRESENTATION('',(#3758),#3762);
#3758 = LINE('',#3759,#3760);
#3759 = CARTESIAN_POINT('',(5.866136065191,0.));
#3760 = VECTOR('',#3761,1.);
#3761 = DIRECTION('',(0.,-1.));
#3762 = ( GEOMETRIC_REPRESENTATION_CONTEXT(2) 
PARAMETRIC_REPRESENTATION_CONTEXT() REPRESENTATION_CONTEXT('2D SPACE',''
  ) );
#3763 = ADVANCED_FACE('',(#3764),#1423,.T.);
#3764 = FACE_BOUND('',#3765,.T.);
#3765 = EDGE_LOOP('',(#3766,#3767,#3768,#3769));
#3766 = ORIENTED_EDGE('',*,*,#1402,.F.);
#3767 = ORIENTED_EDGE('',*,*,#3743,.F.);
#3768 = ORIENTED_EDGE('',*,*,#2804,.F.);
#3769 = ORIENTED_EDGE('',*,*,#3770,.F.);
#3770 = EDGE_CURVE('',#1375,#2782,#3771,.T.);
#3771 = SURFACE_CURVE('',#3772,(#3776,#3783),.PCURVE_S1.);
#3772 = LINE('',#3773,#3774);
#3773 = CARTESIAN_POINT('',(-93.15644068379,-4.,-413.9004120154));
#3774 = VECTOR('',#3775,1.);
#3775 = DIRECTION('',(0.,1.,0.));
#3776 = PCURVE('',#1423,#3777);
#3777 = DEFINITIONAL_REPRESENTATION('',(#3778),#3782);
#3778 = LINE('',#3779,#3780);
#3779 = CARTESIAN_POINT('',(5.129438222373,0.));
#3780 = VECTOR('',#3781,1.);
#3781 = DIRECTION('',(0.,1.));
#3782 = ( GEOMETRIC_REPRESENTATION_CONTEXT(2) 
PARAMETRIC_REPRESENTATION_CONTEXT() REPRESENTATION_CONTEXT('2D SPACE',''
  ) );
#3783 = PCURVE('',#1390,#3784);
#3784 = DEFINITIONAL_REPRESENTATION('',(#3785),#3789);
#3785 = LINE('',#3786,#3787);
#3786 = CARTESIAN_POINT('',(35.667552663162,0.));
#3787 = VECTOR('',#3788,1.);
#3788 = DIRECTION('',(0.,1.));
#3789 = ( GEOMETRIC_REPRESENTATION_CONTEXT(2) 
PARAMETRIC_REPRESENTATION_CONTEXT() REPRESENTATION_CONTEXT('2D SPACE',''
  ) );
#3790 = ADVANCED_FACE('',(#3791),#1390,.T.);
#3791 = FACE_BOUND('',#3792,.T.);
#3792 = EDGE_LOOP('',(#3793,#3794,#3795,#3796));
#3793 = ORIENTED_EDGE('',*,*,#1374,.T.);
#3794 = ORIENTED_EDGE('',*,*,#3770,.T.);
#3795 = ORIENTED_EDGE('',*,*,#2781,.F.);
#3796 = ORIENTED_EDGE('',*,*,#3797,.T.);
#3797 = EDGE_CURVE('',#2758,#1342,#3798,.T.);
#3798 = SURFACE_CURVE('',#3799,(#3803,#3810),.PCURVE_S1.);
#3799 = LINE('',#3800,#3801);
#3800 = CARTESIAN_POINT('',(-107.2770609338,-4.,-445.7726691512));
#3801 = VECTOR('',#3802,1.);
#3802 = DIRECTION('',(-0.,-1.,-0.));
#3803 = PCURVE('',#1390,#3804);
#3804 = DEFINITIONAL_REPRESENTATION('',(#3805),#3809);
#3805 = LINE('',#3806,#3807);
#3806 = CARTESIAN_POINT('',(0.807364895804,0.));
#3807 = VECTOR('',#3808,1.);
#3808 = DIRECTION('',(0.,-1.));
#3809 = ( GEOMETRIC_REPRESENTATION_CONTEXT(2) 
PARAMETRIC_REPRESENTATION_CONTEXT() REPRESENTATION_CONTEXT('2D SPACE',''
  ) );
#3810 = PCURVE('',#1362,#3811);
#3811 = DEFINITIONAL_REPRESENTATION('',(#3812),#3816);
#3812 = LINE('',#3813,#3814);
#3813 = CARTESIAN_POINT('',(5.129438222373,0.));
#3814 = VECTOR('',#3815,1.);
#3815 = DIRECTION('',(0.,-1.));
#3816 = ( GEOMETRIC_REPRESENTATION_CONTEXT(2) 
PARAMETRIC_REPRESENTATION_CONTEXT() REPRESENTATION_CONTEXT('2D SPACE',''
  ) );
#3817 = ADVANCED_FACE('',(#3818),#1362,.T.);
#3818 = FACE_BOUND('',#3819,.T.);
#3819 = EDGE_LOOP('',(#3820,#3821,#3822,#3823));
#3820 = ORIENTED_EDGE('',*,*,#1341,.F.);
#3821 = ORIENTED_EDGE('',*,*,#3797,.F.);
#3822 = ORIENTED_EDGE('',*,*,#2757,.F.);
#3823 = ORIENTED_EDGE('',*,*,#3824,.F.);
#3824 = EDGE_CURVE('',#1314,#2735,#3825,.T.);
#3825 = SURFACE_CURVE('',#3826,(#3830,#3837),.PCURVE_S1.);
#3826 = LINE('',#3827,#3828);
#3827 = CARTESIAN_POINT('',(-107.7945288908,-4.,-447.2954180978));
#3828 = VECTOR('',#3829,1.);
#3829 = DIRECTION('',(0.,1.,0.));
#3830 = PCURVE('',#1362,#3831);
#3831 = DEFINITIONAL_REPRESENTATION('',(#3832),#3836);
#3832 = LINE('',#3833,#3834);
#3833 = CARTESIAN_POINT('',(4.950502762795,0.));
#3834 = VECTOR('',#3835,1.);
#3835 = DIRECTION('',(0.,1.));
#3836 = ( GEOMETRIC_REPRESENTATION_CONTEXT(2) 
PARAMETRIC_REPRESENTATION_CONTEXT() REPRESENTATION_CONTEXT('2D SPACE',''
  ) );
#3837 = PCURVE('',#1329,#3838);
#3838 = DEFINITIONAL_REPRESENTATION('',(#3839),#3843);
#3839 = LINE('',#3840,#3841);
#3840 = CARTESIAN_POINT('',(23.199075375487,0.));
#3841 = VECTOR('',#3842,1.);
#3842 = DIRECTION('',(0.,1.));
#3843 = ( GEOMETRIC_REPRESENTATION_CONTEXT(2) 
PARAMETRIC_REPRESENTATION_CONTEXT() REPRESENTATION_CONTEXT('2D SPACE',''
  ) );
#3844 = ADVANCED_FACE('',(#3845),#1329,.T.);
#3845 = FACE_BOUND('',#3846,.T.);
#3846 = EDGE_LOOP('',(#3847,#3848,#3849,#3850));
#3847 = ORIENTED_EDGE('',*,*,#1313,.T.);
#3848 = ORIENTED_EDGE('',*,*,#3824,.T.);
#3849 = ORIENTED_EDGE('',*,*,#2734,.F.);
#3850 = ORIENTED_EDGE('',*,*,#3851,.T.);
#3851 = EDGE_CURVE('',#2711,#1281,#3852,.T.);
#3852 = SURFACE_CURVE('',#3853,(#3857,#3864),.PCURVE_S1.);
#3853 = LINE('',#3854,#3855);
#3854 = CARTESIAN_POINT('',(-113.0125574068,-4.,-468.7936955839));
#3855 = VECTOR('',#3856,1.);
#3856 = DIRECTION('',(-0.,-1.,-0.));
#3857 = PCURVE('',#1329,#3858);
#3858 = DEFINITIONAL_REPRESENTATION('',(#3859),#3863);
#3859 = LINE('',#3860,#3861);
#3860 = CARTESIAN_POINT('',(1.07660362244,0.));
#3861 = VECTOR('',#3862,1.);
#3862 = DIRECTION('',(0.,-1.));
#3863 = ( GEOMETRIC_REPRESENTATION_CONTEXT(2) 
PARAMETRIC_REPRESENTATION_CONTEXT() REPRESENTATION_CONTEXT('2D SPACE',''
  ) );
#3864 = PCURVE('',#1301,#3865);
#3865 = DEFINITIONAL_REPRESENTATION('',(#3866),#3870);
#3866 = LINE('',#3867,#3868);
#3867 = CARTESIAN_POINT('',(4.950502762795,0.));
#3868 = VECTOR('',#3869,1.);
#3869 = DIRECTION('',(0.,-1.));
#3870 = ( GEOMETRIC_REPRESENTATION_CONTEXT(2) 
PARAMETRIC_REPRESENTATION_CONTEXT() REPRESENTATION_CONTEXT('2D SPACE',''
  ) );
#3871 = ADVANCED_FACE('',(#3872),#1301,.T.);
#3872 = FACE_BOUND('',#3873,.T.);
#3873 = EDGE_LOOP('',(#3874,#3875,#3876,#3877));
#3874 = ORIENTED_EDGE('',*,*,#1280,.F.);
#3875 = ORIENTED_EDGE('',*,*,#3851,.F.);
#3876 = ORIENTED_EDGE('',*,*,#2710,.F.);
#3877 = ORIENTED_EDGE('',*,*,#3878,.F.);
#3878 = EDGE_CURVE('',#1253,#2688,#3879,.T.);
#3879 = SURFACE_CURVE('',#3880,(#3884,#3891),.PCURVE_S1.);
#3880 = LINE('',#3881,#3882);
#3881 = CARTESIAN_POINT('',(-113.266495957,-4.,-470.9165260329));
#3882 = VECTOR('',#3883,1.);
#3883 = DIRECTION('',(0.,1.,0.));
#3884 = PCURVE('',#1301,#3885);
#3885 = DEFINITIONAL_REPRESENTATION('',(#3886),#3890);
#3886 = LINE('',#3887,#3888);
#3887 = CARTESIAN_POINT('',(4.712388980385,0.));
#3888 = VECTOR('',#3889,1.);
#3889 = DIRECTION('',(0.,1.));
#3890 = ( GEOMETRIC_REPRESENTATION_CONTEXT(2) 
PARAMETRIC_REPRESENTATION_CONTEXT() REPRESENTATION_CONTEXT('2D SPACE',''
  ) );
#3891 = PCURVE('',#1268,#3892);
#3892 = DEFINITIONAL_REPRESENTATION('',(#3893),#3897);
#3893 = LINE('',#3894,#3895);
#3894 = CARTESIAN_POINT('',(-1.07660362244,0.));
#3895 = VECTOR('',#3896,1.);
#3896 = DIRECTION('',(0.,1.));
#3897 = ( GEOMETRIC_REPRESENTATION_CONTEXT(2) 
PARAMETRIC_REPRESENTATION_CONTEXT() REPRESENTATION_CONTEXT('2D SPACE',''
  ) );
#3898 = ADVANCED_FACE('',(#3899),#1268,.T.);
#3899 = FACE_BOUND('',#3900,.T.);
#3900 = EDGE_LOOP('',(#3901,#3902,#3903,#3904));
#3901 = ORIENTED_EDGE('',*,*,#1252,.T.);
#3902 = ORIENTED_EDGE('',*,*,#3878,.T.);
#3903 = ORIENTED_EDGE('',*,*,#2687,.F.);
#3904 = ORIENTED_EDGE('',*,*,#3905,.F.);
#3905 = EDGE_CURVE('',#1225,#2665,#3906,.T.);
#3906 = SURFACE_CURVE('',#3907,(#3911,#3918),.PCURVE_S1.);
#3907 = LINE('',#3908,#3909);
#3908 = CARTESIAN_POINT('',(-113.266495957,-4.,-589.8399224104));
#3909 = VECTOR('',#3910,1.);
#3910 = DIRECTION('',(0.,1.,0.));
#3911 = PCURVE('',#1268,#3912);
#3912 = DEFINITIONAL_REPRESENTATION('',(#3913),#3917);
#3913 = LINE('',#3914,#3915);
#3914 = CARTESIAN_POINT('',(-120.,0.));
#3915 = VECTOR('',#3916,1.);
#3916 = DIRECTION('',(0.,1.));
#3917 = ( GEOMETRIC_REPRESENTATION_CONTEXT(2) 
PARAMETRIC_REPRESENTATION_CONTEXT() REPRESENTATION_CONTEXT('2D SPACE',''
  ) );
#3918 = PCURVE('',#1240,#3919);
#3919 = DEFINITIONAL_REPRESENTATION('',(#3920),#3924);
#3920 = LINE('',#3921,#3922);
#3921 = CARTESIAN_POINT('',(89.718130998324,0.));
#3922 = VECTOR('',#3923,1.);
#3923 = DIRECTION('',(0.,1.));
#3924 = ( GEOMETRIC_REPRESENTATION_CONTEXT(2) 
PARAMETRIC_REPRESENTATION_CONTEXT() REPRESENTATION_CONTEXT('2D SPACE',''
  ) );
#3925 = ADVANCED_FACE('',(#3926),#1240,.T.);
#3926 = FACE_BOUND('',#3927,.T.);
#3927 = EDGE_LOOP('',(#3928,#3929,#3950,#3951));
#3928 = ORIENTED_EDGE('',*,*,#2664,.F.);
#3929 = ORIENTED_EDGE('',*,*,#3930,.T.);
#3930 = EDGE_CURVE('',#2641,#1192,#3931,.T.);
#3931 = SURFACE_CURVE('',#3932,(#3936,#3943),.PCURVE_S1.);
#3932 = LINE('',#3933,#3934);
#3933 = CARTESIAN_POINT('',(-117.4871600283,-4.,-669.9603701963));
#3934 = VECTOR('',#3935,1.);
#3935 = DIRECTION('',(-0.,-1.,-0.));
#3936 = PCURVE('',#1240,#3937);
#3937 = DEFINITIONAL_REPRESENTATION('',(#3938),#3942);
#3938 = LINE('',#3939,#3940);
#3939 = CARTESIAN_POINT('',(9.486590077046,0.));
#3940 = VECTOR('',#3941,1.);
#3941 = DIRECTION('',(0.,-1.));
#3942 = ( GEOMETRIC_REPRESENTATION_CONTEXT(2) 
PARAMETRIC_REPRESENTATION_CONTEXT() REPRESENTATION_CONTEXT('2D SPACE',''
  ) );
#3943 = PCURVE('',#1212,#3944);
#3944 = DEFINITIONAL_REPRESENTATION('',(#3945),#3949);
#3945 = LINE('',#3946,#3947);
#3946 = CARTESIAN_POINT('',(4.765019319516,0.));
#3947 = VECTOR('',#3948,1.);
#3948 = DIRECTION('',(0.,-1.));
#3949 = ( GEOMETRIC_REPRESENTATION_CONTEXT(2) 
PARAMETRIC_REPRESENTATION_CONTEXT() REPRESENTATION_CONTEXT('2D SPACE',''
  ) );
#3950 = ORIENTED_EDGE('',*,*,#1224,.T.);
#3951 = ORIENTED_EDGE('',*,*,#3905,.T.);
#3952 = ADVANCED_FACE('',(#3953),#1212,.T.);
#3953 = FACE_BOUND('',#3954,.T.);
#3954 = EDGE_LOOP('',(#3955,#3956,#3957,#3958));
#3955 = ORIENTED_EDGE('',*,*,#1191,.F.);
#3956 = ORIENTED_EDGE('',*,*,#3930,.F.);
#3957 = ORIENTED_EDGE('',*,*,#2640,.F.);
#3958 = ORIENTED_EDGE('',*,*,#3959,.F.);
#3959 = EDGE_CURVE('',#1164,#2618,#3960,.T.);
#3960 = SURFACE_CURVE('',#3961,(#3965,#3972),.PCURVE_S1.);
#3961 = LINE('',#3962,#3963);
#3962 = CARTESIAN_POINT('',(-108.499621938,-4.,-679.4338246034));
#3963 = VECTOR('',#3964,1.);
#3964 = DIRECTION('',(0.,1.,0.));
#3965 = PCURVE('',#1212,#3966);
#3966 = DEFINITIONAL_REPRESENTATION('',(#3967),#3971);
#3967 = LINE('',#3968,#3969);
#3968 = CARTESIAN_POINT('',(3.14159265359,0.));
#3969 = VECTOR('',#3970,1.);
#3970 = DIRECTION('',(0.,1.));
#3971 = ( GEOMETRIC_REPRESENTATION_CONTEXT(2) 
PARAMETRIC_REPRESENTATION_CONTEXT() REPRESENTATION_CONTEXT('2D SPACE',''
  ) );
#3972 = PCURVE('',#1179,#3973);
#3973 = DEFINITIONAL_REPRESENTATION('',(#3974),#3978);
#3974 = LINE('',#3975,#3976);
#3975 = CARTESIAN_POINT('',(-9.486590077046,0.));
#3976 = VECTOR('',#3977,1.);
#3977 = DIRECTION('',(0.,1.));
#3978 = ( GEOMETRIC_REPRESENTATION_CONTEXT(2) 
PARAMETRIC_REPRESENTATION_CONTEXT() REPRESENTATION_CONTEXT('2D SPACE',''
  ) );
#3979 = ADVANCED_FACE('',(#3980),#1179,.T.);
#3980 = FACE_BOUND('',#3981,.T.);
#3981 = EDGE_LOOP('',(#3982,#3983,#4004,#4005));
#3982 = ORIENTED_EDGE('',*,*,#2617,.F.);
#3983 = ORIENTED_EDGE('',*,*,#3984,.T.);
#3984 = EDGE_CURVE('',#2594,#1131,#3985,.T.);
#3985 = SURFACE_CURVE('',#3986,(#3990,#3997),.PCURVE_S1.);
#3986 = LINE('',#3987,#3988);
#3987 = CARTESIAN_POINT('',(-93.89165698475,-4.,-679.4338246034));
#3988 = VECTOR('',#3989,1.);
#3989 = DIRECTION('',(-0.,-1.,-0.));
#3990 = PCURVE('',#1179,#3991);
#3991 = DEFINITIONAL_REPRESENTATION('',(#3992),#3996);
#3992 = LINE('',#3993,#3994);
#3993 = CARTESIAN_POINT('',(-24.09455503035,0.));
#3994 = VECTOR('',#3995,1.);
#3995 = DIRECTION('',(0.,-1.));
#3996 = ( GEOMETRIC_REPRESENTATION_CONTEXT(2) 
PARAMETRIC_REPRESENTATION_CONTEXT() REPRESENTATION_CONTEXT('2D SPACE',''
  ) );
#3997 = PCURVE('',#1151,#3998);
#3998 = DEFINITIONAL_REPRESENTATION('',(#3999),#4003);
#3999 = LINE('',#4000,#4001);
#4000 = CARTESIAN_POINT('',(3.14159265359,0.));
#4001 = VECTOR('',#4002,1.);
#4002 = DIRECTION('',(0.,-1.));
#4003 = ( GEOMETRIC_REPRESENTATION_CONTEXT(2) 
PARAMETRIC_REPRESENTATION_CONTEXT() REPRESENTATION_CONTEXT('2D SPACE',''
  ) );
#4004 = ORIENTED_EDGE('',*,*,#1163,.T.);
#4005 = ORIENTED_EDGE('',*,*,#3959,.T.);
#4006 = ADVANCED_FACE('',(#4007),#1151,.T.);
#4007 = FACE_BOUND('',#4008,.T.);
#4008 = EDGE_LOOP('',(#4009,#4010,#4011,#4012));
#4009 = ORIENTED_EDGE('',*,*,#1130,.F.);
#4010 = ORIENTED_EDGE('',*,*,#3984,.F.);
#4011 = ORIENTED_EDGE('',*,*,#2593,.F.);
#4012 = ORIENTED_EDGE('',*,*,#4013,.F.);
#4013 = EDGE_CURVE('',#1098,#2566,#4014,.T.);
#4014 = SURFACE_CURVE('',#4015,(#4019,#4026),.PCURVE_S1.);
#4015 = LINE('',#4016,#4017);
#4016 = CARTESIAN_POINT('',(-92.10695092805,-4.,-679.2550957301));
#4017 = VECTOR('',#4018,1.);
#4018 = DIRECTION('',(0.,1.,0.));
#4019 = PCURVE('',#1151,#4020);
#4020 = DEFINITIONAL_REPRESENTATION('',(#4021),#4025);
#4021 = LINE('',#4022,#4023);
#4022 = CARTESIAN_POINT('',(2.941968795162,0.));
#4023 = VECTOR('',#4024,1.);
#4024 = DIRECTION('',(0.,1.));
#4025 = ( GEOMETRIC_REPRESENTATION_CONTEXT(2) 
PARAMETRIC_REPRESENTATION_CONTEXT() REPRESENTATION_CONTEXT('2D SPACE',''
  ) );
#4026 = PCURVE('',#1118,#4027);
#4027 = DEFINITIONAL_REPRESENTATION('',(#4028),#4032);
#4028 = LINE('',#4029,#4030);
#4029 = CARTESIAN_POINT('',(6.083561448752,0.));
#4030 = VECTOR('',#4031,1.);
#4031 = DIRECTION('',(0.,1.));
#4032 = ( GEOMETRIC_REPRESENTATION_CONTEXT(2) 
PARAMETRIC_REPRESENTATION_CONTEXT() REPRESENTATION_CONTEXT('2D SPACE',''
  ) );
#4033 = ADVANCED_FACE('',(#4034),#1118,.F.);
#4034 = FACE_BOUND('',#4035,.F.);
#4035 = EDGE_LOOP('',(#4036,#4037,#4038,#4039));
#4036 = ORIENTED_EDGE('',*,*,#2565,.T.);
#4037 = ORIENTED_EDGE('',*,*,#4013,.F.);
#4038 = ORIENTED_EDGE('',*,*,#1097,.F.);
#4039 = ORIENTED_EDGE('',*,*,#4040,.T.);
#4040 = EDGE_CURVE('',#1065,#2538,#4041,.T.);
#4041 = SURFACE_CURVE('',#4042,(#4046,#4053),.PCURVE_S1.);
#4042 = LINE('',#4043,#4044);
#4043 = CARTESIAN_POINT('',(5.060378825354,-4.,-669.5243015185));
#4044 = VECTOR('',#4045,1.);
#4045 = DIRECTION('',(0.,1.,0.));
#4046 = PCURVE('',#1118,#4047);
#4047 = DEFINITIONAL_REPRESENTATION('',(#4048),#4052);
#4048 = LINE('',#4049,#4050);
#4049 = CARTESIAN_POINT('',(6.28318530718,0.));
#4050 = VECTOR('',#4051,1.);
#4051 = DIRECTION('',(0.,1.));
#4052 = ( GEOMETRIC_REPRESENTATION_CONTEXT(2) 
PARAMETRIC_REPRESENTATION_CONTEXT() REPRESENTATION_CONTEXT('2D SPACE',''
  ) );
#4053 = PCURVE('',#1085,#4054);
#4054 = DEFINITIONAL_REPRESENTATION('',(#4055),#4059);
#4055 = LINE('',#4056,#4057);
#4056 = CARTESIAN_POINT('',(0.,0.));
#4057 = VECTOR('',#4058,1.);
#4058 = DIRECTION('',(0.,1.));
#4059 = ( GEOMETRIC_REPRESENTATION_CONTEXT(2) 
PARAMETRIC_REPRESENTATION_CONTEXT() REPRESENTATION_CONTEXT('2D SPACE',''
  ) );
#4060 = ADVANCED_FACE('',(#4061),#1085,.F.);
#4061 = FACE_BOUND('',#4062,.F.);
#4062 = EDGE_LOOP('',(#4063,#4084,#4085,#4086));
#4063 = ORIENTED_EDGE('',*,*,#4064,.F.);
#4064 = EDGE_CURVE('',#2514,#1032,#4065,.T.);
#4065 = SURFACE_CURVE('',#4066,(#4070,#4077),.PCURVE_S1.);
#4066 = LINE('',#4067,#4068);
#4067 = CARTESIAN_POINT('',(102.22770857876,-4.,-679.2550957301));
#4068 = VECTOR('',#4069,1.);
#4069 = DIRECTION('',(-0.,-1.,-0.));
#4070 = PCURVE('',#1085,#4071);
#4071 = DEFINITIONAL_REPRESENTATION('',(#4072),#4076);
#4072 = LINE('',#4073,#4074);
#4073 = CARTESIAN_POINT('',(0.199623858428,0.));
#4074 = VECTOR('',#4075,1.);
#4075 = DIRECTION('',(0.,-1.));
#4076 = ( GEOMETRIC_REPRESENTATION_CONTEXT(2) 
PARAMETRIC_REPRESENTATION_CONTEXT() REPRESENTATION_CONTEXT('2D SPACE',''
  ) );
#4077 = PCURVE('',#1052,#4078);
#4078 = DEFINITIONAL_REPRESENTATION('',(#4079),#4083);
#4079 = LINE('',#4080,#4081);
#4080 = CARTESIAN_POINT('',(3.341216512018,0.));
#4081 = VECTOR('',#4082,1.);
#4082 = DIRECTION('',(0.,-1.));
#4083 = ( GEOMETRIC_REPRESENTATION_CONTEXT(2) 
PARAMETRIC_REPRESENTATION_CONTEXT() REPRESENTATION_CONTEXT('2D SPACE',''
  ) );
#4084 = ORIENTED_EDGE('',*,*,#2537,.T.);
#4085 = ORIENTED_EDGE('',*,*,#4040,.F.);
#4086 = ORIENTED_EDGE('',*,*,#1064,.F.);
#4087 = ADVANCED_FACE('',(#4088),#1052,.T.);
#4088 = FACE_BOUND('',#4089,.T.);
#4089 = EDGE_LOOP('',(#4090,#4091,#4092,#4093));
#4090 = ORIENTED_EDGE('',*,*,#1031,.F.);
#4091 = ORIENTED_EDGE('',*,*,#4064,.F.);
#4092 = ORIENTED_EDGE('',*,*,#2513,.F.);
#4093 = ORIENTED_EDGE('',*,*,#4094,.F.);
#4094 = EDGE_CURVE('',#1004,#2491,#4095,.T.);
#4095 = SURFACE_CURVE('',#4096,(#4100,#4107),.PCURVE_S1.);
#4096 = LINE('',#4097,#4098);
#4097 = CARTESIAN_POINT('',(104.01241463546,-4.,-679.4338246034));
#4098 = VECTOR('',#4099,1.);
#4099 = DIRECTION('',(0.,1.,0.));
#4100 = PCURVE('',#1052,#4101);
#4101 = DEFINITIONAL_REPRESENTATION('',(#4102),#4106);
#4102 = LINE('',#4103,#4104);
#4103 = CARTESIAN_POINT('',(3.14159265359,0.));
#4104 = VECTOR('',#4105,1.);
#4105 = DIRECTION('',(0.,1.));
#4106 = ( GEOMETRIC_REPRESENTATION_CONTEXT(2) 
PARAMETRIC_REPRESENTATION_CONTEXT() REPRESENTATION_CONTEXT('2D SPACE',''
  ) );
#4107 = PCURVE('',#1019,#4108);
#4108 = DEFINITIONAL_REPRESENTATION('',(#4109),#4113);
#4109 = LINE('',#4110,#4111);
#4110 = CARTESIAN_POINT('',(24.094555030352,0.));
#4111 = VECTOR('',#4112,1.);
#4112 = DIRECTION('',(0.,1.));
#4113 = ( GEOMETRIC_REPRESENTATION_CONTEXT(2) 
PARAMETRIC_REPRESENTATION_CONTEXT() REPRESENTATION_CONTEXT('2D SPACE',''
  ) );
#4114 = ADVANCED_FACE('',(#4115),#1019,.T.);
#4115 = FACE_BOUND('',#4116,.T.);
#4116 = EDGE_LOOP('',(#4117,#4118,#4119,#4120));
#4117 = ORIENTED_EDGE('',*,*,#1003,.T.);
#4118 = ORIENTED_EDGE('',*,*,#4094,.T.);
#4119 = ORIENTED_EDGE('',*,*,#2490,.F.);
#4120 = ORIENTED_EDGE('',*,*,#4121,.T.);
#4121 = EDGE_CURVE('',#2467,#971,#4122,.T.);
#4122 = SURFACE_CURVE('',#4123,(#4127,#4134),.PCURVE_S1.);
#4123 = LINE('',#4124,#4125);
#4124 = CARTESIAN_POINT('',(118.62037958876,-4.,-679.4338246034));
#4125 = VECTOR('',#4126,1.);
#4126 = DIRECTION('',(-0.,-1.,-0.));
#4127 = PCURVE('',#1019,#4128);
#4128 = DEFINITIONAL_REPRESENTATION('',(#4129),#4133);
#4129 = LINE('',#4130,#4131);
#4130 = CARTESIAN_POINT('',(9.486590077046,0.));
#4131 = VECTOR('',#4132,1.);
#4132 = DIRECTION('',(0.,-1.));
#4133 = ( GEOMETRIC_REPRESENTATION_CONTEXT(2) 
PARAMETRIC_REPRESENTATION_CONTEXT() REPRESENTATION_CONTEXT('2D SPACE',''
  ) );
#4134 = PCURVE('',#991,#4135);
#4135 = DEFINITIONAL_REPRESENTATION('',(#4136),#4140);
#4136 = LINE('',#4137,#4138);
#4137 = CARTESIAN_POINT('',(3.14159265359,0.));
#4138 = VECTOR('',#4139,1.);
#4139 = DIRECTION('',(0.,-1.));
#4140 = ( GEOMETRIC_REPRESENTATION_CONTEXT(2) 
PARAMETRIC_REPRESENTATION_CONTEXT() REPRESENTATION_CONTEXT('2D SPACE',''
  ) );
#4141 = ADVANCED_FACE('',(#4142),#991,.T.);
#4142 = FACE_BOUND('',#4143,.T.);
#4143 = EDGE_LOOP('',(#4144,#4145,#4146,#4147));
#4144 = ORIENTED_EDGE('',*,*,#970,.F.);
#4145 = ORIENTED_EDGE('',*,*,#4121,.F.);
#4146 = ORIENTED_EDGE('',*,*,#2466,.F.);
#4147 = ORIENTED_EDGE('',*,*,#4148,.F.);
#4148 = EDGE_CURVE('',#943,#2444,#4149,.T.);
#4149 = SURFACE_CURVE('',#4150,(#4154,#4161),.PCURVE_S1.);
#4150 = LINE('',#4151,#4152);
#4151 = CARTESIAN_POINT('',(127.60791767905,-4.,-669.9603701963));
#4152 = VECTOR('',#4153,1.);
#4153 = DIRECTION('',(0.,1.,0.));
#4154 = PCURVE('',#991,#4155);
#4155 = DEFINITIONAL_REPRESENTATION('',(#4156),#4160);
#4156 = LINE('',#4157,#4158);
#4157 = CARTESIAN_POINT('',(1.518165987663,0.));
#4158 = VECTOR('',#4159,1.);
#4159 = DIRECTION('',(0.,1.));
#4160 = ( GEOMETRIC_REPRESENTATION_CONTEXT(2) 
PARAMETRIC_REPRESENTATION_CONTEXT() REPRESENTATION_CONTEXT('2D SPACE',''
  ) );
#4161 = PCURVE('',#958,#4162);
#4162 = DEFINITIONAL_REPRESENTATION('',(#4163),#4167);
#4163 = LINE('',#4164,#4165);
#4164 = CARTESIAN_POINT('',(-9.486590077046,0.));
#4165 = VECTOR('',#4166,1.);
#4166 = DIRECTION('',(0.,1.));
#4167 = ( GEOMETRIC_REPRESENTATION_CONTEXT(2) 
PARAMETRIC_REPRESENTATION_CONTEXT() REPRESENTATION_CONTEXT('2D SPACE',''
  ) );
#4168 = ADVANCED_FACE('',(#4169),#958,.T.);
#4169 = FACE_BOUND('',#4170,.T.);
#4170 = EDGE_LOOP('',(#4171,#4172,#4173,#4174));
#4171 = ORIENTED_EDGE('',*,*,#942,.T.);
#4172 = ORIENTED_EDGE('',*,*,#4148,.T.);
#4173 = ORIENTED_EDGE('',*,*,#2443,.F.);
#4174 = ORIENTED_EDGE('',*,*,#4175,.F.);
#4175 = EDGE_CURVE('',#915,#2421,#4176,.T.);
#4176 = SURFACE_CURVE('',#4177,(#4181,#4188),.PCURVE_S1.);
#4177 = LINE('',#4178,#4179);
#4178 = CARTESIAN_POINT('',(123.38725360773,-4.,-589.8399224104));
#4179 = VECTOR('',#4180,1.);
#4180 = DIRECTION('',(0.,1.,0.));
#4181 = PCURVE('',#958,#4182);
#4182 = DEFINITIONAL_REPRESENTATION('',(#4183),#4187);
#4183 = LINE('',#4184,#4185);
#4184 = CARTESIAN_POINT('',(-89.71813099832,0.));
#4185 = VECTOR('',#4186,1.);
#4186 = DIRECTION('',(0.,1.));
#4187 = ( GEOMETRIC_REPRESENTATION_CONTEXT(2) 
PARAMETRIC_REPRESENTATION_CONTEXT() REPRESENTATION_CONTEXT('2D SPACE',''
  ) );
#4188 = PCURVE('',#930,#4189);
#4189 = DEFINITIONAL_REPRESENTATION('',(#4190),#4194);
#4190 = LINE('',#4191,#4192);
#4191 = CARTESIAN_POINT('',(120.,0.));
#4192 = VECTOR('',#4193,1.);
#4193 = DIRECTION('',(0.,1.));
#4194 = ( GEOMETRIC_REPRESENTATION_CONTEXT(2) 
PARAMETRIC_REPRESENTATION_CONTEXT() REPRESENTATION_CONTEXT('2D SPACE',''
  ) );
#4195 = ADVANCED_FACE('',(#4196),#930,.T.);
#4196 = FACE_BOUND('',#4197,.T.);
#4197 = EDGE_LOOP('',(#4198,#4199,#4220,#4221));
#4198 = ORIENTED_EDGE('',*,*,#2420,.F.);
#4199 = ORIENTED_EDGE('',*,*,#4200,.T.);
#4200 = EDGE_CURVE('',#2397,#882,#4201,.T.);
#4201 = SURFACE_CURVE('',#4202,(#4206,#4213),.PCURVE_S1.);
#4202 = LINE('',#4203,#4204);
#4203 = CARTESIAN_POINT('',(123.38725360773,-4.,-470.9165260329));
#4204 = VECTOR('',#4205,1.);
#4205 = DIRECTION('',(-0.,-1.,-0.));
#4206 = PCURVE('',#930,#4207);
#4207 = DEFINITIONAL_REPRESENTATION('',(#4208),#4212);
#4208 = LINE('',#4209,#4210);
#4209 = CARTESIAN_POINT('',(1.07660362244,0.));
#4210 = VECTOR('',#4211,1.);
#4211 = DIRECTION('',(0.,-1.));
#4212 = ( GEOMETRIC_REPRESENTATION_CONTEXT(2) 
PARAMETRIC_REPRESENTATION_CONTEXT() REPRESENTATION_CONTEXT('2D SPACE',''
  ) );
#4213 = PCURVE('',#902,#4214);
#4214 = DEFINITIONAL_REPRESENTATION('',(#4215),#4219);
#4215 = LINE('',#4216,#4217);
#4216 = CARTESIAN_POINT('',(1.570796326795,0.));
#4217 = VECTOR('',#4218,1.);
#4218 = DIRECTION('',(0.,-1.));
#4219 = ( GEOMETRIC_REPRESENTATION_CONTEXT(2) 
PARAMETRIC_REPRESENTATION_CONTEXT() REPRESENTATION_CONTEXT('2D SPACE',''
  ) );
#4220 = ORIENTED_EDGE('',*,*,#914,.T.);
#4221 = ORIENTED_EDGE('',*,*,#4175,.T.);
#4222 = ADVANCED_FACE('',(#4223),#902,.T.);
#4223 = FACE_BOUND('',#4224,.T.);
#4224 = EDGE_LOOP('',(#4225,#4226,#4227,#4228));
#4225 = ORIENTED_EDGE('',*,*,#881,.F.);
#4226 = ORIENTED_EDGE('',*,*,#4200,.F.);
#4227 = ORIENTED_EDGE('',*,*,#2396,.F.);
#4228 = ORIENTED_EDGE('',*,*,#4229,.F.);
#4229 = EDGE_CURVE('',#854,#2374,#4230,.T.);
#4230 = SURFACE_CURVE('',#4231,(#4235,#4242),.PCURVE_S1.);
#4231 = LINE('',#4232,#4233);
#4232 = CARTESIAN_POINT('',(123.1333150576,-4.,-468.7936955839));
#4233 = VECTOR('',#4234,1.);
#4234 = DIRECTION('',(0.,1.,0.));
#4235 = PCURVE('',#902,#4236);
#4236 = DEFINITIONAL_REPRESENTATION('',(#4237),#4241);
#4237 = LINE('',#4238,#4239);
#4238 = CARTESIAN_POINT('',(1.332682544385,0.));
#4239 = VECTOR('',#4240,1.);
#4240 = DIRECTION('',(0.,1.));
#4241 = ( GEOMETRIC_REPRESENTATION_CONTEXT(2) 
PARAMETRIC_REPRESENTATION_CONTEXT() REPRESENTATION_CONTEXT('2D SPACE',''
  ) );
#4242 = PCURVE('',#869,#4243);
#4243 = DEFINITIONAL_REPRESENTATION('',(#4244),#4248);
#4244 = LINE('',#4245,#4246);
#4245 = CARTESIAN_POINT('',(-1.07660362244,0.));
#4246 = VECTOR('',#4247,1.);
#4247 = DIRECTION('',(0.,1.));
#4248 = ( GEOMETRIC_REPRESENTATION_CONTEXT(2) 
PARAMETRIC_REPRESENTATION_CONTEXT() REPRESENTATION_CONTEXT('2D SPACE',''
  ) );
#4249 = ADVANCED_FACE('',(#4250),#869,.T.);
#4250 = FACE_BOUND('',#4251,.T.);
#4251 = EDGE_LOOP('',(#4252,#4253,#4254,#4255));
#4252 = ORIENTED_EDGE('',*,*,#853,.T.);
#4253 = ORIENTED_EDGE('',*,*,#4229,.T.);
#4254 = ORIENTED_EDGE('',*,*,#2373,.F.);
#4255 = ORIENTED_EDGE('',*,*,#4256,.T.);
#4256 = EDGE_CURVE('',#2350,#821,#4257,.T.);
#4257 = SURFACE_CURVE('',#4258,(#4262,#4269),.PCURVE_S1.);
#4258 = LINE('',#4259,#4260);
#4259 = CARTESIAN_POINT('',(117.91528654155,-4.,-447.2954180978));
#4260 = VECTOR('',#4261,1.);
#4261 = DIRECTION('',(-0.,-1.,-0.));
#4262 = PCURVE('',#869,#4263);
#4263 = DEFINITIONAL_REPRESENTATION('',(#4264),#4268);
#4264 = LINE('',#4265,#4266);
#4265 = CARTESIAN_POINT('',(-23.19907537548,0.));
#4266 = VECTOR('',#4267,1.);
#4267 = DIRECTION('',(0.,-1.));
#4268 = ( GEOMETRIC_REPRESENTATION_CONTEXT(2) 
PARAMETRIC_REPRESENTATION_CONTEXT() REPRESENTATION_CONTEXT('2D SPACE',''
  ) );
#4269 = PCURVE('',#841,#4270);
#4270 = DEFINITIONAL_REPRESENTATION('',(#4271),#4275);
#4271 = LINE('',#4272,#4273);
#4272 = CARTESIAN_POINT('',(1.332682544385,0.));
#4273 = VECTOR('',#4274,1.);
#4274 = DIRECTION('',(0.,-1.));
#4275 = ( GEOMETRIC_REPRESENTATION_CONTEXT(2) 
PARAMETRIC_REPRESENTATION_CONTEXT() REPRESENTATION_CONTEXT('2D SPACE',''
  ) );
#4276 = ADVANCED_FACE('',(#4277),#841,.T.);
#4277 = FACE_BOUND('',#4278,.T.);
#4278 = EDGE_LOOP('',(#4279,#4280,#4281,#4282));
#4279 = ORIENTED_EDGE('',*,*,#820,.F.);
#4280 = ORIENTED_EDGE('',*,*,#4256,.F.);
#4281 = ORIENTED_EDGE('',*,*,#2349,.F.);
#4282 = ORIENTED_EDGE('',*,*,#4283,.F.);
#4283 = EDGE_CURVE('',#793,#2327,#4284,.T.);
#4284 = SURFACE_CURVE('',#4285,(#4289,#4296),.PCURVE_S1.);
#4285 = LINE('',#4286,#4287);
#4286 = CARTESIAN_POINT('',(117.39781858454,-4.,-445.7726691512));
#4287 = VECTOR('',#4288,1.);
#4288 = DIRECTION('',(0.,1.,0.));
#4289 = PCURVE('',#841,#4290);
#4290 = DEFINITIONAL_REPRESENTATION('',(#4291),#4295);
#4291 = LINE('',#4292,#4293);
#4292 = CARTESIAN_POINT('',(1.153747084806,0.));
#4293 = VECTOR('',#4294,1.);
#4294 = DIRECTION('',(0.,1.));
#4295 = ( GEOMETRIC_REPRESENTATION_CONTEXT(2) 
PARAMETRIC_REPRESENTATION_CONTEXT() REPRESENTATION_CONTEXT('2D SPACE',''
  ) );
#4296 = PCURVE('',#808,#4297);
#4297 = DEFINITIONAL_REPRESENTATION('',(#4298),#4302);
#4298 = LINE('',#4299,#4300);
#4299 = CARTESIAN_POINT('',(-0.807364895804,0.));
#4300 = VECTOR('',#4301,1.);
#4301 = DIRECTION('',(0.,1.));
#4302 = ( GEOMETRIC_REPRESENTATION_CONTEXT(2) 
PARAMETRIC_REPRESENTATION_CONTEXT() REPRESENTATION_CONTEXT('2D SPACE',''
  ) );
#4303 = ADVANCED_FACE('',(#4304),#808,.T.);
#4304 = FACE_BOUND('',#4305,.T.);
#4305 = EDGE_LOOP('',(#4306,#4307,#4308,#4309));
#4306 = ORIENTED_EDGE('',*,*,#792,.T.);
#4307 = ORIENTED_EDGE('',*,*,#4283,.T.);
#4308 = ORIENTED_EDGE('',*,*,#2326,.F.);
#4309 = ORIENTED_EDGE('',*,*,#4310,.T.);
#4310 = EDGE_CURVE('',#2303,#760,#4311,.T.);
#4311 = SURFACE_CURVE('',#4312,(#4316,#4323),.PCURVE_S1.);
#4312 = LINE('',#4313,#4314);
#4313 = CARTESIAN_POINT('',(103.2771983345,-4.,-413.9004120154));
#4314 = VECTOR('',#4315,1.);
#4315 = DIRECTION('',(-0.,-1.,-0.));
#4316 = PCURVE('',#808,#4317);
#4317 = DEFINITIONAL_REPRESENTATION('',(#4318),#4322);
#4318 = LINE('',#4319,#4320);
#4319 = CARTESIAN_POINT('',(-35.66755266316,0.));
#4320 = VECTOR('',#4321,1.);
#4321 = DIRECTION('',(0.,-1.));
#4322 = ( GEOMETRIC_REPRESENTATION_CONTEXT(2) 
PARAMETRIC_REPRESENTATION_CONTEXT() REPRESENTATION_CONTEXT('2D SPACE',''
  ) );
#4323 = PCURVE('',#780,#4324);
#4324 = DEFINITIONAL_REPRESENTATION('',(#4325),#4329);
#4325 = LINE('',#4326,#4327);
#4326 = CARTESIAN_POINT('',(1.153747084806,0.));
#4327 = VECTOR('',#4328,1.);
#4328 = DIRECTION('',(0.,-1.));
#4329 = ( GEOMETRIC_REPRESENTATION_CONTEXT(2) 
PARAMETRIC_REPRESENTATION_CONTEXT() REPRESENTATION_CONTEXT('2D SPACE',''
  ) );
#4330 = ADVANCED_FACE('',(#4331),#780,.T.);
#4331 = FACE_BOUND('',#4332,.T.);
#4332 = EDGE_LOOP('',(#4333,#4334,#4335,#4336));
#4333 = ORIENTED_EDGE('',*,*,#759,.F.);
#4334 = ORIENTED_EDGE('',*,*,#4310,.F.);
#4335 = ORIENTED_EDGE('',*,*,#2302,.F.);
#4336 = ORIENTED_EDGE('',*,*,#4337,.F.);
#4337 = EDGE_CURVE('',#732,#2280,#4338,.T.);
#4338 = SURFACE_CURVE('',#4339,(#4343,#4350),.PCURVE_S1.);
#4339 = LINE('',#4340,#4341);
#4340 = CARTESIAN_POINT('',(98.694184237225,-4.,-409.3173979181));
#4341 = VECTOR('',#4342,1.);
#4342 = DIRECTION('',(0.,1.,0.));
#4343 = PCURVE('',#780,#4344);
#4344 = DEFINITIONAL_REPRESENTATION('',(#4345),#4349);
#4345 = LINE('',#4346,#4347);
#4346 = CARTESIAN_POINT('',(0.417049241988,0.));
#4347 = VECTOR('',#4348,1.);
#4348 = DIRECTION('',(0.,1.));
#4349 = ( GEOMETRIC_REPRESENTATION_CONTEXT(2) 
PARAMETRIC_REPRESENTATION_CONTEXT() REPRESENTATION_CONTEXT('2D SPACE',''
  ) );
#4350 = PCURVE('',#747,#4351);
#4351 = DEFINITIONAL_REPRESENTATION('',(#4352),#4356);
#4352 = LINE('',#4353,#4354);
#4353 = CARTESIAN_POINT('',(-3.473684210526,0.));
#4354 = VECTOR('',#4355,1.);
#4355 = DIRECTION('',(0.,1.));
#4356 = ( GEOMETRIC_REPRESENTATION_CONTEXT(2) 
PARAMETRIC_REPRESENTATION_CONTEXT() REPRESENTATION_CONTEXT('2D SPACE',''
  ) );
#4357 = ADVANCED_FACE('',(#4358),#747,.T.);
#4358 = FACE_BOUND('',#4359,.T.);
#4359 = EDGE_LOOP('',(#4360,#4361,#4362,#4363));
#4360 = ORIENTED_EDGE('',*,*,#731,.T.);
#4361 = ORIENTED_EDGE('',*,*,#4337,.T.);
#4362 = ORIENTED_EDGE('',*,*,#2279,.F.);
#4363 = ORIENTED_EDGE('',*,*,#4364,.T.);
#4364 = EDGE_CURVE('',#2256,#699,#4365,.T.);
#4365 = SURFACE_CURVE('',#4366,(#4370,#4377),.PCURVE_S1.);
#4366 = LINE('',#4367,#4368);
#4367 = CARTESIAN_POINT('',(93.463532097668,-4.,-407.0000203879));
#4368 = VECTOR('',#4369,1.);
#4369 = DIRECTION('',(-0.,-1.,-0.));
#4370 = PCURVE('',#747,#4371);
#4371 = DEFINITIONAL_REPRESENTATION('',(#4372),#4376);
#4372 = LINE('',#4373,#4374);
#4373 = CARTESIAN_POINT('',(-9.194694647717,0.));
#4374 = VECTOR('',#4375,1.);
#4375 = DIRECTION('',(0.,-1.));
#4376 = ( GEOMETRIC_REPRESENTATION_CONTEXT(2) 
PARAMETRIC_REPRESENTATION_CONTEXT() REPRESENTATION_CONTEXT('2D SPACE',''
  ) );
#4377 = PCURVE('',#719,#4378);
#4378 = DEFINITIONAL_REPRESENTATION('',(#4379),#4383);
#4379 = LINE('',#4380,#4381);
#4380 = CARTESIAN_POINT('',(0.417049241988,0.));
#4381 = VECTOR('',#4382,1.);
#4382 = DIRECTION('',(0.,-1.));
#4383 = ( GEOMETRIC_REPRESENTATION_CONTEXT(2) 
PARAMETRIC_REPRESENTATION_CONTEXT() REPRESENTATION_CONTEXT('2D SPACE',''
  ) );
#4384 = ADVANCED_FACE('',(#4385),#719,.T.);
#4385 = FACE_BOUND('',#4386,.T.);
#4386 = EDGE_LOOP('',(#4387,#4388,#4389,#4390));
#4387 = ORIENTED_EDGE('',*,*,#698,.F.);
#4388 = ORIENTED_EDGE('',*,*,#4364,.F.);
#4389 = ORIENTED_EDGE('',*,*,#2255,.F.);
#4390 = ORIENTED_EDGE('',*,*,#4391,.F.);
#4391 = EDGE_CURVE('',#671,#2233,#4392,.T.);
#4392 = SURFACE_CURVE('',#4393,(#4397,#4404),.PCURVE_S1.);
#4393 = LINE('',#4394,#4395);
#4394 = CARTESIAN_POINT('',(90.60242449266,-4.,-406.2628677317));
#4395 = VECTOR('',#4396,1.);
#4396 = DIRECTION('',(0.,1.,0.));
#4397 = PCURVE('',#719,#4398);
#4398 = DEFINITIONAL_REPRESENTATION('',(#4399),#4403);
#4399 = LINE('',#4400,#4401);
#4400 = CARTESIAN_POINT('',(8.727428189387E-02,0.));
#4401 = VECTOR('',#4402,1.);
#4402 = DIRECTION('',(0.,1.));
#4403 = ( GEOMETRIC_REPRESENTATION_CONTEXT(2) 
PARAMETRIC_REPRESENTATION_CONTEXT() REPRESENTATION_CONTEXT('2D SPACE',''
  ) );
#4404 = PCURVE('',#686,#4405);
#4405 = DEFINITIONAL_REPRESENTATION('',(#4406),#4410);
#4406 = LINE('',#4407,#4408);
#4407 = CARTESIAN_POINT('',(-1.497584029472,0.));
#4408 = VECTOR('',#4409,1.);
#4409 = DIRECTION('',(0.,1.));
#4410 = ( GEOMETRIC_REPRESENTATION_CONTEXT(2) 
PARAMETRIC_REPRESENTATION_CONTEXT() REPRESENTATION_CONTEXT('2D SPACE',''
  ) );
#4411 = ADVANCED_FACE('',(#4412),#686,.T.);
#4412 = FACE_BOUND('',#4413,.T.);
#4413 = EDGE_LOOP('',(#4414,#4415,#4416,#4417));
#4414 = ORIENTED_EDGE('',*,*,#670,.T.);
#4415 = ORIENTED_EDGE('',*,*,#4391,.T.);
#4416 = ORIENTED_EDGE('',*,*,#2232,.F.);
#4417 = ORIENTED_EDGE('',*,*,#4418,.T.);
#4418 = EDGE_CURVE('',#2209,#638,#4419,.T.);
#4419 = SURFACE_CURVE('',#4420,(#4424,#4431),.PCURVE_S1.);
#4420 = LINE('',#4421,#4422);
#4421 = CARTESIAN_POINT('',(53.822939841098,-4.,-403.0447899833));
#4422 = VECTOR('',#4423,1.);
#4423 = DIRECTION('',(-0.,-1.,-0.));
#4424 = PCURVE('',#686,#4425);
#4425 = DEFINITIONAL_REPRESENTATION('',(#4426),#4430);
#4426 = LINE('',#4427,#4428);
#4427 = CARTESIAN_POINT('',(-38.41758559541,0.));
#4428 = VECTOR('',#4429,1.);
#4429 = DIRECTION('',(0.,-1.));
#4430 = ( GEOMETRIC_REPRESENTATION_CONTEXT(2) 
PARAMETRIC_REPRESENTATION_CONTEXT() REPRESENTATION_CONTEXT('2D SPACE',''
  ) );
#4431 = PCURVE('',#658,#4432);
#4432 = DEFINITIONAL_REPRESENTATION('',(#4433),#4437);
#4433 = LINE('',#4434,#4435);
#4434 = CARTESIAN_POINT('',(8.727428189387E-02,0.));
#4435 = VECTOR('',#4436,1.);
#4436 = DIRECTION('',(0.,-1.));
#4437 = ( GEOMETRIC_REPRESENTATION_CONTEXT(2) 
PARAMETRIC_REPRESENTATION_CONTEXT() REPRESENTATION_CONTEXT('2D SPACE',''
  ) );
#4438 = ADVANCED_FACE('',(#4439),#658,.T.);
#4439 = FACE_BOUND('',#4440,.T.);
#4440 = EDGE_LOOP('',(#4441,#4442,#4443,#4444));
#4441 = ORIENTED_EDGE('',*,*,#637,.F.);
#4442 = ORIENTED_EDGE('',*,*,#4418,.F.);
#4443 = ORIENTED_EDGE('',*,*,#2208,.F.);
#4444 = ORIENTED_EDGE('',*,*,#4445,.F.);
#4445 = EDGE_CURVE('',#610,#2186,#4446,.T.);
#4446 = SURFACE_CURVE('',#4447,(#4451,#4458),.PCURVE_S1.);
#4447 = LINE('',#4448,#4449);
#4448 = CARTESIAN_POINT('',(53.038468050539,-4.,-403.0105361324));
#4449 = VECTOR('',#4450,1.);
#4450 = DIRECTION('',(0.,1.,-0.));
#4451 = PCURVE('',#658,#4452);
#4452 = DEFINITIONAL_REPRESENTATION('',(#4453),#4457);
#4453 = LINE('',#4454,#4455);
#4454 = CARTESIAN_POINT('',(0.,0.));
#4455 = VECTOR('',#4456,1.);
#4456 = DIRECTION('',(0.,1.));
#4457 = ( GEOMETRIC_REPRESENTATION_CONTEXT(2) 
PARAMETRIC_REPRESENTATION_CONTEXT() REPRESENTATION_CONTEXT('2D SPACE',''
  ) );
#4458 = PCURVE('',#625,#4459);
#4459 = DEFINITIONAL_REPRESENTATION('',(#4460),#4464);
#4460 = LINE('',#4461,#4462);
#4461 = CARTESIAN_POINT('',(96.349162190449,0.));
#4462 = VECTOR('',#4463,1.);
#4463 = DIRECTION('',(0.,1.));
#4464 = ( GEOMETRIC_REPRESENTATION_CONTEXT(2) 
PARAMETRIC_REPRESENTATION_CONTEXT() REPRESENTATION_CONTEXT('2D SPACE',''
  ) );
#4465 = ADVANCED_FACE('',(#4466),#625,.T.);
#4466 = FACE_BOUND('',#4467,.T.);
#4467 = EDGE_LOOP('',(#4468,#4469,#4470,#4471));
#4468 = ORIENTED_EDGE('',*,*,#609,.T.);
#4469 = ORIENTED_EDGE('',*,*,#4445,.T.);
#4470 = ORIENTED_EDGE('',*,*,#2185,.F.);
#4471 = ORIENTED_EDGE('',*,*,#4472,.T.);
#4472 = EDGE_CURVE('',#2162,#577,#4473,.T.);
#4473 = SURFACE_CURVE('',#4474,(#4478,#4485),.PCURVE_S1.);
#4474 = LINE('',#4475,#4476);
#4475 = CARTESIAN_POINT('',(-42.91771039982,-4.,-403.0105361324));
#4476 = VECTOR('',#4477,1.);
#4477 = DIRECTION('',(-0.,-1.,0.));
#4478 = PCURVE('',#625,#4479);
#4479 = DEFINITIONAL_REPRESENTATION('',(#4480),#4484);
#4480 = LINE('',#4481,#4482);
#4481 = CARTESIAN_POINT('',(0.392983740082,0.));
#4482 = VECTOR('',#4483,1.);
#4483 = DIRECTION('',(-0.,-1.));
#4484 = ( GEOMETRIC_REPRESENTATION_CONTEXT(2) 
PARAMETRIC_REPRESENTATION_CONTEXT() REPRESENTATION_CONTEXT('2D SPACE',''
  ) );
#4485 = PCURVE('',#597,#4486);
#4486 = DEFINITIONAL_REPRESENTATION('',(#4487),#4491);
#4487 = LINE('',#4488,#4489);
#4488 = CARTESIAN_POINT('',(6.28318530718,0.));
#4489 = VECTOR('',#4490,1.);
#4490 = DIRECTION('',(0.,-1.));
#4491 = ( GEOMETRIC_REPRESENTATION_CONTEXT(2) 
PARAMETRIC_REPRESENTATION_CONTEXT() REPRESENTATION_CONTEXT('2D SPACE',''
  ) );
#4492 = ADVANCED_FACE('',(#4493),#597,.T.);
#4493 = FACE_BOUND('',#4494,.T.);
#4494 = EDGE_LOOP('',(#4495,#4496,#4497,#4498));
#4495 = ORIENTED_EDGE('',*,*,#576,.F.);
#4496 = ORIENTED_EDGE('',*,*,#4472,.F.);
#4497 = ORIENTED_EDGE('',*,*,#2161,.F.);
#4498 = ORIENTED_EDGE('',*,*,#4499,.F.);
#4499 = EDGE_CURVE('',#549,#2139,#4500,.T.);
#4500 = SURFACE_CURVE('',#4501,(#4505,#4512),.PCURVE_S1.);
#4501 = LINE('',#4502,#4503);
#4502 = CARTESIAN_POINT('',(-43.70218219038,-4.,-403.0447899833));
#4503 = VECTOR('',#4504,1.);
#4504 = DIRECTION('',(0.,1.,-0.));
#4505 = PCURVE('',#597,#4506);
#4506 = DEFINITIONAL_REPRESENTATION('',(#4507),#4511);
#4507 = LINE('',#4508,#4509);
#4508 = CARTESIAN_POINT('',(6.195911025286,0.));
#4509 = VECTOR('',#4510,1.);
#4510 = DIRECTION('',(0.,1.));
#4511 = ( GEOMETRIC_REPRESENTATION_CONTEXT(2) 
PARAMETRIC_REPRESENTATION_CONTEXT() REPRESENTATION_CONTEXT('2D SPACE',''
  ) );
#4512 = PCURVE('',#564,#4513);
#4513 = DEFINITIONAL_REPRESENTATION('',(#4514),#4518);
#4514 = LINE('',#4515,#4516);
#4515 = CARTESIAN_POINT('',(38.417585595418,0.));
#4516 = VECTOR('',#4517,1.);
#4517 = DIRECTION('',(0.,1.));
#4518 = ( GEOMETRIC_REPRESENTATION_CONTEXT(2) 
PARAMETRIC_REPRESENTATION_CONTEXT() REPRESENTATION_CONTEXT('2D SPACE',''
  ) );
#4519 = ADVANCED_FACE('',(#4520),#564,.T.);
#4520 = FACE_BOUND('',#4521,.T.);
#4521 = EDGE_LOOP('',(#4522,#4523,#4524,#4525,#4526));
#4522 = ORIENTED_EDGE('',*,*,#3628,.F.);
#4523 = ORIENTED_EDGE('',*,*,#548,.T.);
#4524 = ORIENTED_EDGE('',*,*,#4499,.T.);
#4525 = ORIENTED_EDGE('',*,*,#2138,.F.);
#4526 = ORIENTED_EDGE('',*,*,#4527,.F.);
#4527 = EDGE_CURVE('',#3581,#2113,#4528,.T.);
#4528 = SURFACE_CURVE('',#4529,(#4534,#4541),.PCURVE_S1.);
#4529 = ELLIPSE('',#4530,2.509546291616,2.499995);
#4530 = AXIS2_PLACEMENT_3D('',#4531,#4532,#4533);
#4531 = CARTESIAN_POINT('',(-63.9396,-2.,-404.8154940743));
#4532 = DIRECTION('',(-8.716353228437E-02,0.,0.996194016565));
#4533 = DIRECTION('',(-0.996194016565,0.,-8.716353228437E-02));
#4534 = PCURVE('',#564,#4535);
#4535 = DEFINITIONAL_REPRESENTATION('',(#4536),#4540);
#4536 = ELLIPSE('',#4537,2.509546291616,2.499995);
#4537 = AXIS2_PLACEMENT_2D('',#4538,#4539);
#4538 = CARTESIAN_POINT('',(18.102850239552,2.));
#4539 = DIRECTION('',(-1.,0.));
#4540 = ( GEOMETRIC_REPRESENTATION_CONTEXT(2) 
PARAMETRIC_REPRESENTATION_CONTEXT() REPRESENTATION_CONTEXT('2D SPACE',''
  ) );
#4541 = PCURVE('',#2127,#4542);
#4542 = DEFINITIONAL_REPRESENTATION('',(#4543),#4551);
#4543 = B_SPLINE_CURVE_WITH_KNOTS('',6,(#4544,#4545,#4546,#4547,#4548,
    #4549,#4550),.UNSPECIFIED.,.F.,.F.,(7,7),(3.14159265359,
    4.428601728413),.PIECEWISE_BEZIER_KNOTS.);
#4544 = CARTESIAN_POINT('',(0.,-108.1420468448));
#4545 = CARTESIAN_POINT('',(-0.214501512471,-108.1420468448));
#4546 = CARTESIAN_POINT('',(-0.429003024941,-108.1299702839));
#4547 = CARTESIAN_POINT('',(-0.643504537412,-108.1058115367));
#4548 = CARTESIAN_POINT('',(-0.858006049882,-108.0712565032));
#4549 = CARTESIAN_POINT('',(-1.072507562353,-108.0295954808));
#4550 = CARTESIAN_POINT('',(-1.287009074824,-107.984551943));
#4551 = ( GEOMETRIC_REPRESENTATION_CONTEXT(2) 
PARAMETRIC_REPRESENTATION_CONTEXT() REPRESENTATION_CONTEXT('2D SPACE',''
  ) );
#4552 = ADVANCED_FACE('',(#4553),#1631,.F.);
#4553 = FACE_BOUND('',#4554,.F.);
#4554 = EDGE_LOOP('',(#4555,#4556,#4577,#4578));
#4555 = ORIENTED_EDGE('',*,*,#2961,.F.);
#4556 = ORIENTED_EDGE('',*,*,#4557,.F.);
#4557 = EDGE_CURVE('',#1613,#2962,#4558,.T.);
#4558 = SURFACE_CURVE('',#4559,(#4563,#4570),.PCURVE_S1.);
#4559 = LINE('',#4560,#4561);
#4560 = CARTESIAN_POINT('',(-105.9396211746,-4.,-664.488844942));
#4561 = VECTOR('',#4562,1.);
#4562 = DIRECTION('',(0.,1.,0.));
#4563 = PCURVE('',#1631,#4564);
#4564 = DEFINITIONAL_REPRESENTATION('',(#4565),#4569);
#4565 = LINE('',#4566,#4567);
#4566 = CARTESIAN_POINT('',(0.,0.));
#4567 = VECTOR('',#4568,1.);
#4568 = DIRECTION('',(0.,1.));
#4569 = ( GEOMETRIC_REPRESENTATION_CONTEXT(2) 
PARAMETRIC_REPRESENTATION_CONTEXT() REPRESENTATION_CONTEXT('2D SPACE',''
  ) );
#4570 = PCURVE('',#1658,#4571);
#4571 = DEFINITIONAL_REPRESENTATION('',(#4572),#4576);
#4572 = LINE('',#4573,#4574);
#4573 = CARTESIAN_POINT('',(6.28318530718,0.));
#4574 = VECTOR('',#4575,1.);
#4575 = DIRECTION('',(0.,1.));
#4576 = ( GEOMETRIC_REPRESENTATION_CONTEXT(2) 
PARAMETRIC_REPRESENTATION_CONTEXT() REPRESENTATION_CONTEXT('2D SPACE',''
  ) );
#4577 = ORIENTED_EDGE('',*,*,#1612,.T.);
#4578 = ORIENTED_EDGE('',*,*,#4579,.T.);
#4579 = EDGE_CURVE('',#1615,#2964,#4580,.T.);
#4580 = SURFACE_CURVE('',#4581,(#4585,#4592),.PCURVE_S1.);
#4581 = LINE('',#4582,#4583);
#4582 = CARTESIAN_POINT('',(-105.9396211746,-4.,-670.988844942));
#4583 = VECTOR('',#4584,1.);
#4584 = DIRECTION('',(0.,1.,0.));
#4585 = PCURVE('',#1631,#4586);
#4586 = DEFINITIONAL_REPRESENTATION('',(#4587),#4591);
#4587 = LINE('',#4588,#4589);
#4588 = CARTESIAN_POINT('',(3.14159265359,0.));
#4589 = VECTOR('',#4590,1.);
#4590 = DIRECTION('',(0.,1.));
#4591 = ( GEOMETRIC_REPRESENTATION_CONTEXT(2) 
PARAMETRIC_REPRESENTATION_CONTEXT() REPRESENTATION_CONTEXT('2D SPACE',''
  ) );
#4592 = PCURVE('',#1658,#4593);
#4593 = DEFINITIONAL_REPRESENTATION('',(#4594),#4598);
#4594 = LINE('',#4595,#4596);
#4595 = CARTESIAN_POINT('',(3.14159265359,0.));
#4596 = VECTOR('',#4597,1.);
#4597 = DIRECTION('',(0.,1.));
#4598 = ( GEOMETRIC_REPRESENTATION_CONTEXT(2) 
PARAMETRIC_REPRESENTATION_CONTEXT() REPRESENTATION_CONTEXT('2D SPACE',''
  ) );
#4599 = ADVANCED_FACE('',(#4600),#1658,.F.);
#4600 = FACE_BOUND('',#4601,.F.);
#4601 = EDGE_LOOP('',(#4602,#4603,#4604,#4605));
#4602 = ORIENTED_EDGE('',*,*,#4557,.T.);
#4603 = ORIENTED_EDGE('',*,*,#2987,.F.);
#4604 = ORIENTED_EDGE('',*,*,#4579,.F.);
#4605 = ORIENTED_EDGE('',*,*,#1643,.T.);
#4606 = ADVANCED_FACE('',(#4607),#1691,.F.);
#4607 = FACE_BOUND('',#4608,.F.);
#4608 = EDGE_LOOP('',(#4609,#4610,#4631,#4632));
#4609 = ORIENTED_EDGE('',*,*,#3011,.F.);
#4610 = ORIENTED_EDGE('',*,*,#4611,.F.);
#4611 = EDGE_CURVE('',#1673,#3012,#4612,.T.);
#4612 = SURFACE_CURVE('',#4613,(#4617,#4624),.PCURVE_S1.);
#4613 = LINE('',#4614,#4615);
#4614 = CARTESIAN_POINT('',(-105.9396211746,-4.,-545.238844942));
#4615 = VECTOR('',#4616,1.);
#4616 = DIRECTION('',(0.,1.,0.));
#4617 = PCURVE('',#1691,#4618);
#4618 = DEFINITIONAL_REPRESENTATION('',(#4619),#4623);
#4619 = LINE('',#4620,#4621);
#4620 = CARTESIAN_POINT('',(0.,0.));
#4621 = VECTOR('',#4622,1.);
#4622 = DIRECTION('',(0.,1.));
#4623 = ( GEOMETRIC_REPRESENTATION_CONTEXT(2) 
PARAMETRIC_REPRESENTATION_CONTEXT() REPRESENTATION_CONTEXT('2D SPACE',''
  ) );
#4624 = PCURVE('',#1718,#4625);
#4625 = DEFINITIONAL_REPRESENTATION('',(#4626),#4630);
#4626 = LINE('',#4627,#4628);
#4627 = CARTESIAN_POINT('',(6.28318530718,0.));
#4628 = VECTOR('',#4629,1.);
#4629 = DIRECTION('',(0.,1.));
#4630 = ( GEOMETRIC_REPRESENTATION_CONTEXT(2) 
PARAMETRIC_REPRESENTATION_CONTEXT() REPRESENTATION_CONTEXT('2D SPACE',''
  ) );
#4631 = ORIENTED_EDGE('',*,*,#1672,.T.);
#4632 = ORIENTED_EDGE('',*,*,#4633,.T.);
#4633 = EDGE_CURVE('',#1675,#3014,#4634,.T.);
#4634 = SURFACE_CURVE('',#4635,(#4639,#4646),.PCURVE_S1.);
#4635 = LINE('',#4636,#4637);
#4636 = CARTESIAN_POINT('',(-105.9396211746,-4.,-550.238844942));
#4637 = VECTOR('',#4638,1.);
#4638 = DIRECTION('',(0.,1.,0.));
#4639 = PCURVE('',#1691,#4640);
#4640 = DEFINITIONAL_REPRESENTATION('',(#4641),#4645);
#4641 = LINE('',#4642,#4643);
#4642 = CARTESIAN_POINT('',(3.14159265359,0.));
#4643 = VECTOR('',#4644,1.);
#4644 = DIRECTION('',(0.,1.));
#4645 = ( GEOMETRIC_REPRESENTATION_CONTEXT(2) 
PARAMETRIC_REPRESENTATION_CONTEXT() REPRESENTATION_CONTEXT('2D SPACE',''
  ) );
#4646 = PCURVE('',#1718,#4647);
#4647 = DEFINITIONAL_REPRESENTATION('',(#4648),#4652);
#4648 = LINE('',#4649,#4650);
#4649 = CARTESIAN_POINT('',(3.14159265359,0.));
#4650 = VECTOR('',#4651,1.);
#4651 = DIRECTION('',(0.,1.));
#4652 = ( GEOMETRIC_REPRESENTATION_CONTEXT(2) 
PARAMETRIC_REPRESENTATION_CONTEXT() REPRESENTATION_CONTEXT('2D SPACE',''
  ) );
#4653 = ADVANCED_FACE('',(#4654),#1718,.F.);
#4654 = FACE_BOUND('',#4655,.F.);
#4655 = EDGE_LOOP('',(#4656,#4657,#4658,#4659));
#4656 = ORIENTED_EDGE('',*,*,#4611,.T.);
#4657 = ORIENTED_EDGE('',*,*,#3037,.F.);
#4658 = ORIENTED_EDGE('',*,*,#4633,.F.);
#4659 = ORIENTED_EDGE('',*,*,#1703,.T.);
#4660 = ADVANCED_FACE('',(#4661),#1751,.F.);
#4661 = FACE_BOUND('',#4662,.F.);
#4662 = EDGE_LOOP('',(#4663,#4664,#4685,#4686));
#4663 = ORIENTED_EDGE('',*,*,#3061,.F.);
#4664 = ORIENTED_EDGE('',*,*,#4665,.F.);
#4665 = EDGE_CURVE('',#1733,#3062,#4666,.T.);
#4666 = SURFACE_CURVE('',#4667,(#4671,#4678),.PCURVE_S1.);
#4667 = LINE('',#4668,#4669);
#4668 = CARTESIAN_POINT('',(-63.93962117464,-4.,-529.488844942));
#4669 = VECTOR('',#4670,1.);
#4670 = DIRECTION('',(0.,1.,0.));
#4671 = PCURVE('',#1751,#4672);
#4672 = DEFINITIONAL_REPRESENTATION('',(#4673),#4677);
#4673 = LINE('',#4674,#4675);
#4674 = CARTESIAN_POINT('',(0.,0.));
#4675 = VECTOR('',#4676,1.);
#4676 = DIRECTION('',(0.,1.));
#4677 = ( GEOMETRIC_REPRESENTATION_CONTEXT(2) 
PARAMETRIC_REPRESENTATION_CONTEXT() REPRESENTATION_CONTEXT('2D SPACE',''
  ) );
#4678 = PCURVE('',#1778,#4679);
#4679 = DEFINITIONAL_REPRESENTATION('',(#4680),#4684);
#4680 = LINE('',#4681,#4682);
#4681 = CARTESIAN_POINT('',(6.28318530718,0.));
#4682 = VECTOR('',#4683,1.);
#4683 = DIRECTION('',(0.,1.));
#4684 = ( GEOMETRIC_REPRESENTATION_CONTEXT(2) 
PARAMETRIC_REPRESENTATION_CONTEXT() REPRESENTATION_CONTEXT('2D SPACE',''
  ) );
#4685 = ORIENTED_EDGE('',*,*,#1732,.T.);
#4686 = ORIENTED_EDGE('',*,*,#4687,.T.);
#4687 = EDGE_CURVE('',#1735,#3064,#4688,.T.);
#4688 = SURFACE_CURVE('',#4689,(#4693,#4700),.PCURVE_S1.);
#4689 = LINE('',#4690,#4691);
#4690 = CARTESIAN_POINT('',(-63.93962117464,-4.,-535.988844942));
#4691 = VECTOR('',#4692,1.);
#4692 = DIRECTION('',(0.,1.,0.));
#4693 = PCURVE('',#1751,#4694);
#4694 = DEFINITIONAL_REPRESENTATION('',(#4695),#4699);
#4695 = LINE('',#4696,#4697);
#4696 = CARTESIAN_POINT('',(3.14159265359,0.));
#4697 = VECTOR('',#4698,1.);
#4698 = DIRECTION('',(0.,1.));
#4699 = ( GEOMETRIC_REPRESENTATION_CONTEXT(2) 
PARAMETRIC_REPRESENTATION_CONTEXT() REPRESENTATION_CONTEXT('2D SPACE',''
  ) );
#4700 = PCURVE('',#1778,#4701);
#4701 = DEFINITIONAL_REPRESENTATION('',(#4702),#4706);
#4702 = LINE('',#4703,#4704);
#4703 = CARTESIAN_POINT('',(3.14159265359,0.));
#4704 = VECTOR('',#4705,1.);
#4705 = DIRECTION('',(0.,1.));
#4706 = ( GEOMETRIC_REPRESENTATION_CONTEXT(2) 
PARAMETRIC_REPRESENTATION_CONTEXT() REPRESENTATION_CONTEXT('2D SPACE',''
  ) );
#4707 = ADVANCED_FACE('',(#4708),#1778,.F.);
#4708 = FACE_BOUND('',#4709,.F.);
#4709 = EDGE_LOOP('',(#4710,#4711,#4712,#4713));
#4710 = ORIENTED_EDGE('',*,*,#4665,.T.);
#4711 = ORIENTED_EDGE('',*,*,#3087,.F.);
#4712 = ORIENTED_EDGE('',*,*,#4687,.F.);
#4713 = ORIENTED_EDGE('',*,*,#1763,.T.);
#4714 = ADVANCED_FACE('',(#4715),#1811,.F.);
#4715 = FACE_BOUND('',#4716,.F.);
#4716 = EDGE_LOOP('',(#4717,#4718,#4739,#4740));
#4717 = ORIENTED_EDGE('',*,*,#3111,.F.);
#4718 = ORIENTED_EDGE('',*,*,#4719,.F.);
#4719 = EDGE_CURVE('',#1793,#3112,#4720,.T.);
#4720 = SURFACE_CURVE('',#4721,(#4725,#4732),.PCURVE_S1.);
#4721 = LINE('',#4722,#4723);
#4722 = CARTESIAN_POINT('',(116.06037882535,-4.,-664.488844942));
#4723 = VECTOR('',#4724,1.);
#4724 = DIRECTION('',(0.,1.,0.));
#4725 = PCURVE('',#1811,#4726);
#4726 = DEFINITIONAL_REPRESENTATION('',(#4727),#4731);
#4727 = LINE('',#4728,#4729);
#4728 = CARTESIAN_POINT('',(0.,0.));
#4729 = VECTOR('',#4730,1.);
#4730 = DIRECTION('',(0.,1.));
#4731 = ( GEOMETRIC_REPRESENTATION_CONTEXT(2) 
PARAMETRIC_REPRESENTATION_CONTEXT() REPRESENTATION_CONTEXT('2D SPACE',''
  ) );
#4732 = PCURVE('',#1838,#4733);
#4733 = DEFINITIONAL_REPRESENTATION('',(#4734),#4738);
#4734 = LINE('',#4735,#4736);
#4735 = CARTESIAN_POINT('',(6.28318530718,0.));
#4736 = VECTOR('',#4737,1.);
#4737 = DIRECTION('',(0.,1.));
#4738 = ( GEOMETRIC_REPRESENTATION_CONTEXT(2) 
PARAMETRIC_REPRESENTATION_CONTEXT() REPRESENTATION_CONTEXT('2D SPACE',''
  ) );
#4739 = ORIENTED_EDGE('',*,*,#1792,.T.);
#4740 = ORIENTED_EDGE('',*,*,#4741,.T.);
#4741 = EDGE_CURVE('',#1795,#3114,#4742,.T.);
#4742 = SURFACE_CURVE('',#4743,(#4747,#4754),.PCURVE_S1.);
#4743 = LINE('',#4744,#4745);
#4744 = CARTESIAN_POINT('',(116.06037882535,-4.,-670.988844942));
#4745 = VECTOR('',#4746,1.);
#4746 = DIRECTION('',(0.,1.,0.));
#4747 = PCURVE('',#1811,#4748);
#4748 = DEFINITIONAL_REPRESENTATION('',(#4749),#4753);
#4749 = LINE('',#4750,#4751);
#4750 = CARTESIAN_POINT('',(3.14159265359,0.));
#4751 = VECTOR('',#4752,1.);
#4752 = DIRECTION('',(0.,1.));
#4753 = ( GEOMETRIC_REPRESENTATION_CONTEXT(2) 
PARAMETRIC_REPRESENTATION_CONTEXT() REPRESENTATION_CONTEXT('2D SPACE',''
  ) );
#4754 = PCURVE('',#1838,#4755);
#4755 = DEFINITIONAL_REPRESENTATION('',(#4756),#4760);
#4756 = LINE('',#4757,#4758);
#4757 = CARTESIAN_POINT('',(3.14159265359,0.));
#4758 = VECTOR('',#4759,1.);
#4759 = DIRECTION('',(0.,1.));
#4760 = ( GEOMETRIC_REPRESENTATION_CONTEXT(2) 
PARAMETRIC_REPRESENTATION_CONTEXT() REPRESENTATION_CONTEXT('2D SPACE',''
  ) );
#4761 = ADVANCED_FACE('',(#4762),#1838,.F.);
#4762 = FACE_BOUND('',#4763,.F.);
#4763 = EDGE_LOOP('',(#4764,#4765,#4766,#4767));
#4764 = ORIENTED_EDGE('',*,*,#4719,.T.);
#4765 = ORIENTED_EDGE('',*,*,#3137,.F.);
#4766 = ORIENTED_EDGE('',*,*,#4741,.F.);
#4767 = ORIENTED_EDGE('',*,*,#1823,.T.);
#4768 = ADVANCED_FACE('',(#4769),#1871,.F.);
#4769 = FACE_BOUND('',#4770,.F.);
#4770 = EDGE_LOOP('',(#4771,#4772,#4793,#4794));
#4771 = ORIENTED_EDGE('',*,*,#3161,.F.);
#4772 = ORIENTED_EDGE('',*,*,#4773,.F.);
#4773 = EDGE_CURVE('',#1853,#3162,#4774,.T.);
#4774 = SURFACE_CURVE('',#4775,(#4779,#4786),.PCURVE_S1.);
#4775 = LINE('',#4776,#4777);
#4776 = CARTESIAN_POINT('',(116.06037882535,-4.,-545.238844942));
#4777 = VECTOR('',#4778,1.);
#4778 = DIRECTION('',(0.,1.,0.));
#4779 = PCURVE('',#1871,#4780);
#4780 = DEFINITIONAL_REPRESENTATION('',(#4781),#4785);
#4781 = LINE('',#4782,#4783);
#4782 = CARTESIAN_POINT('',(0.,0.));
#4783 = VECTOR('',#4784,1.);
#4784 = DIRECTION('',(0.,1.));
#4785 = ( GEOMETRIC_REPRESENTATION_CONTEXT(2) 
PARAMETRIC_REPRESENTATION_CONTEXT() REPRESENTATION_CONTEXT('2D SPACE',''
  ) );
#4786 = PCURVE('',#1898,#4787);
#4787 = DEFINITIONAL_REPRESENTATION('',(#4788),#4792);
#4788 = LINE('',#4789,#4790);
#4789 = CARTESIAN_POINT('',(6.28318530718,0.));
#4790 = VECTOR('',#4791,1.);
#4791 = DIRECTION('',(0.,1.));
#4792 = ( GEOMETRIC_REPRESENTATION_CONTEXT(2) 
PARAMETRIC_REPRESENTATION_CONTEXT() REPRESENTATION_CONTEXT('2D SPACE',''
  ) );
#4793 = ORIENTED_EDGE('',*,*,#1852,.T.);
#4794 = ORIENTED_EDGE('',*,*,#4795,.T.);
#4795 = EDGE_CURVE('',#1855,#3164,#4796,.T.);
#4796 = SURFACE_CURVE('',#4797,(#4801,#4808),.PCURVE_S1.);
#4797 = LINE('',#4798,#4799);
#4798 = CARTESIAN_POINT('',(116.06037882535,-4.,-550.238844942));
#4799 = VECTOR('',#4800,1.);
#4800 = DIRECTION('',(0.,1.,0.));
#4801 = PCURVE('',#1871,#4802);
#4802 = DEFINITIONAL_REPRESENTATION('',(#4803),#4807);
#4803 = LINE('',#4804,#4805);
#4804 = CARTESIAN_POINT('',(3.14159265359,0.));
#4805 = VECTOR('',#4806,1.);
#4806 = DIRECTION('',(0.,1.));
#4807 = ( GEOMETRIC_REPRESENTATION_CONTEXT(2) 
PARAMETRIC_REPRESENTATION_CONTEXT() REPRESENTATION_CONTEXT('2D SPACE',''
  ) );
#4808 = PCURVE('',#1898,#4809);
#4809 = DEFINITIONAL_REPRESENTATION('',(#4810),#4814);
#4810 = LINE('',#4811,#4812);
#4811 = CARTESIAN_POINT('',(3.14159265359,0.));
#4812 = VECTOR('',#4813,1.);
#4813 = DIRECTION('',(0.,1.));
#4814 = ( GEOMETRIC_REPRESENTATION_CONTEXT(2) 
PARAMETRIC_REPRESENTATION_CONTEXT() REPRESENTATION_CONTEXT('2D SPACE',''
  ) );
#4815 = ADVANCED_FACE('',(#4816),#1898,.F.);
#4816 = FACE_BOUND('',#4817,.F.);
#4817 = EDGE_LOOP('',(#4818,#4819,#4820,#4821));
#4818 = ORIENTED_EDGE('',*,*,#4773,.T.);
#4819 = ORIENTED_EDGE('',*,*,#3187,.F.);
#4820 = ORIENTED_EDGE('',*,*,#4795,.F.);
#4821 = ORIENTED_EDGE('',*,*,#1883,.T.);
#4822 = ADVANCED_FACE('',(#4823),#1931,.F.);
#4823 = FACE_BOUND('',#4824,.F.);
#4824 = EDGE_LOOP('',(#4825,#4826,#4847,#4848));
#4825 = ORIENTED_EDGE('',*,*,#3211,.F.);
#4826 = ORIENTED_EDGE('',*,*,#4827,.F.);
#4827 = EDGE_CURVE('',#1913,#3212,#4828,.T.);
#4828 = SURFACE_CURVE('',#4829,(#4833,#4840),.PCURVE_S1.);
#4829 = LINE('',#4830,#4831);
#4830 = CARTESIAN_POINT('',(74.060378825354,-4.,-529.488844942));
#4831 = VECTOR('',#4832,1.);
#4832 = DIRECTION('',(0.,1.,0.));
#4833 = PCURVE('',#1931,#4834);
#4834 = DEFINITIONAL_REPRESENTATION('',(#4835),#4839);
#4835 = LINE('',#4836,#4837);
#4836 = CARTESIAN_POINT('',(0.,0.));
#4837 = VECTOR('',#4838,1.);
#4838 = DIRECTION('',(0.,1.));
#4839 = ( GEOMETRIC_REPRESENTATION_CONTEXT(2) 
PARAMETRIC_REPRESENTATION_CONTEXT() REPRESENTATION_CONTEXT('2D SPACE',''
  ) );
#4840 = PCURVE('',#1958,#4841);
#4841 = DEFINITIONAL_REPRESENTATION('',(#4842),#4846);
#4842 = LINE('',#4843,#4844);
#4843 = CARTESIAN_POINT('',(6.28318530718,0.));
#4844 = VECTOR('',#4845,1.);
#4845 = DIRECTION('',(0.,1.));
#4846 = ( GEOMETRIC_REPRESENTATION_CONTEXT(2) 
PARAMETRIC_REPRESENTATION_CONTEXT() REPRESENTATION_CONTEXT('2D SPACE',''
  ) );
#4847 = ORIENTED_EDGE('',*,*,#1912,.T.);
#4848 = ORIENTED_EDGE('',*,*,#4849,.T.);
#4849 = EDGE_CURVE('',#1915,#3214,#4850,.T.);
#4850 = SURFACE_CURVE('',#4851,(#4855,#4862),.PCURVE_S1.);
#4851 = LINE('',#4852,#4853);
#4852 = CARTESIAN_POINT('',(74.060378825354,-4.,-535.988844942));
#4853 = VECTOR('',#4854,1.);
#4854 = DIRECTION('',(0.,1.,0.));
#4855 = PCURVE('',#1931,#4856);
#4856 = DEFINITIONAL_REPRESENTATION('',(#4857),#4861);
#4857 = LINE('',#4858,#4859);
#4858 = CARTESIAN_POINT('',(3.14159265359,0.));
#4859 = VECTOR('',#4860,1.);
#4860 = DIRECTION('',(0.,1.));
#4861 = ( GEOMETRIC_REPRESENTATION_CONTEXT(2) 
PARAMETRIC_REPRESENTATION_CONTEXT() REPRESENTATION_CONTEXT('2D SPACE',''
  ) );
#4862 = PCURVE('',#1958,#4863);
#4863 = DEFINITIONAL_REPRESENTATION('',(#4864),#4868);
#4864 = LINE('',#4865,#4866);
#4865 = CARTESIAN_POINT('',(3.14159265359,0.));
#4866 = VECTOR('',#4867,1.);
#4867 = DIRECTION('',(0.,1.));
#4868 = ( GEOMETRIC_REPRESENTATION_CONTEXT(2) 
PARAMETRIC_REPRESENTATION_CONTEXT() REPRESENTATION_CONTEXT('2D SPACE',''
  ) );
#4869 = ADVANCED_FACE('',(#4870),#1958,.F.);
#4870 = FACE_BOUND('',#4871,.F.);
#4871 = EDGE_LOOP('',(#4872,#4873,#4874,#4875));
#4872 = ORIENTED_EDGE('',*,*,#4827,.T.);
#4873 = ORIENTED_EDGE('',*,*,#3237,.F.);
#4874 = ORIENTED_EDGE('',*,*,#4849,.F.);
#4875 = ORIENTED_EDGE('',*,*,#1943,.T.);
#4876 = ADVANCED_FACE('',(#4877),#1991,.F.);
#4877 = FACE_BOUND('',#4878,.F.);
#4878 = EDGE_LOOP('',(#4879,#4880,#4901,#4902));
#4879 = ORIENTED_EDGE('',*,*,#3261,.F.);
#4880 = ORIENTED_EDGE('',*,*,#4881,.F.);
#4881 = EDGE_CURVE('',#1973,#3262,#4882,.T.);
#4882 = SURFACE_CURVE('',#4883,(#4887,#4894),.PCURVE_S1.);
#4883 = LINE('',#4884,#4885);
#4884 = CARTESIAN_POINT('',(74.060378825355,-4.,-410.238844942));
#4885 = VECTOR('',#4886,1.);
#4886 = DIRECTION('',(0.,1.,0.));
#4887 = PCURVE('',#1991,#4888);
#4888 = DEFINITIONAL_REPRESENTATION('',(#4889),#4893);
#4889 = LINE('',#4890,#4891);
#4890 = CARTESIAN_POINT('',(0.,0.));
#4891 = VECTOR('',#4892,1.);
#4892 = DIRECTION('',(0.,1.));
#4893 = ( GEOMETRIC_REPRESENTATION_CONTEXT(2) 
PARAMETRIC_REPRESENTATION_CONTEXT() REPRESENTATION_CONTEXT('2D SPACE',''
  ) );
#4894 = PCURVE('',#2018,#4895);
#4895 = DEFINITIONAL_REPRESENTATION('',(#4896),#4900);
#4896 = LINE('',#4897,#4898);
#4897 = CARTESIAN_POINT('',(6.28318530718,0.));
#4898 = VECTOR('',#4899,1.);
#4899 = DIRECTION('',(0.,1.));
#4900 = ( GEOMETRIC_REPRESENTATION_CONTEXT(2) 
PARAMETRIC_REPRESENTATION_CONTEXT() REPRESENTATION_CONTEXT('2D SPACE',''
  ) );
#4901 = ORIENTED_EDGE('',*,*,#1972,.T.);
#4902 = ORIENTED_EDGE('',*,*,#4903,.T.);
#4903 = EDGE_CURVE('',#1975,#3264,#4904,.T.);
#4904 = SURFACE_CURVE('',#4905,(#4909,#4916),.PCURVE_S1.);
#4905 = LINE('',#4906,#4907);
#4906 = CARTESIAN_POINT('',(74.060378825355,-4.,-415.238844942));
#4907 = VECTOR('',#4908,1.);
#4908 = DIRECTION('',(0.,1.,0.));
#4909 = PCURVE('',#1991,#4910);
#4910 = DEFINITIONAL_REPRESENTATION('',(#4911),#4915);
#4911 = LINE('',#4912,#4913);
#4912 = CARTESIAN_POINT('',(3.14159265359,0.));
#4913 = VECTOR('',#4914,1.);
#4914 = DIRECTION('',(0.,1.));
#4915 = ( GEOMETRIC_REPRESENTATION_CONTEXT(2) 
PARAMETRIC_REPRESENTATION_CONTEXT() REPRESENTATION_CONTEXT('2D SPACE',''
  ) );
#4916 = PCURVE('',#2018,#4917);
#4917 = DEFINITIONAL_REPRESENTATION('',(#4918),#4922);
#4918 = LINE('',#4919,#4920);
#4919 = CARTESIAN_POINT('',(3.14159265359,0.));
#4920 = VECTOR('',#4921,1.);
#4921 = DIRECTION('',(0.,1.));
#4922 = ( GEOMETRIC_REPRESENTATION_CONTEXT(2) 
PARAMETRIC_REPRESENTATION_CONTEXT() REPRESENTATION_CONTEXT('2D SPACE',''
  ) );
#4923 = ADVANCED_FACE('',(#4924),#2018,.F.);
#4924 = FACE_BOUND('',#4925,.F.);
#4925 = EDGE_LOOP('',(#4926,#4927,#4928,#4929));
#4926 = ORIENTED_EDGE('',*,*,#4881,.T.);
#4927 = ORIENTED_EDGE('',*,*,#3287,.F.);
#4928 = ORIENTED_EDGE('',*,*,#4903,.F.);
#4929 = ORIENTED_EDGE('',*,*,#2003,.T.);
#4930 = ADVANCED_FACE('',(#4931),#2100,.F.);
#4931 = FACE_BOUND('',#4932,.F.);
#4932 = EDGE_LOOP('',(#4933,#4934));
#4933 = ORIENTED_EDGE('',*,*,#2081,.F.);
#4934 = ORIENTED_EDGE('',*,*,#4935,.F.);
#4935 = EDGE_CURVE('',#2084,#2082,#4936,.T.);
#4936 = SURFACE_CURVE('',#4937,(#4996,#5058),.PCURVE_S1.);
#4937 = B_SPLINE_CURVE_WITH_KNOTS('',8,(#4938,#4939,#4940,#4941,#4942,
    #4943,#4944,#4945,#4946,#4947,#4948,#4949,#4950,#4951,#4952,#4953,
    #4954,#4955,#4956,#4957,#4958,#4959,#4960,#4961,#4962,#4963,#4964,
    #4965,#4966,#4967,#4968,#4969,#4970,#4971,#4972,#4973,#4974,#4975,
    #4976,#4977,#4978,#4979,#4980,#4981,#4982,#4983,#4984,#4985,#4986,
    #4987,#4988,#4989,#4990,#4991,#4992,#4993,#4994,#4995),
  .UNSPECIFIED.,.F.,.F.,(9,7,7,7,7,7,7,7,9),(0.,0.314813989524,
    0.460166307076,0.606426303323,0.637727868243,0.655682471572,
    0.676019197038,0.752662304461,1.),.UNSPECIFIED.);
#4938 = CARTESIAN_POINT('',(-62.43960913335,5.999999996842E-07,
    -414.738835911));
#4939 = CARTESIAN_POINT('',(-62.30402992119,-0.10168315947,
    -414.6371502265));
#4940 = CARTESIAN_POINT('',(-62.18217939949,-0.20948202976,
    -414.5293493189));
#4941 = CARTESIAN_POINT('',(-62.07312344011,-0.321620718539,
    -414.4172084524));
#4942 = CARTESIAN_POINT('',(-61.97585867835,-0.436825896645,
    -414.3020008721));
#4943 = CARTESIAN_POINT('',(-61.88938883702,-0.554264804641,
    -414.1845592602));
#4944 = CARTESIAN_POINT('',(-61.81279589695,-0.673485482502,
    -414.0653354847));
#4945 = CARTESIAN_POINT('',(-61.74530611408,-0.794358622415,
    -413.9444586407));
#4946 = CARTESIAN_POINT('',(-61.65913074771,-0.973655336545,
    -413.7651548584));
#4947 = CARTESIAN_POINT('',(-61.63377767643,-1.030571580211,
    -413.7082361531));
#4948 = CARTESIAN_POINT('',(-61.61024734988,-1.087733626034,
    -413.6510713357));
#4949 = CARTESIAN_POINT('',(-61.58849918332,-1.145110349068,
    -413.5936914769));
#4950 = CARTESIAN_POINT('',(-61.56849641457,-1.202675562734,
    -413.5361226875));
#4951 = CARTESIAN_POINT('',(-61.55020619172,-1.260407932456,
    -413.4783861564));
#4952 = CARTESIAN_POINT('',(-61.5335996609,-1.318290889307,
    -413.4204981887));
#4953 = CARTESIAN_POINT('',(-61.50361110425,-1.434696524639,
    -413.3040799335));
#4954 = CARTESIAN_POINT('',(-61.49025130898,-1.493215136718,
    -413.2455529149));
#4955 = CARTESIAN_POINT('',(-61.47854994516,-1.551847774474,
    -413.1869149318));
#4956 = CARTESIAN_POINT('',(-61.46848686422,-1.610566366086,
    -413.1281738281));
#4957 = CARTESIAN_POINT('',(-61.46004659941,-1.669372465699,
    -413.0693685808));
#4958 = CARTESIAN_POINT('',(-61.45321573147,-1.728217419591,
    -413.0104811972));
#4959 = CARTESIAN_POINT('',(-61.44798583713,-1.787125848333,
    -412.9515578612));
#4960 = CARTESIAN_POINT('',(-61.44357380334,-1.858622187429,
    -412.8799389728));
#4961 = CARTESIAN_POINT('',(-61.44287746076,-1.871081901397,
    -412.8674529613));
#4962 = CARTESIAN_POINT('',(-61.4422543255,-1.883518638182,
    -412.854987638));
#4963 = CARTESIAN_POINT('',(-61.44169951783,-1.895965003469,
    -412.8425032269));
#4964 = CARTESIAN_POINT('',(-61.44121215614,-1.908474819412,
    -412.8299427593));
#4965 = CARTESIAN_POINT('',(-61.44079488766,-1.921106295211,
    -412.817247737));
#4966 = CARTESIAN_POINT('',(-61.44045230089,-1.933778666091,
    -412.8044855644));
#4967 = CARTESIAN_POINT('',(-61.44003674219,-1.953013787565,
    -412.784977922));
#4968 = CARTESIAN_POINT('',(-61.43972784063,-1.965826191503,
    -412.7733047306));
#4969 = CARTESIAN_POINT('',(-61.43946102212,-1.99213913619,
    -412.7406967415));
#4970 = CARTESIAN_POINT('',(-61.43962072075,-2.002885688973,
    -412.7371159802));
#4971 = CARTESIAN_POINT('',(-61.43970376851,-1.996755410348,
    -412.7434074643));
#4972 = CARTESIAN_POINT('',(-61.43948851014,-1.985846507274,
    -412.7257191396));
#4973 = CARTESIAN_POINT('',(-61.43977081109,-1.9685790611,
    -412.7086239664));
#4974 = CARTESIAN_POINT('',(-61.44024297839,-1.941754789741,
    -412.6812210893));
#4975 = CARTESIAN_POINT('',(-61.44061132937,-1.926098091775,
    -412.6654610886));
#4976 = CARTESIAN_POINT('',(-61.44109972052,-1.91075764912,
    -412.6500250284));
#4977 = CARTESIAN_POINT('',(-61.44167967992,-1.895664030539,
    -412.6348851706));
#4978 = CARTESIAN_POINT('',(-61.44235594691,-1.880809071999,
    -412.619982243));
#4979 = CARTESIAN_POINT('',(-61.44311564388,-1.866152318309,
    -412.6052941704));
#4980 = CARTESIAN_POINT('',(-61.44398327658,-1.851315308637,
    -412.5904294538));
#4981 = CARTESIAN_POINT('',(-61.44877792804,-1.778374906121,
    -412.5173788054));
#4982 = CARTESIAN_POINT('',(-61.45409640352,-1.720725394793,
    -412.459710748));
#4983 = CARTESIAN_POINT('',(-61.46094948585,-1.6631321564,
    -412.4020824572));
#4984 = CARTESIAN_POINT('',(-61.46934555545,-1.605582816759,
    -412.3445291298));
#4985 = CARTESIAN_POINT('',(-61.47929713175,-1.548114725212,
    -412.287042423));
#4986 = CARTESIAN_POINT('',(-61.49081910451,-1.490731596038,
    -412.2296528458));
#4987 = CARTESIAN_POINT('',(-61.5039302674,-1.433457639121,
    -412.1723709308));
#4988 = CARTESIAN_POINT('',(-61.56616125505,-1.191897575333,
    -411.9307846786));
#4989 = CARTESIAN_POINT('',(-61.62999629876,-1.010566316738,
    -411.7494463064));
#4990 = CARTESIAN_POINT('',(-61.71072564963,-0.831434945721,
    -411.5703074934));
#4991 = CARTESIAN_POINT('',(-61.80989856328,-0.654258492664,
    -411.3931260384));
#4992 = CARTESIAN_POINT('',(-61.92972428,-0.479774778807,-411.218639039)
  );
#4993 = CARTESIAN_POINT('',(-62.07283905671,-0.309937712507,
    -411.0487979811));
#4994 = CARTESIAN_POINT('',(-62.24200805877,-0.148199259094,
    -410.8870566379));
#4995 = CARTESIAN_POINT('',(-62.43960913335,6.000000001283E-07,
    -410.7388539731));
#4996 = PCURVE('',#2100,#4997);
#4997 = DEFINITIONAL_REPRESENTATION('',(#4998),#5057);
#4998 = B_SPLINE_CURVE_WITH_KNOTS('',8,(#4999,#5000,#5001,#5002,#5003,
    #5004,#5005,#5006,#5007,#5008,#5009,#5010,#5011,#5012,#5013,#5014,
    #5015,#5016,#5017,#5018,#5019,#5020,#5021,#5022,#5023,#5024,#5025,
    #5026,#5027,#5028,#5029,#5030,#5031,#5032,#5033,#5034,#5035,#5036,
    #5037,#5038,#5039,#5040,#5041,#5042,#5043,#5044,#5045,#5046,#5047,
    #5048,#5049,#5050,#5051,#5052,#5053,#5054,#5055,#5056),
  .UNSPECIFIED.,.F.,.F.,(9,7,7,7,7,7,7,7,9),(0.,0.314813989524,
    0.460166307076,0.606426303323,0.637727868243,0.655682471572,
    0.676019197038,0.752662304461,1.),.UNSPECIFIED.);
#4999 = CARTESIAN_POINT('',(2.498085524137,4.0000006));
#5000 = CARTESIAN_POINT('',(2.430295611949,3.89831684053));
#5001 = CARTESIAN_POINT('',(2.365430821337,3.79051797024));
#5002 = CARTESIAN_POINT('',(2.30314538062,3.678379281461));
#5003 = CARTESIAN_POINT('',(2.243117792082,3.563174103355));
#5004 = CARTESIAN_POINT('',(2.185025024357,3.445735195359));
#5005 = CARTESIAN_POINT('',(2.128525718576,3.326514517498));
#5006 = CARTESIAN_POINT('',(2.073252408267,3.205641377585));
#5007 = CARTESIAN_POINT('',(1.993677497524,3.026344663455));
#5008 = CARTESIAN_POINT('',(1.96876401391,2.969428419789));
#5009 = CARTESIAN_POINT('',(1.944053443922,2.912266373966));
#5010 = CARTESIAN_POINT('',(1.919527534705,2.854889650932));
#5011 = CARTESIAN_POINT('',(1.895168318688,2.797324437266));
#5012 = CARTESIAN_POINT('',(1.870957793453,2.739592067544));
#5013 = CARTESIAN_POINT('',(1.846877601626,2.681709110693));
#5014 = CARTESIAN_POINT('',(1.798790141823,2.565303475361));
#5015 = CARTESIAN_POINT('',(1.774786359629,2.506784863282));
#5016 = CARTESIAN_POINT('',(1.750883722131,2.448152225526));
#5017 = CARTESIAN_POINT('',(1.727062624352,2.389433633914));
#5018 = CARTESIAN_POINT('',(1.70331693011,2.330627534301));
#5019 = CARTESIAN_POINT('',(1.679618407834,2.271782580409));
#5020 = CARTESIAN_POINT('',(1.655965040212,2.212874151667));
#5021 = CARTESIAN_POINT('',(1.627263176274,2.141377812571));
#5022 = CARTESIAN_POINT('',(1.622261101812,2.128918098603));
#5023 = CARTESIAN_POINT('',(1.617268868848,2.116481361818));
#5024 = CARTESIAN_POINT('',(1.612270336458,2.104034996531));
#5025 = CARTESIAN_POINT('',(1.607242544424,2.091525180588));
#5026 = CARTESIAN_POINT('',(1.60216193842,2.078893704789));
#5027 = CARTESIAN_POINT('',(1.597055311094,2.066221333909));
#5028 = CARTESIAN_POINT('',(1.589250483845,2.046986212435));
#5029 = CARTESIAN_POINT('',(1.584579782723,2.034173808497));
#5030 = CARTESIAN_POINT('',(1.571537032452,2.00786086381));
#5031 = CARTESIAN_POINT('',(1.570104781884,1.997114311027));
#5032 = CARTESIAN_POINT('',(1.572621211438,2.003244589652));
#5033 = CARTESIAN_POINT('',(1.565546312152,2.014153492726));
#5034 = CARTESIAN_POINT('',(1.558707847109,2.0314209389));
#5035 = CARTESIAN_POINT('',(1.547745069238,2.058245210259));
#5036 = CARTESIAN_POINT('',(1.541439468065,2.073901908225));
#5037 = CARTESIAN_POINT('',(1.535262283488,2.08924235088));
#5038 = CARTESIAN_POINT('',(1.529202156824,2.104335969461));
#5039 = CARTESIAN_POINT('',(1.523235132006,2.119190928001));
#5040 = CARTESIAN_POINT('',(1.517352252283,2.133847681691));
#5041 = CARTESIAN_POINT('',(1.511396403352,2.148684691363));
#5042 = CARTESIAN_POINT('',(1.4821132726,2.221625093879));
#5043 = CARTESIAN_POINT('',(1.458956244351,2.279274605207));
#5044 = CARTESIAN_POINT('',(1.435756002496,2.3368678436));
#5045 = CARTESIAN_POINT('',(1.412507365902,2.394417183241));
#5046 = CARTESIAN_POINT('',(1.389187236957,2.451885274788));
#5047 = CARTESIAN_POINT('',(1.365787400085,2.509268403962));
#5048 = CARTESIAN_POINT('',(1.342290725054,2.566542360879));
#5049 = CARTESIAN_POINT('',(1.242501657073,2.808102424667));
#5050 = CARTESIAN_POINT('',(1.165890005201,2.989433683262));
#5051 = CARTESIAN_POINT('',(1.08777023448,3.168565054279));
#5052 = CARTESIAN_POINT('',(1.007190067271,3.345741507336));
#5053 = CARTESIAN_POINT('',(0.923287463453,3.520225221193));
#5054 = CARTESIAN_POINT('',(0.835260475609,3.690062287493));
#5055 = CARTESIAN_POINT('',(0.74230811288,3.851800740906));
#5056 = CARTESIAN_POINT('',(0.643507129453,4.0000006));
#5057 = ( GEOMETRIC_REPRESENTATION_CONTEXT(2) 
PARAMETRIC_REPRESENTATION_CONTEXT() REPRESENTATION_CONTEXT('2D SPACE',''
  ) );
#5058 = PCURVE('',#2127,#5059);
#5059 = DEFINITIONAL_REPRESENTATION('',(#5060),#5119);
#5060 = B_SPLINE_CURVE_WITH_KNOTS('',8,(#5061,#5062,#5063,#5064,#5065,
    #5066,#5067,#5068,#5069,#5070,#5071,#5072,#5073,#5074,#5075,#5076,
    #5077,#5078,#5079,#5080,#5081,#5082,#5083,#5084,#5085,#5086,#5087,
    #5088,#5089,#5090,#5091,#5092,#5093,#5094,#5095,#5096,#5097,#5098,
    #5099,#5100,#5101,#5102,#5103,#5104,#5105,#5106,#5107,#5108,#5109,
    #5110,#5111,#5112,#5113,#5114,#5115,#5116,#5117,#5118),
  .UNSPECIFIED.,.F.,.F.,(9,7,7,7,7,7,7,7,9),(0.,0.314813989524,
    0.460166307076,0.606426303323,0.637727868243,0.655682471572,
    0.676019197038,0.752662304461,1.),.UNSPECIFIED.);
#5061 = CARTESIAN_POINT('',(-0.927298284681,-97.99996408893));
#5062 = CARTESIAN_POINT('',(-0.859508698936,-98.10164977349));
#5063 = CARTESIAN_POINT('',(-0.794644315966,-98.20945068109));
#5064 = CARTESIAN_POINT('',(-0.732359367828,-98.32159154753));
#5065 = CARTESIAN_POINT('',(-0.672332385047,-98.43679912783));
#5066 = CARTESIAN_POINT('',(-0.614240362881,-98.55424073976));
#5067 = CARTESIAN_POINT('',(-0.557741975525,-98.67346451521));
#5068 = CARTESIAN_POINT('',(-0.502469838243,-98.79434135925));
#5069 = CARTESIAN_POINT('',(-0.422897316594,-98.97364514157));
#5070 = CARTESIAN_POINT('',(-0.397984681351,-99.03056384687));
#5071 = CARTESIAN_POINT('',(-0.373275085625,-99.08772866426));
#5072 = CARTESIAN_POINT('',(-0.348750298067,-99.14510852303));
#5073 = CARTESIAN_POINT('',(-0.324392381253,-99.20267731243));
#5074 = CARTESIAN_POINT('',(-0.300183390858,-99.26041384356));
#5075 = CARTESIAN_POINT('',(-0.276105074839,-99.31830181123));
#5076 = CARTESIAN_POINT('',(-0.22802240725,-99.43472006649));
#5077 = CARTESIAN_POINT('',(-0.204021860428,-99.49324708505));
#5078 = CARTESIAN_POINT('',(-0.180121234775,-99.55188506817));
#5079 = CARTESIAN_POINT('',(-0.156309016289,-99.61062617182));
#5080 = CARTESIAN_POINT('',(-0.132562856256,-99.66943141919));
#5081 = CARTESIAN_POINT('',(-0.108881181467,-99.72831880275));
#5082 = CARTESIAN_POINT('',(-8.523365274358E-02,-99.78724213879));
#5083 = CARTESIAN_POINT('',(-5.658065828622E-02,-99.85886102713));
#5084 = CARTESIAN_POINT('',(-5.158907666371E-02,-99.87134703862));
#5085 = CARTESIAN_POINT('',(-4.660825221002E-02,-99.88381236195));
#5086 = CARTESIAN_POINT('',(-4.162491200337E-02,-99.89629677301));
#5087 = CARTESIAN_POINT('',(-3.661735439541E-02,-99.90885724066));
#5088 = CARTESIAN_POINT('',(-3.156214046063E-02,-99.92155226291));
#5089 = CARTESIAN_POINT('',(-2.649140722549E-02,-99.93431443553));
#5090 = CARTESIAN_POINT('',(-1.879554789416E-02,-99.95382207797));
#5091 = CARTESIAN_POINT('',(-1.366926247274E-02,-99.96549526939));
#5092 = CARTESIAN_POINT('',(-3.144000932784E-03,-99.99810325846));
#5093 = CARTESIAN_POINT('',(1.154029008186E-03,-100.0016840197));
#5094 = CARTESIAN_POINT('',(-1.298039880751E-03,-99.99539253566));
#5095 = CARTESIAN_POINT('',(-5.661013000357E-03,-100.0130808603));
#5096 = CARTESIAN_POINT('',(-1.256853002062E-02,-100.0301760335));
#5097 = CARTESIAN_POINT('',(-2.329992213895E-02,-100.0575789106));
#5098 = CARTESIAN_POINT('',(-2.956423509188E-02,-100.0733389113));
#5099 = CARTESIAN_POINT('',(-3.570320483792E-02,-100.0887749715));
#5100 = CARTESIAN_POINT('',(-4.174486750844E-02,-100.1039148293));
#5101 = CARTESIAN_POINT('',(-4.769273586317E-02,-100.1188177569));
#5102 = CARTESIAN_POINT('',(-5.356311879241E-02,-100.1335058295));
#5103 = CARTESIAN_POINT('',(-5.950791613897E-02,-100.1483705461));
#5104 = CARTESIAN_POINT('',(-8.874710183205E-02,-100.2214211945));
#5105 = CARTESIAN_POINT('',(-0.111896833081,-100.2790892519));
#5106 = CARTESIAN_POINT('',(-0.135083175766,-100.3367175427));
#5107 = CARTESIAN_POINT('',(-0.158330339546,-100.3942708701));
#5108 = CARTESIAN_POINT('',(-0.181643145295,-100.4517575769));
#5109 = CARTESIAN_POINT('',(-0.205040526639,-100.5091471541));
#5110 = CARTESIAN_POINT('',(-0.228534142961,-100.5664290691));
#5111 = CARTESIAN_POINT('',(-0.32831326634,-100.8080153213));
#5112 = CARTESIAN_POINT('',(-0.404922484688,-100.9893536935));
#5113 = CARTESIAN_POINT('',(-0.483039705091,-101.1684925065));
#5114 = CARTESIAN_POINT('',(-0.563618319913,-101.3456739615));
#5115 = CARTESIAN_POINT('',(-0.647520088336,-101.5201609609));
#5116 = CARTESIAN_POINT('',(-0.735545998441,-101.6900020188));
#5117 = CARTESIAN_POINT('',(-0.828497777031,-101.851743362));
#5118 = CARTESIAN_POINT('',(-0.927298284681,-101.9999460268));
#5119 = ( GEOMETRIC_REPRESENTATION_CONTEXT(2) 
PARAMETRIC_REPRESENTATION_CONTEXT() REPRESENTATION_CONTEXT('2D SPACE',''
  ) );
#5120 = ADVANCED_FACE('',(#5121),#2127,.F.);
#5121 = FACE_BOUND('',#5122,.T.);
#5122 = EDGE_LOOP('',(#5123,#5124,#5125,#5126,#5127,#5128));
#5123 = ORIENTED_EDGE('',*,*,#3658,.F.);
#5124 = ORIENTED_EDGE('',*,*,#3578,.T.);
#5125 = ORIENTED_EDGE('',*,*,#4527,.T.);
#5126 = ORIENTED_EDGE('',*,*,#2112,.T.);
#5127 = ORIENTED_EDGE('',*,*,#4935,.F.);
#5128 = ORIENTED_EDGE('',*,*,#2940,.T.);
#5129 = ( GEOMETRIC_REPRESENTATION_CONTEXT(3) 
GLOBAL_UNCERTAINTY_ASSIGNED_CONTEXT((#5133)) 
GLOBAL_UNIT_ASSIGNED_CONTEXT((#5130,#5131,#5132)) REPRESENTATION_CONTEXT
('Context #1','3D Context with UNIT and UNCERTAINTY') );
#5130 = ( LENGTH_UNIT() NAMED_UNIT(*) SI_UNIT(.MILLI.,.METRE.) );
#5131 = ( NAMED_UNIT(*) PLANE_ANGLE_UNIT() SI_UNIT($,.RADIAN.) );
#5132 = ( NAMED_UNIT(*) SI_UNIT($,.STERADIAN.) SOLID_ANGLE_UNIT() );
#5133 = UNCERTAINTY_MEASURE_WITH_UNIT(LENGTH_MEASURE(2.E-07),#5130,
  'distance_accuracy_value','confusion accuracy');
#5134 = CONTEXT_DEPENDENT_SHAPE_REPRESENTATION(#5135,#5137);
#5135 = ( REPRESENTATION_RELATIONSHIP('','',#32,#10) 
REPRESENTATION_RELATIONSHIP_WITH_TRANSFORMATION(#5136) 
SHAPE_REPRESENTATION_RELATIONSHIP() );
#5136 = ITEM_DEFINED_TRANSFORMATION('','',#11,#15);
#5137 = PRODUCT_DEFINITION_SHAPE('Placement','Placement of an item',
  #5138);
#5138 = NEXT_ASSEMBLY_USAGE_OCCURRENCE('1','','',#5,#27,$);
#5139 = PRODUCT_RELATED_PRODUCT_CATEGORY('part',$,(#29));
#5140 = MECHANICAL_DESIGN_GEOMETRIC_PRESENTATION_REPRESENTATION('',(
    #5141),#5129);
#5141 = STYLED_ITEM('color',(#5142),#33);
#5142 = PRESENTATION_STYLE_ASSIGNMENT((#5143));
#5143 = SURFACE_STYLE_USAGE(.BOTH.,#5144);
#5144 = SURFACE_SIDE_STYLE('',(#5145));
#5145 = SURFACE_STYLE_FILL_AREA(#5146);
#5146 = FILL_AREA_STYLE('',(#5147));
#5147 = FILL_AREA_STYLE_COLOUR('',#5148);
#5148 = COLOUR_RGB('',0.302553795204,0.400662836512,0.679689715682);
ENDSEC;
END-ISO-10303-21;
